system:index,area,class,territory,year,.geo
0_0_0,204522.5356932605,3,1.0,1985,"{""type"":""MultiPoint"",""coordinates"":[]}"
0_0_1,25834.245871155123,6,1.0,1985,"{""type"":""MultiPoint"",""coordinates"":[]}"
0_0_2,3125.794605834856,11,1.0,1985,"{""type"":""MultiPoint"",""coordinates"":[]}"
0_0_3,4491.316135274173,12,1.0,1985,"{""type"":""MultiPoint"",""coordinates"":[]}"
0_0_4,1162.0540841390493,13,1.0,1985,"{""type"":""MultiPoint"",""coordinates"":[]}"
0_0_5,457.0587279907826,15,1.0,1985,"{""type"":""MultiPoint"",""coordinates"":[]}"
0_0_6,615.1739321439227,18,1.0,1985,"{""type"":""MultiPoint"",""coordinates"":[]}"
0_0_7,544.7716078411855,21,1.0,1985,"{""type"":""MultiPoint"",""coordinates"":[]}"
0_0_8,99.7567180996092,23,1.0,1985,"{""type"":""MultiPoint"",""coordinates"":[]}"
0_0_9,3.0653140505371117,24,1.0,1985,"{""type"":""MultiPoint"",""coordinates"":[]}"
0_0_10,57.54770486199964,25,1.0,1985,"{""type"":""MultiPoint"",""coordinates"":[]}"
0_0_11,55.03694701342698,29,1.0,1985,"{""type"":""MultiPoint"",""coordinates"":[]}"
0_0_12,0.014301981201171878,30,1.0,1985,"{""type"":""MultiPoint"",""coordinates"":[]}"
0_0_13,1400.0543190310705,33,1.0,1985,"{""type"":""MultiPoint"",""coordinates"":[]}"
0_0_14,365.2453213437983,68,1.0,1985,"{""type"":""MultiPoint"",""coordinates"":[]}"
0_1_0,31693.97767375661,3,2.0,1985,"{""type"":""MultiPoint"",""coordinates"":[]}"
0_1_1,2812.3767401780515,6,2.0,1985,"{""type"":""MultiPoint"",""coordinates"":[]}"
0_1_2,154.26175860950076,11,2.0,1985,"{""type"":""MultiPoint"",""coordinates"":[]}"
0_1_3,0.016922009582519534,12,2.0,1985,"{""type"":""MultiPoint"",""coordinates"":[]}"
0_1_4,137.00185360107412,13,2.0,1985,"{""type"":""MultiPoint"",""coordinates"":[]}"
0_1_5,10.394868036132797,15,2.0,1985,"{""type"":""MultiPoint"",""coordinates"":[]}"
0_1_6,45.18058408258052,18,2.0,1985,"{""type"":""MultiPoint"",""coordinates"":[]}"
0_1_7,24.49676485058598,21,2.0,1985,"{""type"":""MultiPoint"",""coordinates"":[]}"
0_1_8,1.9898374648437507,23,2.0,1985,"{""type"":""MultiPoint"",""coordinates"":[]}"
0_1_9,0.06610499859619143,24,2.0,1985,"{""type"":""MultiPoint"",""coordinates"":[]}"
0_1_10,3.105863120422364,25,2.0,1985,"{""type"":""MultiPoint"",""coordinates"":[]}"
0_1_11,0.02413436730957031,27,2.0,1985,"{""type"":""MultiPoint"",""coordinates"":[]}"
0_1_12,18.283686949768065,29,2.0,1985,"{""type"":""MultiPoint"",""coordinates"":[]}"
0_1_13,253.45003206225635,33,2.0,1985,"{""type"":""MultiPoint"",""coordinates"":[]}"
0_1_14,3.2657280785522484,68,2.0,1985,"{""type"":""MultiPoint"",""coordinates"":[]}"
0_2_0,97334.68114955354,3,3.0,1985,"{""type"":""MultiPoint"",""coordinates"":[]}"
0_2_1,12256.938157040533,6,3.0,1985,"{""type"":""MultiPoint"",""coordinates"":[]}"
0_2_2,1280.1909532369416,11,3.0,1985,"{""type"":""MultiPoint"",""coordinates"":[]}"
0_2_3,10140.094921985456,12,3.0,1985,"{""type"":""MultiPoint"",""coordinates"":[]}"
0_2_4,647.4409172517138,13,3.0,1985,"{""type"":""MultiPoint"",""coordinates"":[]}"
0_2_5,18514.710355348434,15,3.0,1985,"{""type"":""MultiPoint"",""coordinates"":[]}"
0_2_6,220.53826644696048,18,3.0,1985,"{""type"":""MultiPoint"",""coordinates"":[]}"
0_2_7,3754.5737676757085,21,3.0,1985,"{""type"":""MultiPoint"",""coordinates"":[]}"
0_2_8,409.79412714453133,23,3.0,1985,"{""type"":""MultiPoint"",""coordinates"":[]}"
0_2_9,27.67999783245854,24,3.0,1985,"{""type"":""MultiPoint"",""coordinates"":[]}"
0_2_10,394.522147236694,25,3.0,1985,"{""type"":""MultiPoint"",""coordinates"":[]}"
0_2_11,0.8295651700439467,27,3.0,1985,"{""type"":""MultiPoint"",""coordinates"":[]}"
0_2_12,0.8755178620605468,29,3.0,1985,"{""type"":""MultiPoint"",""coordinates"":[]}"
0_2_13,0.19035833911132832,30,3.0,1985,"{""type"":""MultiPoint"",""coordinates"":[]}"
0_2_14,0.5569130281372069,31,3.0,1985,"{""type"":""MultiPoint"",""coordinates"":[]}"
0_2_15,2809.5300778656097,33,3.0,1985,"{""type"":""MultiPoint"",""coordinates"":[]}"
0_2_16,152.9374731071129,68,3.0,1985,"{""type"":""MultiPoint"",""coordinates"":[]}"
0_3_0,68968.46697699232,3,4.0,1985,"{""type"":""MultiPoint"",""coordinates"":[]}"
0_3_1,5019.709986678116,6,4.0,1985,"{""type"":""MultiPoint"",""coordinates"":[]}"
0_3_2,57.02465096270696,11,4.0,1985,"{""type"":""MultiPoint"",""coordinates"":[]}"
0_3_3,113.84436909210527,12,4.0,1985,"{""type"":""MultiPoint"",""coordinates"":[]}"
0_3_4,2471.32630002233,13,4.0,1985,"{""type"":""MultiPoint"",""coordinates"":[]}"
0_3_5,229.86754145477275,15,4.0,1985,"{""type"":""MultiPoint"",""coordinates"":[]}"
0_3_6,10.80770104827879,18,4.0,1985,"{""type"":""MultiPoint"",""coordinates"":[]}"
0_3_7,167.49382674658398,21,4.0,1985,"{""type"":""MultiPoint"",""coordinates"":[]}"
0_3_8,17.711377326171863,23,4.0,1985,"{""type"":""MultiPoint"",""coordinates"":[]}"
0_3_9,0.3610637938232423,24,4.0,1985,"{""type"":""MultiPoint"",""coordinates"":[]}"
0_3_10,8.008852043518067,25,4.0,1985,"{""type"":""MultiPoint"",""coordinates"":[]}"
0_3_11,0.029497572082519522,27,4.0,1985,"{""type"":""MultiPoint"",""coordinates"":[]}"
0_3_12,552.7939175056783,33,4.0,1985,"{""type"":""MultiPoint"",""coordinates"":[]}"
0_3_13,1.4809879074096686,68,4.0,1985,"{""type"":""MultiPoint"",""coordinates"":[]}"
1_0_0,204596.61622684638,3,1.0,1986,"{""type"":""MultiPoint"",""coordinates"":[]}"
1_0_1,25514.732985441846,6,1.0,1986,"{""type"":""MultiPoint"",""coordinates"":[]}"
1_0_2,3292.9436941991075,11,1.0,1986,"{""type"":""MultiPoint"",""coordinates"":[]}"
1_0_3,4591.808338697907,12,1.0,1986,"{""type"":""MultiPoint"",""coordinates"":[]}"
1_0_4,1135.7263226139369,13,1.0,1986,"{""type"":""MultiPoint"",""coordinates"":[]}"
1_0_5,499.9499249588019,15,1.0,1986,"{""type"":""MultiPoint"",""coordinates"":[]}"
1_0_6,706.9991481316542,18,1.0,1986,"{""type"":""MultiPoint"",""coordinates"":[]}"
1_0_7,494.55383340027004,21,1.0,1986,"{""type"":""MultiPoint"",""coordinates"":[]}"
1_0_8,57.80882602117905,23,1.0,1986,"{""type"":""MultiPoint"",""coordinates"":[]}"
1_0_9,3.5107152010498055,24,1.0,1986,"{""type"":""MultiPoint"",""coordinates"":[]}"
1_0_10,41.06138846698015,25,1.0,1986,"{""type"":""MultiPoint"",""coordinates"":[]}"
1_0_11,48.710776590392484,29,1.0,1986,"{""type"":""MultiPoint"",""coordinates"":[]}"
1_0_12,0.014301981201171878,30,1.0,1986,"{""type"":""MultiPoint"",""coordinates"":[]}"
1_0_13,1445.1010259044854,33,1.0,1986,"{""type"":""MultiPoint"",""coordinates"":[]}"
1_0_14,304.13377556505975,68,1.0,1986,"{""type"":""MultiPoint"",""coordinates"":[]}"
1_1_0,31759.38125375463,3,2.0,1986,"{""type"":""MultiPoint"",""coordinates"":[]}"
1_1_1,2738.700937213802,6,2.0,1986,"{""type"":""MultiPoint"",""coordinates"":[]}"
1_1_2,155.34483522955603,11,2.0,1986,"{""type"":""MultiPoint"",""coordinates"":[]}"
1_1_3,0.015140744445800786,12,2.0,1986,"{""type"":""MultiPoint"",""coordinates"":[]}"
1_1_4,136.5537134315185,13,2.0,1986,"{""type"":""MultiPoint"",""coordinates"":[]}"
1_1_5,11.996709256774874,15,2.0,1986,"{""type"":""MultiPoint"",""coordinates"":[]}"
1_1_6,49.17488936962888,18,2.0,1986,"{""type"":""MultiPoint"",""coordinates"":[]}"
1_1_7,21.670316824707026,21,2.0,1986,"{""type"":""MultiPoint"",""coordinates"":[]}"
1_1_8,0.5484787059936522,23,2.0,1986,"{""type"":""MultiPoint"",""coordinates"":[]}"
1_1_9,0.11883121081542972,24,2.0,1986,"{""type"":""MultiPoint"",""coordinates"":[]}"
1_1_10,2.7538471210327145,25,2.0,1986,"{""type"":""MultiPoint"",""coordinates"":[]}"
1_1_11,0.02413436730957031,27,2.0,1986,"{""type"":""MultiPoint"",""coordinates"":[]}"
1_1_12,21.54004202416989,29,2.0,1986,"{""type"":""MultiPoint"",""coordinates"":[]}"
1_1_13,256.55596685962104,33,2.0,1986,"{""type"":""MultiPoint"",""coordinates"":[]}"
1_1_14,3.5134560519409175,68,2.0,1986,"{""type"":""MultiPoint"",""coordinates"":[]}"
1_2_0,96743.13183823085,3,3.0,1986,"{""type"":""MultiPoint"",""coordinates"":[]}"
1_2_1,12193.593043262994,6,3.0,1986,"{""type"":""MultiPoint"",""coordinates"":[]}"
1_2_2,1319.6850221790164,11,3.0,1986,"{""type"":""MultiPoint"",""coordinates"":[]}"
1_2_3,10212.808636780563,12,3.0,1986,"{""type"":""MultiPoint"",""coordinates"":[]}"
1_2_4,644.2619712398166,13,3.0,1986,"{""type"":""MultiPoint"",""coordinates"":[]}"
1_2_5,19490.835892102183,15,3.0,1986,"{""type"":""MultiPoint"",""coordinates"":[]}"
1_2_6,315.1025671036979,18,3.0,1986,"{""type"":""MultiPoint"",""coordinates"":[]}"
1_2_7,3393.549202895859,21,3.0,1986,"{""type"":""MultiPoint"",""coordinates"":[]}"
1_2_8,302.64150677032507,23,3.0,1986,"{""type"":""MultiPoint"",""coordinates"":[]}"
1_2_9,29.865560567504925,24,3.0,1986,"{""type"":""MultiPoint"",""coordinates"":[]}"
1_2_10,255.2343281153568,25,3.0,1986,"{""type"":""MultiPoint"",""coordinates"":[]}"
1_2_11,0.8295651700439467,27,3.0,1986,"{""type"":""MultiPoint"",""coordinates"":[]}"
1_2_12,0.6007821870727535,29,3.0,1986,"{""type"":""MultiPoint"",""coordinates"":[]}"
1_2_13,0.21090390185546898,30,3.0,1986,"{""type"":""MultiPoint"",""coordinates"":[]}"
1_2_14,0.5542309356689452,31,3.0,1986,"{""type"":""MultiPoint"",""coordinates"":[]}"
1_2_15,2945.684807264825,33,3.0,1986,"{""type"":""MultiPoint"",""coordinates"":[]}"
1_2_16,97.49480741882353,68,3.0,1986,"{""type"":""MultiPoint"",""coordinates"":[]}"
1_3_0,69009.1325460597,3,4.0,1986,"{""type"":""MultiPoint"",""coordinates"":[]}"
1_3_1,4967.330098027861,6,4.0,1986,"{""type"":""MultiPoint"",""coordinates"":[]}"
1_3_2,54.19694225158638,11,4.0,1986,"{""type"":""MultiPoint"",""coordinates"":[]}"
1_3_3,118.38349712457477,12,4.0,1986,"{""type"":""MultiPoint"",""coordinates"":[]}"
1_3_4,2455.2093998041014,13,4.0,1986,"{""type"":""MultiPoint"",""coordinates"":[]}"
1_3_5,250.07967320959375,15,4.0,1986,"{""type"":""MultiPoint"",""coordinates"":[]}"
1_3_6,19.91832331420914,18,4.0,1986,"{""type"":""MultiPoint"",""coordinates"":[]}"
1_3_7,156.5014890117212,21,4.0,1986,"{""type"":""MultiPoint"",""coordinates"":[]}"
1_3_8,20.54631520867917,23,4.0,1986,"{""type"":""MultiPoint"",""coordinates"":[]}"
1_3_9,0.6889619656982422,24,4.0,1986,"{""type"":""MultiPoint"",""coordinates"":[]}"
1_3_10,9.526667489196766,25,4.0,1986,"{""type"":""MultiPoint"",""coordinates"":[]}"
1_3_11,0.029497572082519522,27,4.0,1986,"{""type"":""MultiPoint"",""coordinates"":[]}"
1_3_12,555.3480636566791,33,4.0,1986,"{""type"":""MultiPoint"",""coordinates"":[]}"
1_3_13,2.035574450195312,68,4.0,1986,"{""type"":""MultiPoint"",""coordinates"":[]}"
2_0_0,204986.6168006736,3,1.0,1987,"{""type"":""MultiPoint"",""coordinates"":[]}"
2_0_1,25298.029308496793,6,1.0,1987,"{""type"":""MultiPoint"",""coordinates"":[]}"
2_0_2,3241.1774769685057,11,1.0,1987,"{""type"":""MultiPoint"",""coordinates"":[]}"
2_0_3,4600.369126375637,12,1.0,1987,"{""type"":""MultiPoint"",""coordinates"":[]}"
2_0_4,1103.7681347934056,13,1.0,1987,"{""type"":""MultiPoint"",""coordinates"":[]}"
2_0_5,546.4780723720737,15,1.0,1987,"{""type"":""MultiPoint"",""coordinates"":[]}"
2_0_6,678.5543161131604,18,1.0,1987,"{""type"":""MultiPoint"",""coordinates"":[]}"
2_0_7,481.27402574420233,21,1.0,1987,"{""type"":""MultiPoint"",""coordinates"":[]}"
2_0_8,123.37593379162688,23,1.0,1987,"{""type"":""MultiPoint"",""coordinates"":[]}"
2_0_9,3.775003054687502,24,1.0,1987,"{""type"":""MultiPoint"",""coordinates"":[]}"
2_0_10,21.732906225158697,25,1.0,1987,"{""type"":""MultiPoint"",""coordinates"":[]}"
2_0_11,48.916374495787984,29,1.0,1987,"{""type"":""MultiPoint"",""coordinates"":[]}"
2_0_12,0.029489409118652346,30,1.0,1987,"{""type"":""MultiPoint"",""coordinates"":[]}"
2_0_13,0.0017877239990234375,31,1.0,1987,"{""type"":""MultiPoint"",""coordinates"":[]}"
2_0_14,1407.1234215223449,33,1.0,1987,"{""type"":""MultiPoint"",""coordinates"":[]}"
2_0_15,192.44910626006748,68,1.0,1987,"{""type"":""MultiPoint"",""coordinates"":[]}"
2_1_0,31780.212690693526,3,2.0,1987,"{""type"":""MultiPoint"",""coordinates"":[]}"
2_1_1,2725.6816089314066,6,2.0,1987,"{""type"":""MultiPoint"",""coordinates"":[]}"
2_1_2,149.49401402612588,11,2.0,1987,"{""type"":""MultiPoint"",""coordinates"":[]}"
2_1_3,0.015140744445800786,12,2.0,1987,"{""type"":""MultiPoint"",""coordinates"":[]}"
2_1_4,136.70136389941416,13,2.0,1987,"{""type"":""MultiPoint"",""coordinates"":[]}"
2_1_5,13.535958334350488,15,2.0,1987,"{""type"":""MultiPoint"",""coordinates"":[]}"
2_1_6,53.10576798101791,18,2.0,1987,"{""type"":""MultiPoint"",""coordinates"":[]}"
2_1_7,18.75348584899902,21,2.0,1987,"{""type"":""MultiPoint"",""coordinates"":[]}"
2_1_8,0.5459139653930667,23,2.0,1987,"{""type"":""MultiPoint"",""coordinates"":[]}"
2_1_9,0.15904887829589845,24,2.0,1987,"{""type"":""MultiPoint"",""coordinates"":[]}"
2_1_10,2.436492859985353,25,2.0,1987,"{""type"":""MultiPoint"",""coordinates"":[]}"
2_1_11,0.02413436730957031,27,2.0,1987,"{""type"":""MultiPoint"",""coordinates"":[]}"
2_1_12,21.978666415405236,29,2.0,1987,"{""type"":""MultiPoint"",""coordinates"":[]}"
2_1_13,251.20496881030405,33,2.0,1987,"{""type"":""MultiPoint"",""coordinates"":[]}"
2_1_14,4.043296409606932,68,2.0,1987,"{""type"":""MultiPoint"",""coordinates"":[]}"
2_2_0,96134.08101497931,3,3.0,1987,"{""type"":""MultiPoint"",""coordinates"":[]}"
2_2_1,12167.102130866682,6,3.0,1987,"{""type"":""MultiPoint"",""coordinates"":[]}"
2_2_2,1288.0002866906161,11,3.0,1987,"{""type"":""MultiPoint"",""coordinates"":[]}"
2_2_3,10240.254359449573,12,3.0,1987,"{""type"":""MultiPoint"",""coordinates"":[]}"
2_2_4,627.5907962830903,13,3.0,1987,"{""type"":""MultiPoint"",""coordinates"":[]}"
2_2_5,20179.957877396886,15,3.0,1987,"{""type"":""MultiPoint"",""coordinates"":[]}"
2_2_6,384.44815127759097,18,3.0,1987,"{""type"":""MultiPoint"",""coordinates"":[]}"
2_2_7,3396.750503874336,21,3.0,1987,"{""type"":""MultiPoint"",""coordinates"":[]}"
2_2_8,292.1732439234614,23,3.0,1987,"{""type"":""MultiPoint"",""coordinates"":[]}"
2_2_9,31.346275456054723,24,3.0,1987,"{""type"":""MultiPoint"",""coordinates"":[]}"
2_2_10,179.68816011956784,25,3.0,1987,"{""type"":""MultiPoint"",""coordinates"":[]}"
2_2_11,0.8295651700439467,27,3.0,1987,"{""type"":""MultiPoint"",""coordinates"":[]}"
2_2_12,0.48305809259033167,29,3.0,1987,"{""type"":""MultiPoint"",""coordinates"":[]}"
2_2_13,0.25735771374511734,30,3.0,1987,"{""type"":""MultiPoint"",""coordinates"":[]}"
2_2_14,0.4201434844970703,31,3.0,1987,"{""type"":""MultiPoint"",""coordinates"":[]}"
2_2_15,2935.7825819035597,33,3.0,1987,"{""type"":""MultiPoint"",""coordinates"":[]}"
2_2_16,86.91915944427545,68,3.0,1987,"{""type"":""MultiPoint"",""coordinates"":[]}"
2_3_0,69090.12464228806,3,4.0,1987,"{""type"":""MultiPoint"",""coordinates"":[]}"
2_3_1,4936.388100804453,6,4.0,1987,"{""type"":""MultiPoint"",""coordinates"":[]}"
2_3_2,53.44949745330774,11,4.0,1987,"{""type"":""MultiPoint"",""coordinates"":[]}"
2_3_3,116.93046928875913,12,4.0,1987,"{""type"":""MultiPoint"",""coordinates"":[]}"
2_3_4,2415.258552435344,13,4.0,1987,"{""type"":""MultiPoint"",""coordinates"":[]}"
2_3_5,270.8397237056268,15,4.0,1987,"{""type"":""MultiPoint"",""coordinates"":[]}"
2_3_6,14.217141437377924,18,4.0,1987,"{""type"":""MultiPoint"",""coordinates"":[]}"
2_3_7,145.98396233502461,21,4.0,1987,"{""type"":""MultiPoint"",""coordinates"":[]}"
2_3_8,21.845977215759213,23,4.0,1987,"{""type"":""MultiPoint"",""coordinates"":[]}"
2_3_9,0.7273761177368162,24,4.0,1987,"{""type"":""MultiPoint"",""coordinates"":[]}"
2_3_10,4.689313837219238,25,4.0,1987,"{""type"":""MultiPoint"",""coordinates"":[]}"
2_3_11,0.029497572082519522,27,4.0,1987,"{""type"":""MultiPoint"",""coordinates"":[]}"
2_3_12,546.6628517368185,33,4.0,1987,"{""type"":""MultiPoint"",""coordinates"":[]}"
2_3_13,1.7799429176635746,68,4.0,1987,"{""type"":""MultiPoint"",""coordinates"":[]}"
3_0_0,205045.3880483824,3,1.0,1988,"{""type"":""MultiPoint"",""coordinates"":[]}"
3_0_1,25234.61884780217,6,1.0,1988,"{""type"":""MultiPoint"",""coordinates"":[]}"
3_0_2,3144.6448816985016,11,1.0,1988,"{""type"":""MultiPoint"",""coordinates"":[]}"
3_0_3,4667.4790429694785,12,1.0,1988,"{""type"":""MultiPoint"",""coordinates"":[]}"
3_0_4,1089.627048933622,13,1.0,1988,"{""type"":""MultiPoint"",""coordinates"":[]}"
3_0_5,595.2921220268571,15,1.0,1988,"{""type"":""MultiPoint"",""coordinates"":[]}"
3_0_6,735.3666171024174,18,1.0,1988,"{""type"":""MultiPoint"",""coordinates"":[]}"
3_0_7,467.2296732991341,21,1.0,1988,"{""type"":""MultiPoint"",""coordinates"":[]}"
3_0_8,92.48411706982438,23,1.0,1988,"{""type"":""MultiPoint"",""coordinates"":[]}"
3_0_9,4.118798685974124,24,1.0,1988,"{""type"":""MultiPoint"",""coordinates"":[]}"
3_0_10,19.457150320800796,25,1.0,1988,"{""type"":""MultiPoint"",""coordinates"":[]}"
3_0_11,37.12917172289991,29,1.0,1988,"{""type"":""MultiPoint"",""coordinates"":[]}"
3_0_12,0.0866650033569336,30,1.0,1988,"{""type"":""MultiPoint"",""coordinates"":[]}"
3_0_13,0.0017877239990234375,31,1.0,1988,"{""type"":""MultiPoint"",""coordinates"":[]}"
3_0_14,1314.6982796435577,33,1.0,1988,"{""type"":""MultiPoint"",""coordinates"":[]}"
3_0_15,286.0490316351318,68,1.0,1988,"{""type"":""MultiPoint"",""coordinates"":[]}"
3_1_0,31824.67006311478,3,2.0,1988,"{""type"":""MultiPoint"",""coordinates"":[]}"
3_1_1,2657.7954680516855,6,2.0,1988,"{""type"":""MultiPoint"",""coordinates"":[]}"
3_1_2,163.7198948661527,11,2.0,1988,"{""type"":""MultiPoint"",""coordinates"":[]}"
3_1_3,0.011578216857910158,12,2.0,1988,"{""type"":""MultiPoint"",""coordinates"":[]}"
3_1_4,138.85938160308834,13,2.0,1988,"{""type"":""MultiPoint"",""coordinates"":[]}"
3_1_5,12.34450688336179,15,2.0,1988,"{""type"":""MultiPoint"",""coordinates"":[]}"
3_1_6,55.591371228637506,18,2.0,1988,"{""type"":""MultiPoint"",""coordinates"":[]}"
3_1_7,20.949003935363805,21,2.0,1988,"{""type"":""MultiPoint"",""coordinates"":[]}"
3_1_8,0.9826886037597656,23,2.0,1988,"{""type"":""MultiPoint"",""coordinates"":[]}"
3_1_9,0.16262392333984377,24,2.0,1988,"{""type"":""MultiPoint"",""coordinates"":[]}"
3_1_10,2.976072705810549,25,2.0,1988,"{""type"":""MultiPoint"",""coordinates"":[]}"
3_1_11,0.02413436730957031,27,2.0,1988,"{""type"":""MultiPoint"",""coordinates"":[]}"
3_1_12,22.57726249676506,29,2.0,1988,"{""type"":""MultiPoint"",""coordinates"":[]}"
3_1_13,251.66117128076317,33,2.0,1988,"{""type"":""MultiPoint"",""coordinates"":[]}"
3_1_14,5.567330887939451,68,2.0,1988,"{""type"":""MultiPoint"",""coordinates"":[]}"
3_2_0,95168.43442911276,3,3.0,1988,"{""type"":""MultiPoint"",""coordinates"":[]}"
3_2_1,12223.923443509651,6,3.0,1988,"{""type"":""MultiPoint"",""coordinates"":[]}"
3_2_2,1178.7626729389044,11,3.0,1988,"{""type"":""MultiPoint"",""coordinates"":[]}"
3_2_3,10326.209946734118,12,3.0,1988,"{""type"":""MultiPoint"",""coordinates"":[]}"
3_2_4,618.6666380329037,13,3.0,1988,"{""type"":""MultiPoint"",""coordinates"":[]}"
3_2_5,21155.59376541857,15,3.0,1988,"{""type"":""MultiPoint"",""coordinates"":[]}"
3_2_6,395.4041237272337,18,3.0,1988,"{""type"":""MultiPoint"",""coordinates"":[]}"
3_2_7,3396.373334278796,21,3.0,1988,"{""type"":""MultiPoint"",""coordinates"":[]}"
3_2_8,398.6085813778695,23,3.0,1988,"{""type"":""MultiPoint"",""coordinates"":[]}"
3_2_9,32.81387792919924,24,3.0,1988,"{""type"":""MultiPoint"",""coordinates"":[]}"
3_2_10,148.1513128560182,25,3.0,1988,"{""type"":""MultiPoint"",""coordinates"":[]}"
3_2_11,0.8295651700439467,27,3.0,1988,"{""type"":""MultiPoint"",""coordinates"":[]}"
3_2_12,0.38416785559082006,29,3.0,1988,"{""type"":""MultiPoint"",""coordinates"":[]}"
3_2_13,0.20377059582519555,30,3.0,1988,"{""type"":""MultiPoint"",""coordinates"":[]}"
3_2_14,0.41567406042480465,31,3.0,1988,"{""type"":""MultiPoint"",""coordinates"":[]}"
3_2_15,2830.4164455658574,33,3.0,1988,"{""type"":""MultiPoint"",""coordinates"":[]}"
3_2_16,70.89291696112137,68,3.0,1988,"{""type"":""MultiPoint"",""coordinates"":[]}"
3_3_0,69286.98004859863,3,4.0,1988,"{""type"":""MultiPoint"",""coordinates"":[]}"
3_3_1,4764.1310768677895,6,4.0,1988,"{""type"":""MultiPoint"",""coordinates"":[]}"
3_3_2,53.43697218182357,11,4.0,1988,"{""type"":""MultiPoint"",""coordinates"":[]}"
3_3_3,122.54443153009169,12,4.0,1988,"{""type"":""MultiPoint"",""coordinates"":[]}"
3_3_4,2373.6483117120997,13,4.0,1988,"{""type"":""MultiPoint"",""coordinates"":[]}"
3_3_5,294.1232610914895,15,4.0,1988,"{""type"":""MultiPoint"",""coordinates"":[]}"
3_3_6,21.001222998291347,18,4.0,1988,"{""type"":""MultiPoint"",""coordinates"":[]}"
3_3_7,139.82314927618478,21,4.0,1988,"{""type"":""MultiPoint"",""coordinates"":[]}"
3_3_8,23.264512462097183,23,4.0,1988,"{""type"":""MultiPoint"",""coordinates"":[]}"
3_3_9,0.7550788770141602,24,4.0,1988,"{""type"":""MultiPoint"",""coordinates"":[]}"
3_3_10,2.3628097694702155,25,4.0,1988,"{""type"":""MultiPoint"",""coordinates"":[]}"
3_3_11,0.029497572082519522,27,4.0,1988,"{""type"":""MultiPoint"",""coordinates"":[]}"
3_3_12,530.8886679973772,33,4.0,1988,"{""type"":""MultiPoint"",""coordinates"":[]}"
3_3_13,5.938008211425792,68,4.0,1988,"{""type"":""MultiPoint"",""coordinates"":[]}"
4_0_0,204915.4320325651,3,1.0,1989,"{""type"":""MultiPoint"",""coordinates"":[]}"
4_0_1,25270.95875536485,6,1.0,1989,"{""type"":""MultiPoint"",""coordinates"":[]}"
4_0_2,3183.0543452540483,11,1.0,1989,"{""type"":""MultiPoint"",""coordinates"":[]}"
4_0_3,4658.133793331151,12,1.0,1989,"{""type"":""MultiPoint"",""coordinates"":[]}"
4_0_4,1073.947786429795,13,1.0,1989,"{""type"":""MultiPoint"",""coordinates"":[]}"
4_0_5,624.9727718982563,15,1.0,1989,"{""type"":""MultiPoint"",""coordinates"":[]}"
4_0_6,766.6527506697996,18,1.0,1989,"{""type"":""MultiPoint"",""coordinates"":[]}"
4_0_7,499.5472463471686,21,1.0,1989,"{""type"":""MultiPoint"",""coordinates"":[]}"
4_0_8,46.87979661694338,23,1.0,1989,"{""type"":""MultiPoint"",""coordinates"":[]}"
4_0_9,4.368793772155766,24,1.0,1989,"{""type"":""MultiPoint"",""coordinates"":[]}"
4_0_10,18.508114729858402,25,1.0,1989,"{""type"":""MultiPoint"",""coordinates"":[]}"
4_0_11,44.961689485534194,29,1.0,1989,"{""type"":""MultiPoint"",""coordinates"":[]}"
4_0_12,0.1429457413330078,30,1.0,1989,"{""type"":""MultiPoint"",""coordinates"":[]}"
4_0_13,1355.7677429149194,33,1.0,1989,"{""type"":""MultiPoint"",""coordinates"":[]}"
4_0_14,270.3427188999001,68,1.0,1989,"{""type"":""MultiPoint"",""coordinates"":[]}"
4_1_0,31825.51233663016,3,2.0,1989,"{""type"":""MultiPoint"",""coordinates"":[]}"
4_1_1,2656.449794124042,6,2.0,1989,"{""type"":""MultiPoint"",""coordinates"":[]}"
4_1_2,164.713526257633,11,2.0,1989,"{""type"":""MultiPoint"",""coordinates"":[]}"
4_1_3,0.022265807800292962,12,2.0,1989,"{""type"":""MultiPoint"",""coordinates"":[]}"
4_1_4,136.74405701110854,13,2.0,1989,"{""type"":""MultiPoint"",""coordinates"":[]}"
4_1_5,12.838740901245073,15,2.0,1989,"{""type"":""MultiPoint"",""coordinates"":[]}"
4_1_6,57.653642456054506,18,2.0,1989,"{""type"":""MultiPoint"",""coordinates"":[]}"
4_1_7,22.206354883605982,21,2.0,1989,"{""type"":""MultiPoint"",""coordinates"":[]}"
4_1_8,2.1394406575927736,23,2.0,1989,"{""type"":""MultiPoint"",""coordinates"":[]}"
4_1_9,0.16709224017333985,24,2.0,1989,"{""type"":""MultiPoint"",""coordinates"":[]}"
4_1_10,5.689123554199195,25,2.0,1989,"{""type"":""MultiPoint"",""coordinates"":[]}"
4_1_11,0.02413436730957031,27,2.0,1989,"{""type"":""MultiPoint"",""coordinates"":[]}"
4_1_12,22.458467818786534,29,2.0,1989,"{""type"":""MultiPoint"",""coordinates"":[]}"
4_1_13,0.0044676416015625,30,2.0,1989,"{""type"":""MultiPoint"",""coordinates"":[]}"
4_1_14,246.70757745410327,33,2.0,1989,"{""type"":""MultiPoint"",""coordinates"":[]}"
4_1_15,4.561530360290523,68,2.0,1989,"{""type"":""MultiPoint"",""coordinates"":[]}"
4_2_0,93896.04832558522,3,3.0,1989,"{""type"":""MultiPoint"",""coordinates"":[]}"
4_2_1,12122.888647620806,6,3.0,1989,"{""type"":""MultiPoint"",""coordinates"":[]}"
4_2_2,1216.9684317967567,11,3.0,1989,"{""type"":""MultiPoint"",""coordinates"":[]}"
4_2_3,10248.11337954368,12,3.0,1989,"{""type"":""MultiPoint"",""coordinates"":[]}"
4_2_4,612.1470585574353,13,3.0,1989,"{""type"":""MultiPoint"",""coordinates"":[]}"
4_2_5,22264.821424839756,15,3.0,1989,"{""type"":""MultiPoint"",""coordinates"":[]}"
4_2_6,336.95223140496677,18,3.0,1989,"{""type"":""MultiPoint"",""coordinates"":[]}"
4_2_7,3754.728719802856,21,3.0,1989,"{""type"":""MultiPoint"",""coordinates"":[]}"
4_2_8,303.568033847595,23,3.0,1989,"{""type"":""MultiPoint"",""coordinates"":[]}"
4_2_9,34.77987456854252,24,3.0,1989,"{""type"":""MultiPoint"",""coordinates"":[]}"
4_2_10,136.88340938263002,25,3.0,1989,"{""type"":""MultiPoint"",""coordinates"":[]}"
4_2_11,0.8295651700439467,27,3.0,1989,"{""type"":""MultiPoint"",""coordinates"":[]}"
4_2_12,0.812170732177734,29,3.0,1989,"{""type"":""MultiPoint"",""coordinates"":[]}"
4_2_13,0.5376801781616214,30,3.0,1989,"{""type"":""MultiPoint"",""coordinates"":[]}"
4_2_14,0.5247350867919922,31,3.0,1989,"{""type"":""MultiPoint"",""coordinates"":[]}"
4_2_15,2942.29459614862,33,3.0,1989,"{""type"":""MultiPoint"",""coordinates"":[]}"
4_2_16,73.18638185955952,68,3.0,1989,"{""type"":""MultiPoint"",""coordinates"":[]}"
4_3_0,69427.69411792204,3,4.0,1989,"{""type"":""MultiPoint"",""coordinates"":[]}"
4_3_1,4612.1706646517305,6,4.0,1989,"{""type"":""MultiPoint"",""coordinates"":[]}"
4_3_2,52.845286958740346,11,4.0,1989,"{""type"":""MultiPoint"",""coordinates"":[]}"
4_3_3,127.045179927245,12,4.0,1989,"{""type"":""MultiPoint"",""coordinates"":[]}"
4_3_4,2364.1490811452036,13,4.0,1989,"{""type"":""MultiPoint"",""coordinates"":[]}"
4_3_5,311.71187443011235,15,4.0,1989,"{""type"":""MultiPoint"",""coordinates"":[]}"
4_3_6,23.261120447876365,18,4.0,1989,"{""type"":""MultiPoint"",""coordinates"":[]}"
4_3_7,142.23463913610973,21,4.0,1989,"{""type"":""MultiPoint"",""coordinates"":[]}"
4_3_8,24.21262697595215,23,4.0,1989,"{""type"":""MultiPoint"",""coordinates"":[]}"
4_3_9,0.8739076275024413,24,4.0,1989,"{""type"":""MultiPoint"",""coordinates"":[]}"
4_3_10,3.3103988639526345,25,4.0,1989,"{""type"":""MultiPoint"",""coordinates"":[]}"
4_3_11,0.029497572082519522,27,4.0,1989,"{""type"":""MultiPoint"",""coordinates"":[]}"
4_3_12,526.8703520665302,33,4.0,1989,"{""type"":""MultiPoint"",""coordinates"":[]}"
4_3_13,2.5183014210815444,68,4.0,1989,"{""type"":""MultiPoint"",""coordinates"":[]}"
5_0_0,204921.14828059875,3,1.0,1990,"{""type"":""MultiPoint"",""coordinates"":[]}"
5_0_1,25276.30894038693,6,1.0,1990,"{""type"":""MultiPoint"",""coordinates"":[]}"
5_0_2,3005.1317407864462,11,1.0,1990,"{""type"":""MultiPoint"",""coordinates"":[]}"
5_0_3,4731.494030729966,12,1.0,1990,"{""type"":""MultiPoint"",""coordinates"":[]}"
5_0_4,1076.1391626169684,13,1.0,1990,"{""type"":""MultiPoint"",""coordinates"":[]}"
5_0_5,625.2103657546998,15,1.0,1990,"{""type"":""MultiPoint"",""coordinates"":[]}"
5_0_6,795.2112812417594,18,1.0,1990,"{""type"":""MultiPoint"",""coordinates"":[]}"
5_0_7,521.7503494478752,21,1.0,1990,"{""type"":""MultiPoint"",""coordinates"":[]}"
5_0_8,43.39300854309089,23,1.0,1990,"{""type"":""MultiPoint"",""coordinates"":[]}"
5_0_9,4.498281626770025,24,1.0,1990,"{""type"":""MultiPoint"",""coordinates"":[]}"
5_0_10,20.281525375610364,25,1.0,1990,"{""type"":""MultiPoint"",""coordinates"":[]}"
5_0_11,50.727877150512136,29,1.0,1990,"{""type"":""MultiPoint"",""coordinates"":[]}"
5_0_12,0.2108359995727539,30,1.0,1990,"{""type"":""MultiPoint"",""coordinates"":[]}"
5_0_13,1354.8185934428764,33,1.0,1990,"{""type"":""MultiPoint"",""coordinates"":[]}"
5_0_14,307.3470103184702,68,1.0,1990,"{""type"":""MultiPoint"",""coordinates"":[]}"
5_1_0,31822.767211660503,3,2.0,1990,"{""type"":""MultiPoint"",""coordinates"":[]}"
5_1_1,2664.8529029288607,6,2.0,1990,"{""type"":""MultiPoint"",""coordinates"":[]}"
5_1_2,159.37880408362074,11,2.0,1990,"{""type"":""MultiPoint"",""coordinates"":[]}"
5_1_3,0.04720350531005865,12,2.0,1990,"{""type"":""MultiPoint"",""coordinates"":[]}"
5_1_4,136.8031494324952,13,2.0,1990,"{""type"":""MultiPoint"",""coordinates"":[]}"
5_1_5,13.423372306701545,15,2.0,1990,"{""type"":""MultiPoint"",""coordinates"":[]}"
5_1_6,58.72852966217025,18,2.0,1990,"{""type"":""MultiPoint"",""coordinates"":[]}"
5_1_7,21.252333519592316,21,2.0,1990,"{""type"":""MultiPoint"",""coordinates"":[]}"
5_1_8,0.5406254817504885,23,2.0,1990,"{""type"":""MultiPoint"",""coordinates"":[]}"
5_1_9,0.1653039052734375,24,2.0,1990,"{""type"":""MultiPoint"",""coordinates"":[]}"
5_1_10,5.027016242736794,25,2.0,1990,"{""type"":""MultiPoint"",""coordinates"":[]}"
5_1_11,0.02413436730957031,27,2.0,1990,"{""type"":""MultiPoint"",""coordinates"":[]}"
5_1_12,22.50848581634511,29,2.0,1990,"{""type"":""MultiPoint"",""coordinates"":[]}"
5_1_13,0.006254698059082031,30,2.0,1990,"{""type"":""MultiPoint"",""coordinates"":[]}"
5_1_14,247.57522839770695,33,2.0,1990,"{""type"":""MultiPoint"",""coordinates"":[]}"
5_1_15,4.791996157165525,68,2.0,1990,"{""type"":""MultiPoint"",""coordinates"":[]}"
5_2_0,93675.08837689405,3,3.0,1990,"{""type"":""MultiPoint"",""coordinates"":[]}"
5_2_1,12003.060703421444,6,3.0,1990,"{""type"":""MultiPoint"",""coordinates"":[]}"
5_2_2,1220.7398209880384,11,3.0,1990,"{""type"":""MultiPoint"",""coordinates"":[]}"
5_2_3,10155.523062779788,12,3.0,1990,"{""type"":""MultiPoint"",""coordinates"":[]}"
5_2_4,620.7343643422931,13,3.0,1990,"{""type"":""MultiPoint"",""coordinates"":[]}"
5_2_5,22622.69383118073,15,3.0,1990,"{""type"":""MultiPoint"",""coordinates"":[]}"
5_2_6,343.6861642396825,18,3.0,1990,"{""type"":""MultiPoint"",""coordinates"":[]}"
5_2_7,3853.7773635895983,21,3.0,1990,"{""type"":""MultiPoint"",""coordinates"":[]}"
5_2_8,314.0270296651609,23,3.0,1990,"{""type"":""MultiPoint"",""coordinates"":[]}"
5_2_9,35.30145962365728,24,3.0,1990,"{""type"":""MultiPoint"",""coordinates"":[]}"
5_2_10,114.19022468530267,25,3.0,1990,"{""type"":""MultiPoint"",""coordinates"":[]}"
5_2_11,0.8295651700439467,27,3.0,1990,"{""type"":""MultiPoint"",""coordinates"":[]}"
5_2_12,0.5865346754150389,29,3.0,1990,"{""type"":""MultiPoint"",""coordinates"":[]}"
5_2_13,0.5850643828735355,30,3.0,1990,"{""type"":""MultiPoint"",""coordinates"":[]}"
5_2_14,0.5640674395751952,31,3.0,1990,"{""type"":""MultiPoint"",""coordinates"":[]}"
5_2_15,2920.369362116875,33,3.0,1990,"{""type"":""MultiPoint"",""coordinates"":[]}"
5_2_16,64.32767093109162,68,3.0,1990,"{""type"":""MultiPoint"",""coordinates"":[]}"
5_3_0,69412.12742214781,3,4.0,1990,"{""type"":""MultiPoint"",""coordinates"":[]}"
5_3_1,4596.847003919368,6,4.0,1990,"{""type"":""MultiPoint"",""coordinates"":[]}"
5_3_2,52.97201832080089,11,4.0,1990,"{""type"":""MultiPoint"",""coordinates"":[]}"
5_3_3,125.93856028064035,12,4.0,1990,"{""type"":""MultiPoint"",""coordinates"":[]}"
5_3_4,2387.285218413353,13,4.0,1990,"{""type"":""MultiPoint"",""coordinates"":[]}"
5_3_5,318.27047088952344,15,4.0,1990,"{""type"":""MultiPoint"",""coordinates"":[]}"
5_3_6,22.249169032959497,18,4.0,1990,"{""type"":""MultiPoint"",""coordinates"":[]}"
5_3_7,147.60849154181096,21,4.0,1990,"{""type"":""MultiPoint"",""coordinates"":[]}"
5_3_8,24.018834244262695,23,4.0,1990,"{""type"":""MultiPoint"",""coordinates"":[]}"
5_3_9,0.8453209115600583,24,4.0,1990,"{""type"":""MultiPoint"",""coordinates"":[]}"
5_3_10,3.660687738647458,25,4.0,1990,"{""type"":""MultiPoint"",""coordinates"":[]}"
5_3_11,0.029497572082519522,27,4.0,1990,"{""type"":""MultiPoint"",""coordinates"":[]}"
5_3_12,524.4336257092915,33,4.0,1990,"{""type"":""MultiPoint"",""coordinates"":[]}"
5_3_13,2.6407284245605487,68,4.0,1990,"{""type"":""MultiPoint"",""coordinates"":[]}"
6_0_0,204966.84034555187,3,1.0,1991,"{""type"":""MultiPoint"",""coordinates"":[]}"
6_0_1,25147.662377010794,6,1.0,1991,"{""type"":""MultiPoint"",""coordinates"":[]}"
6_0_2,3032.726522546024,11,1.0,1991,"{""type"":""MultiPoint"",""coordinates"":[]}"
6_0_3,4746.215629602809,12,1.0,1991,"{""type"":""MultiPoint"",""coordinates"":[]}"
6_0_4,1085.1223813679069,13,1.0,1991,"{""type"":""MultiPoint"",""coordinates"":[]}"
6_0_5,647.2567525058599,15,1.0,1991,"{""type"":""MultiPoint"",""coordinates"":[]}"
6_0_6,800.2494056359258,18,1.0,1991,"{""type"":""MultiPoint"",""coordinates"":[]}"
6_0_7,556.5783247629406,21,1.0,1991,"{""type"":""MultiPoint"",""coordinates"":[]}"
6_0_8,68.01445550750734,23,1.0,1991,"{""type"":""MultiPoint"",""coordinates"":[]}"
6_0_9,4.668803075012214,24,1.0,1991,"{""type"":""MultiPoint"",""coordinates"":[]}"
6_0_10,18.460850587951672,25,1.0,1991,"{""type"":""MultiPoint"",""coordinates"":[]}"
6_0_11,49.91924784094179,29,1.0,1991,"{""type"":""MultiPoint"",""coordinates"":[]}"
6_0_12,0.32785892657470705,30,1.0,1991,"{""type"":""MultiPoint"",""coordinates"":[]}"
6_0_13,1325.2728147243079,33,1.0,1991,"{""type"":""MultiPoint"",""coordinates"":[]}"
6_0_14,284.3555143746848,68,1.0,1991,"{""type"":""MultiPoint"",""coordinates"":[]}"
6_1_0,31791.76364437025,3,2.0,1991,"{""type"":""MultiPoint"",""coordinates"":[]}"
6_1_1,2661.3969216589667,6,2.0,1991,"{""type"":""MultiPoint"",""coordinates"":[]}"
6_1_2,188.39871184271726,11,2.0,1991,"{""type"":""MultiPoint"",""coordinates"":[]}"
6_1_3,0.05165666516113288,12,2.0,1991,"{""type"":""MultiPoint"",""coordinates"":[]}"
6_1_4,137.99582150830068,13,2.0,1991,"{""type"":""MultiPoint"",""coordinates"":[]}"
6_1_5,13.523642336425686,15,2.0,1991,"{""type"":""MultiPoint"",""coordinates"":[]}"
6_1_6,60.55845743060293,18,2.0,1991,"{""type"":""MultiPoint"",""coordinates"":[]}"
6_1_7,27.959746564086977,21,2.0,1991,"{""type"":""MultiPoint"",""coordinates"":[]}"
6_1_8,0.7862383527832034,23,2.0,1991,"{""type"":""MultiPoint"",""coordinates"":[]}"
6_1_9,0.1697680959472656,24,2.0,1991,"{""type"":""MultiPoint"",""coordinates"":[]}"
6_1_10,2.902773576843262,25,2.0,1991,"{""type"":""MultiPoint"",""coordinates"":[]}"
6_1_11,0.02413436730957031,27,2.0,1991,"{""type"":""MultiPoint"",""coordinates"":[]}"
6_1_12,22.66216607226554,29,2.0,1991,"{""type"":""MultiPoint"",""coordinates"":[]}"
6_1_13,0.018763706481933592,30,2.0,1991,"{""type"":""MultiPoint"",""coordinates"":[]}"
6_1_14,245.27402279767006,33,2.0,1991,"{""type"":""MultiPoint"",""coordinates"":[]}"
6_1_15,4.406082819824215,68,2.0,1991,"{""type"":""MultiPoint"",""coordinates"":[]}"
6_2_0,92837.54060513763,3,3.0,1991,"{""type"":""MultiPoint"",""coordinates"":[]}"
6_2_1,11892.063078021061,6,3.0,1991,"{""type"":""MultiPoint"",""coordinates"":[]}"
6_2_2,1185.9901800067212,11,3.0,1991,"{""type"":""MultiPoint"",""coordinates"":[]}"
6_2_3,10085.275621978977,12,3.0,1991,"{""type"":""MultiPoint"",""coordinates"":[]}"
6_2_4,625.4710588349672,13,3.0,1991,"{""type"":""MultiPoint"",""coordinates"":[]}"
6_2_5,23034.29337810516,15,3.0,1991,"{""type"":""MultiPoint"",""coordinates"":[]}"
6_2_6,354.1893775513267,18,3.0,1991,"{""type"":""MultiPoint"",""coordinates"":[]}"
6_2_7,4505.506009470397,21,3.0,1991,"{""type"":""MultiPoint"",""coordinates"":[]}"
6_2_8,370.5329111690066,23,3.0,1991,"{""type"":""MultiPoint"",""coordinates"":[]}"
6_2_9,38.117272296142694,24,3.0,1991,"{""type"":""MultiPoint"",""coordinates"":[]}"
6_2_10,119.08523366021727,25,3.0,1991,"{""type"":""MultiPoint"",""coordinates"":[]}"
6_2_11,0.8295651700439467,27,3.0,1991,"{""type"":""MultiPoint"",""coordinates"":[]}"
6_2_12,0.5776385527343747,29,3.0,1991,"{""type"":""MultiPoint"",""coordinates"":[]}"
6_2_13,0.479836809631348,30,3.0,1991,"{""type"":""MultiPoint"",""coordinates"":[]}"
6_2_14,0.6346858618774411,31,3.0,1991,"{""type"":""MultiPoint"",""coordinates"":[]}"
6_2_15,2840.1076698701772,33,3.0,1991,"{""type"":""MultiPoint"",""coordinates"":[]}"
6_2_16,55.39054362823471,68,3.0,1991,"{""type"":""MultiPoint"",""coordinates"":[]}"
6_3_0,69379.70588690975,3,4.0,1991,"{""type"":""MultiPoint"",""coordinates"":[]}"
6_3_1,4543.225206521603,6,4.0,1991,"{""type"":""MultiPoint"",""coordinates"":[]}"
6_3_2,53.516887413024946,11,4.0,1991,"{""type"":""MultiPoint"",""coordinates"":[]}"
6_3_3,124.52456882092531,12,4.0,1991,"{""type"":""MultiPoint"",""coordinates"":[]}"
6_3_4,2423.1177736301584,13,4.0,1991,"{""type"":""MultiPoint"",""coordinates"":[]}"
6_3_5,333.0861722151469,15,4.0,1991,"{""type"":""MultiPoint"",""coordinates"":[]}"
6_3_6,26.933622134521805,18,4.0,1991,"{""type"":""MultiPoint"",""coordinates"":[]}"
6_3_7,175.76401453265456,21,4.0,1991,"{""type"":""MultiPoint"",""coordinates"":[]}"
6_3_8,28.995597299011244,23,4.0,1991,"{""type"":""MultiPoint"",""coordinates"":[]}"
6_3_9,0.8596192226562499,24,4.0,1991,"{""type"":""MultiPoint"",""coordinates"":[]}"
6_3_10,2.340323065368652,25,4.0,1991,"{""type"":""MultiPoint"",""coordinates"":[]}"
6_3_11,0.029497572082519522,27,4.0,1991,"{""type"":""MultiPoint"",""coordinates"":[]}"
6_3_12,524.3405430844133,33,4.0,1991,"{""type"":""MultiPoint"",""coordinates"":[]}"
6_3_13,2.4873367258300796,68,4.0,1991,"{""type"":""MultiPoint"",""coordinates"":[]}"
7_0_0,204709.74698579585,3,1.0,1992,"{""type"":""MultiPoint"",""coordinates"":[]}"
7_0_1,25471.407067655946,6,1.0,1992,"{""type"":""MultiPoint"",""coordinates"":[]}"
7_0_2,3077.1785078400703,11,1.0,1992,"{""type"":""MultiPoint"",""coordinates"":[]}"
7_0_3,4634.839242353199,12,1.0,1992,"{""type"":""MultiPoint"",""coordinates"":[]}"
7_0_4,1085.9838628090235,13,1.0,1992,"{""type"":""MultiPoint"",""coordinates"":[]}"
7_0_5,639.4296470778208,15,1.0,1992,"{""type"":""MultiPoint"",""coordinates"":[]}"
7_0_6,846.2127163404538,18,1.0,1992,"{""type"":""MultiPoint"",""coordinates"":[]}"
7_0_7,516.4054793298967,21,1.0,1992,"{""type"":""MultiPoint"",""coordinates"":[]}"
7_0_8,68.55555908361792,23,1.0,1992,"{""type"":""MultiPoint"",""coordinates"":[]}"
7_0_9,4.729516957275396,24,1.0,1992,"{""type"":""MultiPoint"",""coordinates"":[]}"
7_0_10,22.00732565722657,25,1.0,1992,"{""type"":""MultiPoint"",""coordinates"":[]}"
7_0_11,44.61071001385454,29,1.0,1992,"{""type"":""MultiPoint"",""coordinates"":[]}"
7_0_12,0.23137691680908212,30,1.0,1992,"{""type"":""MultiPoint"",""coordinates"":[]}"
7_0_13,1307.6827202614795,33,1.0,1992,"{""type"":""MultiPoint"",""coordinates"":[]}"
7_0_14,304.65056592826056,68,1.0,1992,"{""type"":""MultiPoint"",""coordinates"":[]}"
7_1_0,31817.395301907378,3,2.0,1992,"{""type"":""MultiPoint"",""coordinates"":[]}"
7_1_1,2656.4360828285894,6,2.0,1992,"{""type"":""MultiPoint"",""coordinates"":[]}"
7_1_2,166.80367957177995,11,2.0,1992,"{""type"":""MultiPoint"",""coordinates"":[]}"
7_1_3,0.05165666516113288,12,2.0,1992,"{""type"":""MultiPoint"",""coordinates"":[]}"
7_1_4,139.85766893225093,13,2.0,1992,"{""type"":""MultiPoint"",""coordinates"":[]}"
7_1_5,13.082255376830975,15,2.0,1992,"{""type"":""MultiPoint"",""coordinates"":[]}"
7_1_6,60.095621109863245,18,2.0,1992,"{""type"":""MultiPoint"",""coordinates"":[]}"
7_1_7,29.969184645385898,21,2.0,1992,"{""type"":""MultiPoint"",""coordinates"":[]}"
7_1_8,4.30021333319093,23,2.0,1992,"{""type"":""MultiPoint"",""coordinates"":[]}"
7_1_9,0.17065624890136719,24,2.0,1992,"{""type"":""MultiPoint"",""coordinates"":[]}"
7_1_10,3.599133490417482,25,2.0,1992,"{""type"":""MultiPoint"",""coordinates"":[]}"
7_1_11,0.02413436730957031,27,2.0,1992,"{""type"":""MultiPoint"",""coordinates"":[]}"
7_1_12,22.737212355651803,29,2.0,1992,"{""type"":""MultiPoint"",""coordinates"":[]}"
7_1_13,0.05539820172119141,30,2.0,1992,"{""type"":""MultiPoint"",""coordinates"":[]}"
7_1_14,239.28857365667858,33,2.0,1992,"{""type"":""MultiPoint"",""coordinates"":[]}"
7_1_15,4.0257794744873046,68,2.0,1992,"{""type"":""MultiPoint"",""coordinates"":[]}"
7_2_0,92511.15973951033,3,3.0,1992,"{""type"":""MultiPoint"",""coordinates"":[]}"
7_2_1,12112.164090701493,6,3.0,1992,"{""type"":""MultiPoint"",""coordinates"":[]}"
7_2_2,1228.249124743968,11,3.0,1992,"{""type"":""MultiPoint"",""coordinates"":[]}"
7_2_3,10011.722236108495,12,3.0,1992,"{""type"":""MultiPoint"",""coordinates"":[]}"
7_2_4,623.0436976853682,13,3.0,1992,"{""type"":""MultiPoint"",""coordinates"":[]}"
7_2_5,23097.370220699,15,3.0,1992,"{""type"":""MultiPoint"",""coordinates"":[]}"
7_2_6,374.6974468383146,18,3.0,1992,"{""type"":""MultiPoint"",""coordinates"":[]}"
7_2_7,4521.4809081335725,21,3.0,1992,"{""type"":""MultiPoint"",""coordinates"":[]}"
7_2_8,403.3168685119632,23,3.0,1992,"{""type"":""MultiPoint"",""coordinates"":[]}"
7_2_9,38.523373902343856,24,3.0,1992,"{""type"":""MultiPoint"",""coordinates"":[]}"
7_2_10,135.90951959374988,25,3.0,1992,"{""type"":""MultiPoint"",""coordinates"":[]}"
7_2_11,0.8295651700439467,27,3.0,1992,"{""type"":""MultiPoint"",""coordinates"":[]}"
7_2_12,0.4661185444335934,29,3.0,1992,"{""type"":""MultiPoint"",""coordinates"":[]}"
7_2_13,0.457492697143555,30,3.0,1992,"{""type"":""MultiPoint"",""coordinates"":[]}"
7_2_14,0.6767009400634764,31,3.0,1992,"{""type"":""MultiPoint"",""coordinates"":[]}"
7_2_15,2801.2650989181493,33,3.0,1992,"{""type"":""MultiPoint"",""coordinates"":[]}"
7_2_16,0.12135808874511722,35,3.0,1992,"{""type"":""MultiPoint"",""coordinates"":[]}"
7_2_17,84.63110533691508,68,3.0,1992,"{""type"":""MultiPoint"",""coordinates"":[]}"
7_3_0,69290.85253558402,3,4.0,1992,"{""type"":""MultiPoint"",""coordinates"":[]}"
7_3_1,4594.1003462028,6,4.0,1992,"{""type"":""MultiPoint"",""coordinates"":[]}"
7_3_2,54.460589212585454,11,4.0,1992,"{""type"":""MultiPoint"",""coordinates"":[]}"
7_3_3,124.50045206988784,12,4.0,1992,"{""type"":""MultiPoint"",""coordinates"":[]}"
7_3_4,2456.662985708361,13,4.0,1992,"{""type"":""MultiPoint"",""coordinates"":[]}"
7_3_5,339.720031617124,15,4.0,1992,"{""type"":""MultiPoint"",""coordinates"":[]}"
7_3_6,27.510328954101887,18,4.0,1992,"{""type"":""MultiPoint"",""coordinates"":[]}"
7_3_7,176.17841211242754,21,4.0,1992,"{""type"":""MultiPoint"",""coordinates"":[]}"
7_3_8,27.031442313476525,23,4.0,1992,"{""type"":""MultiPoint"",""coordinates"":[]}"
7_3_9,0.8551581244506836,24,4.0,1992,"{""type"":""MultiPoint"",""coordinates"":[]}"
7_3_10,3.5714321158447255,25,4.0,1992,"{""type"":""MultiPoint"",""coordinates"":[]}"
7_3_11,0.029497572082519522,27,4.0,1992,"{""type"":""MultiPoint"",""coordinates"":[]}"
7_3_12,521.1133278258072,33,4.0,1992,"{""type"":""MultiPoint"",""coordinates"":[]}"
7_3_13,2.340509734497073,68,4.0,1992,"{""type"":""MultiPoint"",""coordinates"":[]}"
8_0_0,204588.14326108294,3,1.0,1993,"{""type"":""MultiPoint"",""coordinates"":[]}"
8_0_1,25493.49653456246,6,1.0,1993,"{""type"":""MultiPoint"",""coordinates"":[]}"
8_0_2,3098.26091364895,11,1.0,1993,"{""type"":""MultiPoint"",""coordinates"":[]}"
8_0_3,4603.025926885104,12,1.0,1993,"{""type"":""MultiPoint"",""coordinates"":[]}"
8_0_4,1081.080894103486,13,1.0,1993,"{""type"":""MultiPoint"",""coordinates"":[]}"
8_0_5,685.4523328695037,15,1.0,1993,"{""type"":""MultiPoint"",""coordinates"":[]}"
8_0_6,848.4751658117077,18,1.0,1993,"{""type"":""MultiPoint"",""coordinates"":[]}"
8_0_7,554.8535527931515,21,1.0,1993,"{""type"":""MultiPoint"",""coordinates"":[]}"
8_0_8,47.436271541381814,23,1.0,1993,"{""type"":""MultiPoint"",""coordinates"":[]}"
8_0_9,4.778641575378424,24,1.0,1993,"{""type"":""MultiPoint"",""coordinates"":[]}"
8_0_10,20.207719541137717,25,1.0,1993,"{""type"":""MultiPoint"",""coordinates"":[]}"
8_0_11,50.5839468517451,29,1.0,1993,"{""type"":""MultiPoint"",""coordinates"":[]}"
8_0_12,0.19832660754394532,30,1.0,1993,"{""type"":""MultiPoint"",""coordinates"":[]}"
8_0_13,1322.5442751197531,33,1.0,1993,"{""type"":""MultiPoint"",""coordinates"":[]}"
8_0_14,335.13352102635054,68,1.0,1993,"{""type"":""MultiPoint"",""coordinates"":[]}"
8_1_0,31832.291486440623,3,2.0,1993,"{""type"":""MultiPoint"",""coordinates"":[]}"
8_1_1,2641.7671127593503,6,2.0,1993,"{""type"":""MultiPoint"",""coordinates"":[]}"
8_1_2,164.00525401849538,11,2.0,1993,"{""type"":""MultiPoint"",""coordinates"":[]}"
8_1_3,0.04007844866943362,12,2.0,1993,"{""type"":""MultiPoint"",""coordinates"":[]}"
8_1_4,139.3112413110352,13,2.0,1993,"{""type"":""MultiPoint"",""coordinates"":[]}"
8_1_5,12.944759681457448,15,2.0,1993,"{""type"":""MultiPoint"",""coordinates"":[]}"
8_1_6,60.09303201672354,18,2.0,1993,"{""type"":""MultiPoint"",""coordinates"":[]}"
8_1_7,31.129706544677887,21,2.0,1993,"{""type"":""MultiPoint"",""coordinates"":[]}"
8_1_8,1.1828912813720704,23,2.0,1993,"{""type"":""MultiPoint"",""coordinates"":[]}"
8_1_9,0.17422895263671875,24,2.0,1993,"{""type"":""MultiPoint"",""coordinates"":[]}"
8_1_10,2.603765400512695,25,2.0,1993,"{""type"":""MultiPoint"",""coordinates"":[]}"
8_1_11,0.02413436730957031,27,2.0,1993,"{""type"":""MultiPoint"",""coordinates"":[]}"
8_1_12,22.856036822875893,29,2.0,1993,"{""type"":""MultiPoint"",""coordinates"":[]}"
8_1_13,0.027698664733886734,30,2.0,1993,"{""type"":""MultiPoint"",""coordinates"":[]}"
8_1_14,245.57134284484977,33,2.0,1993,"{""type"":""MultiPoint"",""coordinates"":[]}"
8_1_15,3.8697826105346653,68,2.0,1993,"{""type"":""MultiPoint"",""coordinates"":[]}"
8_2_0,91845.7755717336,3,3.0,1993,"{""type"":""MultiPoint"",""coordinates"":[]}"
8_2_1,12085.788606407861,6,3.0,1993,"{""type"":""MultiPoint"",""coordinates"":[]}"
8_2_2,1196.842146861328,11,3.0,1993,"{""type"":""MultiPoint"",""coordinates"":[]}"
8_2_3,9982.435139745852,12,3.0,1993,"{""type"":""MultiPoint"",""coordinates"":[]}"
8_2_4,630.5000951527118,13,3.0,1993,"{""type"":""MultiPoint"",""coordinates"":[]}"
8_2_5,23437.048751583257,15,3.0,1993,"{""type"":""MultiPoint"",""coordinates"":[]}"
8_2_6,395.3201901057087,18,3.0,1993,"{""type"":""MultiPoint"",""coordinates"":[]}"
8_2_7,4937.550934393862,21,3.0,1993,"{""type"":""MultiPoint"",""coordinates"":[]}"
8_2_8,295.0339286060185,23,3.0,1993,"{""type"":""MultiPoint"",""coordinates"":[]}"
8_2_9,38.81098593469248,24,3.0,1993,"{""type"":""MultiPoint"",""coordinates"":[]}"
8_2_10,123.67431092706302,25,3.0,1993,"{""type"":""MultiPoint"",""coordinates"":[]}"
8_2_11,0.8295651700439467,27,3.0,1993,"{""type"":""MultiPoint"",""coordinates"":[]}"
8_2_12,0.577492686889648,29,3.0,1993,"{""type"":""MultiPoint"",""coordinates"":[]}"
8_2_13,0.4128328453369142,30,3.0,1993,"{""type"":""MultiPoint"",""coordinates"":[]}"
8_2_14,0.7535811453247078,31,3.0,1993,"{""type"":""MultiPoint"",""coordinates"":[]}"
8_2_15,2890.4288411980565,33,3.0,1993,"{""type"":""MultiPoint"",""coordinates"":[]}"
8_2_16,0.03480206555175781,35,3.0,1993,"{""type"":""MultiPoint"",""coordinates"":[]}"
8_2_17,84.26688956121868,68,3.0,1993,"{""type"":""MultiPoint"",""coordinates"":[]}"
8_3_0,69173.16915815388,3,4.0,1993,"{""type"":""MultiPoint"",""coordinates"":[]}"
8_3_1,4693.104486040394,6,4.0,1993,"{""type"":""MultiPoint"",""coordinates"":[]}"
8_3_2,53.242407444946295,11,4.0,1993,"{""type"":""MultiPoint"",""coordinates"":[]}"
8_3_3,116.14572674682792,12,4.0,1993,"{""type"":""MultiPoint"",""coordinates"":[]}"
8_3_4,2453.013966940006,13,4.0,1993,"{""type"":""MultiPoint"",""coordinates"":[]}"
8_3_5,355.89207562487684,15,4.0,1993,"{""type"":""MultiPoint"",""coordinates"":[]}"
8_3_6,21.660336456726203,18,4.0,1993,"{""type"":""MultiPoint"",""coordinates"":[]}"
8_3_7,196.64418664251815,21,4.0,1993,"{""type"":""MultiPoint"",""coordinates"":[]}"
8_3_8,22.515584460205112,23,4.0,1993,"{""type"":""MultiPoint"",""coordinates"":[]}"
8_3_9,0.8908925889892578,24,4.0,1993,"{""type"":""MultiPoint"",""coordinates"":[]}"
8_3_10,4.2084869313964814,25,4.0,1993,"{""type"":""MultiPoint"",""coordinates"":[]}"
8_3_11,0.029497572082519522,27,4.0,1993,"{""type"":""MultiPoint"",""coordinates"":[]}"
8_3_12,526.0063742678856,33,4.0,1993,"{""type"":""MultiPoint"",""coordinates"":[]}"
8_3_13,2.4038692761840834,68,4.0,1993,"{""type"":""MultiPoint"",""coordinates"":[]}"
9_0_0,204644.72822845666,3,1.0,1994,"{""type"":""MultiPoint"",""coordinates"":[]}"
9_0_1,25391.61293652687,6,1.0,1994,"{""type"":""MultiPoint"",""coordinates"":[]}"
9_0_2,3135.4653445868134,11,1.0,1994,"{""type"":""MultiPoint"",""coordinates"":[]}"
9_0_3,4614.09828784907,12,1.0,1994,"{""type"":""MultiPoint"",""coordinates"":[]}"
9_0_4,1060.5389969156693,13,1.0,1994,"{""type"":""MultiPoint"",""coordinates"":[]}"
9_0_5,722.6290043176846,15,1.0,1994,"{""type"":""MultiPoint"",""coordinates"":[]}"
9_0_6,878.3561103064575,18,1.0,1994,"{""type"":""MultiPoint"",""coordinates"":[]}"
9_0_7,553.7659966663808,21,1.0,1994,"{""type"":""MultiPoint"",""coordinates"":[]}"
9_0_8,44.24354003094476,23,1.0,1994,"{""type"":""MultiPoint"",""coordinates"":[]}"
9_0_9,4.854550904602056,24,1.0,1994,"{""type"":""MultiPoint"",""coordinates"":[]}"
9_0_10,16.874476700317388,25,1.0,1994,"{""type"":""MultiPoint"",""coordinates"":[]}"
9_0_11,53.22171289117384,29,1.0,1994,"{""type"":""MultiPoint"",""coordinates"":[]}"
9_0_12,0.16974064611816406,30,1.0,1994,"{""type"":""MultiPoint"",""coordinates"":[]}"
9_0_13,1336.504375726017,33,1.0,1994,"{""type"":""MultiPoint"",""coordinates"":[]}"
9_0_14,276.60798149631546,68,1.0,1994,"{""type"":""MultiPoint"",""coordinates"":[]}"
9_1_0,31811.408411690958,3,2.0,1994,"{""type"":""MultiPoint"",""coordinates"":[]}"
9_1_1,2656.288399180431,6,2.0,1994,"{""type"":""MultiPoint"",""coordinates"":[]}"
9_1_2,174.49055452539352,11,2.0,1994,"{""type"":""MultiPoint"",""coordinates"":[]}"
9_1_3,0.04185971380615238,12,2.0,1994,"{""type"":""MultiPoint"",""coordinates"":[]}"
9_1_4,136.8607670638432,13,2.0,1994,"{""type"":""MultiPoint"",""coordinates"":[]}"
9_1_5,13.283546151977491,15,2.0,1994,"{""type"":""MultiPoint"",""coordinates"":[]}"
9_1_6,61.77562356677237,18,2.0,1994,"{""type"":""MultiPoint"",""coordinates"":[]}"
9_1_7,29.010220752136224,21,2.0,1994,"{""type"":""MultiPoint"",""coordinates"":[]}"
9_1_8,0.6192450843505862,23,2.0,1994,"{""type"":""MultiPoint"",""coordinates"":[]}"
9_1_9,0.17243580706787112,24,2.0,1994,"{""type"":""MultiPoint"",""coordinates"":[]}"
9_1_10,2.4848721224975585,25,2.0,1994,"{""type"":""MultiPoint"",""coordinates"":[]}"
9_1_11,0.02413436730957031,27,2.0,1994,"{""type"":""MultiPoint"",""coordinates"":[]}"
9_1_12,22.46831837066646,29,2.0,1994,"{""type"":""MultiPoint"",""coordinates"":[]}"
9_1_13,0.03037917028808595,30,2.0,1994,"{""type"":""MultiPoint"",""coordinates"":[]}"
9_1_14,245.1138659272476,33,2.0,1994,"{""type"":""MultiPoint"",""coordinates"":[]}"
9_1_15,3.819918671020505,68,2.0,1994,"{""type"":""MultiPoint"",""coordinates"":[]}"
9_2_0,90245.5547124172,3,3.0,1994,"{""type"":""MultiPoint"",""coordinates"":[]}"
9_2_1,12076.53735939813,6,3.0,1994,"{""type"":""MultiPoint"",""coordinates"":[]}"
9_2_2,1172.8505255817897,11,3.0,1994,"{""type"":""MultiPoint"",""coordinates"":[]}"
9_2_3,9952.071137293642,12,3.0,1994,"{""type"":""MultiPoint"",""coordinates"":[]}"
9_2_4,626.2467201264633,13,3.0,1994,"{""type"":""MultiPoint"",""coordinates"":[]}"
9_2_5,24910.587008694285,15,3.0,1994,"{""type"":""MultiPoint"",""coordinates"":[]}"
9_2_6,370.3192796978768,18,3.0,1994,"{""type"":""MultiPoint"",""coordinates"":[]}"
9_2_7,5179.719422255784,21,3.0,1994,"{""type"":""MultiPoint"",""coordinates"":[]}"
9_2_8,302.0262604172974,23,3.0,1994,"{""type"":""MultiPoint"",""coordinates"":[]}"
9_2_9,39.04849651116954,24,3.0,1994,"{""type"":""MultiPoint"",""coordinates"":[]}"
9_2_10,138.11652483789044,25,3.0,1994,"{""type"":""MultiPoint"",""coordinates"":[]}"
9_2_11,0.8295651700439467,27,3.0,1994,"{""type"":""MultiPoint"",""coordinates"":[]}"
9_2_12,0.5980138452148432,29,3.0,1994,"{""type"":""MultiPoint"",""coordinates"":[]}"
9_2_13,0.43515995520019535,30,3.0,1994,"{""type"":""MultiPoint"",""coordinates"":[]}"
9_2_14,0.7616272559204105,31,3.0,1994,"{""type"":""MultiPoint"",""coordinates"":[]}"
9_2_15,2873.2945044133867,33,3.0,1994,"{""type"":""MultiPoint"",""coordinates"":[]}"
9_2_16,0.03480206555175781,35,3.0,1994,"{""type"":""MultiPoint"",""coordinates"":[]}"
9_2_17,57.053546187500324,68,3.0,1994,"{""type"":""MultiPoint"",""coordinates"":[]}"
9_3_0,69131.2448238498,3,4.0,1994,"{""type"":""MultiPoint"",""coordinates"":[]}"
9_3_1,4751.146172075929,6,4.0,1994,"{""type"":""MultiPoint"",""coordinates"":[]}"
9_3_2,54.20427454815654,11,4.0,1994,"{""type"":""MultiPoint"",""coordinates"":[]}"
9_3_3,115.60440219970869,12,4.0,1994,"{""type"":""MultiPoint"",""coordinates"":[]}"
9_3_4,2422.133502713894,13,4.0,1994,"{""type"":""MultiPoint"",""coordinates"":[]}"
9_3_5,374.02695690423485,15,4.0,1994,"{""type"":""MultiPoint"",""coordinates"":[]}"
9_3_6,21.311772997680833,18,4.0,1994,"{""type"":""MultiPoint"",""coordinates"":[]}"
9_3_7,196.8162413992319,21,4.0,1994,"{""type"":""MultiPoint"",""coordinates"":[]}"
9_3_8,21.58964180694582,23,4.0,1994,"{""type"":""MultiPoint"",""coordinates"":[]}"
9_3_9,0.8739197180175782,24,4.0,1994,"{""type"":""MultiPoint"",""coordinates"":[]}"
9_3_10,3.2980213253784174,25,4.0,1994,"{""type"":""MultiPoint"",""coordinates"":[]}"
9_3_11,0.029497572082519522,27,4.0,1994,"{""type"":""MultiPoint"",""coordinates"":[]}"
9_3_12,524.1439688959371,33,4.0,1994,"{""type"":""MultiPoint"",""coordinates"":[]}"
9_3_13,2.5038531397094754,68,4.0,1994,"{""type"":""MultiPoint"",""coordinates"":[]}"
10_0_0,204545.2900158553,3,1.0,1995,"{""type"":""MultiPoint"",""coordinates"":[]}"
10_0_1,25427.000721537723,6,1.0,1995,"{""type"":""MultiPoint"",""coordinates"":[]}"
10_0_2,3170.486499999893,11,1.0,1995,"{""type"":""MultiPoint"",""coordinates"":[]}"
10_0_3,4591.326126102763,12,1.0,1995,"{""type"":""MultiPoint"",""coordinates"":[]}"
10_0_4,1061.935109319741,13,1.0,1995,"{""type"":""MultiPoint"",""coordinates"":[]}"
10_0_5,794.8202624504858,15,1.0,1995,"{""type"":""MultiPoint"",""coordinates"":[]}"
10_0_6,878.9066922146612,18,1.0,1995,"{""type"":""MultiPoint"",""coordinates"":[]}"
10_0_7,528.740935063416,21,1.0,1995,"{""type"":""MultiPoint"",""coordinates"":[]}"
10_0_8,51.84500363848876,23,1.0,1995,"{""type"":""MultiPoint"",""coordinates"":[]}"
10_0_9,4.951034744689946,24,1.0,1995,"{""type"":""MultiPoint"",""coordinates"":[]}"
10_0_10,17.958520110717778,25,1.0,1995,"{""type"":""MultiPoint"",""coordinates"":[]}"
10_0_11,54.13293035998476,29,1.0,1995,"{""type"":""MultiPoint"",""coordinates"":[]}"
10_0_12,0.15366157482910156,30,1.0,1995,"{""type"":""MultiPoint"",""coordinates"":[]}"
10_0_13,1310.7263527662367,33,1.0,1995,"{""type"":""MultiPoint"",""coordinates"":[]}"
10_0_14,295.39741828106753,68,1.0,1995,"{""type"":""MultiPoint"",""coordinates"":[]}"
10_1_0,31778.47924709846,3,2.0,1995,"{""type"":""MultiPoint"",""coordinates"":[]}"
10_1_1,2681.4594516778147,6,2.0,1995,"{""type"":""MultiPoint"",""coordinates"":[]}"
10_1_2,188.49651579834313,11,2.0,1995,"{""type"":""MultiPoint"",""coordinates"":[]}"
10_1_3,0.04185971380615238,12,2.0,1995,"{""type"":""MultiPoint"",""coordinates"":[]}"
10_1_4,137.9197203425299,13,2.0,1995,"{""type"":""MultiPoint"",""coordinates"":[]}"
10_1_5,13.279645611999356,15,2.0,1995,"{""type"":""MultiPoint"",""coordinates"":[]}"
10_1_6,61.74453311737053,18,2.0,1995,"{""type"":""MultiPoint"",""coordinates"":[]}"
10_1_7,22.947918192138754,21,2.0,1995,"{""type"":""MultiPoint"",""coordinates"":[]}"
10_1_8,0.7353606602172853,23,2.0,1995,"{""type"":""MultiPoint"",""coordinates"":[]}"
10_1_9,0.16081609783935552,24,2.0,1995,"{""type"":""MultiPoint"",""coordinates"":[]}"
10_1_10,2.715294635742188,25,2.0,1995,"{""type"":""MultiPoint"",""coordinates"":[]}"
10_1_11,0.02413436730957031,27,2.0,1995,"{""type"":""MultiPoint"",""coordinates"":[]}"
10_1_12,23.02570322674553,29,2.0,1995,"{""type"":""MultiPoint"",""coordinates"":[]}"
10_1_13,0.04378254034423827,30,2.0,1995,"{""type"":""MultiPoint"",""coordinates"":[]}"
10_1_14,243.90099859619332,33,2.0,1995,"{""type"":""MultiPoint"",""coordinates"":[]}"
10_1_15,2.9175704887695337,68,2.0,1995,"{""type"":""MultiPoint"",""coordinates"":[]}"
10_2_0,89576.5757272957,3,3.0,1995,"{""type"":""MultiPoint"",""coordinates"":[]}"
10_2_1,11949.029330847157,6,3.0,1995,"{""type"":""MultiPoint"",""coordinates"":[]}"
10_2_2,1197.236565796756,11,3.0,1995,"{""type"":""MultiPoint"",""coordinates"":[]}"
10_2_3,9952.052081819957,12,3.0,1995,"{""type"":""MultiPoint"",""coordinates"":[]}"
10_2_4,621.8830892640951,13,3.0,1995,"{""type"":""MultiPoint"",""coordinates"":[]}"
10_2_5,26347.249464366694,15,3.0,1995,"{""type"":""MultiPoint"",""coordinates"":[]}"
10_2_6,335.1838695357062,18,3.0,1995,"{""type"":""MultiPoint"",""coordinates"":[]}"
10_2_7,4575.096174585002,21,3.0,1995,"{""type"":""MultiPoint"",""coordinates"":[]}"
10_2_8,310.2228086652832,23,3.0,1995,"{""type"":""MultiPoint"",""coordinates"":[]}"
10_2_9,39.689967248535254,24,3.0,1995,"{""type"":""MultiPoint"",""coordinates"":[]}"
10_2_10,114.12425149450684,25,3.0,1995,"{""type"":""MultiPoint"",""coordinates"":[]}"
10_2_11,0.8295651700439467,27,3.0,1995,"{""type"":""MultiPoint"",""coordinates"":[]}"
10_2_12,0.5721836105346675,29,3.0,1995,"{""type"":""MultiPoint"",""coordinates"":[]}"
10_2_13,0.7102088751220709,30,3.0,1995,"{""type"":""MultiPoint"",""coordinates"":[]}"
10_2_14,0.7580510827636724,31,3.0,1995,"{""type"":""MultiPoint"",""coordinates"":[]}"
10_2_15,2851.9066440317984,33,3.0,1995,"{""type"":""MultiPoint"",""coordinates"":[]}"
10_2_16,11.208384874328559,35,3.0,1995,"{""type"":""MultiPoint"",""coordinates"":[]}"
10_2_17,61.756297561524185,68,3.0,1995,"{""type"":""MultiPoint"",""coordinates"":[]}"
10_3_0,69224.68705579307,3,4.0,1995,"{""type"":""MultiPoint"",""coordinates"":[]}"
10_3_1,4657.608551225743,6,4.0,1995,"{""type"":""MultiPoint"",""coordinates"":[]}"
10_3_2,54.977390672851456,11,4.0,1995,"{""type"":""MultiPoint"",""coordinates"":[]}"
10_3_3,125.92501664941202,12,4.0,1995,"{""type"":""MultiPoint"",""coordinates"":[]}"
10_3_4,2376.13695304198,13,4.0,1995,"{""type"":""MultiPoint"",""coordinates"":[]}"
10_3_5,405.6838517000708,15,4.0,1995,"{""type"":""MultiPoint"",""coordinates"":[]}"
10_3_6,21.419600596191838,18,4.0,1995,"{""type"":""MultiPoint"",""coordinates"":[]}"
10_3_7,191.0068411134037,21,4.0,1995,"{""type"":""MultiPoint"",""coordinates"":[]}"
10_3_8,35.98648699218762,23,4.0,1995,"{""type"":""MultiPoint"",""coordinates"":[]}"
10_3_9,0.9159241017456057,24,4.0,1995,"{""type"":""MultiPoint"",""coordinates"":[]}"
10_3_10,4.284787842102055,25,4.0,1995,"{""type"":""MultiPoint"",""coordinates"":[]}"
10_3_11,0.029497572082519522,27,4.0,1995,"{""type"":""MultiPoint"",""coordinates"":[]}"
10_3_12,517.8335171022362,33,4.0,1995,"{""type"":""MultiPoint"",""coordinates"":[]}"
10_3_13,2.431574744812013,68,4.0,1995,"{""type"":""MultiPoint"",""coordinates"":[]}"
11_0_0,204515.350883158,3,1.0,1996,"{""type"":""MultiPoint"",""coordinates"":[]}"
11_0_1,25432.862266234904,6,1.0,1996,"{""type"":""MultiPoint"",""coordinates"":[]}"
11_0_2,3224.8852437407486,11,1.0,1996,"{""type"":""MultiPoint"",""coordinates"":[]}"
11_0_3,4584.684200584955,12,1.0,1996,"{""type"":""MultiPoint"",""coordinates"":[]}"
11_0_4,1065.6268655173885,13,1.0,1996,"{""type"":""MultiPoint"",""coordinates"":[]}"
11_0_5,813.3350877471795,15,1.0,1996,"{""type"":""MultiPoint"",""coordinates"":[]}"
11_0_6,915.3768366572281,18,1.0,1996,"{""type"":""MultiPoint"",""coordinates"":[]}"
11_0_7,490.421164877991,21,1.0,1996,"{""type"":""MultiPoint"",""coordinates"":[]}"
11_0_8,26.046415934631344,23,1.0,1996,"{""type"":""MultiPoint"",""coordinates"":[]}"
11_0_9,5.014420365966802,24,1.0,1996,"{""type"":""MultiPoint"",""coordinates"":[]}"
11_0_10,14.962170852905281,25,1.0,1996,"{""type"":""MultiPoint"",""coordinates"":[]}"
11_0_11,44.614209637389706,29,1.0,1996,"{""type"":""MultiPoint"",""coordinates"":[]}"
11_0_12,0.15544794183349603,30,1.0,1996,"{""type"":""MultiPoint"",""coordinates"":[]}"
11_0_13,1322.3001733192796,33,1.0,1996,"{""type"":""MultiPoint"",""coordinates"":[]}"
11_0_14,278.0358974487861,68,1.0,1996,"{""type"":""MultiPoint"",""coordinates"":[]}"
11_1_0,31777.582502363388,3,2.0,1996,"{""type"":""MultiPoint"",""coordinates"":[]}"
11_1_1,2684.7544628132323,6,2.0,1996,"{""type"":""MultiPoint"",""coordinates"":[]}"
11_1_2,180.77833312378175,11,2.0,1996,"{""type"":""MultiPoint"",""coordinates"":[]}"
11_1_3,0.03295339337158203,12,2.0,1996,"{""type"":""MultiPoint"",""coordinates"":[]}"
11_1_4,136.06001931695613,13,2.0,1996,"{""type"":""MultiPoint"",""coordinates"":[]}"
11_1_5,13.977475810668746,15,2.0,1996,"{""type"":""MultiPoint"",""coordinates"":[]}"
11_1_6,64.88124793377669,18,2.0,1996,"{""type"":""MultiPoint"",""coordinates"":[]}"
11_1_7,22.48222993450935,21,2.0,1996,"{""type"":""MultiPoint"",""coordinates"":[]}"
11_1_8,0.4753361533203127,23,2.0,1996,"{""type"":""MultiPoint"",""coordinates"":[]}"
11_1_9,0.1911776750488281,24,2.0,1996,"{""type"":""MultiPoint"",""coordinates"":[]}"
11_1_10,2.1110715545043948,25,2.0,1996,"{""type"":""MultiPoint"",""coordinates"":[]}"
11_1_11,0.02413436730957031,27,2.0,1996,"{""type"":""MultiPoint"",""coordinates"":[]}"
11_1_12,22.76754933697503,29,2.0,1996,"{""type"":""MultiPoint"",""coordinates"":[]}"
11_1_13,0.030379584594726557,30,2.0,1996,"{""type"":""MultiPoint"",""coordinates"":[]}"
11_1_14,246.19280717273114,33,2.0,1996,"{""type"":""MultiPoint"",""coordinates"":[]}"
11_1_15,5.550871631347658,68,2.0,1996,"{""type"":""MultiPoint"",""coordinates"":[]}"
11_2_0,88981.10913060833,3,3.0,1996,"{""type"":""MultiPoint"",""coordinates"":[]}"
11_2_1,11815.176785334404,6,3.0,1996,"{""type"":""MultiPoint"",""coordinates"":[]}"
11_2_2,1161.735494647285,11,3.0,1996,"{""type"":""MultiPoint"",""coordinates"":[]}"
11_2_3,9949.213563113672,12,3.0,1996,"{""type"":""MultiPoint"",""coordinates"":[]}"
11_2_4,613.8204167551276,13,3.0,1996,"{""type"":""MultiPoint"",""coordinates"":[]}"
11_2_5,27470.101153204294,15,3.0,1996,"{""type"":""MultiPoint"",""coordinates"":[]}"
11_2_6,318.8830355872797,18,3.0,1996,"{""type"":""MultiPoint"",""coordinates"":[]}"
11_2_7,4249.14708341014,21,3.0,1996,"{""type"":""MultiPoint"",""coordinates"":[]}"
11_2_8,180.8146616149292,23,3.0,1996,"{""type"":""MultiPoint"",""coordinates"":[]}"
11_2_9,42.66667904901131,24,3.0,1996,"{""type"":""MultiPoint"",""coordinates"":[]}"
11_2_10,112.53432656219404,25,3.0,1996,"{""type"":""MultiPoint"",""coordinates"":[]}"
11_2_11,0.8295651700439467,27,3.0,1996,"{""type"":""MultiPoint"",""coordinates"":[]}"
11_2_12,0.6400166246337886,29,3.0,1996,"{""type"":""MultiPoint"",""coordinates"":[]}"
11_2_13,0.6699473114013677,30,3.0,1996,"{""type"":""MultiPoint"",""coordinates"":[]}"
11_2_14,0.7580494122924811,31,3.0,1996,"{""type"":""MultiPoint"",""coordinates"":[]}"
11_2_15,2985.0355646821877,33,3.0,1996,"{""type"":""MultiPoint"",""coordinates"":[]}"
11_2_16,10.579220540161074,35,3.0,1996,"{""type"":""MultiPoint"",""coordinates"":[]}"
11_2_17,52.36997249609353,68,3.0,1996,"{""type"":""MultiPoint"",""coordinates"":[]}"
11_3_0,69281.14863996243,3,4.0,1996,"{""type"":""MultiPoint"",""coordinates"":[]}"
11_3_1,4613.4039509153245,6,4.0,1996,"{""type"":""MultiPoint"",""coordinates"":[]}"
11_3_2,53.95624105480938,11,4.0,1996,"{""type"":""MultiPoint"",""coordinates"":[]}"
11_3_3,114.71164897411884,12,4.0,1996,"{""type"":""MultiPoint"",""coordinates"":[]}"
11_3_4,2357.1160624573195,13,4.0,1996,"{""type"":""MultiPoint"",""coordinates"":[]}"
11_3_5,442.8901166978751,15,4.0,1996,"{""type"":""MultiPoint"",""coordinates"":[]}"
11_3_6,20.95562947656297,18,4.0,1996,"{""type"":""MultiPoint"",""coordinates"":[]}"
11_3_7,181.84171880151422,21,4.0,1996,"{""type"":""MultiPoint"",""coordinates"":[]}"
11_3_8,24.577236529358096,23,4.0,1996,"{""type"":""MultiPoint"",""coordinates"":[]}"
11_3_9,0.9105646550292971,24,4.0,1996,"{""type"":""MultiPoint"",""coordinates"":[]}"
11_3_10,2.5912995582275387,25,4.0,1996,"{""type"":""MultiPoint"",""coordinates"":[]}"
11_3_11,0.029497572082519522,27,4.0,1996,"{""type"":""MultiPoint"",""coordinates"":[]}"
11_3_12,520.9881997314476,33,4.0,1996,"{""type"":""MultiPoint"",""coordinates"":[]}"
11_3_13,3.806242761657713,68,4.0,1996,"{""type"":""MultiPoint"",""coordinates"":[]}"
12_0_0,204462.53719509798,3,1.0,1997,"{""type"":""MultiPoint"",""coordinates"":[]}"
12_0_1,25399.392782017785,6,1.0,1997,"{""type"":""MultiPoint"",""coordinates"":[]}"
12_0_2,3227.444037709489,11,1.0,1997,"{""type"":""MultiPoint"",""coordinates"":[]}"
12_0_3,4567.979116507656,12,1.0,1997,"{""type"":""MultiPoint"",""coordinates"":[]}"
12_0_4,1070.7506013082755,13,1.0,1997,"{""type"":""MultiPoint"",""coordinates"":[]}"
12_0_5,830.0930503947583,15,1.0,1997,"{""type"":""MultiPoint"",""coordinates"":[]}"
12_0_6,902.8623015273424,18,1.0,1997,"{""type"":""MultiPoint"",""coordinates"":[]}"
12_0_7,522.8977163680413,21,1.0,1997,"{""type"":""MultiPoint"",""coordinates"":[]}"
12_0_8,111.56627621923978,23,1.0,1997,"{""type"":""MultiPoint"",""coordinates"":[]}"
12_0_9,5.234133277282721,24,1.0,1997,"{""type"":""MultiPoint"",""coordinates"":[]}"
12_0_10,15.468425360412605,25,1.0,1997,"{""type"":""MultiPoint"",""coordinates"":[]}"
12_0_11,49.1114522965693,29,1.0,1997,"{""type"":""MultiPoint"",""coordinates"":[]}"
12_0_12,0.18313851824951172,30,1.0,1997,"{""type"":""MultiPoint"",""coordinates"":[]}"
12_0_13,1337.6768753891631,33,1.0,1997,"{""type"":""MultiPoint"",""coordinates"":[]}"
12_0_14,230.47418202752624,68,1.0,1997,"{""type"":""MultiPoint"",""coordinates"":[]}"
12_1_0,31764.803576499355,3,2.0,1997,"{""type"":""MultiPoint"",""coordinates"":[]}"
12_1_1,2696.607285181304,6,2.0,1997,"{""type"":""MultiPoint"",""coordinates"":[]}"
12_1_2,181.09239685663124,11,2.0,1997,"{""type"":""MultiPoint"",""coordinates"":[]}"
12_1_3,0.03028149530029296,12,2.0,1997,"{""type"":""MultiPoint"",""coordinates"":[]}"
12_1_4,134.8639533684087,13,2.0,1997,"{""type"":""MultiPoint"",""coordinates"":[]}"
12_1_5,13.611102015075483,15,2.0,1997,"{""type"":""MultiPoint"",""coordinates"":[]}"
12_1_6,64.90858210382068,18,2.0,1997,"{""type"":""MultiPoint"",""coordinates"":[]}"
12_1_7,22.63041827502448,21,2.0,1997,"{""type"":""MultiPoint"",""coordinates"":[]}"
12_1_8,0.6541074982299806,23,2.0,1997,"{""type"":""MultiPoint"",""coordinates"":[]}"
12_1_9,0.21529476696777344,24,2.0,1997,"{""type"":""MultiPoint"",""coordinates"":[]}"
12_1_10,1.929668516845703,25,2.0,1997,"{""type"":""MultiPoint"",""coordinates"":[]}"
12_1_11,0.02413436730957031,27,2.0,1997,"{""type"":""MultiPoint"",""coordinates"":[]}"
12_1_12,22.916739862060467,29,2.0,1997,"{""type"":""MultiPoint"",""coordinates"":[]}"
12_1_13,0.028592454895019527,30,2.0,1997,"{""type"":""MultiPoint"",""coordinates"":[]}"
12_1_14,247.7326045296039,33,2.0,1997,"{""type"":""MultiPoint"",""coordinates"":[]}"
12_1_15,5.843814374816895,68,2.0,1997,"{""type"":""MultiPoint"",""coordinates"":[]}"
12_2_0,88228.42863942655,3,3.0,1997,"{""type"":""MultiPoint"",""coordinates"":[]}"
12_2_1,11758.871204437355,6,3.0,1997,"{""type"":""MultiPoint"",""coordinates"":[]}"
12_2_2,1159.7047653207426,11,3.0,1997,"{""type"":""MultiPoint"",""coordinates"":[]}"
12_2_3,9864.245867244197,12,3.0,1997,"{""type"":""MultiPoint"",""coordinates"":[]}"
12_2_4,608.8393761529584,13,3.0,1997,"{""type"":""MultiPoint"",""coordinates"":[]}"
12_2_5,28170.682658269106,15,3.0,1997,"{""type"":""MultiPoint"",""coordinates"":[]}"
12_2_6,309.199388553893,18,3.0,1997,"{""type"":""MultiPoint"",""coordinates"":[]}"
12_2_7,4395.437656498248,21,3.0,1997,"{""type"":""MultiPoint"",""coordinates"":[]}"
12_2_8,240.1678828685306,23,3.0,1997,"{""type"":""MultiPoint"",""coordinates"":[]}"
12_2_9,44.41137209777845,24,3.0,1997,"{""type"":""MultiPoint"",""coordinates"":[]}"
12_2_10,115.5439158081659,25,3.0,1997,"{""type"":""MultiPoint"",""coordinates"":[]}"
12_2_11,0.8295651700439467,27,3.0,1997,"{""type"":""MultiPoint"",""coordinates"":[]}"
12_2_12,0.556302452453613,29,3.0,1997,"{""type"":""MultiPoint"",""coordinates"":[]}"
12_2_13,0.7359527120971681,30,3.0,1997,"{""type"":""MultiPoint"",""coordinates"":[]}"
12_2_14,0.7589453391113287,31,3.0,1997,"{""type"":""MultiPoint"",""coordinates"":[]}"
12_2_15,2977.1808614870547,33,3.0,1997,"{""type"":""MultiPoint"",""coordinates"":[]}"
12_2_16,9.559216662109334,35,3.0,1997,"{""type"":""MultiPoint"",""coordinates"":[]}"
12_2_17,60.9310956224975,68,3.0,1997,"{""type"":""MultiPoint"",""coordinates"":[]}"
12_3_0,69325.70603196394,3,4.0,1997,"{""type"":""MultiPoint"",""coordinates"":[]}"
12_3_1,4548.789653847165,6,4.0,1997,"{""type"":""MultiPoint"",""coordinates"":[]}"
12_3_2,56.39458927307106,11,4.0,1997,"{""type"":""MultiPoint"",""coordinates"":[]}"
12_3_3,120.55361710150203,12,4.0,1997,"{""type"":""MultiPoint"",""coordinates"":[]}"
12_3_4,2329.7372853886327,13,4.0,1997,"{""type"":""MultiPoint"",""coordinates"":[]}"
12_3_5,469.5651980582868,15,4.0,1997,"{""type"":""MultiPoint"",""coordinates"":[]}"
12_3_6,19.056956697388078,18,4.0,1997,"{""type"":""MultiPoint"",""coordinates"":[]}"
12_3_7,188.33315329687548,21,4.0,1997,"{""type"":""MultiPoint"",""coordinates"":[]}"
12_3_8,28.88005275628686,23,4.0,1997,"{""type"":""MultiPoint"",""coordinates"":[]}"
12_3_9,0.9329085067749026,24,4.0,1997,"{""type"":""MultiPoint"",""coordinates"":[]}"
12_3_10,4.114811033996579,25,4.0,1997,"{""type"":""MultiPoint"",""coordinates"":[]}"
12_3_11,0.029497572082519522,27,4.0,1997,"{""type"":""MultiPoint"",""coordinates"":[]}"
12_3_12,524.8468313639552,33,4.0,1997,"{""type"":""MultiPoint"",""coordinates"":[]}"
12_3_13,1.9864622877807623,68,4.0,1997,"{""type"":""MultiPoint"",""coordinates"":[]}"
13_0_0,204619.33087767346,3,1.0,1998,"{""type"":""MultiPoint"",""coordinates"":[]}"
13_0_1,25150.680210437393,6,1.0,1998,"{""type"":""MultiPoint"",""coordinates"":[]}"
13_0_2,3214.0778716897735,11,1.0,1998,"{""type"":""MultiPoint"",""coordinates"":[]}"
13_0_3,4569.903600126421,12,1.0,1998,"{""type"":""MultiPoint"",""coordinates"":[]}"
13_0_4,1079.1205795370731,13,1.0,1998,"{""type"":""MultiPoint"",""coordinates"":[]}"
13_0_5,864.1859417378995,15,1.0,1998,"{""type"":""MultiPoint"",""coordinates"":[]}"
13_0_6,936.2833971554553,18,1.0,1998,"{""type"":""MultiPoint"",""coordinates"":[]}"
13_0_7,527.1360258353279,21,1.0,1998,"{""type"":""MultiPoint"",""coordinates"":[]}"
13_0_8,47.69548299694834,23,1.0,1998,"{""type"":""MultiPoint"",""coordinates"":[]}"
13_0_9,5.358240598876959,24,1.0,1998,"{""type"":""MultiPoint"",""coordinates"":[]}"
13_0_10,19.062148087524434,25,1.0,1998,"{""type"":""MultiPoint"",""coordinates"":[]}"
13_0_11,49.59446632739192,29,1.0,1998,"{""type"":""MultiPoint"",""coordinates"":[]}"
13_0_12,0.1947533468627929,30,1.0,1998,"{""type"":""MultiPoint"",""coordinates"":[]}"
13_0_13,1334.7779404392747,33,1.0,1998,"{""type"":""MultiPoint"",""coordinates"":[]}"
13_0_14,316.2697480310568,68,1.0,1998,"{""type"":""MultiPoint"",""coordinates"":[]}"
13_1_0,31798.14108899159,3,2.0,1998,"{""type"":""MultiPoint"",""coordinates"":[]}"
13_1_1,2662.395825668954,6,2.0,1998,"{""type"":""MultiPoint"",""coordinates"":[]}"
13_1_2,178.0877504507462,11,2.0,1998,"{""type"":""MultiPoint"",""coordinates"":[]}"
13_1_3,0.04453160638427738,12,2.0,1998,"{""type"":""MultiPoint"",""coordinates"":[]}"
13_1_4,137.91234485235637,13,2.0,1998,"{""type"":""MultiPoint"",""coordinates"":[]}"
13_1_5,13.596853244933891,15,2.0,1998,"{""type"":""MultiPoint"",""coordinates"":[]}"
13_1_6,65.0120243541868,18,2.0,1998,"{""type"":""MultiPoint"",""coordinates"":[]}"
13_1_7,23.72944513226321,21,2.0,1998,"{""type"":""MultiPoint"",""coordinates"":[]}"
13_1_8,0.572796053405762,23,2.0,1998,"{""type"":""MultiPoint"",""coordinates"":[]}"
13_1_9,0.22422999645996086,24,2.0,1998,"{""type"":""MultiPoint"",""coordinates"":[]}"
13_1_10,2.1200351066284178,25,2.0,1998,"{""type"":""MultiPoint"",""coordinates"":[]}"
13_1_11,0.02413436730957031,27,2.0,1998,"{""type"":""MultiPoint"",""coordinates"":[]}"
13_1_12,23.164165687560953,29,2.0,1998,"{""type"":""MultiPoint"",""coordinates"":[]}"
13_1_13,0.0366341669921875,30,2.0,1998,"{""type"":""MultiPoint"",""coordinates"":[]}"
13_1_14,249.38072124469159,33,2.0,1998,"{""type"":""MultiPoint"",""coordinates"":[]}"
13_1_15,3.4499712411499,68,2.0,1998,"{""type"":""MultiPoint"",""coordinates"":[]}"
13_2_0,87691.4045894368,3,3.0,1998,"{""type"":""MultiPoint"",""coordinates"":[]}"
13_2_1,11713.330723115458,6,3.0,1998,"{""type"":""MultiPoint"",""coordinates"":[]}"
13_2_2,1192.2399050848428,11,3.0,1998,"{""type"":""MultiPoint"",""coordinates"":[]}"
13_2_3,9644.400223116672,12,3.0,1998,"{""type"":""MultiPoint"",""coordinates"":[]}"
13_2_4,610.6928109569094,13,3.0,1998,"{""type"":""MultiPoint"",""coordinates"":[]}"
13_2_5,28729.07127248748,15,3.0,1998,"{""type"":""MultiPoint"",""coordinates"":[]}"
13_2_6,344.4165011068078,18,3.0,1998,"{""type"":""MultiPoint"",""coordinates"":[]}"
13_2_7,4536.712124418476,21,3.0,1998,"{""type"":""MultiPoint"",""coordinates"":[]}"
13_2_8,245.2728690162352,23,3.0,1998,"{""type"":""MultiPoint"",""coordinates"":[]}"
13_2_9,46.410706382873734,24,3.0,1998,"{""type"":""MultiPoint"",""coordinates"":[]}"
13_2_10,108.54191751983622,25,3.0,1998,"{""type"":""MultiPoint"",""coordinates"":[]}"
13_2_11,0.8295651700439467,27,3.0,1998,"{""type"":""MultiPoint"",""coordinates"":[]}"
13_2_12,0.5222966624145504,29,3.0,1998,"{""type"":""MultiPoint"",""coordinates"":[]}"
13_2_13,0.6135843853149415,30,3.0,1998,"{""type"":""MultiPoint"",""coordinates"":[]}"
13_2_14,0.8447600712890632,31,3.0,1998,"{""type"":""MultiPoint"",""coordinates"":[]}"
13_2_15,3003.516411055653,33,3.0,1998,"{""type"":""MultiPoint"",""coordinates"":[]}"
13_2_16,11.126237833190881,35,3.0,1998,"{""type"":""MultiPoint"",""coordinates"":[]}"
13_2_17,66.1381683031013,68,3.0,1998,"{""type"":""MultiPoint"",""coordinates"":[]}"
13_3_0,69440.79068842328,3,4.0,1998,"{""type"":""MultiPoint"",""coordinates"":[]}"
13_3_1,4403.869929823371,6,4.0,1998,"{""type"":""MultiPoint"",""coordinates"":[]}"
13_3_2,61.540256213378626,11,4.0,1998,"{""type"":""MultiPoint"",""coordinates"":[]}"
13_3_3,110.92292039758158,12,4.0,1998,"{""type"":""MultiPoint"",""coordinates"":[]}"
13_3_4,2289.8442778564845,13,4.0,1998,"{""type"":""MultiPoint"",""coordinates"":[]}"
13_3_5,536.0625367456037,15,4.0,1998,"{""type"":""MultiPoint"",""coordinates"":[]}"
13_3_6,19.704116353149928,18,4.0,1998,"{""type"":""MultiPoint"",""coordinates"":[]}"
13_3_7,186.0286478736587,21,4.0,1998,"{""type"":""MultiPoint"",""coordinates"":[]}"
13_3_8,29.898114960815427,23,4.0,1998,"{""type"":""MultiPoint"",""coordinates"":[]}"
13_3_9,0.8953903258666992,24,4.0,1998,"{""type"":""MultiPoint"",""coordinates"":[]}"
13_3_10,2.4692349882812494,25,4.0,1998,"{""type"":""MultiPoint"",""coordinates"":[]}"
13_3_11,0.029497572082519522,27,4.0,1998,"{""type"":""MultiPoint"",""coordinates"":[]}"
13_3_12,534.3919579860855,33,4.0,1998,"{""type"":""MultiPoint"",""coordinates"":[]}"
13_3_13,2.4794796275634754,68,4.0,1998,"{""type"":""MultiPoint"",""coordinates"":[]}"
14_0_0,204675.40466594274,3,1.0,1999,"{""type"":""MultiPoint"",""coordinates"":[]}"
14_0_1,24940.89100067637,6,1.0,1999,"{""type"":""MultiPoint"",""coordinates"":[]}"
14_0_2,3216.4111727219906,11,1.0,1999,"{""type"":""MultiPoint"",""coordinates"":[]}"
14_0_3,4602.551884900232,12,1.0,1999,"{""type"":""MultiPoint"",""coordinates"":[]}"
14_0_4,1107.677477313886,13,1.0,1999,"{""type"":""MultiPoint"",""coordinates"":[]}"
14_0_5,881.5910774168514,15,1.0,1999,"{""type"":""MultiPoint"",""coordinates"":[]}"
14_0_6,986.4422909928576,18,1.0,1999,"{""type"":""MultiPoint"",""coordinates"":[]}"
14_0_7,551.4638980366217,21,1.0,1999,"{""type"":""MultiPoint"",""coordinates"":[]}"
14_0_8,38.30023006652843,23,1.0,1999,"{""type"":""MultiPoint"",""coordinates"":[]}"
14_0_9,5.489528666564949,24,1.0,1999,"{""type"":""MultiPoint"",""coordinates"":[]}"
14_0_10,17.892176574096673,25,1.0,1999,"{""type"":""MultiPoint"",""coordinates"":[]}"
14_0_11,50.03060365216015,29,1.0,1999,"{""type"":""MultiPoint"",""coordinates"":[]}"
14_0_12,0.13221983441162108,30,1.0,1999,"{""type"":""MultiPoint"",""coordinates"":[]}"
14_0_13,1366.8456063012109,33,1.0,1999,"{""type"":""MultiPoint"",""coordinates"":[]}"
14_0_14,292.5474509242495,68,1.0,1999,"{""type"":""MultiPoint"",""coordinates"":[]}"
14_1_0,31765.628583140486,3,2.0,1999,"{""type"":""MultiPoint"",""coordinates"":[]}"
14_1_1,2680.2174552208344,6,2.0,1999,"{""type"":""MultiPoint"",""coordinates"":[]}"
14_1_2,179.39706846661576,11,2.0,1999,"{""type"":""MultiPoint"",""coordinates"":[]}"
14_1_3,0.045422237915039104,12,2.0,1999,"{""type"":""MultiPoint"",""coordinates"":[]}"
14_1_4,138.43654469042994,13,2.0,1999,"{""type"":""MultiPoint"",""coordinates"":[]}"
14_1_5,14.120669283935378,15,2.0,1999,"{""type"":""MultiPoint"",""coordinates"":[]}"
14_1_6,67.83451107751448,18,2.0,1999,"{""type"":""MultiPoint"",""coordinates"":[]}"
14_1_7,28.359538696228014,21,2.0,1999,"{""type"":""MultiPoint"",""coordinates"":[]}"
14_1_8,1.370032876831055,23,2.0,1999,"{""type"":""MultiPoint"",""coordinates"":[]}"
14_1_9,0.2295877438964843,24,2.0,1999,"{""type"":""MultiPoint"",""coordinates"":[]}"
14_1_10,2.5863438463134765,25,2.0,1999,"{""type"":""MultiPoint"",""coordinates"":[]}"
14_1_11,0.02413436730957031,27,2.0,1999,"{""type"":""MultiPoint"",""coordinates"":[]}"
14_1_12,23.61978187957752,29,2.0,1999,"{""type"":""MultiPoint"",""coordinates"":[]}"
14_1_13,0.039314795959472654,30,2.0,1999,"{""type"":""MultiPoint"",""coordinates"":[]}"
14_1_14,250.76085619769464,33,2.0,1999,"{""type"":""MultiPoint"",""coordinates"":[]}"
14_1_15,5.222707643981932,68,2.0,1999,"{""type"":""MultiPoint"",""coordinates"":[]}"
14_2_0,87258.67552737879,3,3.0,1999,"{""type"":""MultiPoint"",""coordinates"":[]}"
14_2_1,11595.796183024988,6,3.0,1999,"{""type"":""MultiPoint"",""coordinates"":[]}"
14_2_2,1199.916941549438,11,3.0,1999,"{""type"":""MultiPoint"",""coordinates"":[]}"
14_2_3,9586.144297836743,12,3.0,1999,"{""type"":""MultiPoint"",""coordinates"":[]}"
14_2_4,612.1736486928723,13,3.0,1999,"{""type"":""MultiPoint"",""coordinates"":[]}"
14_2_5,29187.300553102454,15,3.0,1999,"{""type"":""MultiPoint"",""coordinates"":[]}"
14_2_6,387.9814784214449,18,3.0,1999,"{""type"":""MultiPoint"",""coordinates"":[]}"
14_2_7,4595.072724549266,21,3.0,1999,"{""type"":""MultiPoint"",""coordinates"":[]}"
14_2_8,241.37982239434808,23,3.0,1999,"{""type"":""MultiPoint"",""coordinates"":[]}"
14_2_9,48.0439820978396,24,3.0,1999,"{""type"":""MultiPoint"",""coordinates"":[]}"
14_2_10,91.89446628924563,25,3.0,1999,"{""type"":""MultiPoint"",""coordinates"":[]}"
14_2_11,0.8295651700439467,27,3.0,1999,"{""type"":""MultiPoint"",""coordinates"":[]}"
14_2_12,0.4991042565307614,29,3.0,1999,"{""type"":""MultiPoint"",""coordinates"":[]}"
14_2_13,0.6377343837890627,30,3.0,1999,"{""type"":""MultiPoint"",""coordinates"":[]}"
14_2_14,1.0636664384155274,31,3.0,1999,"{""type"":""MultiPoint"",""coordinates"":[]}"
14_2_15,3061.278334585143,33,3.0,1999,"{""type"":""MultiPoint"",""coordinates"":[]}"
14_2_16,12.173011356140117,35,3.0,1999,"{""type"":""MultiPoint"",""coordinates"":[]}"
14_2_17,65.2236245954592,68,3.0,1999,"{""type"":""MultiPoint"",""coordinates"":[]}"
14_3_0,69297.48924041867,3,4.0,1999,"{""type"":""MultiPoint"",""coordinates"":[]}"
14_3_1,4500.634073150299,6,4.0,1999,"{""type"":""MultiPoint"",""coordinates"":[]}"
14_3_2,62.831845517578174,11,4.0,1999,"{""type"":""MultiPoint"",""coordinates"":[]}"
14_3_3,106.3732544875501,12,4.0,1999,"{""type"":""MultiPoint"",""coordinates"":[]}"
14_3_4,2307.1610738771624,13,4.0,1999,"{""type"":""MultiPoint"",""coordinates"":[]}"
14_3_5,561.1383070600558,15,4.0,1999,"{""type"":""MultiPoint"",""coordinates"":[]}"
14_3_6,15.074828219970788,18,4.0,1999,"{""type"":""MultiPoint"",""coordinates"":[]}"
14_3_7,190.16522055749587,21,4.0,1999,"{""type"":""MultiPoint"",""coordinates"":[]}"
14_3_8,38.49273992028814,23,4.0,1999,"{""type"":""MultiPoint"",""coordinates"":[]}"
14_3_9,0.9034346276855472,24,4.0,1999,"{""type"":""MultiPoint"",""coordinates"":[]}"
14_3_10,2.8596549297485363,25,4.0,1999,"{""type"":""MultiPoint"",""coordinates"":[]}"
14_3_11,0.029497572082519522,27,4.0,1999,"{""type"":""MultiPoint"",""coordinates"":[]}"
14_3_12,533.1322988080464,33,4.0,1999,"{""type"":""MultiPoint"",""coordinates"":[]}"
14_3_13,2.641580000793456,68,4.0,1999,"{""type"":""MultiPoint"",""coordinates"":[]}"
15_0_0,204405.30489324138,3,1.0,2000,"{""type"":""MultiPoint"",""coordinates"":[]}"
15_0_1,25074.646858483553,6,1.0,2000,"{""type"":""MultiPoint"",""coordinates"":[]}"
15_0_2,3211.716773640506,11,1.0,2000,"{""type"":""MultiPoint"",""coordinates"":[]}"
15_0_3,4652.451516628027,12,1.0,2000,"{""type"":""MultiPoint"",""coordinates"":[]}"
15_0_4,1136.2719272431314,13,1.0,2000,"{""type"":""MultiPoint"",""coordinates"":[]}"
15_0_5,911.3726954190618,15,1.0,2000,"{""type"":""MultiPoint"",""coordinates"":[]}"
15_0_6,1000.4418151618651,18,1.0,2000,"{""type"":""MultiPoint"",""coordinates"":[]}"
15_0_7,565.1090473635257,21,1.0,2000,"{""type"":""MultiPoint"",""coordinates"":[]}"
15_0_8,25.01351540582278,23,1.0,2000,"{""type"":""MultiPoint"",""coordinates"":[]}"
15_0_9,5.593123307067877,24,1.0,2000,"{""type"":""MultiPoint"",""coordinates"":[]}"
15_0_10,20.188451849853525,25,1.0,2000,"{""type"":""MultiPoint"",""coordinates"":[]}"
15_0_11,50.0664912238153,29,1.0,2000,"{""type"":""MultiPoint"",""coordinates"":[]}"
15_0_12,0.13668530865478518,30,1.0,2000,"{""type"":""MultiPoint"",""coordinates"":[]}"
15_0_13,1371.6748611021753,33,1.0,2000,"{""type"":""MultiPoint"",""coordinates"":[]}"
15_0_14,303.68262864121556,68,1.0,2000,"{""type"":""MultiPoint"",""coordinates"":[]}"
15_1_0,31714.6074444854,3,2.0,2000,"{""type"":""MultiPoint"",""coordinates"":[]}"
15_1_1,2710.4532931411154,6,2.0,2000,"{""type"":""MultiPoint"",""coordinates"":[]}"
15_1_2,192.18077444757373,11,2.0,2000,"{""type"":""MultiPoint"",""coordinates"":[]}"
15_1_3,0.045422237915039104,12,2.0,2000,"{""type"":""MultiPoint"",""coordinates"":[]}"
15_1_4,143.93500560650668,13,2.0,2000,"{""type"":""MultiPoint"",""coordinates"":[]}"
15_1_5,14.798091416625775,15,2.0,2000,"{""type"":""MultiPoint"",""coordinates"":[]}"
15_1_6,71.16029142028796,18,2.0,2000,"{""type"":""MultiPoint"",""coordinates"":[]}"
15_1_7,29.3464812807007,21,2.0,2000,"{""type"":""MultiPoint"",""coordinates"":[]}"
15_1_8,0.6004984498291014,23,2.0,2000,"{""type"":""MultiPoint"",""coordinates"":[]}"
15_1_9,0.20813511590576173,24,2.0,2000,"{""type"":""MultiPoint"",""coordinates"":[]}"
15_1_10,2.6490646807861324,25,2.0,2000,"{""type"":""MultiPoint"",""coordinates"":[]}"
15_1_11,0.02413436730957031,27,2.0,2000,"{""type"":""MultiPoint"",""coordinates"":[]}"
15_1_12,23.398189453918363,29,2.0,2000,"{""type"":""MultiPoint"",""coordinates"":[]}"
15_1_13,0.03484716156005859,30,2.0,2000,"{""type"":""MultiPoint"",""coordinates"":[]}"
15_1_14,250.24864951440472,33,2.0,2000,"{""type"":""MultiPoint"",""coordinates"":[]}"
15_1_15,4.202229385864256,68,2.0,2000,"{""type"":""MultiPoint"",""coordinates"":[]}"
15_2_0,86469.85865215032,3,3.0,2000,"{""type"":""MultiPoint"",""coordinates"":[]}"
15_2_1,11543.74339099978,6,3.0,2000,"{""type"":""MultiPoint"",""coordinates"":[]}"
15_2_2,1188.1343328581554,11,3.0,2000,"{""type"":""MultiPoint"",""coordinates"":[]}"
15_2_3,9555.141465062707,12,3.0,2000,"{""type"":""MultiPoint"",""coordinates"":[]}"
15_2_4,613.4749846364175,13,3.0,2000,"{""type"":""MultiPoint"",""coordinates"":[]}"
15_2_5,29832.49505302743,15,3.0,2000,"{""type"":""MultiPoint"",""coordinates"":[]}"
15_2_6,433.7341853153652,18,3.0,2000,"{""type"":""MultiPoint"",""coordinates"":[]}"
15_2_7,4771.727632332561,21,3.0,2000,"{""type"":""MultiPoint"",""coordinates"":[]}"
15_2_8,239.7854261451426,23,3.0,2000,"{""type"":""MultiPoint"",""coordinates"":[]}"
15_2_9,49.39750051916536,24,3.0,2000,"{""type"":""MultiPoint"",""coordinates"":[]}"
15_2_10,95.99806272705068,25,3.0,2000,"{""type"":""MultiPoint"",""coordinates"":[]}"
15_2_11,0.8295651700439467,27,3.0,2000,"{""type"":""MultiPoint"",""coordinates"":[]}"
15_2_12,0.5249703897705075,29,3.0,2000,"{""type"":""MultiPoint"",""coordinates"":[]}"
15_2_13,0.9030468142089844,30,3.0,2000,"{""type"":""MultiPoint"",""coordinates"":[]}"
15_2_14,1.1306491787719726,31,3.0,2000,"{""type"":""MultiPoint"",""coordinates"":[]}"
15_2_15,3060.3953806543527,33,3.0,2000,"{""type"":""MultiPoint"",""coordinates"":[]}"
15_2_16,15.280367607360825,35,3.0,2000,"{""type"":""MultiPoint"",""coordinates"":[]}"
15_2_17,73.53000053473006,68,3.0,2000,"{""type"":""MultiPoint"",""coordinates"":[]}"
15_3_0,69105.52108754295,3,4.0,2000,"{""type"":""MultiPoint"",""coordinates"":[]}"
15_3_1,4603.352222097096,6,4.0,2000,"{""type"":""MultiPoint"",""coordinates"":[]}"
15_3_2,64.48957555004858,11,4.0,2000,"{""type"":""MultiPoint"",""coordinates"":[]}"
15_3_3,104.14557032403651,12,4.0,2000,"{""type"":""MultiPoint"",""coordinates"":[]}"
15_3_4,2344.9822654023565,13,4.0,2000,"{""type"":""MultiPoint"",""coordinates"":[]}"
15_3_5,597.4342581120603,15,4.0,2000,"{""type"":""MultiPoint"",""coordinates"":[]}"
15_3_6,13.394544497253408,18,4.0,2000,"{""type"":""MultiPoint"",""coordinates"":[]}"
15_3_7,208.21210411785847,21,4.0,2000,"{""type"":""MultiPoint"",""coordinates"":[]}"
15_3_8,29.78852157659911,23,4.0,2000,"{""type"":""MultiPoint"",""coordinates"":[]}"
15_3_9,0.9230996233520511,24,4.0,2000,"{""type"":""MultiPoint"",""coordinates"":[]}"
15_3_10,3.604659611022947,25,4.0,2000,"{""type"":""MultiPoint"",""coordinates"":[]}"
15_3_11,0.029497572082519522,27,4.0,2000,"{""type"":""MultiPoint"",""coordinates"":[]}"
15_3_12,0.0035747965698242185,30,4.0,2000,"{""type"":""MultiPoint"",""coordinates"":[]}"
15_3_13,540.1935971035176,33,4.0,2000,"{""type"":""MultiPoint"",""coordinates"":[]}"
15_3_14,2.8524712210693384,68,4.0,2000,"{""type"":""MultiPoint"",""coordinates"":[]}"
16_0_0,204243.86053371607,3,1.0,2001,"{""type"":""MultiPoint"",""coordinates"":[]}"
16_0_1,25151.212742908636,6,1.0,2001,"{""type"":""MultiPoint"",""coordinates"":[]}"
16_0_2,3242.398582720894,11,1.0,2001,"{""type"":""MultiPoint"",""coordinates"":[]}"
16_0_3,4622.151528133962,12,1.0,2001,"{""type"":""MultiPoint"",""coordinates"":[]}"
16_0_4,1145.1828468824742,13,1.0,2001,"{""type"":""MultiPoint"",""coordinates"":[]}"
16_0_5,962.3874839002117,15,1.0,2001,"{""type"":""MultiPoint"",""coordinates"":[]}"
16_0_6,984.9052648983159,18,1.0,2001,"{""type"":""MultiPoint"",""coordinates"":[]}"
16_0_7,583.7318889658828,21,1.0,2001,"{""type"":""MultiPoint"",""coordinates"":[]}"
16_0_8,49.11295788201909,23,1.0,2001,"{""type"":""MultiPoint"",""coordinates"":[]}"
16_0_9,5.652069697753913,24,1.0,2001,"{""type"":""MultiPoint"",""coordinates"":[]}"
16_0_10,22.41782908959961,25,1.0,2001,"{""type"":""MultiPoint"",""coordinates"":[]}"
16_0_11,49.034334974242434,29,1.0,2001,"{""type"":""MultiPoint"",""coordinates"":[]}"
16_0_12,0.12507238061523435,30,1.0,2001,"{""type"":""MultiPoint"",""coordinates"":[]}"
16_0_13,1353.9933909989652,33,1.0,2001,"{""type"":""MultiPoint"",""coordinates"":[]}"
16_0_14,317.50475687016404,68,1.0,2001,"{""type"":""MultiPoint"",""coordinates"":[]}"
16_1_0,31734.522082804546,3,2.0,2001,"{""type"":""MultiPoint"",""coordinates"":[]}"
16_1_1,2690.875213407715,6,2.0,2001,"{""type"":""MultiPoint"",""coordinates"":[]}"
16_1_2,184.0046197327302,11,2.0,2001,"{""type"":""MultiPoint"",""coordinates"":[]}"
16_1_3,0.04809413543701178,12,2.0,2001,"{""type"":""MultiPoint"",""coordinates"":[]}"
16_1_4,145.22747373358152,13,2.0,2001,"{""type"":""MultiPoint"",""coordinates"":[]}"
16_1_5,17.59611483612052,15,2.0,2001,"{""type"":""MultiPoint"",""coordinates"":[]}"
16_1_6,72.50135866357411,18,2.0,2001,"{""type"":""MultiPoint"",""coordinates"":[]}"
16_1_7,30.708905599426206,21,2.0,2001,"{""type"":""MultiPoint"",""coordinates"":[]}"
16_1_8,2.3425871923217745,23,2.0,2001,"{""type"":""MultiPoint"",""coordinates"":[]}"
16_1_9,0.20992106378173828,24,2.0,2001,"{""type"":""MultiPoint"",""coordinates"":[]}"
16_1_10,2.9751320402832024,25,2.0,2001,"{""type"":""MultiPoint"",""coordinates"":[]}"
16_1_11,0.02413436730957031,27,2.0,2001,"{""type"":""MultiPoint"",""coordinates"":[]}"
16_1_12,22.57007590386953,29,2.0,2001,"{""type"":""MultiPoint"",""coordinates"":[]}"
16_1_13,0.04288914318847656,30,2.0,2001,"{""type"":""MultiPoint"",""coordinates"":[]}"
16_1_14,248.15502754901127,33,2.0,2001,"{""type"":""MultiPoint"",""coordinates"":[]}"
16_1_15,6.088921992431636,68,2.0,2001,"{""type"":""MultiPoint"",""coordinates"":[]}"
16_2_0,85779.31327775035,3,3.0,2001,"{""type"":""MultiPoint"",""coordinates"":[]}"
16_2_1,11641.57779316251,6,3.0,2001,"{""type"":""MultiPoint"",""coordinates"":[]}"
16_2_2,1204.3330946634485,11,3.0,2001,"{""type"":""MultiPoint"",""coordinates"":[]}"
16_2_3,9508.5060113412,12,3.0,2001,"{""type"":""MultiPoint"",""coordinates"":[]}"
16_2_4,628.2252763395434,13,3.0,2001,"{""type"":""MultiPoint"",""coordinates"":[]}"
16_2_5,30421.16767024901,15,3.0,2001,"{""type"":""MultiPoint"",""coordinates"":[]}"
16_2_6,446.1764356348332,18,3.0,2001,"{""type"":""MultiPoint"",""coordinates"":[]}"
16_2_7,4788.585619447989,21,3.0,2001,"{""type"":""MultiPoint"",""coordinates"":[]}"
16_2_8,275.6542011390377,23,3.0,2001,"{""type"":""MultiPoint"",""coordinates"":[]}"
16_2_9,50.29892922674593,24,3.0,2001,"{""type"":""MultiPoint"",""coordinates"":[]}"
16_2_10,83.14080304882813,25,3.0,2001,"{""type"":""MultiPoint"",""coordinates"":[]}"
16_2_11,0.8295651700439467,27,3.0,2001,"{""type"":""MultiPoint"",""coordinates"":[]}"
16_2_12,0.50623051574707,29,3.0,2001,"{""type"":""MultiPoint"",""coordinates"":[]}"
16_2_13,0.760189386901856,30,3.0,2001,"{""type"":""MultiPoint"",""coordinates"":[]}"
16_2_14,1.0779006414794925,31,3.0,2001,"{""type"":""MultiPoint"",""coordinates"":[]}"
16_2_15,3025.9353812821073,33,3.0,2001,"{""type"":""MultiPoint"",""coordinates"":[]}"
16_2_16,10.668409137939424,35,3.0,2001,"{""type"":""MultiPoint"",""coordinates"":[]}"
16_2_17,79.32787798632964,68,3.0,2001,"{""type"":""MultiPoint"",""coordinates"":[]}"
16_3_0,68811.88841812279,3,4.0,2001,"{""type"":""MultiPoint"",""coordinates"":[]}"
16_3_1,4818.38637335132,6,4.0,2001,"{""type"":""MultiPoint"",""coordinates"":[]}"
16_3_2,63.239857216979715,11,4.0,2001,"{""type"":""MultiPoint"",""coordinates"":[]}"
16_3_3,101.71693259747416,12,4.0,2001,"{""type"":""MultiPoint"",""coordinates"":[]}"
16_3_4,2366.6876306132476,13,4.0,2001,"{""type"":""MultiPoint"",""coordinates"":[]}"
16_3_5,649.0368182827103,15,4.0,2001,"{""type"":""MultiPoint"",""coordinates"":[]}"
16_3_6,16.592361089660788,18,4.0,2001,"{""type"":""MultiPoint"",""coordinates"":[]}"
16_3_7,210.91156817810096,21,4.0,2001,"{""type"":""MultiPoint"",""coordinates"":[]}"
16_3_8,31.36488216064443,23,4.0,2001,"{""type"":""MultiPoint"",""coordinates"":[]}"
16_3_9,0.946329427734375,24,4.0,2001,"{""type"":""MultiPoint"",""coordinates"":[]}"
16_3_10,2.603357828674316,25,4.0,2001,"{""type"":""MultiPoint"",""coordinates"":[]}"
16_3_11,0.029497572082519522,27,4.0,2001,"{""type"":""MultiPoint"",""coordinates"":[]}"
16_3_12,0.0035747965698242185,30,4.0,2001,"{""type"":""MultiPoint"",""coordinates"":[]}"
16_3_13,542.4094826615004,33,4.0,2001,"{""type"":""MultiPoint"",""coordinates"":[]}"
16_3_14,3.109965247131354,68,4.0,2001,"{""type"":""MultiPoint"",""coordinates"":[]}"
17_0_0,204227.74126162514,3,1.0,2002,"{""type"":""MultiPoint"",""coordinates"":[]}"
17_0_1,25108.057576682353,6,1.0,2002,"{""type"":""MultiPoint"",""coordinates"":[]}"
17_0_2,3258.6011475021455,11,1.0,2002,"{""type"":""MultiPoint"",""coordinates"":[]}"
17_0_3,4629.033196463434,12,1.0,2002,"{""type"":""MultiPoint"",""coordinates"":[]}"
17_0_4,1139.488162271575,13,1.0,2002,"{""type"":""MultiPoint"",""coordinates"":[]}"
17_0_5,988.6954955900894,15,1.0,2002,"{""type"":""MultiPoint"",""coordinates"":[]}"
17_0_6,1018.1819241522215,18,1.0,2002,"{""type"":""MultiPoint"",""coordinates"":[]}"
17_0_7,572.3819926299433,21,1.0,2002,"{""type"":""MultiPoint"",""coordinates"":[]}"
17_0_8,50.84388500958215,23,1.0,2002,"{""type"":""MultiPoint"",""coordinates"":[]}"
17_0_9,5.788717020202645,24,1.0,2002,"{""type"":""MultiPoint"",""coordinates"":[]}"
17_0_10,21.69498019403077,25,1.0,2002,"{""type"":""MultiPoint"",""coordinates"":[]}"
17_0_11,48.80224375170825,29,1.0,2002,"{""type"":""MultiPoint"",""coordinates"":[]}"
17_0_12,0.15097973773193352,30,1.0,2002,"{""type"":""MultiPoint"",""coordinates"":[]}"
17_0_13,1378.4341928921506,33,1.0,2002,"{""type"":""MultiPoint"",""coordinates"":[]}"
17_0_14,285.7755284982933,68,1.0,2002,"{""type"":""MultiPoint"",""coordinates"":[]}"
17_1_0,31803.90541120346,3,2.0,2002,"{""type"":""MultiPoint"",""coordinates"":[]}"
17_1_1,2623.7201079382194,6,2.0,2002,"{""type"":""MultiPoint"",""coordinates"":[]}"
17_1_2,178.62053223864942,11,2.0,2002,"{""type"":""MultiPoint"",""coordinates"":[]}"
17_1_3,0.05521919335937509,12,2.0,2002,"{""type"":""MultiPoint"",""coordinates"":[]}"
17_1_4,146.0463431116332,13,2.0,2002,"{""type"":""MultiPoint"",""coordinates"":[]}"
17_1_5,18.029949416259594,15,2.0,2002,"{""type"":""MultiPoint"",""coordinates"":[]}"
17_1_6,73.66335031860332,18,2.0,2002,"{""type"":""MultiPoint"",""coordinates"":[]}"
17_1_7,30.965489052856437,21,2.0,2002,"{""type"":""MultiPoint"",""coordinates"":[]}"
17_1_8,1.6768298579101562,23,2.0,2002,"{""type"":""MultiPoint"",""coordinates"":[]}"
17_1_9,0.22063637335205077,24,2.0,2002,"{""type"":""MultiPoint"",""coordinates"":[]}"
17_1_10,3.101162912170408,25,2.0,2002,"{""type"":""MultiPoint"",""coordinates"":[]}"
17_1_11,0.02413436730957031,27,2.0,2002,"{""type"":""MultiPoint"",""coordinates"":[]}"
17_1_12,21.670481986816338,29,2.0,2002,"{""type"":""MultiPoint"",""coordinates"":[]}"
17_1_13,0.045569700256347656,30,2.0,2002,"{""type"":""MultiPoint"",""coordinates"":[]}"
17_1_14,250.8057217406621,33,2.0,2002,"{""type"":""MultiPoint"",""coordinates"":[]}"
17_1_15,5.341612754272462,68,2.0,2002,"{""type"":""MultiPoint"",""coordinates"":[]}"
17_2_0,85314.64473264152,3,3.0,2002,"{""type"":""MultiPoint"",""coordinates"":[]}"
17_2_1,11675.667697959641,6,3.0,2002,"{""type"":""MultiPoint"",""coordinates"":[]}"
17_2_2,1213.2472676793238,11,3.0,2002,"{""type"":""MultiPoint"",""coordinates"":[]}"
17_2_3,9483.362227291593,12,3.0,2002,"{""type"":""MultiPoint"",""coordinates"":[]}"
17_2_4,632.6206923601754,13,3.0,2002,"{""type"":""MultiPoint"",""coordinates"":[]}"
17_2_5,30766.615097624923,15,3.0,2002,"{""type"":""MultiPoint"",""coordinates"":[]}"
17_2_6,414.1681425852083,18,3.0,2002,"{""type"":""MultiPoint"",""coordinates"":[]}"
17_2_7,4901.814511549211,21,3.0,2002,"{""type"":""MultiPoint"",""coordinates"":[]}"
17_2_8,270.89602112652574,23,3.0,2002,"{""type"":""MultiPoint"",""coordinates"":[]}"
17_2_9,51.45214314025913,24,3.0,2002,"{""type"":""MultiPoint"",""coordinates"":[]}"
17_2_10,90.59222524823002,25,3.0,2002,"{""type"":""MultiPoint"",""coordinates"":[]}"
17_2_11,0.8295651700439467,27,3.0,2002,"{""type"":""MultiPoint"",""coordinates"":[]}"
17_2_12,0.5516993383178709,29,3.0,2002,"{""type"":""MultiPoint"",""coordinates"":[]}"
17_2_13,0.7343653186645511,30,3.0,2002,"{""type"":""MultiPoint"",""coordinates"":[]}"
17_2_14,1.0948921793823245,31,3.0,2002,"{""type"":""MultiPoint"",""coordinates"":[]}"
17_2_15,3041.8006665956386,33,3.0,2002,"{""type"":""MultiPoint"",""coordinates"":[]}"
17_2_16,10.217742358703578,35,3.0,2002,"{""type"":""MultiPoint"",""coordinates"":[]}"
17_2_17,75.77497595697137,68,3.0,2002,"{""type"":""MultiPoint"",""coordinates"":[]}"
17_3_0,68831.09449722483,3,4.0,2002,"{""type"":""MultiPoint"",""coordinates"":[]}"
17_3_1,4759.228213493221,6,4.0,2002,"{""type"":""MultiPoint"",""coordinates"":[]}"
17_3_2,62.664781678222305,11,4.0,2002,"{""type"":""MultiPoint"",""coordinates"":[]}"
17_3_3,100.57802775323555,12,4.0,2002,"{""type"":""MultiPoint"",""coordinates"":[]}"
17_3_4,2351.2475692798203,13,4.0,2002,"{""type"":""MultiPoint"",""coordinates"":[]}"
17_3_5,702.0873521531915,15,4.0,2002,"{""type"":""MultiPoint"",""coordinates"":[]}"
17_3_6,16.17845247894304,18,4.0,2002,"{""type"":""MultiPoint"",""coordinates"":[]}"
17_3_7,206.6926775572524,21,4.0,2002,"{""type"":""MultiPoint"",""coordinates"":[]}"
17_3_8,29.139677472473025,23,4.0,2002,"{""type"":""MultiPoint"",""coordinates"":[]}"
17_3_9,0.933826628112793,24,4.0,2002,"{""type"":""MultiPoint"",""coordinates"":[]}"
17_3_10,4.185329460021974,25,4.0,2002,"{""type"":""MultiPoint"",""coordinates"":[]}"
17_3_11,0.029497572082519522,27,4.0,2002,"{""type"":""MultiPoint"",""coordinates"":[]}"
17_3_12,0.0062558970947265615,30,4.0,2002,"{""type"":""MultiPoint"",""coordinates"":[]}"
17_3_13,551.4434617197896,33,4.0,2002,"{""type"":""MultiPoint"",""coordinates"":[]}"
17_3_14,3.417428779296876,68,4.0,2002,"{""type"":""MultiPoint"",""coordinates"":[]}"
18_0_0,204170.61619799634,3,1.0,2003,"{""type"":""MultiPoint"",""coordinates"":[]}"
18_0_1,25091.10271768415,6,1.0,2003,"{""type"":""MultiPoint"",""coordinates"":[]}"
18_0_2,3243.5020787006843,11,1.0,2003,"{""type"":""MultiPoint"",""coordinates"":[]}"
18_0_3,4628.669820952035,12,1.0,2003,"{""type"":""MultiPoint"",""coordinates"":[]}"
18_0_4,1157.323856838569,13,1.0,2003,"{""type"":""MultiPoint"",""coordinates"":[]}"
18_0_5,1038.9055263403334,15,1.0,2003,"{""type"":""MultiPoint"",""coordinates"":[]}"
18_0_6,1021.245406712038,18,1.0,2003,"{""type"":""MultiPoint"",""coordinates"":[]}"
18_0_7,577.0252664574588,21,1.0,2003,"{""type"":""MultiPoint"",""coordinates"":[]}"
18_0_8,40.6086405916747,23,1.0,2003,"{""type"":""MultiPoint"",""coordinates"":[]}"
18_0_9,5.889596975585945,24,1.0,2003,"{""type"":""MultiPoint"",""coordinates"":[]}"
18_0_10,24.389625719116218,25,1.0,2003,"{""type"":""MultiPoint"",""coordinates"":[]}"
18_0_11,46.00464347949139,29,1.0,2003,"{""type"":""MultiPoint"",""coordinates"":[]}"
18_0_12,0.13579261541748044,30,1.0,2003,"{""type"":""MultiPoint"",""coordinates"":[]}"
18_0_13,1377.4053690687895,33,1.0,2003,"{""type"":""MultiPoint"",""coordinates"":[]}"
18_0_14,310.8467438877412,68,1.0,2003,"{""type"":""MultiPoint"",""coordinates"":[]}"
18_1_0,31799.817770011912,3,2.0,2003,"{""type"":""MultiPoint"",""coordinates"":[]}"
18_1_1,2644.868163760869,6,2.0,2003,"{""type"":""MultiPoint"",""coordinates"":[]}"
18_1_2,161.37269068695414,11,2.0,2003,"{""type"":""MultiPoint"",""coordinates"":[]}"
18_1_3,0.05521919335937509,12,2.0,2003,"{""type"":""MultiPoint"",""coordinates"":[]}"
18_1_4,146.51941623120152,13,2.0,2003,"{""type"":""MultiPoint"",""coordinates"":[]}"
18_1_5,17.91868662561013,15,2.0,2003,"{""type"":""MultiPoint"",""coordinates"":[]}"
18_1_6,77.60201330175741,18,2.0,2003,"{""type"":""MultiPoint"",""coordinates"":[]}"
18_1_7,30.343642979980487,21,2.0,2003,"{""type"":""MultiPoint"",""coordinates"":[]}"
18_1_8,2.300117636047363,23,2.0,2003,"{""type"":""MultiPoint"",""coordinates"":[]}"
18_1_9,0.24654180737304687,24,2.0,2003,"{""type"":""MultiPoint"",""coordinates"":[]}"
18_1_10,3.6710483239135727,25,2.0,2003,"{""type"":""MultiPoint"",""coordinates"":[]}"
18_1_11,0.02413436730957031,27,2.0,2003,"{""type"":""MultiPoint"",""coordinates"":[]}"
18_1_12,21.019258312988214,29,2.0,2003,"{""type"":""MultiPoint"",""coordinates"":[]}"
18_1_13,0.05718563220214845,30,2.0,2003,"{""type"":""MultiPoint"",""coordinates"":[]}"
18_1_14,248.02641905230755,33,2.0,2003,"{""type"":""MultiPoint"",""coordinates"":[]}"
18_1_15,4.0502442420043945,68,2.0,2003,"{""type"":""MultiPoint"",""coordinates"":[]}"
18_2_0,84638.51866275173,3,3.0,2003,"{""type"":""MultiPoint"",""coordinates"":[]}"
18_2_1,11698.29780603425,6,3.0,2003,"{""type"":""MultiPoint"",""coordinates"":[]}"
18_2_2,0.006239741821289062,9,3.0,2003,"{""type"":""MultiPoint"",""coordinates"":[]}"
18_2_3,1203.6503003385635,11,3.0,2003,"{""type"":""MultiPoint"",""coordinates"":[]}"
18_2_4,9480.989530963298,12,3.0,2003,"{""type"":""MultiPoint"",""coordinates"":[]}"
18_2_5,638.803450060007,13,3.0,2003,"{""type"":""MultiPoint"",""coordinates"":[]}"
18_2_6,31396.311657151527,15,3.0,2003,"{""type"":""MultiPoint"",""coordinates"":[]}"
18_2_7,389.70038065295483,18,3.0,2003,"{""type"":""MultiPoint"",""coordinates"":[]}"
18_2_8,4982.476419855406,21,3.0,2003,"{""type"":""MultiPoint"",""coordinates"":[]}"
18_2_9,277.77589993725627,23,3.0,2003,"{""type"":""MultiPoint"",""coordinates"":[]}"
18_2_10,52.428561193176655,24,3.0,2003,"{""type"":""MultiPoint"",""coordinates"":[]}"
18_2_11,90.51369356042471,25,3.0,2003,"{""type"":""MultiPoint"",""coordinates"":[]}"
18_2_12,0.8295651700439467,27,3.0,2003,"{""type"":""MultiPoint"",""coordinates"":[]}"
18_2_13,0.5606513979492185,29,3.0,2003,"{""type"":""MultiPoint"",""coordinates"":[]}"
18_2_14,0.6809124922485355,30,3.0,2003,"{""type"":""MultiPoint"",""coordinates"":[]}"
18_2_15,1.154770501342774,31,3.0,2003,"{""type"":""MultiPoint"",""coordinates"":[]}"
18_2_16,3015.1222680843443,33,3.0,2003,"{""type"":""MultiPoint"",""coordinates"":[]}"
18_2_17,9.953619195068324,35,3.0,2003,"{""type"":""MultiPoint"",""coordinates"":[]}"
18_2_18,68.31027704254164,68,3.0,2003,"{""type"":""MultiPoint"",""coordinates"":[]}"
18_3_0,68765.61099508005,3,4.0,2003,"{""type"":""MultiPoint"",""coordinates"":[]}"
18_3_1,4790.884577188423,6,4.0,2003,"{""type"":""MultiPoint"",""coordinates"":[]}"
18_3_2,60.50266150683558,11,4.0,2003,"{""type"":""MultiPoint"",""coordinates"":[]}"
18_3_3,99.74396018316656,12,4.0,2003,"{""type"":""MultiPoint"",""coordinates"":[]}"
18_3_4,2351.2431008211697,13,4.0,2003,"{""type"":""MultiPoint"",""coordinates"":[]}"
18_3_5,732.8013061628316,15,4.0,2003,"{""type"":""MultiPoint"",""coordinates"":[]}"
18_3_6,14.85731579870607,18,4.0,2003,"{""type"":""MultiPoint"",""coordinates"":[]}"
18_3_7,207.71804769073597,21,4.0,2003,"{""type"":""MultiPoint"",""coordinates"":[]}"
18_3_8,44.01216260668941,23,4.0,2003,"{""type"":""MultiPoint"",""coordinates"":[]}"
18_3_9,0.9007730611572263,24,4.0,2003,"{""type"":""MultiPoint"",""coordinates"":[]}"
18_3_10,3.1317364702148454,25,4.0,2003,"{""type"":""MultiPoint"",""coordinates"":[]}"
18_3_11,0.029497572082519522,27,4.0,2003,"{""type"":""MultiPoint"",""coordinates"":[]}"
18_3_12,0.0062558970947265615,30,4.0,2003,"{""type"":""MultiPoint"",""coordinates"":[]}"
18_3_13,544.6025820590845,33,4.0,2003,"{""type"":""MultiPoint"",""coordinates"":[]}"
18_3_14,2.8820770492553724,68,4.0,2003,"{""type"":""MultiPoint"",""coordinates"":[]}"
19_0_0,204174.07600096695,3,1.0,2004,"{""type"":""MultiPoint"",""coordinates"":[]}"
19_0_1,25034.64147361473,6,1.0,2004,"{""type"":""MultiPoint"",""coordinates"":[]}"
19_0_2,3256.3631906339097,11,1.0,2004,"{""type"":""MultiPoint"",""coordinates"":[]}"
19_0_3,4617.72938046029,12,1.0,2004,"{""type"":""MultiPoint"",""coordinates"":[]}"
19_0_4,1177.4001009725555,13,1.0,2004,"{""type"":""MultiPoint"",""coordinates"":[]}"
19_0_5,1065.0869998694318,15,1.0,2004,"{""type"":""MultiPoint"",""coordinates"":[]}"
19_0_6,1041.3865654357314,18,1.0,2004,"{""type"":""MultiPoint"",""coordinates"":[]}"
19_0_7,596.1072518784173,21,1.0,2004,"{""type"":""MultiPoint"",""coordinates"":[]}"
19_0_8,41.48845990209963,23,1.0,2004,"{""type"":""MultiPoint"",""coordinates"":[]}"
19_0_9,5.917255176696785,24,1.0,2004,"{""type"":""MultiPoint"",""coordinates"":[]}"
19_0_10,23.458976965759287,25,1.0,2004,"{""type"":""MultiPoint"",""coordinates"":[]}"
19_0_11,47.719325402465174,29,1.0,2004,"{""type"":""MultiPoint"",""coordinates"":[]}"
19_0_12,0.13936576556396485,30,1.0,2004,"{""type"":""MultiPoint"",""coordinates"":[]}"
19_0_13,1358.1720603849506,33,1.0,2004,"{""type"":""MultiPoint"",""coordinates"":[]}"
19_0_14,293.98487659068326,68,1.0,2004,"{""type"":""MultiPoint"",""coordinates"":[]}"
19_1_0,31786.71735177637,3,2.0,2004,"{""type"":""MultiPoint"",""coordinates"":[]}"
19_1_1,2656.257626118869,6,2.0,2004,"{""type"":""MultiPoint"",""coordinates"":[]}"
19_1_2,159.09878617572375,11,2.0,2004,"{""type"":""MultiPoint"",""coordinates"":[]}"
19_1_3,0.057000456420898536,12,2.0,2004,"{""type"":""MultiPoint"",""coordinates"":[]}"
19_1_4,147.77884862121604,13,2.0,2004,"{""type"":""MultiPoint"",""coordinates"":[]}"
19_1_5,18.354372588928122,15,2.0,2004,"{""type"":""MultiPoint"",""coordinates"":[]}"
19_1_6,80.15350691479462,18,2.0,2004,"{""type"":""MultiPoint"",""coordinates"":[]}"
19_1_7,28.52956822753908,21,2.0,2004,"{""type"":""MultiPoint"",""coordinates"":[]}"
19_1_8,1.3044714194335925,23,2.0,2004,"{""type"":""MultiPoint"",""coordinates"":[]}"
19_1_9,0.2590435392456055,24,2.0,2004,"{""type"":""MultiPoint"",""coordinates"":[]}"
19_1_10,2.4372607327880855,25,2.0,2004,"{""type"":""MultiPoint"",""coordinates"":[]}"
19_1_11,0.02413436730957031,27,2.0,2004,"{""type"":""MultiPoint"",""coordinates"":[]}"
19_1_12,22.176912326049738,29,2.0,2004,"{""type"":""MultiPoint"",""coordinates"":[]}"
19_1_13,0.0527181156616211,30,2.0,2004,"{""type"":""MultiPoint"",""coordinates"":[]}"
19_1_14,251.47937288031113,33,2.0,2004,"{""type"":""MultiPoint"",""coordinates"":[]}"
19_1_15,3.211577905029297,68,2.0,2004,"{""type"":""MultiPoint"",""coordinates"":[]}"
19_2_0,84273.29964428031,3,3.0,2004,"{""type"":""MultiPoint"",""coordinates"":[]}"
19_2_1,11727.172847580621,6,3.0,2004,"{""type"":""MultiPoint"",""coordinates"":[]}"
19_2_2,0.062440616760253954,9,3.0,2004,"{""type"":""MultiPoint"",""coordinates"":[]}"
19_2_3,1199.0123219452498,11,3.0,2004,"{""type"":""MultiPoint"",""coordinates"":[]}"
19_2_4,9485.849927884898,12,3.0,2004,"{""type"":""MultiPoint"",""coordinates"":[]}"
19_2_5,640.2425721036466,13,3.0,2004,"{""type"":""MultiPoint"",""coordinates"":[]}"
19_2_6,31737.71523386554,15,3.0,2004,"{""type"":""MultiPoint"",""coordinates"":[]}"
19_2_7,419.479040547795,18,3.0,2004,"{""type"":""MultiPoint"",""coordinates"":[]}"
19_2_8,4976.449551664308,21,3.0,2004,"{""type"":""MultiPoint"",""coordinates"":[]}"
19_2_9,230.3453503779909,23,3.0,2004,"{""type"":""MultiPoint"",""coordinates"":[]}"
19_2_10,53.555721257873905,24,3.0,2004,"{""type"":""MultiPoint"",""coordinates"":[]}"
19_2_11,93.92129927532967,25,3.0,2004,"{""type"":""MultiPoint"",""coordinates"":[]}"
19_2_12,0.8295651700439467,27,3.0,2004,"{""type"":""MultiPoint"",""coordinates"":[]}"
19_2_13,0.5856416461181637,29,3.0,2004,"{""type"":""MultiPoint"",""coordinates"":[]}"
19_2_14,0.7845482454833989,30,3.0,2004,"{""type"":""MultiPoint"",""coordinates"":[]}"
19_2_15,1.14852650769043,31,3.0,2004,"{""type"":""MultiPoint"",""coordinates"":[]}"
19_2_16,3026.9831415994213,33,3.0,2004,"{""type"":""MultiPoint"",""coordinates"":[]}"
19_2_17,9.320008525268518,35,3.0,2004,"{""type"":""MultiPoint"",""coordinates"":[]}"
19_2_18,69.3272830296025,68,3.0,2004,"{""type"":""MultiPoint"",""coordinates"":[]}"
19_3_0,68613.88018352275,3,4.0,2004,"{""type"":""MultiPoint"",""coordinates"":[]}"
19_3_1,4864.290082069435,6,4.0,2004,"{""type"":""MultiPoint"",""coordinates"":[]}"
19_3_2,60.756474760070454,11,4.0,2004,"{""type"":""MultiPoint"",""coordinates"":[]}"
19_3_3,99.35372766259646,12,4.0,2004,"{""type"":""MultiPoint"",""coordinates"":[]}"
19_3_4,2403.9709653740106,13,4.0,2004,"{""type"":""MultiPoint"",""coordinates"":[]}"
19_3_5,776.3623007336986,15,4.0,2004,"{""type"":""MultiPoint"",""coordinates"":[]}"
19_3_6,14.127084079162596,18,4.0,2004,"{""type"":""MultiPoint"",""coordinates"":[]}"
19_3_7,213.0699741854264,21,4.0,2004,"{""type"":""MultiPoint"",""coordinates"":[]}"
19_3_8,24.5277137437744,23,4.0,2004,"{""type"":""MultiPoint"",""coordinates"":[]}"
19_3_9,0.9007710678100587,24,4.0,2004,"{""type"":""MultiPoint"",""coordinates"":[]}"
19_3_10,3.3446237582397447,25,4.0,2004,"{""type"":""MultiPoint"",""coordinates"":[]}"
19_3_11,0.029497572082519522,27,4.0,2004,"{""type"":""MultiPoint"",""coordinates"":[]}"
19_3_12,0.0062558970947265615,30,4.0,2004,"{""type"":""MultiPoint"",""coordinates"":[]}"
19_3_13,541.4548449174824,33,4.0,2004,"{""type"":""MultiPoint"",""coordinates"":[]}"
19_3_14,2.852549803222657,68,4.0,2004,"{""type"":""MultiPoint"",""coordinates"":[]}"
20_0_0,204233.84313944294,3,1.0,2005,"{""type"":""MultiPoint"",""coordinates"":[]}"
20_0_1,24982.88689478548,6,1.0,2005,"{""type"":""MultiPoint"",""coordinates"":[]}"
20_0_2,3237.7862107795704,11,1.0,2005,"{""type"":""MultiPoint"",""coordinates"":[]}"
20_0_3,4596.332499862914,12,1.0,2005,"{""type"":""MultiPoint"",""coordinates"":[]}"
20_0_4,1177.0507324042665,13,1.0,2005,"{""type"":""MultiPoint"",""coordinates"":[]}"
20_0_5,1070.0209395924514,15,1.0,2005,"{""type"":""MultiPoint"",""coordinates"":[]}"
20_0_6,1048.2916977598277,18,1.0,2005,"{""type"":""MultiPoint"",""coordinates"":[]}"
20_0_7,610.6855116329343,21,1.0,2005,"{""type"":""MultiPoint"",""coordinates"":[]}"
20_0_8,50.17396722198462,23,1.0,2005,"{""type"":""MultiPoint"",""coordinates"":[]}"
20_0_9,6.078953322204596,24,1.0,2005,"{""type"":""MultiPoint"",""coordinates"":[]}"
20_0_10,23.25543105645752,25,1.0,2005,"{""type"":""MultiPoint"",""coordinates"":[]}"
20_0_11,49.91033488665711,29,1.0,2005,"{""type"":""MultiPoint"",""coordinates"":[]}"
20_0_12,0.14294161676025383,30,1.0,2005,"{""type"":""MultiPoint"",""coordinates"":[]}"
20_0_13,1344.2138327056919,33,1.0,2005,"{""type"":""MultiPoint"",""coordinates"":[]}"
20_0_14,302.99819695043493,68,1.0,2005,"{""type"":""MultiPoint"",""coordinates"":[]}"
20_1_0,31802.271890383217,3,2.0,2005,"{""type"":""MultiPoint"",""coordinates"":[]}"
20_1_1,2631.7104914192596,6,2.0,2005,"{""type"":""MultiPoint"",""coordinates"":[]}"
20_1_2,163.5225357982813,11,2.0,2005,"{""type"":""MultiPoint"",""coordinates"":[]}"
20_1_3,0.057000456420898536,12,2.0,2005,"{""type"":""MultiPoint"",""coordinates"":[]}"
20_1_4,151.55418314868197,13,2.0,2005,"{""type"":""MultiPoint"",""coordinates"":[]}"
20_1_5,19.56142066870111,15,2.0,2005,"{""type"":""MultiPoint"",""coordinates"":[]}"
20_1_6,82.17158463171351,18,2.0,2005,"{""type"":""MultiPoint"",""coordinates"":[]}"
20_1_7,27.216025977783183,21,2.0,2005,"{""type"":""MultiPoint"",""coordinates"":[]}"
20_1_8,0.47620041925048817,23,2.0,2005,"{""type"":""MultiPoint"",""coordinates"":[]}"
20_1_9,0.2527840578613282,24,2.0,2005,"{""type"":""MultiPoint"",""coordinates"":[]}"
20_1_10,2.582135315734863,25,2.0,2005,"{""type"":""MultiPoint"",""coordinates"":[]}"
20_1_11,0.02413436730957031,27,2.0,2005,"{""type"":""MultiPoint"",""coordinates"":[]}"
20_1_12,22.849678944885127,29,2.0,2005,"{""type"":""MultiPoint"",""coordinates"":[]}"
20_1_13,0.030379888427734373,30,2.0,2005,"{""type"":""MultiPoint"",""coordinates"":[]}"
20_1_14,250.6720544511126,33,2.0,2005,"{""type"":""MultiPoint"",""coordinates"":[]}"
20_1_15,2.9400522369995117,68,2.0,2005,"{""type"":""MultiPoint"",""coordinates"":[]}"
20_2_0,84270.24635155557,3,3.0,2005,"{""type"":""MultiPoint"",""coordinates"":[]}"
20_2_1,11631.56585788784,6,3.0,2005,"{""type"":""MultiPoint"",""coordinates"":[]}"
20_2_2,0.07581403021240238,9,3.0,2005,"{""type"":""MultiPoint"",""coordinates"":[]}"
20_2_3,1194.575407858336,11,3.0,2005,"{""type"":""MultiPoint"",""coordinates"":[]}"
20_2_4,9438.21149934451,12,3.0,2005,"{""type"":""MultiPoint"",""coordinates"":[]}"
20_2_5,633.2965262645911,13,3.0,2005,"{""type"":""MultiPoint"",""coordinates"":[]}"
20_2_6,31793.33403957868,15,3.0,2005,"{""type"":""MultiPoint"",""coordinates"":[]}"
20_2_7,438.15817997509237,18,3.0,2005,"{""type"":""MultiPoint"",""coordinates"":[]}"
20_2_8,5027.611662285604,21,3.0,2005,"{""type"":""MultiPoint"",""coordinates"":[]}"
20_2_9,280.5053190879517,23,3.0,2005,"{""type"":""MultiPoint"",""coordinates"":[]}"
20_2_10,54.19349136456337,24,3.0,2005,"{""type"":""MultiPoint"",""coordinates"":[]}"
20_2_11,106.76478563287365,25,3.0,2005,"{""type"":""MultiPoint"",""coordinates"":[]}"
20_2_12,0.8295651700439467,27,3.0,2005,"{""type"":""MultiPoint"",""coordinates"":[]}"
20_2_13,0.5169654836425778,29,3.0,2005,"{""type"":""MultiPoint"",""coordinates"":[]}"
20_2_14,0.787265354980469,30,3.0,2005,"{""type"":""MultiPoint"",""coordinates"":[]}"
20_2_15,1.1689323216552725,31,3.0,2005,"{""type"":""MultiPoint"",""coordinates"":[]}"
20_2_16,2981.6386166376246,33,3.0,2005,"{""type"":""MultiPoint"",""coordinates"":[]}"
20_2_17,10.404241910705505,35,3.0,2005,"{""type"":""MultiPoint"",""coordinates"":[]}"
20_2_18,82.20014438018953,68,3.0,2005,"{""type"":""MultiPoint"",""coordinates"":[]}"
20_3_0,68599.75419973339,3,4.0,2005,"{""type"":""MultiPoint"",""coordinates"":[]}"
20_3_1,4833.185244326185,6,4.0,2005,"{""type"":""MultiPoint"",""coordinates"":[]}"
20_3_2,62.257658469604635,11,4.0,2005,"{""type"":""MultiPoint"",""coordinates"":[]}"
20_3_3,101.21238364660344,12,4.0,2005,"{""type"":""MultiPoint"",""coordinates"":[]}"
20_3_4,2426.867937390226,13,4.0,2005,"{""type"":""MultiPoint"",""coordinates"":[]}"
20_3_5,787.0014244745437,15,4.0,2005,"{""type"":""MultiPoint"",""coordinates"":[]}"
20_3_6,18.59198091931194,18,4.0,2005,"{""type"":""MultiPoint"",""coordinates"":[]}"
20_3_7,216.53400925769108,21,4.0,2005,"{""type"":""MultiPoint"",""coordinates"":[]}"
20_3_8,26.795581165466334,23,4.0,2005,"{""type"":""MultiPoint"",""coordinates"":[]}"
20_3_9,0.8114413453369137,24,4.0,2005,"{""type"":""MultiPoint"",""coordinates"":[]}"
20_3_10,3.906274405029298,25,4.0,2005,"{""type"":""MultiPoint"",""coordinates"":[]}"
20_3_11,0.029497572082519522,27,4.0,2005,"{""type"":""MultiPoint"",""coordinates"":[]}"
20_3_12,0.0062558970947265615,30,4.0,2005,"{""type"":""MultiPoint"",""coordinates"":[]}"
20_3_13,539.0913482007463,33,4.0,2005,"{""type"":""MultiPoint"",""coordinates"":[]}"
20_3_14,2.8818123439941417,68,4.0,2005,"{""type"":""MultiPoint"",""coordinates"":[]}"
21_0_0,204127.46075263995,3,1.0,2006,"{""type"":""MultiPoint"",""coordinates"":[]}"
21_0_1,25061.066783990682,6,1.0,2006,"{""type"":""MultiPoint"",""coordinates"":[]}"
21_0_2,3223.5397215793528,11,1.0,2006,"{""type"":""MultiPoint"",""coordinates"":[]}"
21_0_3,4614.011604897162,12,1.0,2006,"{""type"":""MultiPoint"",""coordinates"":[]}"
21_0_4,1169.664889885838,13,1.0,2006,"{""type"":""MultiPoint"",""coordinates"":[]}"
21_0_5,1075.91137443908,15,1.0,2006,"{""type"":""MultiPoint"",""coordinates"":[]}"
21_0_6,1063.8724372505494,18,1.0,2006,"{""type"":""MultiPoint"",""coordinates"":[]}"
21_0_7,618.0707613438123,21,1.0,2006,"{""type"":""MultiPoint"",""coordinates"":[]}"
21_0_8,32.51415045751956,23,1.0,2006,"{""type"":""MultiPoint"",""coordinates"":[]}"
21_0_9,6.178927480590826,24,1.0,2006,"{""type"":""MultiPoint"",""coordinates"":[]}"
21_0_10,26.035788930175766,25,1.0,2006,"{""type"":""MultiPoint"",""coordinates"":[]}"
21_0_11,49.995404839660026,29,1.0,2006,"{""type"":""MultiPoint"",""coordinates"":[]}"
21_0_12,0.1322221448364257,30,1.0,2006,"{""type"":""MultiPoint"",""coordinates"":[]}"
21_0_13,1363.8781053715843,33,1.0,2006,"{""type"":""MultiPoint"",""coordinates"":[]}"
21_0_14,301.3383587686033,68,1.0,2006,"{""type"":""MultiPoint"",""coordinates"":[]}"
21_1_0,31816.97751005045,3,2.0,2006,"{""type"":""MultiPoint"",""coordinates"":[]}"
21_1_1,2616.0431875655477,6,2.0,2006,"{""type"":""MultiPoint"",""coordinates"":[]}"
21_1_2,167.5319849207794,11,2.0,2006,"{""type"":""MultiPoint"",""coordinates"":[]}"
21_1_3,0.057000456420898536,12,2.0,2006,"{""type"":""MultiPoint"",""coordinates"":[]}"
21_1_4,148.74961529815732,13,2.0,2006,"{""type"":""MultiPoint"",""coordinates"":[]}"
21_1_5,19.71679550616453,15,2.0,2006,"{""type"":""MultiPoint"",""coordinates"":[]}"
21_1_6,81.0986836731565,18,2.0,2006,"{""type"":""MultiPoint"",""coordinates"":[]}"
21_1_7,25.653169887817317,21,2.0,2006,"{""type"":""MultiPoint"",""coordinates"":[]}"
21_1_8,0.9311347864990231,23,2.0,2006,"{""type"":""MultiPoint"",""coordinates"":[]}"
21_1_9,0.2679643726196289,24,2.0,2006,"{""type"":""MultiPoint"",""coordinates"":[]}"
21_1_10,2.833154427795411,25,2.0,2006,"{""type"":""MultiPoint"",""coordinates"":[]}"
21_1_11,0.02413436730957031,27,2.0,2006,"{""type"":""MultiPoint"",""coordinates"":[]}"
21_1_12,23.31338706152335,29,2.0,2006,"{""type"":""MultiPoint"",""coordinates"":[]}"
21_1_13,0.035741173950195305,30,2.0,2006,"{""type"":""MultiPoint"",""coordinates"":[]}"
21_1_14,250.84269906561482,33,2.0,2006,"{""type"":""MultiPoint"",""coordinates"":[]}"
21_1_15,3.816389551879881,68,2.0,2006,"{""type"":""MultiPoint"",""coordinates"":[]}"
21_2_0,83927.61406992475,3,3.0,2006,"{""type"":""MultiPoint"",""coordinates"":[]}"
21_2_1,11657.10233189659,6,3.0,2006,"{""type"":""MultiPoint"",""coordinates"":[]}"
21_2_2,0.07134689990234379,9,3.0,2006,"{""type"":""MultiPoint"",""coordinates"":[]}"
21_2_3,1192.0172525056091,11,3.0,2006,"{""type"":""MultiPoint"",""coordinates"":[]}"
21_2_4,9418.73543085617,12,3.0,2006,"{""type"":""MultiPoint"",""coordinates"":[]}"
21_2_5,625.3789691017489,13,3.0,2006,"{""type"":""MultiPoint"",""coordinates"":[]}"
21_2_6,32018.26337251178,15,3.0,2006,"{""type"":""MultiPoint"",""coordinates"":[]}"
21_2_7,486.27733650347625,18,3.0,2006,"{""type"":""MultiPoint"",""coordinates"":[]}"
21_2_8,5092.6156166836045,21,3.0,2006,"{""type"":""MultiPoint"",""coordinates"":[]}"
21_2_9,243.7530977846075,23,3.0,2006,"{""type"":""MultiPoint"",""coordinates"":[]}"
21_2_10,55.00992127410928,24,3.0,2006,"{""type"":""MultiPoint"",""coordinates"":[]}"
21_2_11,111.14341720013451,25,3.0,2006,"{""type"":""MultiPoint"",""coordinates"":[]}"
21_2_12,0.8295651700439467,27,3.0,2006,"{""type"":""MultiPoint"",""coordinates"":[]}"
21_2_13,0.5428209512939449,29,3.0,2006,"{""type"":""MultiPoint"",""coordinates"":[]}"
21_2_14,0.910572695129395,30,3.0,2006,"{""type"":""MultiPoint"",""coordinates"":[]}"
21_2_15,1.105381033447265,31,3.0,2006,"{""type"":""MultiPoint"",""coordinates"":[]}"
21_2_16,3005.150200572015,33,3.0,2006,"{""type"":""MultiPoint"",""coordinates"":[]}"
21_2_17,24.57544576055886,35,3.0,2006,"{""type"":""MultiPoint"",""coordinates"":[]}"
21_2_18,84.98851679925701,68,3.0,2006,"{""type"":""MultiPoint"",""coordinates"":[]}"
21_3_0,68513.65700290914,3,4.0,2006,"{""type"":""MultiPoint"",""coordinates"":[]}"
21_3_1,4882.066969410053,6,4.0,2006,"{""type"":""MultiPoint"",""coordinates"":[]}"
21_3_2,63.14975888256871,11,4.0,2006,"{""type"":""MultiPoint"",""coordinates"":[]}"
21_3_3,100.7047738464357,12,4.0,2006,"{""type"":""MultiPoint"",""coordinates"":[]}"
21_3_4,2440.737901177086,13,4.0,2006,"{""type"":""MultiPoint"",""coordinates"":[]}"
21_3_5,804.9575062676345,15,4.0,2006,"{""type"":""MultiPoint"",""coordinates"":[]}"
21_3_6,19.39869890661664,18,4.0,2006,"{""type"":""MultiPoint"",""coordinates"":[]}"
21_3_7,219.05567336932438,21,4.0,2006,"{""type"":""MultiPoint"",""coordinates"":[]}"
21_3_8,23.33796914019777,23,4.0,2006,"{""type"":""MultiPoint"",""coordinates"":[]}"
21_3_9,0.8105472443847654,24,4.0,2006,"{""type"":""MultiPoint"",""coordinates"":[]}"
21_3_10,3.5899060146484425,25,4.0,2006,"{""type"":""MultiPoint"",""coordinates"":[]}"
21_3_11,0.029497572082519522,27,4.0,2006,"{""type"":""MultiPoint"",""coordinates"":[]}"
21_3_12,0.009830694030761719,30,4.0,2006,"{""type"":""MultiPoint"",""coordinates"":[]}"
21_3_13,544.4007597135032,33,4.0,2006,"{""type"":""MultiPoint"",""coordinates"":[]}"
21_3_14,3.0202539989013677,68,4.0,2006,"{""type"":""MultiPoint"",""coordinates"":[]}"
22_0_0,203902.91479633105,3,1.0,2007,"{""type"":""MultiPoint"",""coordinates"":[]}"
22_0_1,25275.708206313524,6,1.0,2007,"{""type"":""MultiPoint"",""coordinates"":[]}"
22_0_2,3197.1876740092184,11,1.0,2007,"{""type"":""MultiPoint"",""coordinates"":[]}"
22_0_3,4630.2321443791025,12,1.0,2007,"{""type"":""MultiPoint"",""coordinates"":[]}"
22_0_4,1162.5959559352234,13,1.0,2007,"{""type"":""MultiPoint"",""coordinates"":[]}"
22_0_5,1074.596302159599,15,1.0,2007,"{""type"":""MultiPoint"",""coordinates"":[]}"
22_0_6,1063.0399987179603,18,1.0,2007,"{""type"":""MultiPoint"",""coordinates"":[]}"
22_0_7,650.0225944223639,21,1.0,2007,"{""type"":""MultiPoint"",""coordinates"":[]}"
22_0_8,61.588304297485124,23,1.0,2007,"{""type"":""MultiPoint"",""coordinates"":[]}"
22_0_9,6.245866904907233,24,1.0,2007,"{""type"":""MultiPoint"",""coordinates"":[]}"
22_0_10,21.64854773553467,25,1.0,2007,"{""type"":""MultiPoint"",""coordinates"":[]}"
22_0_11,51.742009965819705,29,1.0,2007,"{""type"":""MultiPoint"",""coordinates"":[]}"
22_0_12,0.12596896136474606,30,1.0,2007,"{""type"":""MultiPoint"",""coordinates"":[]}"
22_0_13,1328.2742844893205,33,1.0,2007,"{""type"":""MultiPoint"",""coordinates"":[]}"
22_0_14,307.7486293962805,68,1.0,2007,"{""type"":""MultiPoint"",""coordinates"":[]}"
22_1_0,31767.893577153816,3,2.0,2007,"{""type"":""MultiPoint"",""coordinates"":[]}"
22_1_1,2673.7658976486014,6,2.0,2007,"{""type"":""MultiPoint"",""coordinates"":[]}"
22_1_2,162.78524848163187,11,2.0,2007,"{""type"":""MultiPoint"",""coordinates"":[]}"
22_1_3,0.049875401245117267,12,2.0,2007,"{""type"":""MultiPoint"",""coordinates"":[]}"
22_1_4,148.04481758331352,13,2.0,2007,"{""type"":""MultiPoint"",""coordinates"":[]}"
22_1_5,19.638330345459018,15,2.0,2007,"{""type"":""MultiPoint"",""coordinates"":[]}"
22_1_6,82.25397573278796,18,2.0,2007,"{""type"":""MultiPoint"",""coordinates"":[]}"
22_1_7,24.823330262939457,21,2.0,2007,"{""type"":""MultiPoint"",""coordinates"":[]}"
22_1_8,1.3444989354248038,23,2.0,2007,"{""type"":""MultiPoint"",""coordinates"":[]}"
22_1_9,0.268857331237793,24,2.0,2007,"{""type"":""MultiPoint"",""coordinates"":[]}"
22_1_10,2.9226281754150394,25,2.0,2007,"{""type"":""MultiPoint"",""coordinates"":[]}"
22_1_11,0.02413436730957031,27,2.0,2007,"{""type"":""MultiPoint"",""coordinates"":[]}"
22_1_12,23.093644671508713,29,2.0,2007,"{""type"":""MultiPoint"",""coordinates"":[]}"
22_1_13,0.035741173950195305,30,2.0,2007,"{""type"":""MultiPoint"",""coordinates"":[]}"
22_1_14,247.91432440124714,33,2.0,2007,"{""type"":""MultiPoint"",""coordinates"":[]}"
22_1_15,3.033670499816896,68,2.0,2007,"{""type"":""MultiPoint"",""coordinates"":[]}"
22_2_0,83142.6467132628,3,3.0,2007,"{""type"":""MultiPoint"",""coordinates"":[]}"
22_2_1,11778.093977666036,6,3.0,2007,"{""type"":""MultiPoint"",""coordinates"":[]}"
22_2_2,0.07671050689697269,9,3.0,2007,"{""type"":""MultiPoint"",""coordinates"":[]}"
22_2_3,1193.5660482999267,11,3.0,2007,"{""type"":""MultiPoint"",""coordinates"":[]}"
22_2_4,9410.1604510897,12,3.0,2007,"{""type"":""MultiPoint"",""coordinates"":[]}"
22_2_5,629.4761319401912,13,3.0,2007,"{""type"":""MultiPoint"",""coordinates"":[]}"
22_2_6,32690.49372558384,15,3.0,2007,"{""type"":""MultiPoint"",""coordinates"":[]}"
22_2_7,404.1205851830449,18,3.0,2007,"{""type"":""MultiPoint"",""coordinates"":[]}"
22_2_8,5206.731366979023,21,3.0,2007,"{""type"":""MultiPoint"",""coordinates"":[]}"
22_2_9,288.58734545196654,23,3.0,2007,"{""type"":""MultiPoint"",""coordinates"":[]}"
22_2_10,56.17825206854289,24,3.0,2007,"{""type"":""MultiPoint"",""coordinates"":[]}"
22_2_11,99.10992931402599,25,3.0,2007,"{""type"":""MultiPoint"",""coordinates"":[]}"
22_2_12,0.8295651700439467,27,3.0,2007,"{""type"":""MultiPoint"",""coordinates"":[]}"
22_2_13,0.49731435046386696,29,3.0,2007,"{""type"":""MultiPoint"",""coordinates"":[]}"
22_2_14,0.9900705791625977,30,3.0,2007,"{""type"":""MultiPoint"",""coordinates"":[]}"
22_2_15,1.097398284912109,31,3.0,2007,"{""type"":""MultiPoint"",""coordinates"":[]}"
22_2_16,2920.940465781002,33,3.0,2007,"{""type"":""MultiPoint"",""coordinates"":[]}"
22_2_17,28.303299882568265,35,3.0,2007,"{""type"":""MultiPoint"",""coordinates"":[]}"
22_2_18,94.18531472979976,68,3.0,2007,"{""type"":""MultiPoint"",""coordinates"":[]}"
22_3_0,68475.50244915577,3,4.0,2007,"{""type"":""MultiPoint"",""coordinates"":[]}"
22_3_1,4865.9591291047955,6,4.0,2007,"{""type"":""MultiPoint"",""coordinates"":[]}"
22_3_2,64.56298498266663,11,4.0,2007,"{""type"":""MultiPoint"",""coordinates"":[]}"
22_3_3,98.31922979260219,12,4.0,2007,"{""type"":""MultiPoint"",""coordinates"":[]}"
22_3_4,2462.344206483698,13,4.0,2007,"{""type"":""MultiPoint"",""coordinates"":[]}"
22_3_5,830.2028649434716,15,4.0,2007,"{""type"":""MultiPoint"",""coordinates"":[]}"
22_3_6,18.308201457702992,18,4.0,2007,"{""type"":""MultiPoint"",""coordinates"":[]}"
22_3_7,232.44078693463285,21,4.0,2007,"{""type"":""MultiPoint"",""coordinates"":[]}"
22_3_8,26.15677904583731,23,4.0,2007,"{""type"":""MultiPoint"",""coordinates"":[]}"
22_3_9,0.7560503677978513,24,4.0,2007,"{""type"":""MultiPoint"",""coordinates"":[]}"
22_3_10,3.209811892578138,25,4.0,2007,"{""type"":""MultiPoint"",""coordinates"":[]}"
22_3_11,0.029497572082519522,27,4.0,2007,"{""type"":""MultiPoint"",""coordinates"":[]}"
22_3_12,0.009830694030761719,30,4.0,2007,"{""type"":""MultiPoint"",""coordinates"":[]}"
22_3_13,538.5608607219867,33,4.0,2007,"{""type"":""MultiPoint"",""coordinates"":[]}"
22_3_14,2.5643659967651375,68,4.0,2007,"{""type"":""MultiPoint"",""coordinates"":[]}"
23_0_0,203901.31771510927,3,1.0,2008,"{""type"":""MultiPoint"",""coordinates"":[]}"
23_0_1,25235.0080402059,6,1.0,2008,"{""type"":""MultiPoint"",""coordinates"":[]}"
23_0_2,3188.039157237997,11,1.0,2008,"{""type"":""MultiPoint"",""coordinates"":[]}"
23_0_3,4612.979140491124,12,1.0,2008,"{""type"":""MultiPoint"",""coordinates"":[]}"
23_0_4,1161.947572505097,13,1.0,2008,"{""type"":""MultiPoint"",""coordinates"":[]}"
23_0_5,1088.1018490599822,15,1.0,2008,"{""type"":""MultiPoint"",""coordinates"":[]}"
23_0_6,1081.3232609124182,18,1.0,2008,"{""type"":""MultiPoint"",""coordinates"":[]}"
23_0_7,652.8704807334002,21,1.0,2008,"{""type"":""MultiPoint"",""coordinates"":[]}"
23_0_8,42.42016827233883,23,1.0,2008,"{""type"":""MultiPoint"",""coordinates"":[]}"
23_0_9,6.281622817932133,24,1.0,2008,"{""type"":""MultiPoint"",""coordinates"":[]}"
23_0_10,21.50908152197266,25,1.0,2008,"{""type"":""MultiPoint"",""coordinates"":[]}"
23_0_11,53.201934608886255,29,1.0,2008,"{""type"":""MultiPoint"",""coordinates"":[]}"
23_0_12,0.11346202038574218,30,1.0,2008,"{""type"":""MultiPoint"",""coordinates"":[]}"
23_0_13,1345.831692424135,33,1.0,2008,"{""type"":""MultiPoint"",""coordinates"":[]}"
23_0_14,342.7261060981296,68,1.0,2008,"{""type"":""MultiPoint"",""coordinates"":[]}"
23_1_0,31758.456746574535,3,2.0,2008,"{""type"":""MultiPoint"",""coordinates"":[]}"
23_1_1,2684.25783743143,6,2.0,2008,"{""type"":""MultiPoint"",""coordinates"":[]}"
23_1_2,163.90218540338438,11,2.0,2008,"{""type"":""MultiPoint"",""coordinates"":[]}"
23_1_3,0.049875401245117267,12,2.0,2008,"{""type"":""MultiPoint"",""coordinates"":[]}"
23_1_4,145.5225236225589,13,2.0,2008,"{""type"":""MultiPoint"",""coordinates"":[]}"
23_1_5,20.437236283447294,15,2.0,2008,"{""type"":""MultiPoint"",""coordinates"":[]}"
23_1_6,84.60342737780745,18,2.0,2008,"{""type"":""MultiPoint"",""coordinates"":[]}"
23_1_7,23.042928024169896,21,2.0,2008,"{""type"":""MultiPoint"",""coordinates"":[]}"
23_1_8,0.7942983687133791,23,2.0,2008,"{""type"":""MultiPoint"",""coordinates"":[]}"
23_1_9,0.2983466588745117,24,2.0,2008,"{""type"":""MultiPoint"",""coordinates"":[]}"
23_1_10,3.4503497919921866,25,2.0,2008,"{""type"":""MultiPoint"",""coordinates"":[]}"
23_1_11,0.02413436730957031,27,2.0,2008,"{""type"":""MultiPoint"",""coordinates"":[]}"
23_1_12,22.715757648132225,29,2.0,2008,"{""type"":""MultiPoint"",""coordinates"":[]}"
23_1_13,0.037528262084960934,30,2.0,2008,"{""type"":""MultiPoint"",""coordinates"":[]}"
23_1_14,246.40364089148096,33,2.0,2008,"{""type"":""MultiPoint"",""coordinates"":[]}"
23_1_15,3.8957360584106446,68,2.0,2008,"{""type"":""MultiPoint"",""coordinates"":[]}"
23_2_0,82428.78604455075,3,3.0,2008,"{""type"":""MultiPoint"",""coordinates"":[]}"
23_2_1,11788.981545240833,6,3.0,2008,"{""type"":""MultiPoint"",""coordinates"":[]}"
23_2_2,0.09452813867187504,9,3.0,2008,"{""type"":""MultiPoint"",""coordinates"":[]}"
23_2_3,1161.5074307390744,11,3.0,2008,"{""type"":""MultiPoint"",""coordinates"":[]}"
23_2_4,9207.304328292976,12,3.0,2008,"{""type"":""MultiPoint"",""coordinates"":[]}"
23_2_5,631.7883871532567,13,3.0,2008,"{""type"":""MultiPoint"",""coordinates"":[]}"
23_2_6,33500.92910208633,15,3.0,2008,"{""type"":""MultiPoint"",""coordinates"":[]}"
23_2_7,395.6277611976286,18,3.0,2008,"{""type"":""MultiPoint"",""coordinates"":[]}"
23_2_8,5319.828609740859,21,3.0,2008,"{""type"":""MultiPoint"",""coordinates"":[]}"
23_2_9,284.3740994750366,23,3.0,2008,"{""type"":""MultiPoint"",""coordinates"":[]}"
23_2_10,57.22185570513956,24,3.0,2008,"{""type"":""MultiPoint"",""coordinates"":[]}"
23_2_11,106.53460683691426,25,3.0,2008,"{""type"":""MultiPoint"",""coordinates"":[]}"
23_2_12,0.8295651700439467,27,3.0,2008,"{""type"":""MultiPoint"",""coordinates"":[]}"
23_2_13,0.517839549316406,29,3.0,2008,"{""type"":""MultiPoint"",""coordinates"":[]}"
23_2_14,0.9721603874511723,30,3.0,2008,"{""type"":""MultiPoint"",""coordinates"":[]}"
23_2_15,1.1553957955322256,31,3.0,2008,"{""type"":""MultiPoint"",""coordinates"":[]}"
23_2_16,2930.911658316274,33,3.0,2008,"{""type"":""MultiPoint"",""coordinates"":[]}"
23_2_17,34.51542216900532,35,3.0,2008,"{""type"":""MultiPoint"",""coordinates"":[]}"
23_2_18,94.20432558007923,68,3.0,2008,"{""type"":""MultiPoint"",""coordinates"":[]}"
23_3_0,68545.34124986909,3,4.0,2008,"{""type"":""MultiPoint"",""coordinates"":[]}"
23_3_1,4764.942473268257,6,4.0,2008,"{""type"":""MultiPoint"",""coordinates"":[]}"
23_3_2,66.89869806768849,11,4.0,2008,"{""type"":""MultiPoint"",""coordinates"":[]}"
23_3_3,95.4720109340821,12,4.0,2008,"{""type"":""MultiPoint"",""coordinates"":[]}"
23_3_4,2452.2956435747756,13,4.0,2008,"{""type"":""MultiPoint"",""coordinates"":[]}"
23_3_5,849.5867708132183,15,4.0,2008,"{""type"":""MultiPoint"",""coordinates"":[]}"
23_3_6,15.465450570861918,18,4.0,2008,"{""type"":""MultiPoint"",""coordinates"":[]}"
23_3_7,242.92931981896905,21,4.0,2008,"{""type"":""MultiPoint"",""coordinates"":[]}"
23_3_8,37.83998434729002,23,4.0,2008,"{""type"":""MultiPoint"",""coordinates"":[]}"
23_3_9,0.7971484537353514,24,4.0,2008,"{""type"":""MultiPoint"",""coordinates"":[]}"
23_3_10,3.4527836976318405,25,4.0,2008,"{""type"":""MultiPoint"",""coordinates"":[]}"
23_3_11,0.029497572082519522,27,4.0,2008,"{""type"":""MultiPoint"",""coordinates"":[]}"
23_3_12,0.009830694030761719,30,4.0,2008,"{""type"":""MultiPoint"",""coordinates"":[]}"
23_3_13,541.1754282825334,33,4.0,2008,"{""type"":""MultiPoint"",""coordinates"":[]}"
23_3_14,2.690759182617187,68,4.0,2008,"{""type"":""MultiPoint"",""coordinates"":[]}"
24_0_0,204086.8939527654,3,1.0,2009,"{""type"":""MultiPoint"",""coordinates"":[]}"
24_0_1,25082.447440243814,6,1.0,2009,"{""type"":""MultiPoint"",""coordinates"":[]}"
24_0_2,3200.5999556936135,11,1.0,2009,"{""type"":""MultiPoint"",""coordinates"":[]}"
24_0_3,4614.250243293387,12,1.0,2009,"{""type"":""MultiPoint"",""coordinates"":[]}"
24_0_4,1149.0130287406928,13,1.0,2009,"{""type"":""MultiPoint"",""coordinates"":[]}"
24_0_5,1077.7109895551048,15,1.0,2009,"{""type"":""MultiPoint"",""coordinates"":[]}"
24_0_6,1092.4070612425537,18,1.0,2009,"{""type"":""MultiPoint"",""coordinates"":[]}"
24_0_7,644.6997067173486,21,1.0,2009,"{""type"":""MultiPoint"",""coordinates"":[]}"
24_0_8,31.6022802435913,23,1.0,2009,"{""type"":""MultiPoint"",""coordinates"":[]}"
24_0_9,6.326266850402839,24,1.0,2009,"{""type"":""MultiPoint"",""coordinates"":[]}"
24_0_10,20.533893706298837,25,1.0,2009,"{""type"":""MultiPoint"",""coordinates"":[]}"
24_0_11,54.22475729766803,29,1.0,2009,"{""type"":""MultiPoint"",""coordinates"":[]}"
24_0_12,0.09470173522949216,30,1.0,2009,"{""type"":""MultiPoint"",""coordinates"":[]}"
24_0_13,0.002677255126953125,31,1.0,2009,"{""type"":""MultiPoint"",""coordinates"":[]}"
24_0_14,1348.3008985827657,33,1.0,2009,"{""type"":""MultiPoint"",""coordinates"":[]}"
24_0_15,324.563430096118,68,1.0,2009,"{""type"":""MultiPoint"",""coordinates"":[]}"
24_1_0,31797.57940062179,3,2.0,2009,"{""type"":""MultiPoint"",""coordinates"":[]}"
24_1_1,2642.556738631037,6,2.0,2009,"{""type"":""MultiPoint"",""coordinates"":[]}"
24_1_2,168.1549571824359,11,2.0,2009,"{""type"":""MultiPoint"",""coordinates"":[]}"
24_1_3,0.057000456420898536,12,2.0,2009,"{""type"":""MultiPoint"",""coordinates"":[]}"
24_1_4,138.09403323089666,13,2.0,2009,"{""type"":""MultiPoint"",""coordinates"":[]}"
24_1_5,20.213872417358477,15,2.0,2009,"{""type"":""MultiPoint"",""coordinates"":[]}"
24_1_6,86.45984342718484,18,2.0,2009,"{""type"":""MultiPoint"",""coordinates"":[]}"
24_1_7,21.102349518798835,21,2.0,2009,"{""type"":""MultiPoint"",""coordinates"":[]}"
24_1_8,0.7478371472778319,23,2.0,2009,"{""type"":""MultiPoint"",""coordinates"":[]}"
24_1_9,0.2983429333496094,24,2.0,2009,"{""type"":""MultiPoint"",""coordinates"":[]}"
24_1_10,3.3003821129760738,25,2.0,2009,"{""type"":""MultiPoint"",""coordinates"":[]}"
24_1_11,0.02413436730957031,27,2.0,2009,"{""type"":""MultiPoint"",""coordinates"":[]}"
24_1_12,22.76670327703851,29,2.0,2009,"{""type"":""MultiPoint"",""coordinates"":[]}"
24_1_13,0.05897300445556639,30,2.0,2009,"{""type"":""MultiPoint"",""coordinates"":[]}"
24_1_14,247.78773838733096,33,2.0,2009,"{""type"":""MultiPoint"",""coordinates"":[]}"
24_1_15,8.690245450134153,68,2.0,2009,"{""type"":""MultiPoint"",""coordinates"":[]}"
24_2_0,82275.63936958023,3,3.0,2009,"{""type"":""MultiPoint"",""coordinates"":[]}"
24_2_1,11723.247053417368,6,3.0,2009,"{""type"":""MultiPoint"",""coordinates"":[]}"
24_2_2,2.2808284899291924,9,3.0,2009,"{""type"":""MultiPoint"",""coordinates"":[]}"
24_2_3,1145.8237288850705,11,3.0,2009,"{""type"":""MultiPoint"",""coordinates"":[]}"
24_2_4,8774.87784248839,12,3.0,2009,"{""type"":""MultiPoint"",""coordinates"":[]}"
24_2_5,622.9296482198495,13,3.0,2009,"{""type"":""MultiPoint"",""coordinates"":[]}"
24_2_6,33884.132659508396,15,3.0,2009,"{""type"":""MultiPoint"",""coordinates"":[]}"
24_2_7,438.22121351599037,18,3.0,2009,"{""type"":""MultiPoint"",""coordinates"":[]}"
24_2_8,5289.305546866695,21,3.0,2009,"{""type"":""MultiPoint"",""coordinates"":[]}"
24_2_9,236.42058530285667,23,3.0,2009,"{""type"":""MultiPoint"",""coordinates"":[]}"
24_2_10,58.15270829480022,24,3.0,2009,"{""type"":""MultiPoint"",""coordinates"":[]}"
24_2_11,81.36862955041525,25,3.0,2009,"{""type"":""MultiPoint"",""coordinates"":[]}"
24_2_12,0.8295651700439467,27,3.0,2009,"{""type"":""MultiPoint"",""coordinates"":[]}"
24_2_13,0.6390749971923825,29,3.0,2009,"{""type"":""MultiPoint"",""coordinates"":[]}"
24_2_14,0.9408921189575203,30,3.0,2009,"{""type"":""MultiPoint"",""coordinates"":[]}"
24_2_15,1.1456323357543938,31,3.0,2009,"{""type"":""MultiPoint"",""coordinates"":[]}"
24_2_16,2946.444087126641,33,3.0,2009,"{""type"":""MultiPoint"",""coordinates"":[]}"
24_2_17,365.8759733176905,35,3.0,2009,"{""type"":""MultiPoint"",""coordinates"":[]}"
24_2_18,97.8096269389661,68,3.0,2009,"{""type"":""MultiPoint"",""coordinates"":[]}"
24_3_0,68717.02040487077,3,4.0,2009,"{""type"":""MultiPoint"",""coordinates"":[]}"
24_3_1,4636.793895387232,6,4.0,2009,"{""type"":""MultiPoint"",""coordinates"":[]}"
24_3_2,67.38422250134333,11,4.0,2009,"{""type"":""MultiPoint"",""coordinates"":[]}"
24_3_3,92.009584216615,12,4.0,2009,"{""type"":""MultiPoint"",""coordinates"":[]}"
24_3_4,2391.0974859968,13,4.0,2009,"{""type"":""MultiPoint"",""coordinates"":[]}"
24_3_5,887.8196255401575,15,4.0,2009,"{""type"":""MultiPoint"",""coordinates"":[]}"
24_3_6,14.825862540710535,18,4.0,2009,"{""type"":""MultiPoint"",""coordinates"":[]}"
24_3_7,242.48225527520736,21,4.0,2009,"{""type"":""MultiPoint"",""coordinates"":[]}"
24_3_8,21.00410611224361,23,4.0,2009,"{""type"":""MultiPoint"",""coordinates"":[]}"
24_3_9,0.7435490113525389,24,4.0,2009,"{""type"":""MultiPoint"",""coordinates"":[]}"
24_3_10,2.9977484884033196,25,4.0,2009,"{""type"":""MultiPoint"",""coordinates"":[]}"
24_3_11,0.029497572082519522,27,4.0,2009,"{""type"":""MultiPoint"",""coordinates"":[]}"
24_3_12,0.03574797564697267,30,4.0,2009,"{""type"":""MultiPoint"",""coordinates"":[]}"
24_3_13,542.1061366365992,33,4.0,2009,"{""type"":""MultiPoint"",""coordinates"":[]}"
24_3_14,2.5769270220336917,68,4.0,2009,"{""type"":""MultiPoint"",""coordinates"":[]}"
25_0_0,204156.71086024633,3,1.0,2010,"{""type"":""MultiPoint"",""coordinates"":[]}"
25_0_1,24976.807525428863,6,1.0,2010,"{""type"":""MultiPoint"",""coordinates"":[]}"
25_0_2,3214.030545716816,11,1.0,2010,"{""type"":""MultiPoint"",""coordinates"":[]}"
25_0_3,4575.790200351848,12,1.0,2010,"{""type"":""MultiPoint"",""coordinates"":[]}"
25_0_4,1142.7352003744347,13,1.0,2010,"{""type"":""MultiPoint"",""coordinates"":[]}"
25_0_5,1085.6567798704768,15,1.0,2010,"{""type"":""MultiPoint"",""coordinates"":[]}"
25_0_6,1125.9649902323592,18,1.0,2010,"{""type"":""MultiPoint"",""coordinates"":[]}"
25_0_7,644.7102829028954,21,1.0,2010,"{""type"":""MultiPoint"",""coordinates"":[]}"
25_0_8,39.88831663452155,23,1.0,2010,"{""type"":""MultiPoint"",""coordinates"":[]}"
25_0_9,6.365565561584478,24,1.0,2010,"{""type"":""MultiPoint"",""coordinates"":[]}"
25_0_10,21.604871435424812,25,1.0,2010,"{""type"":""MultiPoint"",""coordinates"":[]}"
25_0_11,54.110798144225264,29,1.0,2010,"{""type"":""MultiPoint"",""coordinates"":[]}"
25_0_12,0.09648748205566401,30,1.0,2010,"{""type"":""MultiPoint"",""coordinates"":[]}"
25_0_13,0.002677255126953125,31,1.0,2010,"{""type"":""MultiPoint"",""coordinates"":[]}"
25_0_14,1343.6957914566065,33,1.0,2010,"{""type"":""MultiPoint"",""coordinates"":[]}"
25_0_15,345.50039092631,68,1.0,2010,"{""type"":""MultiPoint"",""coordinates"":[]}"
25_1_0,31793.959994583438,3,2.0,2010,"{""type"":""MultiPoint"",""coordinates"":[]}"
25_1_1,2646.1196666253827,6,2.0,2010,"{""type"":""MultiPoint"",""coordinates"":[]}"
25_1_2,172.3830010024424,11,2.0,2010,"{""type"":""MultiPoint"",""coordinates"":[]}"
25_1_3,0.046312870422363324,12,2.0,2010,"{""type"":""MultiPoint"",""coordinates"":[]}"
25_1_4,138.57429819488564,13,2.0,2010,"{""type"":""MultiPoint"",""coordinates"":[]}"
25_1_5,19.690435940795922,15,2.0,2010,"{""type"":""MultiPoint"",""coordinates"":[]}"
25_1_6,88.03856197857641,18,2.0,2010,"{""type"":""MultiPoint"",""coordinates"":[]}"
25_1_7,20.471235989074657,21,2.0,2010,"{""type"":""MultiPoint"",""coordinates"":[]}"
25_1_8,0.7201802815551758,23,2.0,2010,"{""type"":""MultiPoint"",""coordinates"":[]}"
25_1_9,0.34390039739990225,24,2.0,2010,"{""type"":""MultiPoint"",""coordinates"":[]}"
25_1_10,3.4201244912109376,25,2.0,2010,"{""type"":""MultiPoint"",""coordinates"":[]}"
25_1_11,0.02413436730957031,27,2.0,2010,"{""type"":""MultiPoint"",""coordinates"":[]}"
25_1_12,22.856028209045338,29,2.0,2010,"{""type"":""MultiPoint"",""coordinates"":[]}"
25_1_13,0.06612136242675783,30,2.0,2010,"{""type"":""MultiPoint"",""coordinates"":[]}"
25_1_14,247.07924936407653,33,2.0,2010,"{""type"":""MultiPoint"",""coordinates"":[]}"
25_1_15,4.099306507751465,68,2.0,2010,"{""type"":""MultiPoint"",""coordinates"":[]}"
25_2_0,81813.67195172836,3,3.0,2010,"{""type"":""MultiPoint"",""coordinates"":[]}"
25_2_1,11685.676090842582,6,3.0,2010,"{""type"":""MultiPoint"",""coordinates"":[]}"
25_2_2,2.2888632781982357,9,3.0,2010,"{""type"":""MultiPoint"",""coordinates"":[]}"
25_2_3,1136.1283126247502,11,3.0,2010,"{""type"":""MultiPoint"",""coordinates"":[]}"
25_2_4,8604.445683777654,12,3.0,2010,"{""type"":""MultiPoint"",""coordinates"":[]}"
25_2_5,618.9347997862604,13,3.0,2010,"{""type"":""MultiPoint"",""coordinates"":[]}"
25_2_6,34393.94160130569,15,3.0,2010,"{""type"":""MultiPoint"",""coordinates"":[]}"
25_2_7,429.549986062195,18,3.0,2010,"{""type"":""MultiPoint"",""coordinates"":[]}"
25_2_8,5479.134619796764,21,3.0,2010,"{""type"":""MultiPoint"",""coordinates"":[]}"
25_2_9,301.61641754303037,23,3.0,2010,"{""type"":""MultiPoint"",""coordinates"":[]}"
25_2_10,59.31155712786906,24,3.0,2010,"{""type"":""MultiPoint"",""coordinates"":[]}"
25_2_11,75.4880746505127,25,3.0,2010,"{""type"":""MultiPoint"",""coordinates"":[]}"
25_2_12,0.8295651700439467,27,3.0,2010,"{""type"":""MultiPoint"",""coordinates"":[]}"
25_2_13,0.59178398059082,29,3.0,2010,"{""type"":""MultiPoint"",""coordinates"":[]}"
25_2_14,1.0497597128906255,30,3.0,2010,"{""type"":""MultiPoint"",""coordinates"":[]}"
25_2_15,1.2573159465332022,31,3.0,2010,"{""type"":""MultiPoint"",""coordinates"":[]}"
25_2_16,2873.4203493234822,33,3.0,2010,"{""type"":""MultiPoint"",""coordinates"":[]}"
25_2_17,372.5664825271655,35,3.0,2010,"{""type"":""MultiPoint"",""coordinates"":[]}"
25_2_18,96.18145093933204,68,3.0,2010,"{""type"":""MultiPoint"",""coordinates"":[]}"
25_3_0,68679.07034937061,3,4.0,2010,"{""type"":""MultiPoint"",""coordinates"":[]}"
25_3_1,4681.920518223012,6,4.0,2010,"{""type"":""MultiPoint"",""coordinates"":[]}"
25_3_2,67.62994405926595,11,4.0,2010,"{""type"":""MultiPoint"",""coordinates"":[]}"
25_3_3,88.68101781256289,12,4.0,2010,"{""type"":""MultiPoint"",""coordinates"":[]}"
25_3_4,2369.8160466270974,13,4.0,2010,"{""type"":""MultiPoint"",""coordinates"":[]}"
25_3_5,918.7923220068977,15,4.0,2010,"{""type"":""MultiPoint"",""coordinates"":[]}"
25_3_6,17.302202839538925,18,4.0,2010,"{""type"":""MultiPoint"",""coordinates"":[]}"
25_3_7,233.13924208245774,21,4.0,2010,"{""type"":""MultiPoint"",""coordinates"":[]}"
25_3_8,21.29101348059084,23,4.0,2010,"{""type"":""MultiPoint"",""coordinates"":[]}"
25_3_9,0.706030551635742,24,4.0,2010,"{""type"":""MultiPoint"",""coordinates"":[]}"
25_3_10,3.670202703796388,25,4.0,2010,"{""type"":""MultiPoint"",""coordinates"":[]}"
25_3_11,0.029497572082519522,27,4.0,2010,"{""type"":""MultiPoint"",""coordinates"":[]}"
25_3_12,0.037535374389648456,30,4.0,2010,"{""type"":""MultiPoint"",""coordinates"":[]}"
25_3_13,533.787969994203,33,4.0,2010,"{""type"":""MultiPoint"",""coordinates"":[]}"
25_3_14,3.0531564492797862,68,4.0,2010,"{""type"":""MultiPoint"",""coordinates"":[]}"
26_0_0,204153.94042742532,3,1.0,2011,"{""type"":""MultiPoint"",""coordinates"":[]}"
26_0_1,24934.9064190452,6,1.0,2011,"{""type"":""MultiPoint"",""coordinates"":[]}"
26_0_2,3236.433502328372,11,1.0,2011,"{""type"":""MultiPoint"",""coordinates"":[]}"
26_0_3,4564.098144676918,12,1.0,2011,"{""type"":""MultiPoint"",""coordinates"":[]}"
26_0_4,1140.7999005651993,13,1.0,2011,"{""type"":""MultiPoint"",""coordinates"":[]}"
26_0_5,1093.277694281066,15,1.0,2011,"{""type"":""MultiPoint"",""coordinates"":[]}"
26_0_6,1123.8166533613921,18,1.0,2011,"{""type"":""MultiPoint"",""coordinates"":[]}"
26_0_7,703.6402667606218,21,1.0,2011,"{""type"":""MultiPoint"",""coordinates"":[]}"
26_0_8,29.391860337707516,23,1.0,2011,"{""type"":""MultiPoint"",""coordinates"":[]}"
26_0_9,6.445027782897954,24,1.0,2011,"{""type"":""MultiPoint"",""coordinates"":[]}"
26_0_10,20.222298148864773,25,1.0,2011,"{""type"":""MultiPoint"",""coordinates"":[]}"
26_0_11,53.51720207409591,29,1.0,2011,"{""type"":""MultiPoint"",""coordinates"":[]}"
26_0_12,0.093805615234375,30,1.0,2011,"{""type"":""MultiPoint"",""coordinates"":[]}"
26_0_13,0.002677255126953125,31,1.0,2011,"{""type"":""MultiPoint"",""coordinates"":[]}"
26_0_14,1347.9649878808618,33,1.0,2011,"{""type"":""MultiPoint"",""coordinates"":[]}"
26_0_15,325.1204164816747,68,1.0,2011,"{""type"":""MultiPoint"",""coordinates"":[]}"
26_1_0,31774.031721494794,3,2.0,2011,"{""type"":""MultiPoint"",""coordinates"":[]}"
26_1_1,2660.764370559368,6,2.0,2011,"{""type"":""MultiPoint"",""coordinates"":[]}"
26_1_2,179.82923726336767,11,2.0,2011,"{""type"":""MultiPoint"",""coordinates"":[]}"
26_1_3,0.046312870422363324,12,2.0,2011,"{""type"":""MultiPoint"",""coordinates"":[]}"
26_1_4,137.80972664508087,13,2.0,2011,"{""type"":""MultiPoint"",""coordinates"":[]}"
26_1_5,19.975634542968766,15,2.0,2011,"{""type"":""MultiPoint"",""coordinates"":[]}"
26_1_6,88.35279001995812,18,2.0,2011,"{""type"":""MultiPoint"",""coordinates"":[]}"
26_1_7,20.88476772137445,21,2.0,2011,"{""type"":""MultiPoint"",""coordinates"":[]}"
26_1_8,0.5235538777465821,23,2.0,2011,"{""type"":""MultiPoint"",""coordinates"":[]}"
26_1_9,0.3510441281127929,24,2.0,2011,"{""type"":""MultiPoint"",""coordinates"":[]}"
26_1_10,3.4371955161743166,25,2.0,2011,"{""type"":""MultiPoint"",""coordinates"":[]}"
26_1_11,0.02413436730957031,27,2.0,2011,"{""type"":""MultiPoint"",""coordinates"":[]}"
26_1_12,22.642478777648833,29,2.0,2011,"{""type"":""MultiPoint"",""coordinates"":[]}"
26_1_13,0.061653456054687514,30,2.0,2011,"{""type"":""MultiPoint"",""coordinates"":[]}"
26_1_14,245.13713904919578,33,2.0,2011,"{""type"":""MultiPoint"",""coordinates"":[]}"
26_1_15,4.020791876037598,68,2.0,2011,"{""type"":""MultiPoint"",""coordinates"":[]}"
26_2_0,81135.01845805893,3,3.0,2011,"{""type"":""MultiPoint"",""coordinates"":[]}"
26_2_1,11708.009549999424,6,3.0,2011,"{""type"":""MultiPoint"",""coordinates"":[]}"
26_2_2,2.2834615981445245,9,3.0,2011,"{""type"":""MultiPoint"",""coordinates"":[]}"
26_2_3,1126.90196690765,11,3.0,2011,"{""type"":""MultiPoint"",""coordinates"":[]}"
26_2_4,8508.236292827902,12,3.0,2011,"{""type"":""MultiPoint"",""coordinates"":[]}"
26_2_5,618.635058222476,13,3.0,2011,"{""type"":""MultiPoint"",""coordinates"":[]}"
26_2_6,34774.8820437773,15,3.0,2011,"{""type"":""MultiPoint"",""coordinates"":[]}"
26_2_7,417.8451358679174,18,3.0,2011,"{""type"":""MultiPoint"",""coordinates"":[]}"
26_2_8,5841.4809059917725,21,3.0,2011,"{""type"":""MultiPoint"",""coordinates"":[]}"
26_2_9,252.77483845373564,23,3.0,2011,"{""type"":""MultiPoint"",""coordinates"":[]}"
26_2_10,60.88123776831098,24,3.0,2011,"{""type"":""MultiPoint"",""coordinates"":[]}"
26_2_11,102.82638017474356,25,3.0,2011,"{""type"":""MultiPoint"",""coordinates"":[]}"
26_2_12,0.8295651700439467,27,3.0,2011,"{""type"":""MultiPoint"",""coordinates"":[]}"
26_2_13,0.6087298961181637,29,3.0,2011,"{""type"":""MultiPoint"",""coordinates"":[]}"
26_2_14,1.4187686328735365,30,3.0,2011,"{""type"":""MultiPoint"",""coordinates"":[]}"
26_2_15,1.143869146301269,31,3.0,2011,"{""type"":""MultiPoint"",""coordinates"":[]}"
26_2_16,2925.5384576594784,33,3.0,2011,"{""type"":""MultiPoint"",""coordinates"":[]}"
26_2_17,372.3960036492938,35,3.0,2011,"{""type"":""MultiPoint"",""coordinates"":[]}"
26_2_18,94.37394232177817,68,3.0,2011,"{""type"":""MultiPoint"",""coordinates"":[]}"
26_3_0,68743.62476120821,3,4.0,2011,"{""type"":""MultiPoint"",""coordinates"":[]}"
26_3_1,4623.868471217336,6,4.0,2011,"{""type"":""MultiPoint"",""coordinates"":[]}"
26_3_2,67.52852254486132,11,4.0,2011,"{""type"":""MultiPoint"",""coordinates"":[]}"
26_3_3,87.40647824005366,12,4.0,2011,"{""type"":""MultiPoint"",""coordinates"":[]}"
26_3_4,2342.6786007589885,13,4.0,2011,"{""type"":""MultiPoint"",""coordinates"":[]}"
26_3_5,947.431887088073,15,4.0,2011,"{""type"":""MultiPoint"",""coordinates"":[]}"
26_3_6,18.124144276306442,18,4.0,2011,"{""type"":""MultiPoint"",""coordinates"":[]}"
26_3_7,224.68944590704288,21,4.0,2011,"{""type"":""MultiPoint"",""coordinates"":[]}"
26_3_8,26.592837609436007,23,4.0,2011,"{""type"":""MultiPoint"",""coordinates"":[]}"
26_3_9,0.6595748003540037,24,4.0,2011,"{""type"":""MultiPoint"",""coordinates"":[]}"
26_3_10,3.2854812907104494,25,4.0,2011,"{""type"":""MultiPoint"",""coordinates"":[]}"
26_3_11,0.029497572082519522,27,4.0,2011,"{""type"":""MultiPoint"",""coordinates"":[]}"
26_3_12,0.038429073913574245,30,4.0,2011,"{""type"":""MultiPoint"",""coordinates"":[]}"
26_3_13,530.0880235792254,33,4.0,2011,"{""type"":""MultiPoint"",""coordinates"":[]}"
26_3_14,2.8808939807128886,68,4.0,2011,"{""type"":""MultiPoint"",""coordinates"":[]}"
27_0_0,204044.42302414263,3,1.0,2012,"{""type"":""MultiPoint"",""coordinates"":[]}"
27_0_1,25021.474775087874,6,1.0,2012,"{""type"":""MultiPoint"",""coordinates"":[]}"
27_0_2,3216.153080912229,11,1.0,2012,"{""type"":""MultiPoint"",""coordinates"":[]}"
27_0_3,4590.145315791128,12,1.0,2012,"{""type"":""MultiPoint"",""coordinates"":[]}"
27_0_4,1136.2508533453365,13,1.0,2012,"{""type"":""MultiPoint"",""coordinates"":[]}"
27_0_5,1089.1368289091738,15,1.0,2012,"{""type"":""MultiPoint"",""coordinates"":[]}"
27_0_6,1159.2289120653716,18,1.0,2012,"{""type"":""MultiPoint"",""coordinates"":[]}"
27_0_7,733.1290297406026,21,1.0,2012,"{""type"":""MultiPoint"",""coordinates"":[]}"
27_0_8,41.72728572741694,23,1.0,2012,"{""type"":""MultiPoint"",""coordinates"":[]}"
27_0_9,6.469139195068364,24,1.0,2012,"{""type"":""MultiPoint"",""coordinates"":[]}"
27_0_10,23.048681546936056,25,1.0,2012,"{""type"":""MultiPoint"",""coordinates"":[]}"
27_0_11,54.396302224486526,29,1.0,2012,"{""type"":""MultiPoint"",""coordinates"":[]}"
27_0_12,0.1089907349243164,30,1.0,2012,"{""type"":""MultiPoint"",""coordinates"":[]}"
27_0_13,0.0035689512939453124,31,1.0,2012,"{""type"":""MultiPoint"",""coordinates"":[]}"
27_0_14,1324.7183070764195,33,1.0,2012,"{""type"":""MultiPoint"",""coordinates"":[]}"
27_0_15,293.25718857029744,68,1.0,2012,"{""type"":""MultiPoint"",""coordinates"":[]}"
27_1_0,31757.423927100393,3,2.0,2012,"{""type"":""MultiPoint"",""coordinates"":[]}"
27_1_1,2684.9779696561395,6,2.0,2012,"{""type"":""MultiPoint"",""coordinates"":[]}"
27_1_2,177.5680640630503,11,2.0,2012,"{""type"":""MultiPoint"",""coordinates"":[]}"
27_1_3,0.046312870422363324,12,2.0,2012,"{""type"":""MultiPoint"",""coordinates"":[]}"
27_1_4,137.02125140692155,13,2.0,2012,"{""type"":""MultiPoint"",""coordinates"":[]}"
27_1_5,20.583174942748997,15,2.0,2012,"{""type"":""MultiPoint"",""coordinates"":[]}"
27_1_6,85.99787461511191,18,2.0,2012,"{""type"":""MultiPoint"",""coordinates"":[]}"
27_1_7,20.722887422607375,21,2.0,2012,"{""type"":""MultiPoint"",""coordinates"":[]}"
27_1_8,0.962262507385254,23,2.0,2012,"{""type"":""MultiPoint"",""coordinates"":[]}"
27_1_9,0.35640187811279284,24,2.0,2012,"{""type"":""MultiPoint"",""coordinates"":[]}"
27_1_10,3.4934938231201165,25,2.0,2012,"{""type"":""MultiPoint"",""coordinates"":[]}"
27_1_11,0.02413436730957031,27,2.0,2012,"{""type"":""MultiPoint"",""coordinates"":[]}"
27_1_12,22.394104881652748,29,2.0,2012,"{""type"":""MultiPoint"",""coordinates"":[]}"
27_1_13,0.1009675841064453,30,2.0,2012,"{""type"":""MultiPoint"",""coordinates"":[]}"
27_1_14,241.71534885113698,33,2.0,2012,"{""type"":""MultiPoint"",""coordinates"":[]}"
27_1_15,4.504376195617674,68,2.0,2012,"{""type"":""MultiPoint"",""coordinates"":[]}"
27_2_0,80517.53108993107,3,3.0,2012,"{""type"":""MultiPoint"",""coordinates"":[]}"
27_2_1,11781.62163862682,6,3.0,2012,"{""type"":""MultiPoint"",""coordinates"":[]}"
27_2_2,2.2852453619384696,9,3.0,2012,"{""type"":""MultiPoint"",""coordinates"":[]}"
27_2_3,1125.5395973704178,11,3.0,2012,"{""type"":""MultiPoint"",""coordinates"":[]}"
27_2_4,8426.128639383836,12,3.0,2012,"{""type"":""MultiPoint"",""coordinates"":[]}"
27_2_5,624.201063986024,13,3.0,2012,"{""type"":""MultiPoint"",""coordinates"":[]}"
27_2_6,35109.07154846727,15,3.0,2012,"{""type"":""MultiPoint"",""coordinates"":[]}"
27_2_7,506.52451805096814,18,3.0,2012,"{""type"":""MultiPoint"",""coordinates"":[]}"
27_2_8,6016.267551578334,21,3.0,2012,"{""type"":""MultiPoint"",""coordinates"":[]}"
27_2_9,242.21747120635996,23,3.0,2012,"{""type"":""MultiPoint"",""coordinates"":[]}"
27_2_10,62.53599929486135,24,3.0,2012,"{""type"":""MultiPoint"",""coordinates"":[]}"
27_2_11,88.44403168579105,25,3.0,2012,"{""type"":""MultiPoint"",""coordinates"":[]}"
27_2_12,0.8295651700439467,27,3.0,2012,"{""type"":""MultiPoint"",""coordinates"":[]}"
27_2_13,0.8031337226562494,29,3.0,2012,"{""type"":""MultiPoint"",""coordinates"":[]}"
27_2_14,1.8281169550170893,30,3.0,2012,"{""type"":""MultiPoint"",""coordinates"":[]}"
27_2_15,1.3295282117309575,31,3.0,2012,"{""type"":""MultiPoint"",""coordinates"":[]}"
27_2_16,2966.4123061445207,33,3.0,2012,"{""type"":""MultiPoint"",""coordinates"":[]}"
27_2_17,386.39680005035655,35,3.0,2012,"{""type"":""MultiPoint"",""coordinates"":[]}"
27_2_18,86.11682092736922,68,3.0,2012,"{""type"":""MultiPoint"",""coordinates"":[]}"
27_3_0,68707.68204352204,3,4.0,2012,"{""type"":""MultiPoint"",""coordinates"":[]}"
27_3_1,4642.8527490437955,6,4.0,2012,"{""type"":""MultiPoint"",""coordinates"":[]}"
27_3_2,68.2440799489144,11,4.0,2012,"{""type"":""MultiPoint"",""coordinates"":[]}"
27_3_3,83.10910740393268,12,4.0,2012,"{""type"":""MultiPoint"",""coordinates"":[]}"
27_3_4,2335.42581315636,13,4.0,2012,"{""type"":""MultiPoint"",""coordinates"":[]}"
27_3_5,968.2744225284417,15,4.0,2012,"{""type"":""MultiPoint"",""coordinates"":[]}"
27_3_6,17.11154926312287,18,4.0,2012,"{""type"":""MultiPoint"",""coordinates"":[]}"
27_3_7,227.17071909551996,21,4.0,2012,"{""type"":""MultiPoint"",""coordinates"":[]}"
27_3_8,25.942462642883495,23,4.0,2012,"{""type"":""MultiPoint"",""coordinates"":[]}"
27_3_9,0.6658295078124998,24,4.0,2012,"{""type"":""MultiPoint"",""coordinates"":[]}"
27_3_10,3.943061157226563,25,4.0,2012,"{""type"":""MultiPoint"",""coordinates"":[]}"
27_3_11,0.029497572082519522,27,4.0,2012,"{""type"":""MultiPoint"",""coordinates"":[]}"
27_3_12,0.03753537469482424,30,4.0,2012,"{""type"":""MultiPoint"",""coordinates"":[]}"
27_3_13,535.6689045141616,33,4.0,2012,"{""type"":""MultiPoint"",""coordinates"":[]}"
27_3_14,2.769274416198729,68,4.0,2012,"{""type"":""MultiPoint"",""coordinates"":[]}"
28_0_0,204023.61567240168,3,1.0,2013,"{""type"":""MultiPoint"",""coordinates"":[]}"
28_0_1,24977.934898429423,6,1.0,2013,"{""type"":""MultiPoint"",""coordinates"":[]}"
28_0_2,3180.395628248557,11,1.0,2013,"{""type"":""MultiPoint"",""coordinates"":[]}"
28_0_3,4604.515800591907,12,1.0,2013,"{""type"":""MultiPoint"",""coordinates"":[]}"
28_0_4,1136.022352298805,13,1.0,2013,"{""type"":""MultiPoint"",""coordinates"":[]}"
28_0_5,1132.8949651024766,15,1.0,2013,"{""type"":""MultiPoint"",""coordinates"":[]}"
28_0_6,1170.9333247581187,18,1.0,2013,"{""type"":""MultiPoint"",""coordinates"":[]}"
28_0_7,723.031788084903,21,1.0,2013,"{""type"":""MultiPoint"",""coordinates"":[]}"
28_0_8,30.02667435577395,23,1.0,2013,"{""type"":""MultiPoint"",""coordinates"":[]}"
28_0_9,6.543267731079106,24,1.0,2013,"{""type"":""MultiPoint"",""coordinates"":[]}"
28_0_10,21.0340103275757,25,1.0,2013,"{""type"":""MultiPoint"",""coordinates"":[]}"
28_0_11,53.70035057641533,29,1.0,2013,"{""type"":""MultiPoint"",""coordinates"":[]}"
28_0_12,0.09469869921874999,30,1.0,2013,"{""type"":""MultiPoint"",""coordinates"":[]}"
28_0_13,0.0035689512939453124,31,1.0,2013,"{""type"":""MultiPoint"",""coordinates"":[]}"
28_0_14,1362.1701074430575,33,1.0,2013,"{""type"":""MultiPoint"",""coordinates"":[]}"
28_0_15,0.011608853759765623,35,1.0,2013,"{""type"":""MultiPoint"",""coordinates"":[]}"
28_0_16,310.7425671671632,68,1.0,2013,"{""type"":""MultiPoint"",""coordinates"":[]}"
28_1_0,31755.373506452645,3,2.0,2013,"{""type"":""MultiPoint"",""coordinates"":[]}"
28_1_1,2689.8735136692767,6,2.0,2013,"{""type"":""MultiPoint"",""coordinates"":[]}"
28_1_2,176.19268614068753,11,2.0,2013,"{""type"":""MultiPoint"",""coordinates"":[]}"
28_1_3,0.03117212597656249,12,2.0,2013,"{""type"":""MultiPoint"",""coordinates"":[]}"
28_1_4,137.00298245446828,13,2.0,2013,"{""type"":""MultiPoint"",""coordinates"":[]}"
28_1_5,21.146195839233357,15,2.0,2013,"{""type"":""MultiPoint"",""coordinates"":[]}"
28_1_6,86.05440979162566,18,2.0,2013,"{""type"":""MultiPoint"",""coordinates"":[]}"
28_1_7,20.3118410874023,21,2.0,2013,"{""type"":""MultiPoint"",""coordinates"":[]}"
28_1_8,0.6003759592285157,23,2.0,2013,"{""type"":""MultiPoint"",""coordinates"":[]}"
28_1_9,0.36264954528808574,24,2.0,2013,"{""type"":""MultiPoint"",""coordinates"":[]}"
28_1_10,3.0136294931640624,25,2.0,2013,"{""type"":""MultiPoint"",""coordinates"":[]}"
28_1_11,0.02413436730957031,27,2.0,2013,"{""type"":""MultiPoint"",""coordinates"":[]}"
28_1_12,21.815228234313906,29,2.0,2013,"{""type"":""MultiPoint"",""coordinates"":[]}"
28_1_13,0.10096742279052731,30,2.0,2013,"{""type"":""MultiPoint"",""coordinates"":[]}"
28_1_14,241.4421042576921,33,2.0,2013,"{""type"":""MultiPoint"",""coordinates"":[]}"
28_1_15,4.54715532452392,68,2.0,2013,"{""type"":""MultiPoint"",""coordinates"":[]}"
28_2_0,80009.13214366543,3,3.0,2013,"{""type"":""MultiPoint"",""coordinates"":[]}"
28_2_1,11852.526801980845,6,3.0,2013,"{""type"":""MultiPoint"",""coordinates"":[]}"
28_2_2,2.312900682800286,9,3.0,2013,"{""type"":""MultiPoint"",""coordinates"":[]}"
28_2_3,1123.5129005574915,11,3.0,2013,"{""type"":""MultiPoint"",""coordinates"":[]}"
28_2_4,8374.717364479628,12,3.0,2013,"{""type"":""MultiPoint"",""coordinates"":[]}"
28_2_5,618.9566505075687,13,3.0,2013,"{""type"":""MultiPoint"",""coordinates"":[]}"
28_2_6,35533.75550123372,15,3.0,2013,"{""type"":""MultiPoint"",""coordinates"":[]}"
28_2_7,538.917624861692,18,3.0,2013,"{""type"":""MultiPoint"",""coordinates"":[]}"
28_2_8,6013.703477976732,21,3.0,2013,"{""type"":""MultiPoint"",""coordinates"":[]}"
28_2_9,184.66110457800372,23,3.0,2013,"{""type"":""MultiPoint"",""coordinates"":[]}"
28_2_10,64.2532581463019,24,3.0,2013,"{""type"":""MultiPoint"",""coordinates"":[]}"
28_2_11,89.58568263458254,25,3.0,2013,"{""type"":""MultiPoint"",""coordinates"":[]}"
28_2_12,0.8295651700439467,27,3.0,2013,"{""type"":""MultiPoint"",""coordinates"":[]}"
28_2_13,0.7291271345825191,29,3.0,2013,"{""type"":""MultiPoint"",""coordinates"":[]}"
28_2_14,2.140902378723144,30,3.0,2013,"{""type"":""MultiPoint"",""coordinates"":[]}"
28_2_15,1.4331019251098651,31,3.0,2013,"{""type"":""MultiPoint"",""coordinates"":[]}"
28_2_16,3056.7154196715023,33,3.0,2013,"{""type"":""MultiPoint"",""coordinates"":[]}"
28_2_17,395.5992827624546,35,3.0,2013,"{""type"":""MultiPoint"",""coordinates"":[]}"
28_2_18,82.60185577819963,68,3.0,2013,"{""type"":""MultiPoint"",""coordinates"":[]}"
28_3_0,68645.49186780013,3,4.0,2013,"{""type"":""MultiPoint"",""coordinates"":[]}"
28_3_1,4672.980476018789,6,4.0,2013,"{""type"":""MultiPoint"",""coordinates"":[]}"
28_3_2,69.82298213348518,11,4.0,2013,"{""type"":""MultiPoint"",""coordinates"":[]}"
28_3_3,79.81538209076014,12,4.0,2013,"{""type"":""MultiPoint"",""coordinates"":[]}"
28_3_4,2344.996428535623,13,4.0,2013,"{""type"":""MultiPoint"",""coordinates"":[]}"
28_3_5,989.9702956423998,15,4.0,2013,"{""type"":""MultiPoint"",""coordinates"":[]}"
28_3_6,16.904992423950468,18,4.0,2013,"{""type"":""MultiPoint"",""coordinates"":[]}"
28_3_7,226.3548961054078,21,4.0,2013,"{""type"":""MultiPoint"",""coordinates"":[]}"
28_3_8,21.861135169250435,23,4.0,2013,"{""type"":""MultiPoint"",""coordinates"":[]}"
28_3_9,0.6613633520507811,24,4.0,2013,"{""type"":""MultiPoint"",""coordinates"":[]}"
28_3_10,4.115113385253909,25,4.0,2013,"{""type"":""MultiPoint"",""coordinates"":[]}"
28_3_11,0.029497572082519522,27,4.0,2013,"{""type"":""MultiPoint"",""coordinates"":[]}"
28_3_12,0.03664167523193361,30,4.0,2013,"{""type"":""MultiPoint"",""coordinates"":[]}"
28_3_13,543.2399198957534,33,4.0,2013,"{""type"":""MultiPoint"",""coordinates"":[]}"
28_3_14,2.6460573466186523,68,4.0,2013,"{""type"":""MultiPoint"",""coordinates"":[]}"
29_0_0,204074.26240998527,3,1.0,2014,"{""type"":""MultiPoint"",""coordinates"":[]}"
29_0_1,24897.945326177167,6,1.0,2014,"{""type"":""MultiPoint"",""coordinates"":[]}"
29_0_2,3143.668178349689,11,1.0,2014,"{""type"":""MultiPoint"",""coordinates"":[]}"
29_0_3,4597.36498683921,12,1.0,2014,"{""type"":""MultiPoint"",""coordinates"":[]}"
29_0_4,1156.8715299999042,13,1.0,2014,"{""type"":""MultiPoint"",""coordinates"":[]}"
29_0_5,1137.16446635076,15,1.0,2014,"{""type"":""MultiPoint"",""coordinates"":[]}"
29_0_6,1206.9323827228436,18,1.0,2014,"{""type"":""MultiPoint"",""coordinates"":[]}"
29_0_7,727.0818462366357,21,1.0,2014,"{""type"":""MultiPoint"",""coordinates"":[]}"
29_0_8,36.54041396679682,23,1.0,2014,"{""type"":""MultiPoint"",""coordinates"":[]}"
29_0_9,6.621820670593268,24,1.0,2014,"{""type"":""MultiPoint"",""coordinates"":[]}"
29_0_10,20.978866862793,25,1.0,2014,"{""type"":""MultiPoint"",""coordinates"":[]}"
29_0_11,50.13001052484068,29,1.0,2014,"{""type"":""MultiPoint"",""coordinates"":[]}"
29_0_12,0.10542073767089842,30,1.0,2014,"{""type"":""MultiPoint"",""coordinates"":[]}"
29_0_13,0.0035689512939453124,31,1.0,2014,"{""type"":""MultiPoint"",""coordinates"":[]}"
29_0_14,1362.0738686917132,33,1.0,2014,"{""type"":""MultiPoint"",""coordinates"":[]}"
29_0_15,0.011608853759765623,35,1.0,2014,"{""type"":""MultiPoint"",""coordinates"":[]}"
29_0_16,315.9145781005082,68,1.0,2014,"{""type"":""MultiPoint"",""coordinates"":[]}"
29_1_0,31777.259243796598,3,2.0,2014,"{""type"":""MultiPoint"",""coordinates"":[]}"
29_1_1,2667.8901833799146,6,2.0,2014,"{""type"":""MultiPoint"",""coordinates"":[]}"
29_1_2,169.66992324359208,11,2.0,2014,"{""type"":""MultiPoint"",""coordinates"":[]}"
29_1_3,0.03028149444580077,12,2.0,2014,"{""type"":""MultiPoint"",""coordinates"":[]}"
29_1_4,140.4892678115847,13,2.0,2014,"{""type"":""MultiPoint"",""coordinates"":[]}"
29_1_5,22.929759806640785,15,2.0,2014,"{""type"":""MultiPoint"",""coordinates"":[]}"
29_1_6,85.57622104418921,18,2.0,2014,"{""type"":""MultiPoint"",""coordinates"":[]}"
29_1_7,19.95493826800531,21,2.0,2014,"{""type"":""MultiPoint"",""coordinates"":[]}"
29_1_8,0.7612496206665039,23,2.0,2014,"{""type"":""MultiPoint"",""coordinates"":[]}"
29_1_9,0.37783064147949197,24,2.0,2014,"{""type"":""MultiPoint"",""coordinates"":[]}"
29_1_10,2.97070478302002,25,2.0,2014,"{""type"":""MultiPoint"",""coordinates"":[]}"
29_1_11,0.02413436730957031,27,2.0,2014,"{""type"":""MultiPoint"",""coordinates"":[]}"
29_1_12,21.490030673217735,29,2.0,2014,"{""type"":""MultiPoint"",""coordinates"":[]}"
29_1_13,0.21980307501220706,30,2.0,2014,"{""type"":""MultiPoint"",""coordinates"":[]}"
29_1_14,243.45961939294597,33,2.0,2014,"{""type"":""MultiPoint"",""coordinates"":[]}"
29_1_15,4.789360766906731,68,2.0,2014,"{""type"":""MultiPoint"",""coordinates"":[]}"
29_2_0,79631.46108142505,3,3.0,2014,"{""type"":""MultiPoint"",""coordinates"":[]}"
29_2_1,11772.133555142158,6,3.0,2014,"{""type"":""MultiPoint"",""coordinates"":[]}"
29_2_2,2.7028891893310494,9,3.0,2014,"{""type"":""MultiPoint"",""coordinates"":[]}"
29_2_3,1110.7358266143758,11,3.0,2014,"{""type"":""MultiPoint"",""coordinates"":[]}"
29_2_4,8349.055521753284,12,3.0,2014,"{""type"":""MultiPoint"",""coordinates"":[]}"
29_2_5,635.4322105845397,13,3.0,2014,"{""type"":""MultiPoint"",""coordinates"":[]}"
29_2_6,36145.28102072755,15,3.0,2014,"{""type"":""MultiPoint"",""coordinates"":[]}"
29_2_7,563.5222859926731,18,3.0,2014,"{""type"":""MultiPoint"",""coordinates"":[]}"
29_2_8,5833.221609858741,21,3.0,2014,"{""type"":""MultiPoint"",""coordinates"":[]}"
29_2_9,257.92044387445037,23,3.0,2014,"{""type"":""MultiPoint"",""coordinates"":[]}"
29_2_10,65.79796313909969,24,3.0,2014,"{""type"":""MultiPoint"",""coordinates"":[]}"
29_2_11,93.57514781909194,25,3.0,2014,"{""type"":""MultiPoint"",""coordinates"":[]}"
29_2_12,0.8295651700439467,27,3.0,2014,"{""type"":""MultiPoint"",""coordinates"":[]}"
29_2_13,0.5979813049926753,29,3.0,2014,"{""type"":""MultiPoint"",""coordinates"":[]}"
29_2_14,2.283916902404784,30,3.0,2014,"{""type"":""MultiPoint"",""coordinates"":[]}"
29_2_15,1.4037944551391601,31,3.0,2014,"{""type"":""MultiPoint"",""coordinates"":[]}"
29_2_16,2988.280560762569,33,3.0,2014,"{""type"":""MultiPoint"",""coordinates"":[]}"
29_2_17,411.2547820374807,35,3.0,2014,"{""type"":""MultiPoint"",""coordinates"":[]}"
29_2_18,80.59450937146117,68,3.0,2014,"{""type"":""MultiPoint"",""coordinates"":[]}"
29_3_0,68489.10642600006,3,4.0,2014,"{""type"":""MultiPoint"",""coordinates"":[]}"
29_3_1,4763.181115840304,6,4.0,2014,"{""type"":""MultiPoint"",""coordinates"":[]}"
29_3_2,69.16452728503462,11,4.0,2014,"{""type"":""MultiPoint"",""coordinates"":[]}"
29_3_3,81.44027176806739,12,4.0,2014,"{""type"":""MultiPoint"",""coordinates"":[]}"
29_3_4,2357.4861425458075,13,4.0,2014,"{""type"":""MultiPoint"",""coordinates"":[]}"
29_3_5,1048.684855657337,15,4.0,2014,"{""type"":""MultiPoint"",""coordinates"":[]}"
29_3_6,22.86467213366712,18,4.0,2014,"{""type"":""MultiPoint"",""coordinates"":[]}"
29_3_7,212.19651783136038,21,4.0,2014,"{""type"":""MultiPoint"",""coordinates"":[]}"
29_3_8,25.44176334594728,23,4.0,2014,"{""type"":""MultiPoint"",""coordinates"":[]}"
29_3_9,0.5988288521728513,24,4.0,2014,"{""type"":""MultiPoint"",""coordinates"":[]}"
29_3_10,4.215415033569337,25,4.0,2014,"{""type"":""MultiPoint"",""coordinates"":[]}"
29_3_11,0.029497572082519522,27,4.0,2014,"{""type"":""MultiPoint"",""coordinates"":[]}"
29_3_12,0.03842907379150393,30,4.0,2014,"{""type"":""MultiPoint"",""coordinates"":[]}"
29_3_13,542.0522132808239,33,4.0,2014,"{""type"":""MultiPoint"",""coordinates"":[]}"
29_3_14,2.4263729269409176,68,4.0,2014,"{""type"":""MultiPoint"",""coordinates"":[]}"
30_0_0,204126.76950312717,3,1.0,2015,"{""type"":""MultiPoint"",""coordinates"":[]}"
30_0_1,24817.171605193467,6,1.0,2015,"{""type"":""MultiPoint"",""coordinates"":[]}"
30_0_2,3167.67616660654,11,1.0,2015,"{""type"":""MultiPoint"",""coordinates"":[]}"
30_0_3,4618.578731085233,12,1.0,2015,"{""type"":""MultiPoint"",""coordinates"":[]}"
30_0_4,1154.0082310368452,13,1.0,2015,"{""type"":""MultiPoint"",""coordinates"":[]}"
30_0_5,1132.1878694829627,15,1.0,2015,"{""type"":""MultiPoint"",""coordinates"":[]}"
30_0_6,1235.902573758609,18,1.0,2015,"{""type"":""MultiPoint"",""coordinates"":[]}"
30_0_7,731.0776684704591,21,1.0,2015,"{""type"":""MultiPoint"",""coordinates"":[]}"
30_0_8,27.13295268347167,23,1.0,2015,"{""type"":""MultiPoint"",""coordinates"":[]}"
30_0_9,6.710197483276372,24,1.0,2015,"{""type"":""MultiPoint"",""coordinates"":[]}"
30_0_10,20.7298071287842,25,1.0,2015,"{""type"":""MultiPoint"",""coordinates"":[]}"
30_0_11,48.97568249713069,29,1.0,2015,"{""type"":""MultiPoint"",""coordinates"":[]}"
30_0_12,0.18853236474609367,30,1.0,2015,"{""type"":""MultiPoint"",""coordinates"":[]}"
30_0_13,0.0026750888061523436,31,1.0,2015,"{""type"":""MultiPoint"",""coordinates"":[]}"
30_0_14,1378.825541363039,33,1.0,2015,"{""type"":""MultiPoint"",""coordinates"":[]}"
30_0_15,0.011608853759765623,35,1.0,2015,"{""type"":""MultiPoint"",""coordinates"":[]}"
30_0_16,267.721937796205,68,1.0,2015,"{""type"":""MultiPoint"",""coordinates"":[]}"
30_1_0,31814.515306248064,3,2.0,2015,"{""type"":""MultiPoint"",""coordinates"":[]}"
30_1_1,2623.5976319605884,6,2.0,2015,"{""type"":""MultiPoint"",""coordinates"":[]}"
30_1_2,170.67446388855163,11,2.0,2015,"{""type"":""MultiPoint"",""coordinates"":[]}"
30_1_3,0.006234422546386719,12,2.0,2015,"{""type"":""MultiPoint"",""coordinates"":[]}"
30_1_4,140.90996072839368,13,2.0,2015,"{""type"":""MultiPoint"",""coordinates"":[]}"
30_1_5,21.544570178833105,15,2.0,2015,"{""type"":""MultiPoint"",""coordinates"":[]}"
30_1_6,85.0783836076046,18,2.0,2015,"{""type"":""MultiPoint"",""coordinates"":[]}"
30_1_7,25.636591489807127,21,2.0,2015,"{""type"":""MultiPoint"",""coordinates"":[]}"
30_1_8,0.5709230926513672,23,2.0,2015,"{""type"":""MultiPoint"",""coordinates"":[]}"
30_1_9,0.38229462506103495,24,2.0,2015,"{""type"":""MultiPoint"",""coordinates"":[]}"
30_1_10,2.7053672667236324,25,2.0,2015,"{""type"":""MultiPoint"",""coordinates"":[]}"
30_1_11,0.02413436730957031,27,2.0,2015,"{""type"":""MultiPoint"",""coordinates"":[]}"
30_1_12,21.78484934704582,29,2.0,2015,"{""type"":""MultiPoint"",""coordinates"":[]}"
30_1_13,0.29932258666992173,30,2.0,2015,"{""type"":""MultiPoint"",""coordinates"":[]}"
30_1_14,245.12921883752597,33,2.0,2015,"{""type"":""MultiPoint"",""coordinates"":[]}"
30_1_15,5.033299517944339,68,2.0,2015,"{""type"":""MultiPoint"",""coordinates"":[]}"
30_2_0,79440.96630767944,3,3.0,2015,"{""type"":""MultiPoint"",""coordinates"":[]}"
30_2_1,11587.86526417852,6,3.0,2015,"{""type"":""MultiPoint"",""coordinates"":[]}"
30_2_2,19.696226561218264,9,3.0,2015,"{""type"":""MultiPoint"",""coordinates"":[]}"
30_2_3,1163.415110020685,11,3.0,2015,"{""type"":""MultiPoint"",""coordinates"":[]}"
30_2_4,8181.8755073105585,12,3.0,2015,"{""type"":""MultiPoint"",""coordinates"":[]}"
30_2_5,640.9902364617346,13,3.0,2015,"{""type"":""MultiPoint"",""coordinates"":[]}"
30_2_6,36485.91489871279,15,3.0,2015,"{""type"":""MultiPoint"",""coordinates"":[]}"
30_2_7,575.3724610596898,18,3.0,2015,"{""type"":""MultiPoint"",""coordinates"":[]}"
30_2_8,5913.854492054413,21,3.0,2015,"{""type"":""MultiPoint"",""coordinates"":[]}"
30_2_9,270.0686266904908,23,3.0,2015,"{""type"":""MultiPoint"",""coordinates"":[]}"
30_2_10,68.38597261163376,24,3.0,2015,"{""type"":""MultiPoint"",""coordinates"":[]}"
30_2_11,101.9214767562258,25,3.0,2015,"{""type"":""MultiPoint"",""coordinates"":[]}"
30_2_12,0.8295651700439467,27,3.0,2015,"{""type"":""MultiPoint"",""coordinates"":[]}"
30_2_13,0.722659428588867,29,3.0,2015,"{""type"":""MultiPoint"",""coordinates"":[]}"
30_2_14,2.392840464355469,30,3.0,2015,"{""type"":""MultiPoint"",""coordinates"":[]}"
30_2_15,1.697587649047853,31,3.0,2015,"{""type"":""MultiPoint"",""coordinates"":[]}"
30_2_16,2993.866326504755,33,3.0,2015,"{""type"":""MultiPoint"",""coordinates"":[]}"
30_2_17,422.718093900216,35,3.0,2015,"{""type"":""MultiPoint"",""coordinates"":[]}"
30_2_18,73.53101290838707,68,3.0,2015,"{""type"":""MultiPoint"",""coordinates"":[]}"
30_3_0,68500.93053187017,3,4.0,2015,"{""type"":""MultiPoint"",""coordinates"":[]}"
30_3_1,4744.5739848336125,6,4.0,2015,"{""type"":""MultiPoint"",""coordinates"":[]}"
30_3_2,69.06634904779081,11,4.0,2015,"{""type"":""MultiPoint"",""coordinates"":[]}"
30_3_3,80.00339152826047,12,4.0,2015,"{""type"":""MultiPoint"",""coordinates"":[]}"
30_3_4,2351.6816954144433,13,4.0,2015,"{""type"":""MultiPoint"",""coordinates"":[]}"
30_3_5,1049.783792616677,15,4.0,2015,"{""type"":""MultiPoint"",""coordinates"":[]}"
30_3_6,18.74847133880622,18,4.0,2015,"{""type"":""MultiPoint"",""coordinates"":[]}"
30_3_7,235.63541897637896,21,4.0,2015,"{""type"":""MultiPoint"",""coordinates"":[]}"
30_3_8,21.503745512390182,23,4.0,2015,"{""type"":""MultiPoint"",""coordinates"":[]}"
30_3_9,0.5890015044555661,24,4.0,2015,"{""type"":""MultiPoint"",""coordinates"":[]}"
30_3_10,3.2393375339355464,25,4.0,2015,"{""type"":""MultiPoint"",""coordinates"":[]}"
30_3_11,0.029497572082519522,27,4.0,2015,"{""type"":""MultiPoint"",""coordinates"":[]}"
30_3_12,0.03038577911376952,30,4.0,2015,"{""type"":""MultiPoint"",""coordinates"":[]}"
30_3_13,540.7362829190687,33,4.0,2015,"{""type"":""MultiPoint"",""coordinates"":[]}"
30_3_14,2.3751627006225604,68,4.0,2015,"{""type"":""MultiPoint"",""coordinates"":[]}"
31_0_0,204150.74444727894,3,1.0,2016,"{""type"":""MultiPoint"",""coordinates"":[]}"
31_0_1,24814.878673022624,6,1.0,2016,"{""type"":""MultiPoint"",""coordinates"":[]}"
31_0_2,3100.5267852596567,11,1.0,2016,"{""type"":""MultiPoint"",""coordinates"":[]}"
31_0_3,4573.577602804704,12,1.0,2016,"{""type"":""MultiPoint"",""coordinates"":[]}"
31_0_4,1151.8372951879023,13,1.0,2016,"{""type"":""MultiPoint"",""coordinates"":[]}"
31_0_5,1126.2353237935035,15,1.0,2016,"{""type"":""MultiPoint"",""coordinates"":[]}"
31_0_6,1218.6031473443636,18,1.0,2016,"{""type"":""MultiPoint"",""coordinates"":[]}"
31_0_7,762.2405571672956,21,1.0,2016,"{""type"":""MultiPoint"",""coordinates"":[]}"
31_0_8,35.3695341123658,23,1.0,2016,"{""type"":""MultiPoint"",""coordinates"":[]}"
31_0_9,6.9461066808471745,24,1.0,2016,"{""type"":""MultiPoint"",""coordinates"":[]}"
31_0_10,22.78223281353761,25,1.0,2016,"{""type"":""MultiPoint"",""coordinates"":[]}"
31_0_11,46.52696158624212,29,1.0,2016,"{""type"":""MultiPoint"",""coordinates"":[]}"
31_0_12,0.22515972979736332,30,1.0,2016,"{""type"":""MultiPoint"",""coordinates"":[]}"
31_0_13,0.0026750888061523436,31,1.0,2016,"{""type"":""MultiPoint"",""coordinates"":[]}"
31_0_14,1382.263676362004,33,1.0,2016,"{""type"":""MultiPoint"",""coordinates"":[]}"
31_0_15,0.011608853759765623,35,1.0,2016,"{""type"":""MultiPoint"",""coordinates"":[]}"
31_0_16,340.89949693394425,68,1.0,2016,"{""type"":""MultiPoint"",""coordinates"":[]}"
31_1_0,31811.330829283623,3,2.0,2016,"{""type"":""MultiPoint"",""coordinates"":[]}"
31_1_1,2623.2096305162772,6,2.0,2016,"{""type"":""MultiPoint"",""coordinates"":[]}"
31_1_2,168.43676513177692,11,2.0,2016,"{""type"":""MultiPoint"",""coordinates"":[]}"
31_1_3,0.006234422546386719,12,2.0,2016,"{""type"":""MultiPoint"",""coordinates"":[]}"
31_1_4,145.08238782440188,13,2.0,2016,"{""type"":""MultiPoint"",""coordinates"":[]}"
31_1_5,19.680118899658257,15,2.0,2016,"{""type"":""MultiPoint"",""coordinates"":[]}"
31_1_6,85.83060180810517,18,2.0,2016,"{""type"":""MultiPoint"",""coordinates"":[]}"
31_1_7,29.876206682495052,21,2.0,2016,"{""type"":""MultiPoint"",""coordinates"":[]}"
31_1_8,0.7138765603637695,23,2.0,2016,"{""type"":""MultiPoint"",""coordinates"":[]}"
31_1_9,0.39926415997314435,24,2.0,2016,"{""type"":""MultiPoint"",""coordinates"":[]}"
31_1_10,3.030595967834472,25,2.0,2016,"{""type"":""MultiPoint"",""coordinates"":[]}"
31_1_11,0.02413436730957031,27,2.0,2016,"{""type"":""MultiPoint"",""coordinates"":[]}"
31_1_12,21.64552945178216,29,2.0,2016,"{""type"":""MultiPoint"",""coordinates"":[]}"
31_1_13,0.32881842279052725,30,2.0,2016,"{""type"":""MultiPoint"",""coordinates"":[]}"
31_1_14,245.03964548742812,33,2.0,2016,"{""type"":""MultiPoint"",""coordinates"":[]}"
31_1_15,3.257913179138183,68,2.0,2016,"{""type"":""MultiPoint"",""coordinates"":[]}"
31_2_0,79044.2993322056,3,3.0,2016,"{""type"":""MultiPoint"",""coordinates"":[]}"
31_2_1,11573.901541136665,6,3.0,2016,"{""type"":""MultiPoint"",""coordinates"":[]}"
31_2_2,29.372848031616225,9,3.0,2016,"{""type"":""MultiPoint"",""coordinates"":[]}"
31_2_3,1145.953611594905,11,3.0,2016,"{""type"":""MultiPoint"",""coordinates"":[]}"
31_2_4,8200.72950033514,12,3.0,2016,"{""type"":""MultiPoint"",""coordinates"":[]}"
31_2_5,636.6880798449714,13,3.0,2016,"{""type"":""MultiPoint"",""coordinates"":[]}"
31_2_6,36626.01130154951,15,3.0,2016,"{""type"":""MultiPoint"",""coordinates"":[]}"
31_2_7,678.4652999932251,18,3.0,2016,"{""type"":""MultiPoint"",""coordinates"":[]}"
31_2_8,6055.8968380310625,21,3.0,2016,"{""type"":""MultiPoint"",""coordinates"":[]}"
31_2_9,233.5425910628667,23,3.0,2016,"{""type"":""MultiPoint"",""coordinates"":[]}"
31_2_10,70.21015241131637,24,3.0,2016,"{""type"":""MultiPoint"",""coordinates"":[]}"
31_2_11,104.22165842626939,25,3.0,2016,"{""type"":""MultiPoint"",""coordinates"":[]}"
31_2_12,0.8295651700439467,27,3.0,2016,"{""type"":""MultiPoint"",""coordinates"":[]}"
31_2_13,0.6451224777221679,29,3.0,2016,"{""type"":""MultiPoint"",""coordinates"":[]}"
31_2_14,2.848492467956544,30,3.0,2016,"{""type"":""MultiPoint"",""coordinates"":[]}"
31_2_15,2.0520785899658205,31,3.0,2016,"{""type"":""MultiPoint"",""coordinates"":[]}"
31_2_16,3036.563918344237,33,3.0,2016,"{""type"":""MultiPoint"",""coordinates"":[]}"
31_2_17,439.0689585211273,35,3.0,2016,"{""type"":""MultiPoint"",""coordinates"":[]}"
31_2_18,64.78377593005386,68,3.0,2016,"{""type"":""MultiPoint"",""coordinates"":[]}"
31_3_0,68468.94911672453,3,4.0,2016,"{""type"":""MultiPoint"",""coordinates"":[]}"
31_3_1,4759.513579619564,6,4.0,2016,"{""type"":""MultiPoint"",""coordinates"":[]}"
31_3_2,70.16077564386016,11,4.0,2016,"{""type"":""MultiPoint"",""coordinates"":[]}"
31_3_3,76.16440841101118,12,4.0,2016,"{""type"":""MultiPoint"",""coordinates"":[]}"
31_3_4,2326.2388364185254,13,4.0,2016,"{""type"":""MultiPoint"",""coordinates"":[]}"
31_3_5,1063.922063809189,15,4.0,2016,"{""type"":""MultiPoint"",""coordinates"":[]}"
31_3_6,13.410685721618695,18,4.0,2016,"{""type"":""MultiPoint"",""coordinates"":[]}"
31_3_7,263.14957888440034,21,4.0,2016,"{""type"":""MultiPoint"",""coordinates"":[]}"
31_3_8,20.023173776061995,23,4.0,2016,"{""type"":""MultiPoint"",""coordinates"":[]}"
31_3_9,0.6041935724487303,24,4.0,2016,"{""type"":""MultiPoint"",""coordinates"":[]}"
31_3_10,2.09391921435547,25,4.0,2016,"{""type"":""MultiPoint"",""coordinates"":[]}"
31_3_11,0.029497572082519522,27,4.0,2016,"{""type"":""MultiPoint"",""coordinates"":[]}"
31_3_12,0.04736750793457031,30,4.0,2016,"{""type"":""MultiPoint"",""coordinates"":[]}"
31_3_13,551.75662689496,33,4.0,2016,"{""type"":""MultiPoint"",""coordinates"":[]}"
31_3_14,2.863225377136233,68,4.0,2016,"{""type"":""MultiPoint"",""coordinates"":[]}"
32_0_0,204098.15578402966,3,1.0,2017,"{""type"":""MultiPoint"",""coordinates"":[]}"
32_0_1,24836.25702425199,6,1.0,2017,"{""type"":""MultiPoint"",""coordinates"":[]}"
32_0_2,2942.6938071175346,11,1.0,2017,"{""type"":""MultiPoint"",""coordinates"":[]}"
32_0_3,4643.898767681321,12,1.0,2017,"{""type"":""MultiPoint"",""coordinates"":[]}"
32_0_4,1155.0656595129683,13,1.0,2017,"{""type"":""MultiPoint"",""coordinates"":[]}"
32_0_5,1165.854063833178,15,1.0,2017,"{""type"":""MultiPoint"",""coordinates"":[]}"
32_0_6,1210.2463952154571,18,1.0,2017,"{""type"":""MultiPoint"",""coordinates"":[]}"
32_0_7,788.7871656547823,21,1.0,2017,"{""type"":""MultiPoint"",""coordinates"":[]}"
32_0_8,39.21974696191401,23,1.0,2017,"{""type"":""MultiPoint"",""coordinates"":[]}"
32_0_9,7.089903657409673,24,1.0,2017,"{""type"":""MultiPoint"",""coordinates"":[]}"
32_0_10,28.08575014984128,25,1.0,2017,"{""type"":""MultiPoint"",""coordinates"":[]}"
32_0_11,48.18111560418631,29,1.0,2017,"{""type"":""MultiPoint"",""coordinates"":[]}"
32_0_12,0.2519653883056642,30,1.0,2017,"{""type"":""MultiPoint"",""coordinates"":[]}"
32_0_13,0.0026750888061523436,31,1.0,2017,"{""type"":""MultiPoint"",""coordinates"":[]}"
32_0_14,1377.85814499628,33,1.0,2017,"{""type"":""MultiPoint"",""coordinates"":[]}"
32_0_15,0.011608853759765623,35,1.0,2017,"{""type"":""MultiPoint"",""coordinates"":[]}"
32_0_16,392.01170602244446,68,1.0,2017,"{""type"":""MultiPoint"",""coordinates"":[]}"
32_1_0,31789.721992217677,3,2.0,2017,"{""type"":""MultiPoint"",""coordinates"":[]}"
32_1_1,2642.0261281625776,6,2.0,2017,"{""type"":""MultiPoint"",""coordinates"":[]}"
32_1_2,173.23921741754273,11,2.0,2017,"{""type"":""MultiPoint"",""coordinates"":[]}"
32_1_3,0.0035625279541015623,12,2.0,2017,"{""type"":""MultiPoint"",""coordinates"":[]}"
32_1_4,145.15619021032728,13,2.0,2017,"{""type"":""MultiPoint"",""coordinates"":[]}"
32_1_5,20.02675757208253,15,2.0,2017,"{""type"":""MultiPoint"",""coordinates"":[]}"
32_1_6,85.84959002087378,18,2.0,2017,"{""type"":""MultiPoint"",""coordinates"":[]}"
32_1_7,27.67914753118891,21,2.0,2017,"{""type"":""MultiPoint"",""coordinates"":[]}"
32_1_8,0.6985839824829099,23,2.0,2017,"{""type"":""MultiPoint"",""coordinates"":[]}"
32_1_9,0.4019414276733396,24,2.0,2017,"{""type"":""MultiPoint"",""coordinates"":[]}"
32_1_10,3.7632939800415026,25,2.0,2017,"{""type"":""MultiPoint"",""coordinates"":[]}"
32_1_11,0.02413436730957031,27,2.0,2017,"{""type"":""MultiPoint"",""coordinates"":[]}"
32_1_12,20.70400351745599,29,2.0,2017,"{""type"":""MultiPoint"",""coordinates"":[]}"
32_1_13,0.3931567038574215,30,2.0,2017,"{""type"":""MultiPoint"",""coordinates"":[]}"
32_1_14,244.3435336529556,33,2.0,2017,"{""type"":""MultiPoint"",""coordinates"":[]}"
32_1_15,3.861318873718259,68,2.0,2017,"{""type"":""MultiPoint"",""coordinates"":[]}"
32_2_0,78133.79304865199,3,3.0,2017,"{""type"":""MultiPoint"",""coordinates"":[]}"
32_2_1,11580.834594684973,6,3.0,2017,"{""type"":""MultiPoint"",""coordinates"":[]}"
32_2_2,29.62819007257083,9,3.0,2017,"{""type"":""MultiPoint"",""coordinates"":[]}"
32_2_3,1127.6913619849204,11,3.0,2017,"{""type"":""MultiPoint"",""coordinates"":[]}"
32_2_4,8196.129513421414,12,3.0,2017,"{""type"":""MultiPoint"",""coordinates"":[]}"
32_2_5,635.7544580423054,13,3.0,2017,"{""type"":""MultiPoint"",""coordinates"":[]}"
32_2_6,37470.68128178961,15,3.0,2017,"{""type"":""MultiPoint"",""coordinates"":[]}"
32_2_7,650.6223375180768,18,3.0,2017,"{""type"":""MultiPoint"",""coordinates"":[]}"
32_2_8,6158.9036443898995,21,3.0,2017,"{""type"":""MultiPoint"",""coordinates"":[]}"
32_2_9,279.44788963873305,23,3.0,2017,"{""type"":""MultiPoint"",""coordinates"":[]}"
32_2_10,72.67858647900422,24,3.0,2017,"{""type"":""MultiPoint"",""coordinates"":[]}"
32_2_11,99.82332579406733,25,3.0,2017,"{""type"":""MultiPoint"",""coordinates"":[]}"
32_2_12,0.8295651700439467,27,3.0,2017,"{""type"":""MultiPoint"",""coordinates"":[]}"
32_2_13,0.8064156124267581,29,3.0,2017,"{""type"":""MultiPoint"",""coordinates"":[]}"
32_2_14,2.976231061889648,30,3.0,2017,"{""type"":""MultiPoint"",""coordinates"":[]}"
32_2_15,2.2806832744140633,31,3.0,2017,"{""type"":""MultiPoint"",""coordinates"":[]}"
32_2_16,2987.3227296616737,33,3.0,2017,"{""type"":""MultiPoint"",""coordinates"":[]}"
32_2_17,444.75248057752435,35,3.0,2017,"{""type"":""MultiPoint"",""coordinates"":[]}"
32_2_18,71.11851548187383,68,3.0,2017,"{""type"":""MultiPoint"",""coordinates"":[]}"
32_2_19,0.009812816833496094,75,3.0,2017,"{""type"":""MultiPoint"",""coordinates"":[]}"
32_3_0,68415.17709481771,3,4.0,2017,"{""type"":""MultiPoint"",""coordinates"":[]}"
32_3_1,4773.69700108599,6,4.0,2017,"{""type"":""MultiPoint"",""coordinates"":[]}"
32_3_2,71.88631164410448,11,4.0,2017,"{""type"":""MultiPoint"",""coordinates"":[]}"
32_3_3,75.55760873516927,12,4.0,2017,"{""type"":""MultiPoint"",""coordinates"":[]}"
32_3_4,2309.4603421589595,13,4.0,2017,"{""type"":""MultiPoint"",""coordinates"":[]}"
32_3_5,1127.8156996992632,15,4.0,2017,"{""type"":""MultiPoint"",""coordinates"":[]}"
32_3_6,24.694029358947578,18,4.0,2017,"{""type"":""MultiPoint"",""coordinates"":[]}"
32_3_7,242.64308560668997,21,4.0,2017,"{""type"":""MultiPoint"",""coordinates"":[]}"
32_3_8,16.975887350036615,23,4.0,2017,"{""type"":""MultiPoint"",""coordinates"":[]}"
32_3_9,0.6006205364990231,24,4.0,2017,"{""type"":""MultiPoint"",""coordinates"":[]}"
32_3_10,3.7207516574707062,25,4.0,2017,"{""type"":""MultiPoint"",""coordinates"":[]}"
32_3_11,0.029497572082519522,27,4.0,2017,"{""type"":""MultiPoint"",""coordinates"":[]}"
32_3_12,0.04736766827392577,30,4.0,2017,"{""type"":""MultiPoint"",""coordinates"":[]}"
32_3_13,553.6233574096082,33,4.0,2017,"{""type"":""MultiPoint"",""coordinates"":[]}"
32_3_14,2.9983938462524433,68,4.0,2017,"{""type"":""MultiPoint"",""coordinates"":[]}"
33_0_0,203914.9280571179,3,1.0,2018,"{""type"":""MultiPoint"",""coordinates"":[]}"
33_0_1,24935.998483241892,6,1.0,2018,"{""type"":""MultiPoint"",""coordinates"":[]}"
33_0_2,2986.8411717318545,11,1.0,2018,"{""type"":""MultiPoint"",""coordinates"":[]}"
33_0_3,4670.389121085594,12,1.0,2018,"{""type"":""MultiPoint"",""coordinates"":[]}"
33_0_4,1147.102399784966,13,1.0,2018,"{""type"":""MultiPoint"",""coordinates"":[]}"
33_0_5,1227.3005226923656,15,1.0,2018,"{""type"":""MultiPoint"",""coordinates"":[]}"
33_0_6,1248.9503208469264,18,1.0,2018,"{""type"":""MultiPoint"",""coordinates"":[]}"
33_0_7,777.6113607403539,21,1.0,2018,"{""type"":""MultiPoint"",""coordinates"":[]}"
33_0_8,37.54009854583717,23,1.0,2018,"{""type"":""MultiPoint"",""coordinates"":[]}"
33_0_9,7.1961353283081095,24,1.0,2018,"{""type"":""MultiPoint"",""coordinates"":[]}"
33_0_10,25.87552112554932,25,1.0,2018,"{""type"":""MultiPoint"",""coordinates"":[]}"
33_0_11,8.9177978515625E-4,27,1.0,2018,"{""type"":""MultiPoint"",""coordinates"":[]}"
33_0_12,48.31147598602218,29,1.0,2018,"{""type"":""MultiPoint"",""coordinates"":[]}"
33_0_13,0.22695180206298846,30,1.0,2018,"{""type"":""MultiPoint"",""coordinates"":[]}"
33_0_14,0.0026750888061523436,31,1.0,2018,"{""type"":""MultiPoint"",""coordinates"":[]}"
33_0_15,1388.433576777653,33,1.0,2018,"{""type"":""MultiPoint"",""coordinates"":[]}"
33_0_16,0.011608853759765623,35,1.0,2018,"{""type"":""MultiPoint"",""coordinates"":[]}"
33_0_17,316.9509114898506,68,1.0,2018,"{""type"":""MultiPoint"",""coordinates"":[]}"
33_1_0,31743.38274560927,3,2.0,2018,"{""type"":""MultiPoint"",""coordinates"":[]}"
33_1_1,2683.8762188489145,6,2.0,2018,"{""type"":""MultiPoint"",""coordinates"":[]}"
33_1_2,176.94869012890751,11,2.0,2018,"{""type"":""MultiPoint"",""coordinates"":[]}"
33_1_3,0.0035625279541015623,12,2.0,2018,"{""type"":""MultiPoint"",""coordinates"":[]}"
33_1_4,144.1659376679687,13,2.0,2018,"{""type"":""MultiPoint"",""coordinates"":[]}"
33_1_5,19.322722506835845,15,2.0,2018,"{""type"":""MultiPoint"",""coordinates"":[]}"
33_1_6,87.47687254949932,18,2.0,2018,"{""type"":""MultiPoint"",""coordinates"":[]}"
33_1_7,29.17857557891841,21,2.0,2018,"{""type"":""MultiPoint"",""coordinates"":[]}"
33_1_8,0.7746146195068357,23,2.0,2018,"{""type"":""MultiPoint"",""coordinates"":[]}"
33_1_9,0.4117615666503904,24,2.0,2018,"{""type"":""MultiPoint"",""coordinates"":[]}"
33_1_10,3.9257917446289055,25,2.0,2018,"{""type"":""MultiPoint"",""coordinates"":[]}"
33_1_11,0.02413436730957031,27,2.0,2018,"{""type"":""MultiPoint"",""coordinates"":[]}"
33_1_12,20.517296027099576,29,2.0,2018,"{""type"":""MultiPoint"",""coordinates"":[]}"
33_1_13,0.4253251803588863,30,2.0,2018,"{""type"":""MultiPoint"",""coordinates"":[]}"
33_1_14,244.26561047869993,33,2.0,2018,"{""type"":""MultiPoint"",""coordinates"":[]}"
33_1_15,3.192692763244625,68,2.0,2018,"{""type"":""MultiPoint"",""coordinates"":[]}"
33_2_0,76984.06228547754,3,3.0,2018,"{""type"":""MultiPoint"",""coordinates"":[]}"
33_2_1,11599.190751967386,6,3.0,2018,"{""type"":""MultiPoint"",""coordinates"":[]}"
33_2_2,29.715726655761756,9,3.0,2018,"{""type"":""MultiPoint"",""coordinates"":[]}"
33_2_3,1116.993362062011,11,3.0,2018,"{""type"":""MultiPoint"",""coordinates"":[]}"
33_2_4,8197.618602353974,12,3.0,2018,"{""type"":""MultiPoint"",""coordinates"":[]}"
33_2_5,633.4764361465517,13,3.0,2018,"{""type"":""MultiPoint"",""coordinates"":[]}"
33_2_6,38400.46002752923,15,3.0,2018,"{""type"":""MultiPoint"",""coordinates"":[]}"
33_2_7,624.0454526684019,18,3.0,2018,"{""type"":""MultiPoint"",""coordinates"":[]}"
33_2_8,6394.036833382859,21,3.0,2018,"{""type"":""MultiPoint"",""coordinates"":[]}"
33_2_9,305.900389541137,23,3.0,2018,"{""type"":""MultiPoint"",""coordinates"":[]}"
33_2_10,74.30692210083042,24,3.0,2018,"{""type"":""MultiPoint"",""coordinates"":[]}"
33_2_11,89.15352114691164,25,3.0,2018,"{""type"":""MultiPoint"",""coordinates"":[]}"
33_2_12,0.8304564364624037,27,3.0,2018,"{""type"":""MultiPoint"",""coordinates"":[]}"
33_2_13,0.7779537887573241,29,3.0,2018,"{""type"":""MultiPoint"",""coordinates"":[]}"
33_2_14,3.607213096435545,30,3.0,2018,"{""type"":""MultiPoint"",""coordinates"":[]}"
33_2_15,2.3915627817993177,31,3.0,2018,"{""type"":""MultiPoint"",""coordinates"":[]}"
33_2_16,2967.5897723603443,33,3.0,2018,"{""type"":""MultiPoint"",""coordinates"":[]}"
33_2_17,455.37188390265584,35,3.0,2018,"{""type"":""MultiPoint"",""coordinates"":[]}"
33_2_18,66.54569990802099,68,3.0,2018,"{""type"":""MultiPoint"",""coordinates"":[]}"
33_2_19,0.009812816833496094,75,3.0,2018,"{""type"":""MultiPoint"",""coordinates"":[]}"
33_3_0,68185.33504877477,3,4.0,2018,"{""type"":""MultiPoint"",""coordinates"":[]}"
33_3_1,4853.791845655473,6,4.0,2018,"{""type"":""MultiPoint"",""coordinates"":[]}"
33_3_2,71.85848492663638,11,4.0,2018,"{""type"":""MultiPoint"",""coordinates"":[]}"
33_3_3,75.37063971734668,12,4.0,2018,"{""type"":""MultiPoint"",""coordinates"":[]}"
33_3_4,2280.9405021884163,13,4.0,2018,"{""type"":""MultiPoint"",""coordinates"":[]}"
33_3_5,1311.149169630917,15,4.0,2018,"{""type"":""MultiPoint"",""coordinates"":[]}"
33_3_6,21.58462569500744,18,4.0,2018,"{""type"":""MultiPoint"",""coordinates"":[]}"
33_3_7,244.13029806695658,21,4.0,2018,"{""type"":""MultiPoint"",""coordinates"":[]}"
33_3_8,15.077361850219697,23,4.0,2018,"{""type"":""MultiPoint"",""coordinates"":[]}"
33_3_9,0.659579875061035,24,4.0,2018,"{""type"":""MultiPoint"",""coordinates"":[]}"
33_3_10,3.0466082839965822,25,4.0,2018,"{""type"":""MultiPoint"",""coordinates"":[]}"
33_3_11,0.029497572082519522,27,4.0,2018,"{""type"":""MultiPoint"",""coordinates"":[]}"
33_3_12,0.049149242675781246,30,4.0,2018,"{""type"":""MultiPoint"",""coordinates"":[]}"
33_3_13,552.8891337631849,33,4.0,2018,"{""type"":""MultiPoint"",""coordinates"":[]}"
33_3_14,3.0151039043579093,68,4.0,2018,"{""type"":""MultiPoint"",""coordinates"":[]}"
34_0_0,203715.08827440062,3,1.0,2019,"{""type"":""MultiPoint"",""coordinates"":[]}"
34_0_1,25022.01066423022,6,1.0,2019,"{""type"":""MultiPoint"",""coordinates"":[]}"
34_0_2,3021.871412413786,11,1.0,2019,"{""type"":""MultiPoint"",""coordinates"":[]}"
34_0_3,4678.559632619864,12,1.0,2019,"{""type"":""MultiPoint"",""coordinates"":[]}"
34_0_4,1149.9409299029326,13,1.0,2019,"{""type"":""MultiPoint"",""coordinates"":[]}"
34_0_5,1279.6230604624532,15,1.0,2019,"{""type"":""MultiPoint"",""coordinates"":[]}"
34_0_6,1241.6753585007968,18,1.0,2019,"{""type"":""MultiPoint"",""coordinates"":[]}"
34_0_7,803.8939085062243,21,1.0,2019,"{""type"":""MultiPoint"",""coordinates"":[]}"
34_0_8,44.57506430340575,23,1.0,2019,"{""type"":""MultiPoint"",""coordinates"":[]}"
34_0_9,7.344349400573738,24,1.0,2019,"{""type"":""MultiPoint"",""coordinates"":[]}"
34_0_10,21.399037390991218,25,1.0,2019,"{""type"":""MultiPoint"",""coordinates"":[]}"
34_0_11,48.216623719725874,29,1.0,2019,"{""type"":""MultiPoint"",""coordinates"":[]}"
34_0_12,0.2439051977539064,30,1.0,2019,"{""type"":""MultiPoint"",""coordinates"":[]}"
34_0_13,0.0026750888061523436,31,1.0,2019,"{""type"":""MultiPoint"",""coordinates"":[]}"
34_0_14,1362.1251223599884,33,1.0,2019,"{""type"":""MultiPoint"",""coordinates"":[]}"
34_0_15,0.011608853759765623,35,1.0,2019,"{""type"":""MultiPoint"",""coordinates"":[]}"
34_0_16,337.0896566670958,68,1.0,2019,"{""type"":""MultiPoint"",""coordinates"":[]}"
34_1_0,31710.647325277394,3,2.0,2019,"{""type"":""MultiPoint"",""coordinates"":[]}"
34_1_1,2700.33713989475,6,2.0,2019,"{""type"":""MultiPoint"",""coordinates"":[]}"
34_1_2,186.29048912780834,11,2.0,2019,"{""type"":""MultiPoint"",""coordinates"":[]}"
34_1_3,0.0035625279541015623,12,2.0,2019,"{""type"":""MultiPoint"",""coordinates"":[]}"
34_1_4,145.1932122860719,13,2.0,2019,"{""type"":""MultiPoint"",""coordinates"":[]}"
34_1_5,20.260736343566766,15,2.0,2019,"{""type"":""MultiPoint"",""coordinates"":[]}"
34_1_6,90.86129687670899,18,2.0,2019,"{""type"":""MultiPoint"",""coordinates"":[]}"
34_1_7,30.547088430664047,21,2.0,2019,"{""type"":""MultiPoint"",""coordinates"":[]}"
34_1_8,0.5931987869873045,23,2.0,2019,"{""type"":""MultiPoint"",""coordinates"":[]}"
34_1_9,0.41086619891357395,24,2.0,2019,"{""type"":""MultiPoint"",""coordinates"":[]}"
34_1_10,3.492391254821776,25,2.0,2019,"{""type"":""MultiPoint"",""coordinates"":[]}"
34_1_11,0.02413436730957031,27,2.0,2019,"{""type"":""MultiPoint"",""coordinates"":[]}"
34_1_12,20.344849571716264,29,2.0,2019,"{""type"":""MultiPoint"",""coordinates"":[]}"
34_1_13,0.4610706629028315,30,2.0,2019,"{""type"":""MultiPoint"",""coordinates"":[]}"
34_1_14,246.03467463983338,33,2.0,2019,"{""type"":""MultiPoint"",""coordinates"":[]}"
34_1_15,2.390515918579103,68,2.0,2019,"{""type"":""MultiPoint"",""coordinates"":[]}"
34_2_0,76192.90244936445,3,3.0,2019,"{""type"":""MultiPoint"",""coordinates"":[]}"
34_2_1,11628.81471521071,6,3.0,2019,"{""type"":""MultiPoint"",""coordinates"":[]}"
34_2_2,30.50901479949956,9,3.0,2019,"{""type"":""MultiPoint"",""coordinates"":[]}"
34_2_3,1127.2554496669914,11,3.0,2019,"{""type"":""MultiPoint"",""coordinates"":[]}"
34_2_4,8180.39446853802,12,3.0,2019,"{""type"":""MultiPoint"",""coordinates"":[]}"
34_2_5,634.2060625130683,13,3.0,2019,"{""type"":""MultiPoint"",""coordinates"":[]}"
34_2_6,39101.811075842204,15,3.0,2019,"{""type"":""MultiPoint"",""coordinates"":[]}"
34_2_7,631.1186150188579,18,3.0,2019,"{""type"":""MultiPoint"",""coordinates"":[]}"
34_2_8,6491.066533914184,21,3.0,2019,"{""type"":""MultiPoint"",""coordinates"":[]}"
34_2_9,296.70704455010934,23,3.0,2019,"{""type"":""MultiPoint"",""coordinates"":[]}"
34_2_10,77.50636142895557,24,3.0,2019,"{""type"":""MultiPoint"",""coordinates"":[]}"
34_2_11,80.9168374469604,25,3.0,2019,"{""type"":""MultiPoint"",""coordinates"":[]}"
34_2_12,0.8304564364624037,27,3.0,2019,"{""type"":""MultiPoint"",""coordinates"":[]}"
34_2_13,0.7707157427978513,29,3.0,2019,"{""type"":""MultiPoint"",""coordinates"":[]}"
34_2_14,3.947542506408692,30,3.0,2019,"{""type"":""MultiPoint"",""coordinates"":[]}"
34_2_15,2.329831590759279,31,3.0,2019,"{""type"":""MultiPoint"",""coordinates"":[]}"
34_2_16,2941.1906967926584,33,3.0,2019,"{""type"":""MultiPoint"",""coordinates"":[]}"
34_2_17,460.80486431183584,35,3.0,2019,"{""type"":""MultiPoint"",""coordinates"":[]}"
34_2_18,62.949301512757536,68,3.0,2019,"{""type"":""MultiPoint"",""coordinates"":[]}"
34_2_19,0.05262893743896483,75,3.0,2019,"{""type"":""MultiPoint"",""coordinates"":[]}"
34_3_0,68105.17410124028,3,4.0,2019,"{""type"":""MultiPoint"",""coordinates"":[]}"
34_3_1,4855.590661540421,6,4.0,2019,"{""type"":""MultiPoint"",""coordinates"":[]}"
34_3_2,70.7123563045049,11,4.0,2019,"{""type"":""MultiPoint"",""coordinates"":[]}"
34_3_3,74.77456268127519,12,4.0,2019,"{""type"":""MultiPoint"",""coordinates"":[]}"
34_3_4,2277.524766173374,13,4.0,2019,"{""type"":""MultiPoint"",""coordinates"":[]}"
34_3_5,1399.0020581852282,15,4.0,2019,"{""type"":""MultiPoint"",""coordinates"":[]}"
34_3_6,22.717934554870812,18,4.0,2019,"{""type"":""MultiPoint"",""coordinates"":[]}"
34_3_7,239.15286431378186,21,4.0,2019,"{""type"":""MultiPoint"",""coordinates"":[]}"
34_3_8,15.481778138122534,23,4.0,2019,"{""type"":""MultiPoint"",""coordinates"":[]}"
34_3_9,0.6783396721801755,24,4.0,2019,"{""type"":""MultiPoint"",""coordinates"":[]}"
34_3_10,2.5922937360839833,25,4.0,2019,"{""type"":""MultiPoint"",""coordinates"":[]}"
34_3_11,0.029497572082519522,27,4.0,2019,"{""type"":""MultiPoint"",""coordinates"":[]}"
34_3_12,0.06164828979492187,30,4.0,2019,"{""type"":""MultiPoint"",""coordinates"":[]}"
34_3_13,552.798686511232,33,4.0,2019,"{""type"":""MultiPoint"",""coordinates"":[]}"
34_3_14,2.6355002339477545,68,4.0,2019,"{""type"":""MultiPoint"",""coordinates"":[]}"
35_0_0,203557.3311206,3,1.0,2020,"{""type"":""MultiPoint"",""coordinates"":[]}"
35_0_1,25067.062214764468,6,1.0,2020,"{""type"":""MultiPoint"",""coordinates"":[]}"
35_0_2,2996.7819364832517,11,1.0,2020,"{""type"":""MultiPoint"",""coordinates"":[]}"
35_0_3,4687.541151813628,12,1.0,2020,"{""type"":""MultiPoint"",""coordinates"":[]}"
35_0_4,1154.619807828766,13,1.0,2020,"{""type"":""MultiPoint"",""coordinates"":[]}"
35_0_5,1335.925845271477,15,1.0,2020,"{""type"":""MultiPoint"",""coordinates"":[]}"
35_0_6,1322.3583511761492,18,1.0,2020,"{""type"":""MultiPoint"",""coordinates"":[]}"
35_0_7,776.1376410982047,21,1.0,2020,"{""type"":""MultiPoint"",""coordinates"":[]}"
35_0_8,27.864413159607018,23,1.0,2020,"{""type"":""MultiPoint"",""coordinates"":[]}"
35_0_9,7.598694599365241,24,1.0,2020,"{""type"":""MultiPoint"",""coordinates"":[]}"
35_0_10,22.537911300781246,25,1.0,2020,"{""type"":""MultiPoint"",""coordinates"":[]}"
35_0_11,49.788161724364635,29,1.0,2020,"{""type"":""MultiPoint"",""coordinates"":[]}"
35_0_12,0.44398934820556646,30,1.0,2020,"{""type"":""MultiPoint"",""coordinates"":[]}"
35_0_13,8.938624877929687E-4,31,1.0,2020,"{""type"":""MultiPoint"",""coordinates"":[]}"
35_0_14,1400.2529939425074,33,1.0,2020,"{""type"":""MultiPoint"",""coordinates"":[]}"
35_0_15,0.011608853759765623,35,1.0,2020,"{""type"":""MultiPoint"",""coordinates"":[]}"
35_0_16,327.4145481918749,68,1.0,2020,"{""type"":""MultiPoint"",""coordinates"":[]}"
35_1_0,31687.959044820243,3,2.0,2020,"{""type"":""MultiPoint"",""coordinates"":[]}"
35_1_1,2700.3298586916203,6,2.0,2020,"{""type"":""MultiPoint"",""coordinates"":[]}"
35_1_2,201.18122767584353,11,2.0,2020,"{""type"":""MultiPoint"",""coordinates"":[]}"
35_1_3,0.0035625279541015623,12,2.0,2020,"{""type"":""MultiPoint"",""coordinates"":[]}"
35_1_4,145.163678374695,13,2.0,2020,"{""type"":""MultiPoint"",""coordinates"":[]}"
35_1_5,25.02156059484877,15,2.0,2020,"{""type"":""MultiPoint"",""coordinates"":[]}"
35_1_6,94.05871874652095,18,2.0,2020,"{""type"":""MultiPoint"",""coordinates"":[]}"
35_1_7,26.940357943908687,21,2.0,2020,"{""type"":""MultiPoint"",""coordinates"":[]}"
35_1_8,0.45741510198974616,23,2.0,2020,"{""type"":""MultiPoint"",""coordinates"":[]}"
35_1_9,0.42872708422851535,24,2.0,2020,"{""type"":""MultiPoint"",""coordinates"":[]}"
35_1_10,4.200398700073241,25,2.0,2020,"{""type"":""MultiPoint"",""coordinates"":[]}"
35_1_11,0.02413436730957031,27,2.0,2020,"{""type"":""MultiPoint"",""coordinates"":[]}"
35_1_12,20.888896457458443,29,2.0,2020,"{""type"":""MultiPoint"",""coordinates"":[]}"
35_1_13,0.6210065296020505,30,2.0,2020,"{""type"":""MultiPoint"",""coordinates"":[]}"
35_1_14,247.08909117987255,33,2.0,2020,"{""type"":""MultiPoint"",""coordinates"":[]}"
35_1_15,3.5248733695068353,68,2.0,2020,"{""type"":""MultiPoint"",""coordinates"":[]}"
35_2_0,75234.4180609607,3,3.0,2020,"{""type"":""MultiPoint"",""coordinates"":[]}"
35_2_1,11680.464928814155,6,3.0,2020,"{""type"":""MultiPoint"",""coordinates"":[]}"
35_2_2,34.8141329854126,9,3.0,2020,"{""type"":""MultiPoint"",""coordinates"":[]}"
35_2_3,1121.2009850358272,11,3.0,2020,"{""type"":""MultiPoint"",""coordinates"":[]}"
35_2_4,8055.92146885787,12,3.0,2020,"{""type"":""MultiPoint"",""coordinates"":[]}"
35_2_5,636.8190200089806,13,3.0,2020,"{""type"":""MultiPoint"",""coordinates"":[]}"
35_2_6,40055.04448650117,15,3.0,2020,"{""type"":""MultiPoint"",""coordinates"":[]}"
35_2_7,744.7216120147127,18,3.0,2020,"{""type"":""MultiPoint"",""coordinates"":[]}"
35_2_8,6408.078290446729,21,3.0,2020,"{""type"":""MultiPoint"",""coordinates"":[]}"
35_2_9,239.31085910925293,23,3.0,2020,"{""type"":""MultiPoint"",""coordinates"":[]}"
35_2_10,80.86615968664589,24,3.0,2020,"{""type"":""MultiPoint"",""coordinates"":[]}"
35_2_11,91.07700816168214,25,3.0,2020,"{""type"":""MultiPoint"",""coordinates"":[]}"
35_2_12,0.8304564364624037,27,3.0,2020,"{""type"":""MultiPoint"",""coordinates"":[]}"
35_2_13,0.771582151184082,29,3.0,2020,"{""type"":""MultiPoint"",""coordinates"":[]}"
35_2_14,4.61677364398193,30,3.0,2020,"{""type"":""MultiPoint"",""coordinates"":[]}"
35_2_15,2.270276591308597,31,3.0,2020,"{""type"":""MultiPoint"",""coordinates"":[]}"
35_2_16,3028.6717794439087,33,3.0,2020,"{""type"":""MultiPoint"",""coordinates"":[]}"
35_2_17,454.7535258938102,35,3.0,2020,"{""type"":""MultiPoint"",""coordinates"":[]}"
35_2_18,71.3806304439707,68,3.0,2020,"{""type"":""MultiPoint"",""coordinates"":[]}"
35_2_19,0.05262893743896483,75,3.0,2020,"{""type"":""MultiPoint"",""coordinates"":[]}"
35_3_0,67907.28808780036,3,4.0,2020,"{""type"":""MultiPoint"",""coordinates"":[]}"
35_3_1,4917.475463493162,6,4.0,2020,"{""type"":""MultiPoint"",""coordinates"":[]}"
35_3_2,70.76397443542535,11,4.0,2020,"{""type"":""MultiPoint"",""coordinates"":[]}"
35_3_3,74.62083620623731,12,4.0,2020,"{""type"":""MultiPoint"",""coordinates"":[]}"
35_3_4,2261.8130875178767,13,4.0,2020,"{""type"":""MultiPoint"",""coordinates"":[]}"
35_3_5,1539.0630389607393,15,4.0,2020,"{""type"":""MultiPoint"",""coordinates"":[]}"
35_3_6,19.9268120992433,18,4.0,2020,"{""type"":""MultiPoint"",""coordinates"":[]}"
35_3_7,235.58807822363272,21,4.0,2020,"{""type"":""MultiPoint"",""coordinates"":[]}"
35_3_8,18.95481110186768,23,4.0,2020,"{""type"":""MultiPoint"",""coordinates"":[]}"
35_3_9,0.6435002930908202,24,4.0,2020,"{""type"":""MultiPoint"",""coordinates"":[]}"
35_3_10,5.547112822875975,25,4.0,2020,"{""type"":""MultiPoint"",""coordinates"":[]}"
35_3_11,0.029497572082519522,27,4.0,2020,"{""type"":""MultiPoint"",""coordinates"":[]}"
35_3_12,0.07504255749511718,30,4.0,2020,"{""type"":""MultiPoint"",""coordinates"":[]}"
35_3_13,559.5598773601092,33,4.0,2020,"{""type"":""MultiPoint"",""coordinates"":[]}"
35_3_14,7.577828703491207,68,4.0,2020,"{""type"":""MultiPoint"",""coordinates"":[]}"
36_0_0,203315.1353338095,3,1.0,2021,"{""type"":""MultiPoint"",""coordinates"":[]}"
36_0_1,25203.228792880553,6,1.0,2021,"{""type"":""MultiPoint"",""coordinates"":[]}"
36_0_2,3009.6079163985355,11,1.0,2021,"{""type"":""MultiPoint"",""coordinates"":[]}"
36_0_3,4664.133857278314,12,1.0,2021,"{""type"":""MultiPoint"",""coordinates"":[]}"
36_0_4,1165.7172797338512,13,1.0,2021,"{""type"":""MultiPoint"",""coordinates"":[]}"
36_0_5,1435.4537993173922,15,1.0,2021,"{""type"":""MultiPoint"",""coordinates"":[]}"
36_0_6,1308.2201441381246,18,1.0,2021,"{""type"":""MultiPoint"",""coordinates"":[]}"
36_0_7,753.162924575624,21,1.0,2021,"{""type"":""MultiPoint"",""coordinates"":[]}"
36_0_8,30.012618369384583,23,1.0,2021,"{""type"":""MultiPoint"",""coordinates"":[]}"
36_0_9,7.765557793640146,24,1.0,2021,"{""type"":""MultiPoint"",""coordinates"":[]}"
36_0_10,25.683639791931157,25,1.0,2021,"{""type"":""MultiPoint"",""coordinates"":[]}"
36_0_11,8.9177978515625E-4,27,1.0,2021,"{""type"":""MultiPoint"",""coordinates"":[]}"
36_0_12,49.69120177111753,29,1.0,2021,"{""type"":""MultiPoint"",""coordinates"":[]}"
36_0_13,0.5797563596801759,30,1.0,2021,"{""type"":""MultiPoint"",""coordinates"":[]}"
36_0_14,8.938624877929687E-4,31,1.0,2021,"{""type"":""MultiPoint"",""coordinates"":[]}"
36_0_15,1412.8991666409945,33,1.0,2021,"{""type"":""MultiPoint"",""coordinates"":[]}"
36_0_16,0.011608853759765623,35,1.0,2021,"{""type"":""MultiPoint"",""coordinates"":[]}"
36_0_17,352.3659006636183,68,1.0,2021,"{""type"":""MultiPoint"",""coordinates"":[]}"
36_1_0,31617.35114454086,3,2.0,2021,"{""type"":""MultiPoint"",""coordinates"":[]}"
36_1_1,2763.2455454641054,6,2.0,2021,"{""type"":""MultiPoint"",""coordinates"":[]}"
36_1_2,204.77129630487082,11,2.0,2021,"{""type"":""MultiPoint"",""coordinates"":[]}"
36_1_3,0.005343791015625,12,2.0,2021,"{""type"":""MultiPoint"",""coordinates"":[]}"
36_1_4,144.10190720483428,13,2.0,2021,"{""type"":""MultiPoint"",""coordinates"":[]}"
36_1_5,26.596449654663296,15,2.0,2021,"{""type"":""MultiPoint"",""coordinates"":[]}"
36_1_6,95.3215955569457,18,2.0,2021,"{""type"":""MultiPoint"",""coordinates"":[]}"
36_1_7,26.71558774822996,21,2.0,2021,"{""type"":""MultiPoint"",""coordinates"":[]}"
36_1_8,0.44669363958740227,23,2.0,2021,"{""type"":""MultiPoint"",""coordinates"":[]}"
36_1_9,0.4394474011230466,24,2.0,2021,"{""type"":""MultiPoint"",""coordinates"":[]}"
36_1_10,3.6578416095581043,25,2.0,2021,"{""type"":""MultiPoint"",""coordinates"":[]}"
36_1_11,0.02413436730957031,27,2.0,2021,"{""type"":""MultiPoint"",""coordinates"":[]}"
36_1_12,20.80135734564203,29,2.0,2021,"{""type"":""MultiPoint"",""coordinates"":[]}"
36_1_13,0.7693363508911121,30,2.0,2021,"{""type"":""MultiPoint"",""coordinates"":[]}"
36_1_14,250.33878334295832,33,2.0,2021,"{""type"":""MultiPoint"",""coordinates"":[]}"
36_1_15,3.3060878436279304,68,2.0,2021,"{""type"":""MultiPoint"",""coordinates"":[]}"
36_2_0,74709.45848873188,3,3.0,2021,"{""type"":""MultiPoint"",""coordinates"":[]}"
36_2_1,11691.864410451804,6,3.0,2021,"{""type"":""MultiPoint"",""coordinates"":[]}"
36_2_2,43.30187299639903,9,3.0,2021,"{""type"":""MultiPoint"",""coordinates"":[]}"
36_2_3,1106.0245229176016,11,3.0,2021,"{""type"":""MultiPoint"",""coordinates"":[]}"
36_2_4,7929.747870043544,12,3.0,2021,"{""type"":""MultiPoint"",""coordinates"":[]}"
36_2_5,649.4138795188082,13,3.0,2021,"{""type"":""MultiPoint"",""coordinates"":[]}"
36_2_6,40948.725092019886,15,3.0,2021,"{""type"":""MultiPoint"",""coordinates"":[]}"
36_2_7,766.8770415587145,18,3.0,2021,"{""type"":""MultiPoint"",""coordinates"":[]}"
36_2_8,6045.843518106174,21,3.0,2021,"{""type"":""MultiPoint"",""coordinates"":[]}"
36_2_9,278.6312501987296,23,3.0,2021,"{""type"":""MultiPoint"",""coordinates"":[]}"
36_2_10,84.10009995684847,24,3.0,2021,"{""type"":""MultiPoint"",""coordinates"":[]}"
36_2_11,113.66786584442143,25,3.0,2021,"{""type"":""MultiPoint"",""coordinates"":[]}"
36_2_12,0.8304564364624037,27,3.0,2021,"{""type"":""MultiPoint"",""coordinates"":[]}"
36_2_13,0.8010004128417968,29,3.0,2021,"{""type"":""MultiPoint"",""coordinates"":[]}"
36_2_14,5.368151787231446,30,3.0,2021,"{""type"":""MultiPoint"",""coordinates"":[]}"
36_2_15,2.692564918457033,31,3.0,2021,"{""type"":""MultiPoint"",""coordinates"":[]}"
36_2_16,3033.5893502477434,33,3.0,2021,"{""type"":""MultiPoint"",""coordinates"":[]}"
36_2_17,453.00968004078084,35,3.0,2021,"{""type"":""MultiPoint"",""coordinates"":[]}"
36_2_18,82.08313699444683,68,3.0,2021,"{""type"":""MultiPoint"",""coordinates"":[]}"
36_2_19,0.05441294268798827,75,3.0,2021,"{""type"":""MultiPoint"",""coordinates"":[]}"
36_3_0,67706.4077472221,3,4.0,2021,"{""type"":""MultiPoint"",""coordinates"":[]}"
36_3_1,5001.430984355971,6,4.0,2021,"{""type"":""MultiPoint"",""coordinates"":[]}"
36_3_2,74.11674928668276,11,4.0,2021,"{""type"":""MultiPoint"",""coordinates"":[]}"
36_3_3,74.12384670886358,12,4.0,2021,"{""type"":""MultiPoint"",""coordinates"":[]}"
36_3_4,2253.635030400335,13,4.0,2021,"{""type"":""MultiPoint"",""coordinates"":[]}"
36_3_5,1648.3643429668361,15,4.0,2021,"{""type"":""MultiPoint"",""coordinates"":[]}"
36_3_6,21.044994271057227,18,4.0,2021,"{""type"":""MultiPoint"",""coordinates"":[]}"
36_3_7,246.94851346478245,21,4.0,2021,"{""type"":""MultiPoint"",""coordinates"":[]}"
36_3_8,23.440949393432675,23,4.0,2021,"{""type"":""MultiPoint"",""coordinates"":[]}"
36_3_9,0.6122321477661131,24,4.0,2021,"{""type"":""MultiPoint"",""coordinates"":[]}"
36_3_10,3.7556445795288056,25,4.0,2021,"{""type"":""MultiPoint"",""coordinates"":[]}"
36_3_11,0.029497572082519522,27,4.0,2021,"{""type"":""MultiPoint"",""coordinates"":[]}"
36_3_12,0.0875533910522461,30,4.0,2021,"{""type"":""MultiPoint"",""coordinates"":[]}"
36_3_13,561.608481933473,33,4.0,2021,"{""type"":""MultiPoint"",""coordinates"":[]}"
36_3_14,3.3204814530639704,68,4.0,2021,"{""type"":""MultiPoint"",""coordinates"":[]}"
37_0_0,203277.16203677282,3,1.0,2022,"{""type"":""MultiPoint"",""coordinates"":[]}"
37_0_1,25156.48921342688,6,1.0,2022,"{""type"":""MultiPoint"",""coordinates"":[]}"
37_0_2,2979.3151557502747,11,1.0,2022,"{""type"":""MultiPoint"",""coordinates"":[]}"
37_0_3,4678.053983759302,12,1.0,2022,"{""type"":""MultiPoint"",""coordinates"":[]}"
37_0_4,1196.9380348498205,13,1.0,2022,"{""type"":""MultiPoint"",""coordinates"":[]}"
37_0_5,1507.12479572973,15,1.0,2022,"{""type"":""MultiPoint"",""coordinates"":[]}"
37_0_6,1347.4388635912474,18,1.0,2022,"{""type"":""MultiPoint"",""coordinates"":[]}"
37_0_7,726.7198715275891,21,1.0,2022,"{""type"":""MultiPoint"",""coordinates"":[]}"
37_0_8,43.66657148602273,23,1.0,2022,"{""type"":""MultiPoint"",""coordinates"":[]}"
37_0_9,8.063790909362801,24,1.0,2022,"{""type"":""MultiPoint"",""coordinates"":[]}"
37_0_10,24.35198965301516,25,1.0,2022,"{""type"":""MultiPoint"",""coordinates"":[]}"
37_0_11,8.9177978515625E-4,27,1.0,2022,"{""type"":""MultiPoint"",""coordinates"":[]}"
37_0_12,49.85031763659597,29,1.0,2022,"{""type"":""MultiPoint"",""coordinates"":[]}"
37_0_13,0.5689940823364257,30,1.0,2022,"{""type"":""MultiPoint"",""coordinates"":[]}"
37_0_14,0.0017877141723632813,31,1.0,2022,"{""type"":""MultiPoint"",""coordinates"":[]}"
37_0_15,1424.6788893309947,33,1.0,2022,"{""type"":""MultiPoint"",""coordinates"":[]}"
37_0_16,0.011608853759765623,35,1.0,2022,"{""type"":""MultiPoint"",""coordinates"":[]}"
37_0_17,313.23448716502173,68,1.0,2022,"{""type"":""MultiPoint"",""coordinates"":[]}"
37_1_0,31644.420723746996,3,2.0,2022,"{""type"":""MultiPoint"",""coordinates"":[]}"
37_1_1,2723.323611656026,6,2.0,2022,"{""type"":""MultiPoint"",""coordinates"":[]}"
37_1_2,203.67505150085577,11,2.0,2022,"{""type"":""MultiPoint"",""coordinates"":[]}"
37_1_3,0.005343791015625,12,2.0,2022,"{""type"":""MultiPoint"",""coordinates"":[]}"
37_1_4,145.93583778826934,13,2.0,2022,"{""type"":""MultiPoint"",""coordinates"":[]}"
37_1_5,27.447007441589427,15,2.0,2022,"{""type"":""MultiPoint"",""coordinates"":[]}"
37_1_6,102.25816330810564,18,2.0,2022,"{""type"":""MultiPoint"",""coordinates"":[]}"
37_1_7,27.61451518811034,21,2.0,2022,"{""type"":""MultiPoint"",""coordinates"":[]}"
37_1_8,1.3777927597656245,23,2.0,2022,"{""type"":""MultiPoint"",""coordinates"":[]}"
37_1_9,0.4465911800537106,24,2.0,2022,"{""type"":""MultiPoint"",""coordinates"":[]}"
37_1_10,4.061659484191894,25,2.0,2022,"{""type"":""MultiPoint"",""coordinates"":[]}"
37_1_11,0.02413436730957031,27,2.0,2022,"{""type"":""MultiPoint"",""coordinates"":[]}"
37_1_12,21.004119025573644,29,2.0,2022,"{""type"":""MultiPoint"",""coordinates"":[]}"
37_1_13,0.8104603246459954,30,2.0,2022,"{""type"":""MultiPoint"",""coordinates"":[]}"
37_1_14,250.73986170385854,33,2.0,2022,"{""type"":""MultiPoint"",""coordinates"":[]}"
37_1_15,4.747678899841313,68,2.0,2022,"{""type"":""MultiPoint"",""coordinates"":[]}"
37_2_0,73854.19542359596,3,3.0,2022,"{""type"":""MultiPoint"",""coordinates"":[]}"
37_2_1,11567.087264353686,6,3.0,2022,"{""type"":""MultiPoint"",""coordinates"":[]}"
37_2_2,44.915750855774014,9,3.0,2022,"{""type"":""MultiPoint"",""coordinates"":[]}"
37_2_3,1084.150567825745,11,3.0,2022,"{""type"":""MultiPoint"",""coordinates"":[]}"
37_2_4,7813.860517599183,12,3.0,2022,"{""type"":""MultiPoint"",""coordinates"":[]}"
37_2_5,651.8599916447225,13,3.0,2022,"{""type"":""MultiPoint"",""coordinates"":[]}"
37_2_6,42160.3957118359,15,3.0,2022,"{""type"":""MultiPoint"",""coordinates"":[]}"
37_2_7,717.0378096514303,18,3.0,2022,"{""type"":""MultiPoint"",""coordinates"":[]}"
37_2_8,5944.076218047829,21,3.0,2022,"{""type"":""MultiPoint"",""coordinates"":[]}"
37_2_9,320.1636069285266,23,3.0,2022,"{""type"":""MultiPoint"",""coordinates"":[]}"
37_2_10,91.4875814203495,24,3.0,2022,"{""type"":""MultiPoint"",""coordinates"":[]}"
37_2_11,121.77293601373287,25,3.0,2022,"{""type"":""MultiPoint"",""coordinates"":[]}"
37_2_12,0.8304564364624037,27,3.0,2022,"{""type"":""MultiPoint"",""coordinates"":[]}"
37_2_13,0.8063535961914057,29,3.0,2022,"{""type"":""MultiPoint"",""coordinates"":[]}"
37_2_14,6.403061929382324,30,3.0,2022,"{""type"":""MultiPoint"",""coordinates"":[]}"
37_2_15,3.0674270282592793,31,3.0,2022,"{""type"":""MultiPoint"",""coordinates"":[]}"
37_2_16,3017.0684934700284,33,3.0,2022,"{""type"":""MultiPoint"",""coordinates"":[]}"
37_2_17,456.9674219679041,35,3.0,2022,"{""type"":""MultiPoint"",""coordinates"":[]}"
37_2_18,89.88365898156947,68,3.0,2022,"{""type"":""MultiPoint"",""coordinates"":[]}"
37_2_19,0.05441294268798827,75,3.0,2022,"{""type"":""MultiPoint"",""coordinates"":[]}"
37_3_0,67598.05939222829,3,4.0,2022,"{""type"":""MultiPoint"",""coordinates"":[]}"
37_3_1,4951.158859992112,6,4.0,2022,"{""type"":""MultiPoint"",""coordinates"":[]}"
37_3_2,72.40470018878241,11,4.0,2022,"{""type"":""MultiPoint"",""coordinates"":[]}"
37_3_3,74.3533847299215,12,4.0,2022,"{""type"":""MultiPoint"",""coordinates"":[]}"
37_3_4,2259.981496143118,13,4.0,2022,"{""type"":""MultiPoint"",""coordinates"":[]}"
37_3_5,1822.4931389317505,15,4.0,2022,"{""type"":""MultiPoint"",""coordinates"":[]}"
37_3_6,22.262314324035724,18,4.0,2022,"{""type"":""MultiPoint"",""coordinates"":[]}"
37_3_7,223.72719446960397,21,4.0,2022,"{""type"":""MultiPoint"",""coordinates"":[]}"
37_3_8,26.77557564117435,23,4.0,2022,"{""type"":""MultiPoint"",""coordinates"":[]}"
37_3_9,0.6399328101806642,24,4.0,2022,"{""type"":""MultiPoint"",""coordinates"":[]}"
37_3_10,5.134383776794434,25,4.0,2022,"{""type"":""MultiPoint"",""coordinates"":[]}"
37_3_11,0.029497572082519522,27,4.0,2022,"{""type"":""MultiPoint"",""coordinates"":[]}"
37_3_12,0.10364086987304688,30,4.0,2022,"{""type"":""MultiPoint"",""coordinates"":[]}"
37_3_13,558.0769871527724,33,4.0,2022,"{""type"":""MultiPoint"",""coordinates"":[]}"
37_3_14,3.7265503168945378,68,4.0,2022,"{""type"":""MultiPoint"",""coordinates"":[]}"
38_0_0,203042.69875694875,3,1.0,2023,"{""type"":""MultiPoint"",""coordinates"":[]}"
38_0_1,25337.805370463328,6,1.0,2023,"{""type"":""MultiPoint"",""coordinates"":[]}"
38_0_2,2904.408695069497,11,1.0,2023,"{""type"":""MultiPoint"",""coordinates"":[]}"
38_0_3,4683.077618317437,12,1.0,2023,"{""type"":""MultiPoint"",""coordinates"":[]}"
38_0_4,1212.6675610472605,13,1.0,2023,"{""type"":""MultiPoint"",""coordinates"":[]}"
38_0_5,1545.0343942346249,15,1.0,2023,"{""type"":""MultiPoint"",""coordinates"":[]}"
38_0_6,1360.9135730593252,18,1.0,2023,"{""type"":""MultiPoint"",""coordinates"":[]}"
38_0_7,765.5167614628907,21,1.0,2023,"{""type"":""MultiPoint"",""coordinates"":[]}"
38_0_8,35.234550282043315,23,1.0,2023,"{""type"":""MultiPoint"",""coordinates"":[]}"
38_0_9,8.559955680542,24,1.0,2023,"{""type"":""MultiPoint"",""coordinates"":[]}"
38_0_10,22.63034637152101,25,1.0,2023,"{""type"":""MultiPoint"",""coordinates"":[]}"
38_0_11,8.9177978515625E-4,27,1.0,2023,"{""type"":""MultiPoint"",""coordinates"":[]}"
38_0_12,51.0513236333611,29,1.0,2023,"{""type"":""MultiPoint"",""coordinates"":[]}"
38_0_13,0.6064570837402342,30,1.0,2023,"{""type"":""MultiPoint"",""coordinates"":[]}"
38_0_14,0.0017877141723632813,31,1.0,2023,"{""type"":""MultiPoint"",""coordinates"":[]}"
38_0_15,1442.407301464176,33,1.0,2023,"{""type"":""MultiPoint"",""coordinates"":[]}"
38_0_16,0.011608853759765623,35,1.0,2023,"{""type"":""MultiPoint"",""coordinates"":[]}"
38_0_17,321.044330551859,68,1.0,2023,"{""type"":""MultiPoint"",""coordinates"":[]}"
38_1_0,31694.763378704556,3,2.0,2023,"{""type"":""MultiPoint"",""coordinates"":[]}"
38_1_1,2680.939552639086,6,2.0,2023,"{""type"":""MultiPoint"",""coordinates"":[]}"
38_1_2,187.7567986421505,11,2.0,2023,"{""type"":""MultiPoint"",""coordinates"":[]}"
38_1_3,0.005343791015625,12,2.0,2023,"{""type"":""MultiPoint"",""coordinates"":[]}"
38_1_4,148.32802949646043,13,2.0,2023,"{""type"":""MultiPoint"",""coordinates"":[]}"
38_1_5,27.205234021911597,15,2.0,2023,"{""type"":""MultiPoint"",""coordinates"":[]}"
38_1_6,107.4096094384156,18,2.0,2023,"{""type"":""MultiPoint"",""coordinates"":[]}"
38_1_7,28.840913682434042,21,2.0,2023,"{""type"":""MultiPoint"",""coordinates"":[]}"
38_1_8,1.084766700195312,23,2.0,2023,"{""type"":""MultiPoint"",""coordinates"":[]}"
38_1_9,0.48767422705078084,24,2.0,2023,"{""type"":""MultiPoint"",""coordinates"":[]}"
38_1_10,3.9251187369384777,25,2.0,2023,"{""type"":""MultiPoint"",""coordinates"":[]}"
38_1_11,0.02413436730957031,27,2.0,2023,"{""type"":""MultiPoint"",""coordinates"":[]}"
38_1_12,20.935337732177633,29,2.0,2023,"{""type"":""MultiPoint"",""coordinates"":[]}"
38_1_13,1.039181127807617,30,2.0,2023,"{""type"":""MultiPoint"",""coordinates"":[]}"
38_1_14,251.43820172278012,33,2.0,2023,"{""type"":""MultiPoint"",""coordinates"":[]}"
38_1_15,3.7092771358032235,68,2.0,2023,"{""type"":""MultiPoint"",""coordinates"":[]}"
38_2_0,73680.58512626779,3,3.0,2023,"{""type"":""MultiPoint"",""coordinates"":[]}"
38_2_1,11516.59029767133,6,3.0,2023,"{""type"":""MultiPoint"",""coordinates"":[]}"
38_2_2,44.6338531408082,9,3.0,2023,"{""type"":""MultiPoint"",""coordinates"":[]}"
38_2_3,1091.0212537580555,11,3.0,2023,"{""type"":""MultiPoint"",""coordinates"":[]}"
38_2_4,7747.839994695731,12,3.0,2023,"{""type"":""MultiPoint"",""coordinates"":[]}"
38_2_5,656.8462275776421,13,3.0,2023,"{""type"":""MultiPoint"",""coordinates"":[]}"
38_2_6,42314.47485788178,15,3.0,2023,"{""type"":""MultiPoint"",""coordinates"":[]}"
38_2_7,741.6670592612993,18,3.0,2023,"{""type"":""MultiPoint"",""coordinates"":[]}"
38_2_8,6065.706707886189,21,3.0,2023,"{""type"":""MultiPoint"",""coordinates"":[]}"
38_2_9,278.3040830043334,23,3.0,2023,"{""type"":""MultiPoint"",""coordinates"":[]}"
38_2_10,98.62517549853538,24,3.0,2023,"{""type"":""MultiPoint"",""coordinates"":[]}"
38_2_11,105.22325502984646,25,3.0,2023,"{""type"":""MultiPoint"",""coordinates"":[]}"
38_2_12,0.8304564364624037,27,3.0,2023,"{""type"":""MultiPoint"",""coordinates"":[]}"
38_2_13,0.8366553816528319,29,3.0,2023,"{""type"":""MultiPoint"",""coordinates"":[]}"
38_2_14,7.123215696960474,30,3.0,2023,"{""type"":""MultiPoint"",""coordinates"":[]}"
38_2_15,2.9620794104614263,31,3.0,2023,"{""type"":""MultiPoint"",""coordinates"":[]}"
38_2_16,3039.0997156452513,33,3.0,2023,"{""type"":""MultiPoint"",""coordinates"":[]}"
38_2_17,458.13567340863824,35,3.0,2023,"{""type"":""MultiPoint"",""coordinates"":[]}"
38_2_18,95.00959963141003,68,3.0,2023,"{""type"":""MultiPoint"",""coordinates"":[]}"
38_2_19,0.5693788404541024,75,3.0,2023,"{""type"":""MultiPoint"",""coordinates"":[]}"
38_3_0,67741.6276339876,3,4.0,2023,"{""type"":""MultiPoint"",""coordinates"":[]}"
38_3_1,4815.362450338163,6,4.0,2023,"{""type"":""MultiPoint"",""coordinates"":[]}"
38_3_2,68.78128089575303,11,4.0,2023,"{""type"":""MultiPoint"",""coordinates"":[]}"
38_3_3,74.53058192938423,12,4.0,2023,"{""type"":""MultiPoint"",""coordinates"":[]}"
38_3_4,2244.9430888704323,13,4.0,2023,"{""type"":""MultiPoint"",""coordinates"":[]}"
38_3_5,1842.638539364698,15,4.0,2023,"{""type"":""MultiPoint"",""coordinates"":[]}"
38_3_6,16.856733740600642,18,4.0,2023,"{""type"":""MultiPoint"",""coordinates"":[]}"
38_3_7,225.8278422089834,21,4.0,2023,"{""type"":""MultiPoint"",""coordinates"":[]}"
38_3_8,18.116428126464825,23,4.0,2023,"{""type"":""MultiPoint"",""coordinates"":[]}"
38_3_9,0.6747763339233398,24,4.0,2023,"{""type"":""MultiPoint"",""coordinates"":[]}"
38_3_10,2.2875114307861324,25,4.0,2023,"{""type"":""MultiPoint"",""coordinates"":[]}"
38_3_11,0.029497572082519522,27,4.0,2023,"{""type"":""MultiPoint"",""coordinates"":[]}"
38_3_12,0.3037517930908203,30,4.0,2023,"{""type"":""MultiPoint"",""coordinates"":[]}"
38_3_13,561.7368197418841,33,4.0,2023,"{""type"":""MultiPoint"",""coordinates"":[]}"
38_3_14,5.21011281262208,68,4.0,2023,"{""type"":""MultiPoint"",""coordinates"":[]}"
39_0_0,203540.67446946673,3,1.0,2024,"{""type"":""MultiPoint"",""coordinates"":[]}"
39_0_1,24820.004552045204,6,1.0,2024,"{""type"":""MultiPoint"",""coordinates"":[]}"
39_0_2,3003.5466049788947,11,1.0,2024,"{""type"":""MultiPoint"",""coordinates"":[]}"
39_0_3,4596.216334156747,12,1.0,2024,"{""type"":""MultiPoint"",""coordinates"":[]}"
39_0_4,1226.91564592088,13,1.0,2024,"{""type"":""MultiPoint"",""coordinates"":[]}"
39_0_5,1596.993029529541,15,1.0,2024,"{""type"":""MultiPoint"",""coordinates"":[]}"
39_0_6,1329.3003911765109,18,1.0,2024,"{""type"":""MultiPoint"",""coordinates"":[]}"
39_0_7,729.5615573378312,21,1.0,2024,"{""type"":""MultiPoint"",""coordinates"":[]}"
39_0_8,45.67325994171118,23,1.0,2024,"{""type"":""MultiPoint"",""coordinates"":[]}"
39_0_9,9.268687817382819,24,1.0,2024,"{""type"":""MultiPoint"",""coordinates"":[]}"
39_0_10,25.8147888422241,25,1.0,2024,"{""type"":""MultiPoint"",""coordinates"":[]}"
39_0_11,8.9177978515625E-4,27,1.0,2024,"{""type"":""MultiPoint"",""coordinates"":[]}"
39_0_12,51.79338746594172,29,1.0,2024,"{""type"":""MultiPoint"",""coordinates"":[]}"
39_0_13,0.5769521318969723,30,1.0,2024,"{""type"":""MultiPoint"",""coordinates"":[]}"
39_0_14,0.0017877141723632813,31,1.0,2024,"{""type"":""MultiPoint"",""coordinates"":[]}"
39_0_15,1421.0848643298975,33,1.0,2024,"{""type"":""MultiPoint"",""coordinates"":[]}"
39_0_16,0.011608853759765623,35,1.0,2024,"{""type"":""MultiPoint"",""coordinates"":[]}"
39_0_17,336.23247053037505,68,1.0,2024,"{""type"":""MultiPoint"",""coordinates"":[]}"
39_1_0,31756.733903971985,3,2.0,2024,"{""type"":""MultiPoint"",""coordinates"":[]}"
39_1_1,2628.2165617576634,6,2.0,2024,"{""type"":""MultiPoint"",""coordinates"":[]}"
39_1_2,169.5960452291867,11,2.0,2024,"{""type"":""MultiPoint"",""coordinates"":[]}"
39_1_3,0.0035625279541015623,12,2.0,2024,"{""type"":""MultiPoint"",""coordinates"":[]}"
39_1_4,150.26744867974895,13,2.0,2024,"{""type"":""MultiPoint"",""coordinates"":[]}"
39_1_5,28.915691825195278,15,2.0,2024,"{""type"":""MultiPoint"",""coordinates"":[]}"
39_1_6,110.68971777819802,18,2.0,2024,"{""type"":""MultiPoint"",""coordinates"":[]}"
39_1_7,30.25811832586676,21,2.0,2024,"{""type"":""MultiPoint"",""coordinates"":[]}"
39_1_8,0.8389985126342768,23,2.0,2024,"{""type"":""MultiPoint"",""coordinates"":[]}"
39_1_9,0.47782923712158165,24,2.0,2024,"{""type"":""MultiPoint"",""coordinates"":[]}"
39_1_10,2.644969686767579,25,2.0,2024,"{""type"":""MultiPoint"",""coordinates"":[]}"
39_1_11,0.02413436730957031,27,2.0,2024,"{""type"":""MultiPoint"",""coordinates"":[]}"
39_1_12,21.564182330383208,29,2.0,2024,"{""type"":""MultiPoint"",""coordinates"":[]}"
39_1_13,0.8801337799682616,30,2.0,2024,"{""type"":""MultiPoint"",""coordinates"":[]}"
39_1_14,251.91173520105104,33,2.0,2024,"{""type"":""MultiPoint"",""coordinates"":[]}"
39_1_15,4.869518955017086,68,2.0,2024,"{""type"":""MultiPoint"",""coordinates"":[]}"
39_2_0,73252.05003074234,3,3.0,2024,"{""type"":""MultiPoint"",""coordinates"":[]}"
39_2_1,11422.24756988137,6,3.0,2024,"{""type"":""MultiPoint"",""coordinates"":[]}"
39_2_2,44.641865908874564,9,3.0,2024,"{""type"":""MultiPoint"",""coordinates"":[]}"
39_2_3,975.6729157991962,11,3.0,2024,"{""type"":""MultiPoint"",""coordinates"":[]}"
39_2_4,7765.981915238641,12,3.0,2024,"{""type"":""MultiPoint"",""coordinates"":[]}"
39_2_5,647.3483597800902,13,3.0,2024,"{""type"":""MultiPoint"",""coordinates"":[]}"
39_2_6,43028.25976485725,15,3.0,2024,"{""type"":""MultiPoint"",""coordinates"":[]}"
39_2_7,746.0124051577753,18,3.0,2024,"{""type"":""MultiPoint"",""coordinates"":[]}"
39_2_8,5942.496628642744,21,3.0,2024,"{""type"":""MultiPoint"",""coordinates"":[]}"
39_2_9,337.8312747172239,23,3.0,2024,"{""type"":""MultiPoint"",""coordinates"":[]}"
39_2_10,104.36618575061058,24,3.0,2024,"{""type"":""MultiPoint"",""coordinates"":[]}"
39_2_11,112.82858553277617,25,3.0,2024,"{""type"":""MultiPoint"",""coordinates"":[]}"
39_2_12,0.8304564364624037,27,3.0,2024,"{""type"":""MultiPoint"",""coordinates"":[]}"
39_2_13,0.8535856934814452,29,3.0,2024,"{""type"":""MultiPoint"",""coordinates"":[]}"
39_2_14,7.883013470397965,30,3.0,2024,"{""type"":""MultiPoint"",""coordinates"":[]}"
39_2_15,2.9075284465942395,31,3.0,2024,"{""type"":""MultiPoint"",""coordinates"":[]}"
39_2_16,2950.317284525943,33,3.0,2024,"{""type"":""MultiPoint"",""coordinates"":[]}"
39_2_17,501.0779457324338,35,3.0,2024,"{""type"":""MultiPoint"",""coordinates"":[]}"
39_2_18,101.87757596093857,68,3.0,2024,"{""type"":""MultiPoint"",""coordinates"":[]}"
39_2_19,0.5997738507080086,75,3.0,2024,"{""type"":""MultiPoint"",""coordinates"":[]}"
39_3_0,67846.2048704785,3,4.0,2024,"{""type"":""MultiPoint"",""coordinates"":[]}"
39_3_1,4647.172067788905,6,4.0,2024,"{""type"":""MultiPoint"",""coordinates"":[]}"
39_3_2,71.50423410858212,11,4.0,2024,"{""type"":""MultiPoint"",""coordinates"":[]}"
39_3_3,74.3607955255148,12,4.0,2024,"{""type"":""MultiPoint"",""coordinates"":[]}"
39_3_4,2240.6324044264757,13,4.0,2024,"{""type"":""MultiPoint"",""coordinates"":[]}"
39_3_5,1913.3567932486967,15,4.0,2024,"{""type"":""MultiPoint"",""coordinates"":[]}"
39_3_6,22.202875152099672,18,4.0,2024,"{""type"":""MultiPoint"",""coordinates"":[]}"
39_3_7,216.48282767816067,21,4.0,2024,"{""type"":""MultiPoint"",""coordinates"":[]}"
39_3_8,20.839388921203614,23,4.0,2024,"{""type"":""MultiPoint"",""coordinates"":[]}"
39_3_9,0.8838266463012697,24,4.0,2024,"{""type"":""MultiPoint"",""coordinates"":[]}"
39_3_10,2.485539334960938,25,4.0,2024,"{""type"":""MultiPoint"",""coordinates"":[]}"
39_3_11,0.029497572082519522,27,4.0,2024,"{""type"":""MultiPoint"",""coordinates"":[]}"
39_3_12,0.3091182267456054,30,4.0,2024,"{""type"":""MultiPoint"",""coordinates"":[]}"
39_3_13,555.5014079390888,33,4.0,2024,"{""type"":""MultiPoint"",""coordinates"":[]}"
39_3_14,6.961402099792482,68,4.0,2024,"{""type"":""MultiPoint"",""coordinates"":[]}"
