system:index,area,class,territory,year,.geo
0_0_0,22.836352002990616,3,1.0,1985,"{""type"":""MultiPoint"",""coordinates"":[]}"
0_0_1,0.0035745987548828125,25,1.0,1985,"{""type"":""MultiPoint"",""coordinates"":[]}"
0_1_0,8791.531903767367,3,2.0,1985,"{""type"":""MultiPoint"",""coordinates"":[]}"
0_1_1,885.5467734335828,6,2.0,1985,"{""type"":""MultiPoint"",""coordinates"":[]}"
0_1_2,5.139249918457034,11,2.0,1985,"{""type"":""MultiPoint"",""coordinates"":[]}"
0_1_3,0.619194512695313,13,2.0,1985,"{""type"":""MultiPoint"",""coordinates"":[]}"
0_1_4,0.0714783372802734,18,2.0,1985,"{""type"":""MultiPoint"",""coordinates"":[]}"
0_1_5,0.03484557250976563,21,2.0,1985,"{""type"":""MultiPoint"",""coordinates"":[]}"
0_1_6,0.09112343945312511,24,2.0,1985,"{""type"":""MultiPoint"",""coordinates"":[]}"
0_1_7,0.2421016720581063,25,2.0,1985,"{""type"":""MultiPoint"",""coordinates"":[]}"
0_1_8,25.889498094116167,33,2.0,1985,"{""type"":""MultiPoint"",""coordinates"":[]}"
0_2_0,9413.735709099996,3,3.0,1985,"{""type"":""MultiPoint"",""coordinates"":[]}"
0_2_1,834.2769593336104,6,3.0,1985,"{""type"":""MultiPoint"",""coordinates"":[]}"
0_2_2,61.8650721003415,11,3.0,1985,"{""type"":""MultiPoint"",""coordinates"":[]}"
0_2_3,1.3971553308715814,13,3.0,1985,"{""type"":""MultiPoint"",""coordinates"":[]}"
0_2_4,10.413080681518577,18,3.0,1985,"{""type"":""MultiPoint"",""coordinates"":[]}"
0_2_5,0.9984929703979493,21,3.0,1985,"{""type"":""MultiPoint"",""coordinates"":[]}"
0_2_6,0.4335318674926758,23,3.0,1985,"{""type"":""MultiPoint"",""coordinates"":[]}"
0_2_7,0.32626276458740233,25,3.0,1985,"{""type"":""MultiPoint"",""coordinates"":[]}"
0_2_8,223.1581467539079,33,3.0,1985,"{""type"":""MultiPoint"",""coordinates"":[]}"
0_3_0,4845.9012579295895,3,4.0,1985,"{""type"":""MultiPoint"",""coordinates"":[]}"
0_3_1,569.6815885130513,6,4.0,1985,"{""type"":""MultiPoint"",""coordinates"":[]}"
0_3_2,63.14644527056902,11,4.0,1985,"{""type"":""MultiPoint"",""coordinates"":[]}"
0_3_3,0.07686275073242188,13,4.0,1985,"{""type"":""MultiPoint"",""coordinates"":[]}"
0_3_4,2.593691249206544,18,4.0,1985,"{""type"":""MultiPoint"",""coordinates"":[]}"
0_3_5,0.007150035705566407,21,4.0,1985,"{""type"":""MultiPoint"",""coordinates"":[]}"
0_3_6,0.041111373352050805,23,4.0,1985,"{""type"":""MultiPoint"",""coordinates"":[]}"
0_3_7,0.013405672790527342,25,4.0,1985,"{""type"":""MultiPoint"",""coordinates"":[]}"
0_3_8,113.23753098864702,33,4.0,1985,"{""type"":""MultiPoint"",""coordinates"":[]}"
0_4_0,1993.7848294513644,3,5.0,1985,"{""type"":""MultiPoint"",""coordinates"":[]}"
0_4_1,58.820885914673205,6,5.0,1985,"{""type"":""MultiPoint"",""coordinates"":[]}"
0_4_2,0.021434649169921886,11,5.0,1985,"{""type"":""MultiPoint"",""coordinates"":[]}"
0_4_3,0.10004661431884751,12,5.0,1985,"{""type"":""MultiPoint"",""coordinates"":[]}"
0_4_4,11.284076515869133,15,5.0,1985,"{""type"":""MultiPoint"",""coordinates"":[]}"
0_4_5,0.04644570208740235,18,5.0,1985,"{""type"":""MultiPoint"",""coordinates"":[]}"
0_4_6,5.64764116192626,21,5.0,1985,"{""type"":""MultiPoint"",""coordinates"":[]}"
0_4_7,2.2702369766845716,23,5.0,1985,"{""type"":""MultiPoint"",""coordinates"":[]}"
0_4_8,0.03126335955810547,25,5.0,1985,"{""type"":""MultiPoint"",""coordinates"":[]}"
0_4_9,17.573826548461806,33,5.0,1985,"{""type"":""MultiPoint"",""coordinates"":[]}"
0_5_0,2551.9729032964747,3,6.0,1985,"{""type"":""MultiPoint"",""coordinates"":[]}"
0_5_1,116.67813623791648,6,6.0,1985,"{""type"":""MultiPoint"",""coordinates"":[]}"
0_5_2,1.608149762878417,11,6.0,1985,"{""type"":""MultiPoint"",""coordinates"":[]}"
0_5_3,0.228444158569336,13,6.0,1985,"{""type"":""MultiPoint"",""coordinates"":[]}"
0_5_4,5.06620703643801,18,6.0,1985,"{""type"":""MultiPoint"",""coordinates"":[]}"
0_5_5,0.0803186011352539,21,6.0,1985,"{""type"":""MultiPoint"",""coordinates"":[]}"
0_5_6,0.05531843188476562,25,6.0,1985,"{""type"":""MultiPoint"",""coordinates"":[]}"
0_5_7,5.6150232308349475,33,6.0,1985,"{""type"":""MultiPoint"",""coordinates"":[]}"
0_5_8,0.051773858703613285,68,6.0,1985,"{""type"":""MultiPoint"",""coordinates"":[]}"
0_6_0,935.0030406019655,3,7.0,1985,"{""type"":""MultiPoint"",""coordinates"":[]}"
0_6_1,0.014300629150390626,15,7.0,1985,"{""type"":""MultiPoint"",""coordinates"":[]}"
0_6_2,3.409790246215811,21,7.0,1985,"{""type"":""MultiPoint"",""coordinates"":[]}"
0_6_3,0.05273428643798827,23,7.0,1985,"{""type"":""MultiPoint"",""coordinates"":[]}"
0_6_4,0.1438953063964844,25,7.0,1985,"{""type"":""MultiPoint"",""coordinates"":[]}"
0_6_5,2.9092333829345725,33,7.0,1985,"{""type"":""MultiPoint"",""coordinates"":[]}"
0_7_0,3879.2923063523167,3,8.0,1985,"{""type"":""MultiPoint"",""coordinates"":[]}"
0_7_1,437.804956632285,6,8.0,1985,"{""type"":""MultiPoint"",""coordinates"":[]}"
0_7_2,36.10405180530499,11,8.0,1985,"{""type"":""MultiPoint"",""coordinates"":[]}"
0_7_3,0.29858764489746115,13,8.0,1985,"{""type"":""MultiPoint"",""coordinates"":[]}"
0_7_4,22.62815871490474,15,8.0,1985,"{""type"":""MultiPoint"",""coordinates"":[]}"
0_7_5,13.271017343200858,21,8.0,1985,"{""type"":""MultiPoint"",""coordinates"":[]}"
0_7_6,0.07509376690673823,23,8.0,1985,"{""type"":""MultiPoint"",""coordinates"":[]}"
0_7_7,2.7543239739379937,25,8.0,1985,"{""type"":""MultiPoint"",""coordinates"":[]}"
0_7_8,17.056939551880053,33,8.0,1985,"{""type"":""MultiPoint"",""coordinates"":[]}"
0_8_0,16.161641342346336,3,9.0,1985,"{""type"":""MultiPoint"",""coordinates"":[]}"
0_8_1,0.027697828796386718,11,9.0,1985,"{""type"":""MultiPoint"",""coordinates"":[]}"
0_8_2,14.002983661438028,13,9.0,1985,"{""type"":""MultiPoint"",""coordinates"":[]}"
0_8_3,0.008041455139160157,21,9.0,1985,"{""type"":""MultiPoint"",""coordinates"":[]}"
0_8_4,0.035740157897949244,25,9.0,1985,"{""type"":""MultiPoint"",""coordinates"":[]}"
0_8_5,0.221589818115234,33,9.0,1985,"{""type"":""MultiPoint"",""coordinates"":[]}"
0_9_0,37824.65200011553,3,10.0,1985,"{""type"":""MultiPoint"",""coordinates"":[]}"
0_9_1,3085.574817231043,6,10.0,1985,"{""type"":""MultiPoint"",""coordinates"":[]}"
0_9_2,11.307588767639166,11,10.0,1985,"{""type"":""MultiPoint"",""coordinates"":[]}"
0_9_3,43.241862005799895,12,10.0,1985,"{""type"":""MultiPoint"",""coordinates"":[]}"
0_9_4,1428.9957717726932,13,10.0,1985,"{""type"":""MultiPoint"",""coordinates"":[]}"
0_9_5,8.336361258972168,15,10.0,1985,"{""type"":""MultiPoint"",""coordinates"":[]}"
0_9_6,9.628281042053205,18,10.0,1985,"{""type"":""MultiPoint"",""coordinates"":[]}"
0_9_7,16.95721167248536,21,10.0,1985,"{""type"":""MultiPoint"",""coordinates"":[]}"
0_9_8,7.45047257818603,23,10.0,1985,"{""type"":""MultiPoint"",""coordinates"":[]}"
0_9_9,0.1466109985351562,24,10.0,1985,"{""type"":""MultiPoint"",""coordinates"":[]}"
0_9_10,2.9231666036987294,25,10.0,1985,"{""type"":""MultiPoint"",""coordinates"":[]}"
0_9_11,255.3369482602538,33,10.0,1985,"{""type"":""MultiPoint"",""coordinates"":[]}"
0_10_0,5542.897704384467,3,11.0,1985,"{""type"":""MultiPoint"",""coordinates"":[]}"
0_10_1,349.2538154624069,6,11.0,1985,"{""type"":""MultiPoint"",""coordinates"":[]}"
0_10_2,1.1263104891967786,11,11.0,1985,"{""type"":""MultiPoint"",""coordinates"":[]}"
0_10_3,67.92386902185197,12,11.0,1985,"{""type"":""MultiPoint"",""coordinates"":[]}"
0_10_4,121.44222669299185,13,11.0,1985,"{""type"":""MultiPoint"",""coordinates"":[]}"
0_10_5,86.35773043414247,15,11.0,1985,"{""type"":""MultiPoint"",""coordinates"":[]}"
0_10_6,17.047858640930176,21,11.0,1985,"{""type"":""MultiPoint"",""coordinates"":[]}"
0_10_7,2.6991806060790955,23,11.0,1985,"{""type"":""MultiPoint"",""coordinates"":[]}"
0_10_8,0.7373559082031252,25,11.0,1985,"{""type"":""MultiPoint"",""coordinates"":[]}"
0_10_9,29.644392978881772,33,11.0,1985,"{""type"":""MultiPoint"",""coordinates"":[]}"
0_11_0,557.7611850783277,3,12.0,1985,"{""type"":""MultiPoint"",""coordinates"":[]}"
0_11_1,0.11438402728271477,11,12.0,1985,"{""type"":""MultiPoint"",""coordinates"":[]}"
0_11_2,26.389187049133376,13,12.0,1985,"{""type"":""MultiPoint"",""coordinates"":[]}"
0_11_3,0.0777497155761719,15,12.0,1985,"{""type"":""MultiPoint"",""coordinates"":[]}"
0_11_4,1.6202308207397453,21,12.0,1985,"{""type"":""MultiPoint"",""coordinates"":[]}"
0_11_5,0.02591675512695312,23,12.0,1985,"{""type"":""MultiPoint"",""coordinates"":[]}"
0_11_6,0.059874870788574217,25,12.0,1985,"{""type"":""MultiPoint"",""coordinates"":[]}"
0_11_7,0.19571742291259753,33,12.0,1985,"{""type"":""MultiPoint"",""coordinates"":[]}"
0_11_8,0.47721909503173876,68,12.0,1985,"{""type"":""MultiPoint"",""coordinates"":[]}"
0_12_0,1.0785572589111518,11,13.0,1985,"{""type"":""MultiPoint"",""coordinates"":[]}"
0_12_1,0.04275034399414064,12,13.0,1985,"{""type"":""MultiPoint"",""coordinates"":[]}"
0_13_0,898.6916616480855,3,14.0,1985,"{""type"":""MultiPoint"",""coordinates"":[]}"
0_13_1,618.7130510477683,13,14.0,1985,"{""type"":""MultiPoint"",""coordinates"":[]}"
0_13_2,0.4299534046020508,15,14.0,1985,"{""type"":""MultiPoint"",""coordinates"":[]}"
0_13_3,12.16128868066401,21,14.0,1985,"{""type"":""MultiPoint"",""coordinates"":[]}"
0_13_4,1.9337244278564474,23,14.0,1985,"{""type"":""MultiPoint"",""coordinates"":[]}"
0_13_5,0.06957336499023441,25,14.0,1985,"{""type"":""MultiPoint"",""coordinates"":[]}"
0_13_6,6.923293018554693,33,14.0,1985,"{""type"":""MultiPoint"",""coordinates"":[]}"
0_13_7,0.37729677050781263,68,14.0,1985,"{""type"":""MultiPoint"",""coordinates"":[]}"
0_14_0,761.9500722846793,3,15.0,1985,"{""type"":""MultiPoint"",""coordinates"":[]}"
0_14_1,0.14210043347167964,15,15.0,1985,"{""type"":""MultiPoint"",""coordinates"":[]}"
0_14_2,1.8115731283569354,21,15.0,1985,"{""type"":""MultiPoint"",""coordinates"":[]}"
0_14_3,0.030386904357910145,23,15.0,1985,"{""type"":""MultiPoint"",""coordinates"":[]}"
0_14_4,0.19214505151367198,25,15.0,1985,"{""type"":""MultiPoint"",""coordinates"":[]}"
0_14_5,0.057198886169433596,33,15.0,1985,"{""type"":""MultiPoint"",""coordinates"":[]}"
0_15_0,2835.7541527883923,3,16.0,1985,"{""type"":""MultiPoint"",""coordinates"":[]}"
0_15_1,4.914522432189926,6,16.0,1985,"{""type"":""MultiPoint"",""coordinates"":[]}"
0_15_2,24.649632406188857,13,16.0,1985,"{""type"":""MultiPoint"",""coordinates"":[]}"
0_15_3,0.4116415692749027,15,16.0,1985,"{""type"":""MultiPoint"",""coordinates"":[]}"
0_15_4,3.952063036071777,21,16.0,1985,"{""type"":""MultiPoint"",""coordinates"":[]}"
0_15_5,3.4929595021362285,23,16.0,1985,"{""type"":""MultiPoint"",""coordinates"":[]}"
0_15_6,0.1348399483032227,25,16.0,1985,"{""type"":""MultiPoint"",""coordinates"":[]}"
0_15_7,8.443521427673348,33,16.0,1985,"{""type"":""MultiPoint"",""coordinates"":[]}"
0_16_0,0.2600953327636722,3,17.0,1985,"{""type"":""MultiPoint"",""coordinates"":[]}"
0_16_1,0.020557215393066416,21,17.0,1985,"{""type"":""MultiPoint"",""coordinates"":[]}"
0_17_0,351.4429769692795,3,18.0,1985,"{""type"":""MultiPoint"",""coordinates"":[]}"
0_17_1,5.776374409362794,13,18.0,1985,"{""type"":""MultiPoint"",""coordinates"":[]}"
0_17_2,4.1203191771240135,15,18.0,1985,"{""type"":""MultiPoint"",""coordinates"":[]}"
0_17_3,15.582081405700647,21,18.0,1985,"{""type"":""MultiPoint"",""coordinates"":[]}"
0_17_4,0.09742171667480469,23,18.0,1985,"{""type"":""MultiPoint"",""coordinates"":[]}"
0_17_5,0.3029901286621091,25,18.0,1985,"{""type"":""MultiPoint"",""coordinates"":[]}"
0_17_6,0.2618742639770506,33,18.0,1985,"{""type"":""MultiPoint"",""coordinates"":[]}"
0_17_7,0.27260096545410145,68,18.0,1985,"{""type"":""MultiPoint"",""coordinates"":[]}"
0_18_0,307.144931160484,3,19.0,1985,"{""type"":""MultiPoint"",""coordinates"":[]}"
0_18_1,21.970728799743508,11,19.0,1985,"{""type"":""MultiPoint"",""coordinates"":[]}"
0_18_2,56.825827957640456,13,19.0,1985,"{""type"":""MultiPoint"",""coordinates"":[]}"
0_18_3,0.41829745794677675,15,19.0,1985,"{""type"":""MultiPoint"",""coordinates"":[]}"
0_18_4,1.020738206420899,18,19.0,1985,"{""type"":""MultiPoint"",""coordinates"":[]}"
0_18_5,70.71064982196278,21,19.0,1985,"{""type"":""MultiPoint"",""coordinates"":[]}"
0_18_6,0.07597349664306642,24,19.0,1985,"{""type"":""MultiPoint"",""coordinates"":[]}"
0_18_7,0.4254589281005865,25,19.0,1985,"{""type"":""MultiPoint"",""coordinates"":[]}"
0_18_8,0.053631939392089836,27,19.0,1985,"{""type"":""MultiPoint"",""coordinates"":[]}"
0_18_9,41.45081828253323,33,19.0,1985,"{""type"":""MultiPoint"",""coordinates"":[]}"
0_19_0,154.06042386034642,3,20.0,1985,"{""type"":""MultiPoint"",""coordinates"":[]}"
0_19_1,19.988510836670233,6,20.0,1985,"{""type"":""MultiPoint"",""coordinates"":[]}"
0_19_2,0.3661885328979496,11,20.0,1985,"{""type"":""MultiPoint"",""coordinates"":[]}"
0_19_3,71.10513342504629,13,20.0,1985,"{""type"":""MultiPoint"",""coordinates"":[]}"
0_19_4,31.759702841674887,15,20.0,1985,"{""type"":""MultiPoint"",""coordinates"":[]}"
0_19_5,8.931747436523437E-4,18,20.0,1985,"{""type"":""MultiPoint"",""coordinates"":[]}"
0_19_6,5.596350839050317,21,20.0,1985,"{""type"":""MultiPoint"",""coordinates"":[]}"
0_19_7,0.19290509826660174,23,20.0,1985,"{""type"":""MultiPoint"",""coordinates"":[]}"
0_19_8,0.9476142362060559,25,20.0,1985,"{""type"":""MultiPoint"",""coordinates"":[]}"
0_19_9,0.3045407483520506,33,20.0,1985,"{""type"":""MultiPoint"",""coordinates"":[]}"
0_20_0,60.69001300812017,3,21.0,1985,"{""type"":""MultiPoint"",""coordinates"":[]}"
0_20_1,8.932821655273438E-4,6,21.0,1985,"{""type"":""MultiPoint"",""coordinates"":[]}"
0_20_2,0.028584357360839845,13,21.0,1985,"{""type"":""MultiPoint"",""coordinates"":[]}"
0_20_3,9.469343281433076,15,21.0,1985,"{""type"":""MultiPoint"",""coordinates"":[]}"
0_20_4,0.5940100618286137,21,21.0,1985,"{""type"":""MultiPoint"",""coordinates"":[]}"
0_20_5,0.003573120788574219,25,21.0,1985,"{""type"":""MultiPoint"",""coordinates"":[]}"
0_21_0,9843.195659520416,3,22.0,1985,"{""type"":""MultiPoint"",""coordinates"":[]}"
0_21_1,963.8637531742629,6,22.0,1985,"{""type"":""MultiPoint"",""coordinates"":[]}"
0_21_2,4.286334527832016,11,22.0,1985,"{""type"":""MultiPoint"",""coordinates"":[]}"
0_21_3,20.2285241044922,13,22.0,1985,"{""type"":""MultiPoint"",""coordinates"":[]}"
0_21_4,25.486469796264558,18,22.0,1985,"{""type"":""MultiPoint"",""coordinates"":[]}"
0_21_5,2.846033728759772,21,22.0,1985,"{""type"":""MultiPoint"",""coordinates"":[]}"
0_21_6,1.7244017500610358,23,22.0,1985,"{""type"":""MultiPoint"",""coordinates"":[]}"
0_21_7,0.06610499859619143,24,22.0,1985,"{""type"":""MultiPoint"",""coordinates"":[]}"
0_21_8,1.368350391662598,25,22.0,1985,"{""type"":""MultiPoint"",""coordinates"":[]}"
0_21_9,18.291725747985836,29,22.0,1985,"{""type"":""MultiPoint"",""coordinates"":[]}"
0_21_10,80.17682154113768,33,22.0,1985,"{""type"":""MultiPoint"",""coordinates"":[]}"
0_21_11,2.56430084906006,68,22.0,1985,"{""type"":""MultiPoint"",""coordinates"":[]}"
0_22_0,7945.04201178092,3,23.0,1985,"{""type"":""MultiPoint"",""coordinates"":[]}"
0_22_1,546.3134147191856,6,23.0,1985,"{""type"":""MultiPoint"",""coordinates"":[]}"
0_22_2,0.08220989880371095,11,23.0,1985,"{""type"":""MultiPoint"",""coordinates"":[]}"
0_22_3,214.17232724139123,13,23.0,1985,"{""type"":""MultiPoint"",""coordinates"":[]}"
0_22_4,13.363151066223157,15,23.0,1985,"{""type"":""MultiPoint"",""coordinates"":[]}"
0_22_5,1.7557545675659134,18,23.0,1985,"{""type"":""MultiPoint"",""coordinates"":[]}"
0_22_6,10.962581535034179,21,23.0,1985,"{""type"":""MultiPoint"",""coordinates"":[]}"
0_22_7,0.3975358919067383,23,23.0,1985,"{""type"":""MultiPoint"",""coordinates"":[]}"
0_22_8,0.04735585919189455,24,23.0,1985,"{""type"":""MultiPoint"",""coordinates"":[]}"
0_22_9,0.34041725939941375,25,23.0,1985,"{""type"":""MultiPoint"",""coordinates"":[]}"
0_22_10,40.777174475219894,33,23.0,1985,"{""type"":""MultiPoint"",""coordinates"":[]}"
0_22_11,1.0276159660034194,68,23.0,1985,"{""type"":""MultiPoint"",""coordinates"":[]}"
0_23_0,105.23774294848619,3,25.0,1985,"{""type"":""MultiPoint"",""coordinates"":[]}"
0_23_1,0.3334253893432616,33,25.0,1985,"{""type"":""MultiPoint"",""coordinates"":[]}"
1_0_0,22.836352002990616,3,1.0,1986,"{""type"":""MultiPoint"",""coordinates"":[]}"
1_0_1,0.0035745987548828125,25,1.0,1986,"{""type"":""MultiPoint"",""coordinates"":[]}"
1_1_0,8799.509469763472,3,2.0,1986,"{""type"":""MultiPoint"",""coordinates"":[]}"
1_1_1,877.1591026470513,6,2.0,1986,"{""type"":""MultiPoint"",""coordinates"":[]}"
1_1_2,5.15086185449219,11,2.0,1986,"{""type"":""MultiPoint"",""coordinates"":[]}"
1_1_3,0.9542550462036146,13,2.0,1986,"{""type"":""MultiPoint"",""coordinates"":[]}"
1_1_4,0.05807611761474604,18,2.0,1986,"{""type"":""MultiPoint"",""coordinates"":[]}"
1_1_5,0.06433023217773437,21,2.0,1986,"{""type"":""MultiPoint"",""coordinates"":[]}"
1_1_6,0.35109242926025397,24,2.0,1986,"{""type"":""MultiPoint"",""coordinates"":[]}"
1_1_7,25.91898065747066,33,2.0,1986,"{""type"":""MultiPoint"",""coordinates"":[]}"
1_2_0,9429.083190427902,3,3.0,1986,"{""type"":""MultiPoint"",""coordinates"":[]}"
1_2_1,816.4355986448343,6,3.0,1986,"{""type"":""MultiPoint"",""coordinates"":[]}"
1_2_2,61.68003295996068,11,3.0,1986,"{""type"":""MultiPoint"",""coordinates"":[]}"
1_2_3,1.455261852172851,13,3.0,1986,"{""type"":""MultiPoint"",""coordinates"":[]}"
1_2_4,10.823389759582566,18,3.0,1986,"{""type"":""MultiPoint"",""coordinates"":[]}"
1_2_5,1.0950364274291993,21,3.0,1986,"{""type"":""MultiPoint"",""coordinates"":[]}"
1_2_6,0.03039294793701172,23,3.0,1986,"{""type"":""MultiPoint"",""coordinates"":[]}"
1_2_7,0.07419704150390623,25,3.0,1986,"{""type"":""MultiPoint"",""coordinates"":[]}"
1_2_8,225.92731084149457,33,3.0,1986,"{""type"":""MultiPoint"",""coordinates"":[]}"
1_3_0,4859.36968458484,3,4.0,1986,"{""type"":""MultiPoint"",""coordinates"":[]}"
1_3_1,554.9422977418546,6,4.0,1986,"{""type"":""MultiPoint"",""coordinates"":[]}"
1_3_2,64.27967208270208,11,4.0,1986,"{""type"":""MultiPoint"",""coordinates"":[]}"
1_3_3,0.11797384210205072,13,4.0,1986,"{""type"":""MultiPoint"",""coordinates"":[]}"
1_3_4,2.6428481517334,18,4.0,1986,"{""type"":""MultiPoint"",""coordinates"":[]}"
1_3_5,0.008937558837890627,21,4.0,1986,"{""type"":""MultiPoint"",""coordinates"":[]}"
1_3_6,0.041111373352050805,23,4.0,1986,"{""type"":""MultiPoint"",""coordinates"":[]}"
1_3_7,0.046475504699707036,24,4.0,1986,"{""type"":""MultiPoint"",""coordinates"":[]}"
1_3_8,0.013405672790527342,25,4.0,1986,"{""type"":""MultiPoint"",""coordinates"":[]}"
1_3_9,113.23663727075153,33,4.0,1986,"{""type"":""MultiPoint"",""coordinates"":[]}"
1_4_0,1994.5306809500605,3,5.0,1986,"{""type"":""MultiPoint"",""coordinates"":[]}"
1_4_1,59.51038418646287,6,5.0,1986,"{""type"":""MultiPoint"",""coordinates"":[]}"
1_4_2,0.02232776007080079,11,5.0,1986,"{""type"":""MultiPoint"",""coordinates"":[]}"
1_4_3,0.05538295068359376,12,5.0,1986,"{""type"":""MultiPoint"",""coordinates"":[]}"
1_4_4,9.467340481079106,15,5.0,1986,"{""type"":""MultiPoint"",""coordinates"":[]}"
1_4_5,0.05180525311279298,18,5.0,1986,"{""type"":""MultiPoint"",""coordinates"":[]}"
1_4_6,5.180504417480462,21,5.0,1986,"{""type"":""MultiPoint"",""coordinates"":[]}"
1_4_7,3.1963661057128894,23,5.0,1986,"{""type"":""MultiPoint"",""coordinates"":[]}"
1_4_8,0.03126335955810547,25,5.0,1986,"{""type"":""MultiPoint"",""coordinates"":[]}"
1_4_9,17.53463142993153,33,5.0,1986,"{""type"":""MultiPoint"",""coordinates"":[]}"
1_5_0,2548.7061172208846,3,6.0,1986,"{""type"":""MultiPoint"",""coordinates"":[]}"
1_5_1,118.95826647314632,6,6.0,1986,"{""type"":""MultiPoint"",""coordinates"":[]}"
1_5_2,1.6242171073608387,11,6.0,1986,"{""type"":""MultiPoint"",""coordinates"":[]}"
1_5_3,0.21509565313720708,13,6.0,1986,"{""type"":""MultiPoint"",""coordinates"":[]}"
1_5_4,6.374913229003945,18,6.0,1986,"{""type"":""MultiPoint"",""coordinates"":[]}"
1_5_5,0.036593007446289065,21,6.0,1986,"{""type"":""MultiPoint"",""coordinates"":[]}"
1_5_6,0.020517232360839847,23,6.0,1986,"{""type"":""MultiPoint"",""coordinates"":[]}"
1_5_7,0.0339056015625,25,6.0,1986,"{""type"":""MultiPoint"",""coordinates"":[]}"
1_5_8,5.386649089904772,33,6.0,1986,"{""type"":""MultiPoint"",""coordinates"":[]}"
1_6_0,936.6395623912132,3,7.0,1986,"{""type"":""MultiPoint"",""coordinates"":[]}"
1_6_1,0.00804432666015625,15,7.0,1986,"{""type"":""MultiPoint"",""coordinates"":[]}"
1_6_2,1.6678053783569324,21,7.0,1986,"{""type"":""MultiPoint"",""coordinates"":[]}"
1_6_3,0.1483656582641602,23,7.0,1986,"{""type"":""MultiPoint"",""coordinates"":[]}"
1_6_4,0.14657656805419927,25,7.0,1986,"{""type"":""MultiPoint"",""coordinates"":[]}"
1_6_5,2.9226401305542007,33,7.0,1986,"{""type"":""MultiPoint"",""coordinates"":[]}"
1_7_0,3879.292306352317,3,8.0,1986,"{""type"":""MultiPoint"",""coordinates"":[]}"
1_7_1,437.804956632285,6,8.0,1986,"{""type"":""MultiPoint"",""coordinates"":[]}"
1_7_2,36.10405180530499,11,8.0,1986,"{""type"":""MultiPoint"",""coordinates"":[]}"
1_7_3,0.29858764489746115,13,8.0,1986,"{""type"":""MultiPoint"",""coordinates"":[]}"
1_7_4,26.789604946654862,15,8.0,1986,"{""type"":""MultiPoint"",""coordinates"":[]}"
1_7_5,9.109571111450322,21,8.0,1986,"{""type"":""MultiPoint"",""coordinates"":[]}"
1_7_6,0.07509376690673823,23,8.0,1986,"{""type"":""MultiPoint"",""coordinates"":[]}"
1_7_7,2.754323973937993,25,8.0,1986,"{""type"":""MultiPoint"",""coordinates"":[]}"
1_7_8,17.056939551880053,33,8.0,1986,"{""type"":""MultiPoint"",""coordinates"":[]}"
1_8_0,16.161641342346336,3,9.0,1986,"{""type"":""MultiPoint"",""coordinates"":[]}"
1_8_1,0.027697828796386718,11,9.0,1986,"{""type"":""MultiPoint"",""coordinates"":[]}"
1_8_2,14.002983661438028,13,9.0,1986,"{""type"":""MultiPoint"",""coordinates"":[]}"
1_8_3,0.008041455139160157,21,9.0,1986,"{""type"":""MultiPoint"",""coordinates"":[]}"
1_8_4,0.035740157897949244,25,9.0,1986,"{""type"":""MultiPoint"",""coordinates"":[]}"
1_8_5,0.221589818115234,33,9.0,1986,"{""type"":""MultiPoint"",""coordinates"":[]}"
1_9_0,37868.602534590565,3,10.0,1986,"{""type"":""MultiPoint"",""coordinates"":[]}"
1_9_1,3054.8379360512304,6,10.0,1986,"{""type"":""MultiPoint"",""coordinates"":[]}"
1_9_2,8.434442444213873,11,10.0,1986,"{""type"":""MultiPoint"",""coordinates"":[]}"
1_9_3,44.21881758075083,12,10.0,1986,"{""type"":""MultiPoint"",""coordinates"":[]}"
1_9_4,1411.927767347409,13,10.0,1986,"{""type"":""MultiPoint"",""coordinates"":[]}"
1_9_5,8.965580874145488,15,10.0,1986,"{""type"":""MultiPoint"",""coordinates"":[]}"
1_9_6,11.072837750732432,18,10.0,1986,"{""type"":""MultiPoint"",""coordinates"":[]}"
1_9_7,15.26957475231935,21,10.0,1986,"{""type"":""MultiPoint"",""coordinates"":[]}"
1_9_8,9.935694349548315,23,10.0,1986,"{""type"":""MultiPoint"",""coordinates"":[]}"
1_9_9,0.1492928920898437,24,10.0,1986,"{""type"":""MultiPoint"",""coordinates"":[]}"
1_9_10,2.933000294677733,25,10.0,1986,"{""type"":""MultiPoint"",""coordinates"":[]}"
1_9_11,258.20361337884486,33,10.0,1986,"{""type"":""MultiPoint"",""coordinates"":[]}"
1_10_0,5521.999426270242,3,11.0,1986,"{""type"":""MultiPoint"",""coordinates"":[]}"
1_10_1,351.1348592658727,6,11.0,1986,"{""type"":""MultiPoint"",""coordinates"":[]}"
1_10_2,1.10397871826172,11,11.0,1986,"{""type"":""MultiPoint"",""coordinates"":[]}"
1_10_3,71.56019925695936,12,11.0,1986,"{""type"":""MultiPoint"",""coordinates"":[]}"
1_10_4,120.51614108129802,13,11.0,1986,"{""type"":""MultiPoint"",""coordinates"":[]}"
1_10_5,99.15326501330455,15,11.0,1986,"{""type"":""MultiPoint"",""coordinates"":[]}"
1_10_6,19.46686729797365,21,11.0,1986,"{""type"":""MultiPoint"",""coordinates"":[]}"
1_10_7,2.948361293273919,23,11.0,1986,"{""type"":""MultiPoint"",""coordinates"":[]}"
1_10_8,2.153048148010251,25,11.0,1986,"{""type"":""MultiPoint"",""coordinates"":[]}"
1_10_9,29.094298274108812,33,11.0,1986,"{""type"":""MultiPoint"",""coordinates"":[]}"
1_11_0,558.0587869497897,3,12.0,1986,"{""type"":""MultiPoint"",""coordinates"":[]}"
1_11_1,0.11438402728271477,11,12.0,1986,"{""type"":""MultiPoint"",""coordinates"":[]}"
1_11_2,26.389187049133373,13,12.0,1986,"{""type"":""MultiPoint"",""coordinates"":[]}"
1_11_3,0.0714937962036133,15,12.0,1986,"{""type"":""MultiPoint"",""coordinates"":[]}"
1_11_4,1.2699020902099611,21,12.0,1986,"{""type"":""MultiPoint"",""coordinates"":[]}"
1_11_5,0.02591674194335937,23,12.0,1986,"{""type"":""MultiPoint"",""coordinates"":[]}"
1_11_6,0.05987487078857421,25,12.0,1986,"{""type"":""MultiPoint"",""coordinates"":[]}"
1_11_7,0.20107970373535142,33,12.0,1986,"{""type"":""MultiPoint"",""coordinates"":[]}"
1_11_8,0.5308396058349611,68,12.0,1986,"{""type"":""MultiPoint"",""coordinates"":[]}"
1_12_0,1.0830104171142774,11,13.0,1986,"{""type"":""MultiPoint"",""coordinates"":[]}"
1_12_1,0.03651591204833982,12,13.0,1986,"{""type"":""MultiPoint"",""coordinates"":[]}"
1_12_2,0.0017812737426757812,33,13.0,1986,"{""type"":""MultiPoint"",""coordinates"":[]}"
1_13_0,897.7674600569612,3,14.0,1986,"{""type"":""MultiPoint"",""coordinates"":[]}"
1_13_1,617.98161992937,13,14.0,1986,"{""type"":""MultiPoint"",""coordinates"":[]}"
1_13_2,0.5209450964965818,15,14.0,1986,"{""type"":""MultiPoint"",""coordinates"":[]}"
1_13_3,13.48064123156715,21,14.0,1986,"{""type"":""MultiPoint"",""coordinates"":[]}"
1_13_4,1.4021068903198255,23,14.0,1986,"{""type"":""MultiPoint"",""coordinates"":[]}"
1_13_5,0.06957336499023441,25,14.0,1986,"{""type"":""MultiPoint"",""coordinates"":[]}"
1_13_6,7.01427662591553,33,14.0,1986,"{""type"":""MultiPoint"",""coordinates"":[]}"
1_13_7,1.0632191674194322,68,14.0,1986,"{""type"":""MultiPoint"",""coordinates"":[]}"
1_14_0,762.4800549370959,3,15.0,1986,"{""type"":""MultiPoint"",""coordinates"":[]}"
1_14_1,0.05719885046386719,15,15.0,1986,"{""type"":""MultiPoint"",""coordinates"":[]}"
1_14_2,1.3566611808471682,21,15.0,1986,"{""type"":""MultiPoint"",""coordinates"":[]}"
1_14_3,0.04111150549316406,23,15.0,1986,"{""type"":""MultiPoint"",""coordinates"":[]}"
1_14_4,0.19214505151367198,25,15.0,1986,"{""type"":""MultiPoint"",""coordinates"":[]}"
1_14_5,0.05630516314697266,33,15.0,1986,"{""type"":""MultiPoint"",""coordinates"":[]}"
1_15_0,2835.2773108049028,3,16.0,1986,"{""type"":""MultiPoint"",""coordinates"":[]}"
1_15_1,4.89844776013182,6,16.0,1986,"{""type"":""MultiPoint"",""coordinates"":[]}"
1_15_2,24.654097435058482,13,16.0,1986,"{""type"":""MultiPoint"",""coordinates"":[]}"
1_15_3,0.4268319805908207,15,16.0,1986,"{""type"":""MultiPoint"",""coordinates"":[]}"
1_15_4,4.467300995910643,21,16.0,1986,"{""type"":""MultiPoint"",""coordinates"":[]}"
1_15_5,3.4902817032470685,23,16.0,1986,"{""type"":""MultiPoint"",""coordinates"":[]}"
1_15_6,0.13573289343261724,25,16.0,1986,"{""type"":""MultiPoint"",""coordinates"":[]}"
1_15_7,8.403329536987313,33,16.0,1986,"{""type"":""MultiPoint"",""coordinates"":[]}"
1_16_0,0.2600953327636722,3,17.0,1986,"{""type"":""MultiPoint"",""coordinates"":[]}"
1_16_1,0.020557215393066416,21,17.0,1986,"{""type"":""MultiPoint"",""coordinates"":[]}"
1_17_0,352.5512544186833,3,18.0,1986,"{""type"":""MultiPoint"",""coordinates"":[]}"
1_17_1,5.776374409362794,13,18.0,1986,"{""type"":""MultiPoint"",""coordinates"":[]}"
1_17_2,4.157857819213856,15,18.0,1986,"{""type"":""MultiPoint"",""coordinates"":[]}"
1_17_3,14.435371538757247,21,18.0,1986,"{""type"":""MultiPoint"",""coordinates"":[]}"
1_17_4,0.09742171667480469,23,18.0,1986,"{""type"":""MultiPoint"",""coordinates"":[]}"
1_17_5,0.30388390411376925,25,18.0,1986,"{""type"":""MultiPoint"",""coordinates"":[]}"
1_17_6,0.2618742639770506,33,18.0,1986,"{""type"":""MultiPoint"",""coordinates"":[]}"
1_17_7,0.27260096545410145,68,18.0,1986,"{""type"":""MultiPoint"",""coordinates"":[]}"
1_18_0,306.9885178180155,3,19.0,1986,"{""type"":""MultiPoint"",""coordinates"":[]}"
1_18_1,21.993968987914887,11,19.0,1986,"{""type"":""MultiPoint"",""coordinates"":[]}"
1_18_2,56.7248224520862,13,19.0,1986,"{""type"":""MultiPoint"",""coordinates"":[]}"
1_18_3,0.41382849218749923,15,19.0,1986,"{""type"":""MultiPoint"",""coordinates"":[]}"
1_18_4,8.69135170745864,18,19.0,1986,"{""type"":""MultiPoint"",""coordinates"":[]}"
1_18_5,63.3305254828517,21,19.0,1986,"{""type"":""MultiPoint"",""coordinates"":[]}"
1_18_6,0.14122078515624986,24,19.0,1986,"{""type"":""MultiPoint"",""coordinates"":[]}"
1_18_7,0.3530604110717779,25,19.0,1986,"{""type"":""MultiPoint"",""coordinates"":[]}"
1_18_8,0.053631939392089836,27,19.0,1986,"{""type"":""MultiPoint"",""coordinates"":[]}"
1_18_9,41.406127974732954,33,19.0,1986,"{""type"":""MultiPoint"",""coordinates"":[]}"
1_19_0,149.91722849639888,3,20.0,1986,"{""type"":""MultiPoint"",""coordinates"":[]}"
1_19_1,19.679499721741056,6,20.0,1986,"{""type"":""MultiPoint"",""coordinates"":[]}"
1_19_2,0.3590435711059574,11,20.0,1986,"{""type"":""MultiPoint"",""coordinates"":[]}"
1_19_3,72.57792718102718,13,20.0,1986,"{""type"":""MultiPoint"",""coordinates"":[]}"
1_19_4,35.42683481591786,15,20.0,1986,"{""type"":""MultiPoint"",""coordinates"":[]}"
1_19_5,0.007145208740234376,18,20.0,1986,"{""type"":""MultiPoint"",""coordinates"":[]}"
1_19_6,5.427542373413079,21,20.0,1986,"{""type"":""MultiPoint"",""coordinates"":[]}"
1_19_7,0.010717015258789061,23,20.0,1986,"{""type"":""MultiPoint"",""coordinates"":[]}"
1_19_8,0.43763420812988224,25,20.0,1986,"{""type"":""MultiPoint"",""coordinates"":[]}"
1_19_9,0.47869100152587807,33,20.0,1986,"{""type"":""MultiPoint"",""coordinates"":[]}"
1_20_0,59.901280952273595,3,21.0,1986,"{""type"":""MultiPoint"",""coordinates"":[]}"
1_20_1,8.932821655273438E-4,6,21.0,1986,"{""type"":""MultiPoint"",""coordinates"":[]}"
1_20_2,0.012505837646484374,13,21.0,1986,"{""type"":""MultiPoint"",""coordinates"":[]}"
1_20_3,10.0097576174316,15,21.0,1986,"{""type"":""MultiPoint"",""coordinates"":[]}"
1_20_4,0.8619794221801751,21,21.0,1986,"{""type"":""MultiPoint"",""coordinates"":[]}"
1_21_0,9873.332060479024,3,22.0,1986,"{""type"":""MultiPoint"",""coordinates"":[]}"
1_21_1,930.646222196122,6,22.0,1986,"{""type"":""MultiPoint"",""coordinates"":[]}"
1_21_2,4.336336309082022,11,22.0,1986,"{""type"":""MultiPoint"",""coordinates"":[]}"
1_21_3,19.588192143188476,13,22.0,1986,"{""type"":""MultiPoint"",""coordinates"":[]}"
1_21_4,26.481225162475518,18,22.0,1986,"{""type"":""MultiPoint"",""coordinates"":[]}"
1_21_5,2.3779244183349633,21,22.0,1986,"{""type"":""MultiPoint"",""coordinates"":[]}"
1_21_6,0.2983150325927733,23,22.0,1986,"{""type"":""MultiPoint"",""coordinates"":[]}"
1_21_7,0.07235570611572267,24,22.0,1986,"{""type"":""MultiPoint"",""coordinates"":[]}"
1_21_8,1.1763521441650395,25,22.0,1986,"{""type"":""MultiPoint"",""coordinates"":[]}"
1_21_9,21.548974341064426,29,22.0,1986,"{""type"":""MultiPoint"",""coordinates"":[]}"
1_21_10,81.60547107159451,33,22.0,1986,"{""type"":""MultiPoint"",""coordinates"":[]}"
1_21_11,2.635051126831054,68,22.0,1986,"{""type"":""MultiPoint"",""coordinates"":[]}"
1_22_0,7965.57828977496,3,23.0,1986,"{""type"":""MultiPoint"",""coordinates"":[]}"
1_22_1,520.2778984719897,6,23.0,1986,"{""type"":""MultiPoint"",""coordinates"":[]}"
1_22_2,0.08220989880371095,11,23.0,1986,"{""type"":""MultiPoint"",""coordinates"":[]}"
1_22_3,215.09909470995748,13,23.0,1986,"{""type"":""MultiPoint"",""coordinates"":[]}"
1_22_4,14.561947007507333,15,23.0,1986,"{""type"":""MultiPoint"",""coordinates"":[]}"
1_22_5,2.9941645671386663,18,23.0,1986,"{""type"":""MultiPoint"",""coordinates"":[]}"
1_22_6,11.95775151062011,21,23.0,1986,"{""type"":""MultiPoint"",""coordinates"":[]}"
1_22_7,0.30194534997558603,23,23.0,1986,"{""type"":""MultiPoint"",""coordinates"":[]}"
1_22_8,0.04735585919189455,24,23.0,1986,"{""type"":""MultiPoint"",""coordinates"":[]}"
1_22_9,1.2812806754760722,25,23.0,1986,"{""type"":""MultiPoint"",""coordinates"":[]}"
1_22_10,41.008565347168116,33,23.0,1986,"{""type"":""MultiPoint"",""coordinates"":[]}"
1_22_11,1.091047088073732,68,23.0,1986,"{""type"":""MultiPoint"",""coordinates"":[]}"
1_23_0,105.23774294848619,3,25.0,1986,"{""type"":""MultiPoint"",""coordinates"":[]}"
1_23_1,0.3334253893432616,33,25.0,1986,"{""type"":""MultiPoint"",""coordinates"":[]}"
2_0_0,22.836352002990616,3,1.0,1987,"{""type"":""MultiPoint"",""coordinates"":[]}"
2_0_1,0.0035745987548828125,25,1.0,1987,"{""type"":""MultiPoint"",""coordinates"":[]}"
2_1_0,8784.348931432662,3,2.0,1987,"{""type"":""MultiPoint"",""coordinates"":[]}"
2_1_1,892.0909719312313,6,2.0,1987,"{""type"":""MultiPoint"",""coordinates"":[]}"
2_1_2,5.22497645166016,11,2.0,1987,"{""type"":""MultiPoint"",""coordinates"":[]}"
2_1_3,1.0132202097778347,13,2.0,1987,"{""type"":""MultiPoint"",""coordinates"":[]}"
2_1_4,0.07237207080078119,18,2.0,1987,"{""type"":""MultiPoint"",""coordinates"":[]}"
2_1_5,0.03395193756103515,21,2.0,1987,"{""type"":""MultiPoint"",""coordinates"":[]}"
2_1_6,0.4127345723266601,24,2.0,1987,"{""type"":""MultiPoint"",""coordinates"":[]}"
2_1_7,0.04824160760498053,25,2.0,1987,"{""type"":""MultiPoint"",""coordinates"":[]}"
2_1_8,25.92076853399654,33,2.0,1987,"{""type"":""MultiPoint"",""coordinates"":[]}"
2_2_0,9454.506955945726,3,3.0,1987,"{""type"":""MultiPoint"",""coordinates"":[]}"
2_2_1,797.5894731614279,6,3.0,1987,"{""type"":""MultiPoint"",""coordinates"":[]}"
2_2_2,61.160690784057344,11,3.0,1987,"{""type"":""MultiPoint"",""coordinates"":[]}"
2_2_3,1.2460875386962886,13,3.0,1987,"{""type"":""MultiPoint"",""coordinates"":[]}"
2_2_4,11.761046388977112,18,3.0,1987,"{""type"":""MultiPoint"",""coordinates"":[]}"
2_2_5,0.4988012218627931,21,3.0,1987,"{""type"":""MultiPoint"",""coordinates"":[]}"
2_2_6,0.032180233886718757,23,3.0,1987,"{""type"":""MultiPoint"",""coordinates"":[]}"
2_2_7,0.04916673504638672,25,3.0,1987,"{""type"":""MultiPoint"",""coordinates"":[]}"
2_2_8,219.7600088930071,33,3.0,1987,"{""type"":""MultiPoint"",""coordinates"":[]}"
2_3_0,4838.525462716806,3,4.0,1987,"{""type"":""MultiPoint"",""coordinates"":[]}"
2_3_1,578.6322560882535,6,4.0,1987,"{""type"":""MultiPoint"",""coordinates"":[]}"
2_3_2,61.80931052953996,11,4.0,1987,"{""type"":""MultiPoint"",""coordinates"":[]}"
2_3_3,0.11797305981445305,13,4.0,1987,"{""type"":""MultiPoint"",""coordinates"":[]}"
2_3_4,2.424774577514648,18,4.0,1987,"{""type"":""MultiPoint"",""coordinates"":[]}"
2_3_5,0.017874851379394534,21,4.0,1987,"{""type"":""MultiPoint"",""coordinates"":[]}"
2_3_6,0.9956262579956046,23,4.0,1987,"{""type"":""MultiPoint"",""coordinates"":[]}"
2_3_7,0.08490725549316405,24,4.0,1987,"{""type"":""MultiPoint"",""coordinates"":[]}"
2_3_8,112.09085844683791,33,4.0,1987,"{""type"":""MultiPoint"",""coordinates"":[]}"
2_4_0,1990.2651389867435,3,5.0,1987,"{""type"":""MultiPoint"",""coordinates"":[]}"
2_4_1,64.01341989355562,6,5.0,1987,"{""type"":""MultiPoint"",""coordinates"":[]}"
2_4_2,0.01518287817382813,11,5.0,1987,"{""type"":""MultiPoint"",""coordinates"":[]}"
2_4_3,0.058062763610839854,12,5.0,1987,"{""type"":""MultiPoint"",""coordinates"":[]}"
2_4_4,10.986680788024913,15,5.0,1987,"{""type"":""MultiPoint"",""coordinates"":[]}"
2_4_5,0.08306721893310548,18,5.0,1987,"{""type"":""MultiPoint"",""coordinates"":[]}"
2_4_6,4.726661462890627,21,5.0,1987,"{""type"":""MultiPoint"",""coordinates"":[]}"
2_4_7,4.548542912780768,23,5.0,1987,"{""type"":""MultiPoint"",""coordinates"":[]}"
2_4_8,0.013398106201171874,25,5.0,1987,"{""type"":""MultiPoint"",""coordinates"":[]}"
2_4_9,14.870531883239792,33,5.0,1987,"{""type"":""MultiPoint"",""coordinates"":[]}"
2_5_0,2551.406167293827,3,6.0,1987,"{""type"":""MultiPoint"",""coordinates"":[]}"
2_5_1,115.21530649871711,6,6.0,1987,"{""type"":""MultiPoint"",""coordinates"":[]}"
2_5_2,1.78753945172119,11,6.0,1987,"{""type"":""MultiPoint"",""coordinates"":[]}"
2_5_3,0.25079116369628907,13,6.0,1987,"{""type"":""MultiPoint"",""coordinates"":[]}"
2_5_4,7.368682566589373,18,6.0,1987,"{""type"":""MultiPoint"",""coordinates"":[]}"
2_5_5,0.024094644958496093,21,6.0,1987,"{""type"":""MultiPoint"",""coordinates"":[]}"
2_5_6,0.03925957904052735,25,6.0,1987,"{""type"":""MultiPoint"",""coordinates"":[]}"
2_5_7,5.264433416198719,33,6.0,1987,"{""type"":""MultiPoint"",""coordinates"":[]}"
2_6_0,937.041773789957,3,7.0,1987,"{""type"":""MultiPoint"",""coordinates"":[]}"
2_6_1,0.007150516357421875,15,7.0,1987,"{""type"":""MultiPoint"",""coordinates"":[]}"
2_6_2,1.255764313293457,21,7.0,1987,"{""type"":""MultiPoint"",""coordinates"":[]}"
2_6_3,0.12155319348144532,23,7.0,1987,"{""type"":""MultiPoint"",""coordinates"":[]}"
2_6_4,0.15015148443603518,25,7.0,1987,"{""type"":""MultiPoint"",""coordinates"":[]}"
2_6_5,2.956601155578615,33,7.0,1987,"{""type"":""MultiPoint"",""coordinates"":[]}"
2_7_0,3877.618782276527,3,8.0,1987,"{""type"":""MultiPoint"",""coordinates"":[]}"
2_7_1,442.42232289810556,6,8.0,1987,"{""type"":""MultiPoint"",""coordinates"":[]}"
2_7_2,32.2742650144723,11,8.0,1987,"{""type"":""MultiPoint"",""coordinates"":[]}"
2_7_3,0.22796362377929638,13,8.0,1987,"{""type"":""MultiPoint"",""coordinates"":[]}"
2_7_4,30.26447875439433,15,8.0,1987,"{""type"":""MultiPoint"",""coordinates"":[]}"
2_7_5,6.642210631103496,21,8.0,1987,"{""type"":""MultiPoint"",""coordinates"":[]}"
2_7_6,0.36742314160156264,23,8.0,1987,"{""type"":""MultiPoint"",""coordinates"":[]}"
2_7_7,1.0691907101440459,25,8.0,1987,"{""type"":""MultiPoint"",""coordinates"":[]}"
2_7_8,18.398798735473477,33,8.0,1987,"{""type"":""MultiPoint"",""coordinates"":[]}"
2_8_0,16.204529497436713,3,9.0,1987,"{""type"":""MultiPoint"",""coordinates"":[]}"
2_8_1,0.027697828796386718,11,9.0,1987,"{""type"":""MultiPoint"",""coordinates"":[]}"
2_8_2,13.97617837701421,13,9.0,1987,"{""type"":""MultiPoint"",""coordinates"":[]}"
2_8_3,0.007147967468261719,21,9.0,1987,"{""type"":""MultiPoint"",""coordinates"":[]}"
2_8_4,0.02055077490234376,25,9.0,1987,"{""type"":""MultiPoint"",""coordinates"":[]}"
2_8_5,0.221589818115234,33,9.0,1987,"{""type"":""MultiPoint"",""coordinates"":[]}"
2_9_0,37949.92614795548,3,10.0,1987,"{""type"":""MultiPoint"",""coordinates"":[]}"
2_9_1,3016.2765021552154,6,10.0,1987,"{""type"":""MultiPoint"",""coordinates"":[]}"
2_9_2,8.256542679565435,11,10.0,1987,"{""type"":""MultiPoint"",""coordinates"":[]}"
2_9_3,42.97282219122411,12,10.0,1987,"{""type"":""MultiPoint"",""coordinates"":[]}"
2_9_4,1377.6479370324178,13,10.0,1987,"{""type"":""MultiPoint"",""coordinates"":[]}"
2_9_5,9.848430316955614,15,10.0,1987,"{""type"":""MultiPoint"",""coordinates"":[]}"
2_9_6,10.179149103332515,18,10.0,1987,"{""type"":""MultiPoint"",""coordinates"":[]}"
2_9_7,11.914379583801269,21,10.0,1987,"{""type"":""MultiPoint"",""coordinates"":[]}"
2_9_8,8.69419724822993,23,10.0,1987,"{""type"":""MultiPoint"",""coordinates"":[]}"
2_9_9,0.15376272369384764,24,10.0,1987,"{""type"":""MultiPoint"",""coordinates"":[]}"
2_9_10,2.3626810800170883,25,10.0,1987,"{""type"":""MultiPoint"",""coordinates"":[]}"
2_9_11,256.31854023608383,33,10.0,1987,"{""type"":""MultiPoint"",""coordinates"":[]}"
2_10_0,5524.190536725557,3,11.0,1987,"{""type"":""MultiPoint"",""coordinates"":[]}"
2_10_1,349.925432450874,6,11.0,1987,"{""type"":""MultiPoint"",""coordinates"":[]}"
2_10_2,1.101300398620607,11,11.0,1987,"{""type"":""MultiPoint"",""coordinates"":[]}"
2_10_3,71.53345869683918,12,11.0,1987,"{""type"":""MultiPoint"",""coordinates"":[]}"
2_10_4,118.57523211828445,13,11.0,1987,"{""type"":""MultiPoint"",""coordinates"":[]}"
2_10_5,109.2138880460809,15,11.0,1987,"{""type"":""MultiPoint"",""coordinates"":[]}"
2_10_6,0.05984801611328125,18,11.0,1987,"{""type"":""MultiPoint"",""coordinates"":[]}"
2_10_7,11.899999092468267,21,11.0,1987,"{""type"":""MultiPoint"",""coordinates"":[]}"
2_10_8,3.1903428364868174,23,11.0,1987,"{""type"":""MultiPoint"",""coordinates"":[]}"
2_10_9,0.7305906535644531,25,11.0,1987,"{""type"":""MultiPoint"",""coordinates"":[]}"
2_10_10,28.70981558435055,33,11.0,1987,"{""type"":""MultiPoint"",""coordinates"":[]}"
2_11_0,558.0623559948941,3,12.0,1987,"{""type"":""MultiPoint"",""coordinates"":[]}"
2_11_1,0.11438402728271477,11,12.0,1987,"{""type"":""MultiPoint"",""coordinates"":[]}"
2_11_2,26.322164583801275,13,12.0,1987,"{""type"":""MultiPoint"",""coordinates"":[]}"
2_11_3,0.0714937962036133,15,12.0,1987,"{""type"":""MultiPoint"",""coordinates"":[]}"
2_11_4,1.2171771422119138,21,12.0,1987,"{""type"":""MultiPoint"",""coordinates"":[]}"
2_11_5,0.029491656616210934,23,12.0,1987,"{""type"":""MultiPoint"",""coordinates"":[]}"
2_11_6,0.06344955108642578,25,12.0,1987,"{""type"":""MultiPoint"",""coordinates"":[]}"
2_11_7,0.1948237611694335,33,12.0,1987,"{""type"":""MultiPoint"",""coordinates"":[]}"
2_11_8,0.6461243216552731,68,12.0,1987,"{""type"":""MultiPoint"",""coordinates"":[]}"
2_12_0,1.0830104171142774,11,13.0,1987,"{""type"":""MultiPoint"",""coordinates"":[]}"
2_12_1,0.03651591204833982,12,13.0,1987,"{""type"":""MultiPoint"",""coordinates"":[]}"
2_12_2,0.0017812737426757812,33,13.0,1987,"{""type"":""MultiPoint"",""coordinates"":[]}"
2_13_0,904.8962497816729,3,14.0,1987,"{""type"":""MultiPoint"",""coordinates"":[]}"
2_13_1,612.7408205308197,13,14.0,1987,"{""type"":""MultiPoint"",""coordinates"":[]}"
2_13_2,2.349560570678717,15,14.0,1987,"{""type"":""MultiPoint"",""coordinates"":[]}"
2_13_3,0.18107320489501963,18,14.0,1987,"{""type"":""MultiPoint"",""coordinates"":[]}"
2_13_4,11.697710947875793,21,14.0,1987,"{""type"":""MultiPoint"",""coordinates"":[]}"
2_13_5,0.3487727011108398,23,14.0,1987,"{""type"":""MultiPoint"",""coordinates"":[]}"
2_13_6,0.024082081604003904,25,14.0,1987,"{""type"":""MultiPoint"",""coordinates"":[]}"
2_13_7,6.4594960838012785,33,14.0,1987,"{""type"":""MultiPoint"",""coordinates"":[]}"
2_13_8,0.6020764605712879,68,14.0,1987,"{""type"":""MultiPoint"",""coordinates"":[]}"
2_14_0,762.4380594108528,3,15.0,1987,"{""type"":""MultiPoint"",""coordinates"":[]}"
2_14_1,0.06256119757080078,15,15.0,1987,"{""type"":""MultiPoint"",""coordinates"":[]}"
2_14_2,1.367376404541015,21,15.0,1987,"{""type"":""MultiPoint"",""coordinates"":[]}"
2_14_3,0.05362348321533207,23,15.0,1987,"{""type"":""MultiPoint"",""coordinates"":[]}"
2_14_4,0.20018864978027345,25,15.0,1987,"{""type"":""MultiPoint"",""coordinates"":[]}"
2_14_5,0.06166754260253907,33,15.0,1987,"{""type"":""MultiPoint"",""coordinates"":[]}"
2_15_0,2835.6745797645694,3,16.0,1987,"{""type"":""MultiPoint"",""coordinates"":[]}"
2_15_1,4.971684449768056,6,16.0,1987,"{""type"":""MultiPoint"",""coordinates"":[]}"
2_15_2,24.622844315307507,13,16.0,1987,"{""type"":""MultiPoint"",""coordinates"":[]}"
2_15_3,0.5616770294189456,15,16.0,1987,"{""type"":""MultiPoint"",""coordinates"":[]}"
2_15_4,4.82181226446533,21,16.0,1987,"{""type"":""MultiPoint"",""coordinates"":[]}"
2_15_5,4.462700961791992,23,16.0,1987,"{""type"":""MultiPoint"",""coordinates"":[]}"
2_15_6,0.0839356083984375,25,16.0,1987,"{""type"":""MultiPoint"",""coordinates"":[]}"
2_15_7,6.554098716552735,33,16.0,1987,"{""type"":""MultiPoint"",""coordinates"":[]}"
2_16_0,0.2681394598999029,3,17.0,1987,"{""type"":""MultiPoint"",""coordinates"":[]}"
2_16_1,0.01251308825683594,21,17.0,1987,"{""type"":""MultiPoint"",""coordinates"":[]}"
2_17_0,351.33393681412707,3,18.0,1987,"{""type"":""MultiPoint"",""coordinates"":[]}"
2_17_1,5.765648749816901,13,18.0,1987,"{""type"":""MultiPoint"",""coordinates"":[]}"
2_17_2,4.695910239807105,15,18.0,1987,"{""type"":""MultiPoint"",""coordinates"":[]}"
2_17_3,15.189714583740159,21,18.0,1987,"{""type"":""MultiPoint"",""coordinates"":[]}"
2_17_4,0.10993474078369134,23,18.0,1987,"{""type"":""MultiPoint"",""coordinates"":[]}"
2_17_5,0.26455735028076155,25,18.0,1987,"{""type"":""MultiPoint"",""coordinates"":[]}"
2_17_6,0.24668025982665992,33,18.0,1987,"{""type"":""MultiPoint"",""coordinates"":[]}"
2_17_7,0.2502562978515623,68,18.0,1987,"{""type"":""MultiPoint"",""coordinates"":[]}"
2_18_0,306.2350174148843,3,19.0,1987,"{""type"":""MultiPoint"",""coordinates"":[]}"
2_18_1,21.913523574951054,11,19.0,1987,"{""type"":""MultiPoint"",""coordinates"":[]}"
2_18_2,56.014234621458506,13,19.0,1987,"{""type"":""MultiPoint"",""coordinates"":[]}"
2_18_3,0.3914829412841793,15,19.0,1987,"{""type"":""MultiPoint"",""coordinates"":[]}"
2_18_4,3.492988633972163,18,19.0,1987,"{""type"":""MultiPoint"",""coordinates"":[]}"
2_18_5,70.1377773140898,21,19.0,1987,"{""type"":""MultiPoint"",""coordinates"":[]}"
2_18_6,0.14390219262695297,24,19.0,1987,"{""type"":""MultiPoint"",""coordinates"":[]}"
2_18_7,0.24490834295654307,25,19.0,1987,"{""type"":""MultiPoint"",""coordinates"":[]}"
2_18_8,0.053631939392089836,27,19.0,1987,"{""type"":""MultiPoint"",""coordinates"":[]}"
2_18_9,41.46958907525786,33,19.0,1987,"{""type"":""MultiPoint"",""coordinates"":[]}"
2_19_0,150.3941448137828,3,20.0,1987,"{""type"":""MultiPoint"",""coordinates"":[]}"
2_19_1,19.527667416809525,6,20.0,1987,"{""type"":""MultiPoint"",""coordinates"":[]}"
2_19_2,0.3804789482421877,11,20.0,1987,"{""type"":""MultiPoint"",""coordinates"":[]}"
2_19_3,72.84676260497751,13,20.0,1987,"{""type"":""MultiPoint"",""coordinates"":[]}"
2_19_4,36.70489585662836,15,20.0,1987,"{""type"":""MultiPoint"",""coordinates"":[]}"
2_19_5,0.0035725868530273436,18,20.0,1987,"{""type"":""MultiPoint"",""coordinates"":[]}"
2_19_6,3.9029904376831217,21,20.0,1987,"{""type"":""MultiPoint"",""coordinates"":[]}"
2_19_7,0.05983652160644531,23,20.0,1987,"{""type"":""MultiPoint"",""coordinates"":[]}"
2_19_8,0.06251883172607421,25,20.0,1987,"{""type"":""MultiPoint"",""coordinates"":[]}"
2_19_9,0.4393955749511712,33,20.0,1987,"{""type"":""MultiPoint"",""coordinates"":[]}"
2_20_0,59.96112415625286,3,21.0,1987,"{""type"":""MultiPoint"",""coordinates"":[]}"
2_20_1,8.932821655273438E-4,6,21.0,1987,"{""type"":""MultiPoint"",""coordinates"":[]}"
2_20_2,0.004466370727539062,13,21.0,1987,"{""type"":""MultiPoint"",""coordinates"":[]}"
2_20_3,10.357233163146999,15,21.0,1987,"{""type"":""MultiPoint"",""coordinates"":[]}"
2_20_4,0.4627001394042964,21,21.0,1987,"{""type"":""MultiPoint"",""coordinates"":[]}"
2_21_0,9885.145463821576,3,22.0,1987,"{""type"":""MultiPoint"",""coordinates"":[]}"
2_21_1,918.3241385858388,6,22.0,1987,"{""type"":""MultiPoint"",""coordinates"":[]}"
2_21_2,4.515857399963369,11,22.0,1987,"{""type"":""MultiPoint"",""coordinates"":[]}"
2_21_3,18.90778729168703,13,22.0,1987,"{""type"":""MultiPoint"",""coordinates"":[]}"
2_21_4,28.01417268023662,18,22.0,1987,"{""type"":""MultiPoint"",""coordinates"":[]}"
2_21_5,2.3779308101196297,21,22.0,1987,"{""type"":""MultiPoint"",""coordinates"":[]}"
2_21_6,0.20095919427490241,23,22.0,1987,"{""type"":""MultiPoint"",""coordinates"":[]}"
2_21_7,0.0741416228027344,24,22.0,1987,"{""type"":""MultiPoint"",""coordinates"":[]}"
2_21_8,1.2014021354370117,25,22.0,1987,"{""type"":""MultiPoint"",""coordinates"":[]}"
2_21_9,21.98759873229977,29,22.0,1987,"{""type"":""MultiPoint"",""coordinates"":[]}"
2_21_10,80.51921599572758,33,22.0,1987,"{""type"":""MultiPoint"",""coordinates"":[]}"
2_21_11,2.8298118605346665,68,22.0,1987,"{""type"":""MultiPoint"",""coordinates"":[]}"
2_22_0,7980.091723128345,3,23.0,1987,"{""type"":""MultiPoint"",""coordinates"":[]}"
2_22_1,503.50646074896326,6,23.0,1987,"{""type"":""MultiPoint"",""coordinates"":[]}"
2_22_2,0.08220989880371095,11,23.0,1987,"{""type"":""MultiPoint"",""coordinates"":[]}"
2_22_3,218.04699320525773,13,23.0,1987,"{""type"":""MultiPoint"",""coordinates"":[]}"
2_22_4,16.221776536132797,15,23.0,1987,"{""type"":""MultiPoint"",""coordinates"":[]}"
2_22_5,3.7929185136718737,18,23.0,1987,"{""type"":""MultiPoint"",""coordinates"":[]}"
2_22_6,9.281002643554675,21,23.0,1987,"{""type"":""MultiPoint"",""coordinates"":[]}"
2_22_7,0.21529465484619156,23,23.0,1987,"{""type"":""MultiPoint"",""coordinates"":[]}"
2_22_8,0.016976629089355474,24,23.0,1987,"{""type"":""MultiPoint"",""coordinates"":[]}"
2_22_9,0.42707593194580074,25,23.0,1987,"{""type"":""MultiPoint"",""coordinates"":[]}"
2_22_10,41.07112414990248,33,23.0,1987,"{""type"":""MultiPoint"",""coordinates"":[]}"
2_22_11,1.527994220397952,68,23.0,1987,"{""type"":""MultiPoint"",""coordinates"":[]}"
2_23_0,105.23774294848619,3,25.0,1987,"{""type"":""MultiPoint"",""coordinates"":[]}"
2_23_1,0.3334253893432616,33,25.0,1987,"{""type"":""MultiPoint"",""coordinates"":[]}"
3_0_0,22.836352002990616,3,1.0,1988,"{""type"":""MultiPoint"",""coordinates"":[]}"
3_0_1,0.0035745987548828125,25,1.0,1988,"{""type"":""MultiPoint"",""coordinates"":[]}"
3_1_0,8789.152230844647,3,2.0,1988,"{""type"":""MultiPoint"",""coordinates"":[]}"
3_1_1,887.5869848635498,6,2.0,1988,"{""type"":""MultiPoint"",""coordinates"":[]}"
3_1_2,4.861331170104983,11,2.0,1988,"{""type"":""MultiPoint"",""coordinates"":[]}"
3_1_3,1.110602187377933,13,2.0,1988,"{""type"":""MultiPoint"",""coordinates"":[]}"
3_1_4,0.041993410339355476,18,2.0,1988,"{""type"":""MultiPoint"",""coordinates"":[]}"
3_1_5,0.06343690759277346,21,2.0,1988,"{""type"":""MultiPoint"",""coordinates"":[]}"
3_1_6,0.4252416461181642,24,2.0,1988,"{""type"":""MultiPoint"",""coordinates"":[]}"
3_1_7,0.04109449871826171,25,2.0,1988,"{""type"":""MultiPoint"",""coordinates"":[]}"
3_1_8,25.838577911987237,33,2.0,1988,"{""type"":""MultiPoint"",""coordinates"":[]}"
3_1_9,0.04467530725097659,68,2.0,1988,"{""type"":""MultiPoint"",""coordinates"":[]}"
3_2_0,9466.621024763535,3,3.0,1988,"{""type"":""MultiPoint"",""coordinates"":[]}"
3_2_1,784.5993640546095,6,3.0,1988,"{""type"":""MultiPoint"",""coordinates"":[]}"
3_2_2,59.776121448852415,11,3.0,1988,"{""type"":""MultiPoint"",""coordinates"":[]}"
3_2_3,1.088758819885254,13,3.0,1988,"{""type"":""MultiPoint"",""coordinates"":[]}"
3_2_4,10.98777485357673,18,3.0,1988,"{""type"":""MultiPoint"",""coordinates"":[]}"
3_2_5,1.47943094946289,21,3.0,1988,"{""type"":""MultiPoint"",""coordinates"":[]}"
3_2_6,0.4335238696899416,23,3.0,1988,"{""type"":""MultiPoint"",""coordinates"":[]}"
3_2_7,0.18234624377441405,25,3.0,1988,"{""type"":""MultiPoint"",""coordinates"":[]}"
3_2_8,220.63693645581233,33,3.0,1988,"{""type"":""MultiPoint"",""coordinates"":[]}"
3_2_9,0.7991294436035158,68,3.0,1988,"{""type"":""MultiPoint"",""coordinates"":[]}"
3_3_0,4857.686098935578,3,4.0,1988,"{""type"":""MultiPoint"",""coordinates"":[]}"
3_3_1,542.6911475107871,6,4.0,1988,"{""type"":""MultiPoint"",""coordinates"":[]}"
3_3_2,76.92929259448249,11,4.0,1988,"{""type"":""MultiPoint"",""coordinates"":[]}"
3_3_3,0.12959112377929682,13,4.0,1988,"{""type"":""MultiPoint"",""coordinates"":[]}"
3_3_4,2.21116998529053,18,4.0,1988,"{""type"":""MultiPoint"",""coordinates"":[]}"
3_3_5,0.017874967041015623,21,4.0,1988,"{""type"":""MultiPoint"",""coordinates"":[]}"
3_3_6,0.10098742077636698,23,4.0,1988,"{""type"":""MultiPoint"",""coordinates"":[]}"
3_3_7,0.08848230053710936,24,4.0,1988,"{""type"":""MultiPoint"",""coordinates"":[]}"
3_3_8,0.0026808429565429687,25,4.0,1988,"{""type"":""MultiPoint"",""coordinates"":[]}"
3_3_9,113.6772590910033,33,4.0,1988,"{""type"":""MultiPoint"",""coordinates"":[]}"
3_3_10,1.1644590114135724,68,4.0,1988,"{""type"":""MultiPoint"",""coordinates"":[]}"
3_4_0,1988.1438694866083,3,5.0,1988,"{""type"":""MultiPoint"",""coordinates"":[]}"
3_4_1,63.05239885028137,6,5.0,1988,"{""type"":""MultiPoint"",""coordinates"":[]}"
3_4_2,0.01518287817382813,11,5.0,1988,"{""type"":""MultiPoint"",""coordinates"":[]}"
3_4_3,0.036624250793457026,12,5.0,1988,"{""type"":""MultiPoint"",""coordinates"":[]}"
3_4_4,12.360412269958497,15,5.0,1988,"{""type"":""MultiPoint"",""coordinates"":[]}"
3_4_5,0.10182470764160158,18,5.0,1988,"{""type"":""MultiPoint"",""coordinates"":[]}"
3_4_6,4.368621245544429,21,5.0,1988,"{""type"":""MultiPoint"",""coordinates"":[]}"
3_4_7,5.2406475849609455,23,5.0,1988,"{""type"":""MultiPoint"",""coordinates"":[]}"
3_4_8,0.008930894958496093,25,5.0,1988,"{""type"":""MultiPoint"",""coordinates"":[]}"
3_4_9,16.25217472521965,33,5.0,1988,"{""type"":""MultiPoint"",""coordinates"":[]}"
3_5_0,2544.4783298479642,3,6.0,1988,"{""type"":""MultiPoint"",""coordinates"":[]}"
3_5_1,121.11704879571462,6,6.0,1988,"{""type"":""MultiPoint"",""coordinates"":[]}"
3_5_2,2.010666845520018,11,6.0,1988,"{""type"":""MultiPoint"",""coordinates"":[]}"
3_5_3,0.40608233117675757,13,6.0,1988,"{""type"":""MultiPoint"",""coordinates"":[]}"
3_5_4,7.908362548767083,18,6.0,1988,"{""type"":""MultiPoint"",""coordinates"":[]}"
3_5_5,0.05891421057128905,21,6.0,1988,"{""type"":""MultiPoint"",""coordinates"":[]}"
3_5_6,0.10888592498779297,25,6.0,1988,"{""type"":""MultiPoint"",""coordinates"":[]}"
3_5_7,5.267984110046376,33,6.0,1988,"{""type"":""MultiPoint"",""coordinates"":[]}"
3_6_0,937.121324180826,3,7.0,1988,"{""type"":""MultiPoint"",""coordinates"":[]}"
3_6_1,0.0071505159301757815,15,7.0,1988,"{""type"":""MultiPoint"",""coordinates"":[]}"
3_6_2,1.1637013955078135,21,7.0,1988,"{""type"":""MultiPoint"",""coordinates"":[]}"
3_6_3,0.08937745233154297,23,7.0,1988,"{""type"":""MultiPoint"",""coordinates"":[]}"
3_6_4,0.14568252185058597,25,7.0,1988,"{""type"":""MultiPoint"",""coordinates"":[]}"
3_6_5,3.0057583866577158,33,7.0,1988,"{""type"":""MultiPoint"",""coordinates"":[]}"
3_7_0,3884.3834690980866,3,8.0,1988,"{""type"":""MultiPoint"",""coordinates"":[]}"
3_7_1,437.8219500371983,6,8.0,1988,"{""type"":""MultiPoint"",""coordinates"":[]}"
3_7_2,33.209362664863036,11,8.0,1988,"{""type"":""MultiPoint"",""coordinates"":[]}"
3_7_3,0.42285015765380896,13,8.0,1988,"{""type"":""MultiPoint"",""coordinates"":[]}"
3_7_4,28.624028440734676,15,8.0,1988,"{""type"":""MultiPoint"",""coordinates"":[]}"
3_7_5,8.195939268127455,21,8.0,1988,"{""type"":""MultiPoint"",""coordinates"":[]}"
3_7_6,0.1340960411987303,23,8.0,1988,"{""type"":""MultiPoint"",""coordinates"":[]}"
3_7_7,1.245303858703621,25,8.0,1988,"{""type"":""MultiPoint"",""coordinates"":[]}"
3_7_8,15.248436219116426,33,8.0,1988,"{""type"":""MultiPoint"",""coordinates"":[]}"
3_8_0,16.208102576599334,3,9.0,1988,"{""type"":""MultiPoint"",""coordinates"":[]}"
3_8_1,0.028591317199707027,11,9.0,1988,"{""type"":""MultiPoint"",""coordinates"":[]}"
3_8_2,13.960095969787634,13,9.0,1988,"{""type"":""MultiPoint"",""coordinates"":[]}"
3_8_3,8.934894409179687E-4,15,9.0,1988,"{""type"":""MultiPoint"",""coordinates"":[]}"
3_8_4,0.02055077490234376,25,9.0,1988,"{""type"":""MultiPoint"",""coordinates"":[]}"
3_8_5,0.23946013580322245,33,9.0,1988,"{""type"":""MultiPoint"",""coordinates"":[]}"
3_9_0,38167.33049731241,3,10.0,1988,"{""type"":""MultiPoint"",""coordinates"":[]}"
3_9_1,2864.9668639257543,6,10.0,1988,"{""type"":""MultiPoint"",""coordinates"":[]}"
3_9_2,8.106368742370618,11,10.0,1988,"{""type"":""MultiPoint"",""coordinates"":[]}"
3_9_3,45.60959824981772,12,10.0,1988,"{""type"":""MultiPoint"",""coordinates"":[]}"
3_9_4,1333.7478138712627,13,10.0,1988,"{""type"":""MultiPoint"",""coordinates"":[]}"
3_9_5,10.219262048217852,15,10.0,1988,"{""type"":""MultiPoint"",""coordinates"":[]}"
3_9_6,11.182948674133305,18,10.0,1988,"{""type"":""MultiPoint"",""coordinates"":[]}"
3_9_7,6.328520478454588,21,10.0,1988,"{""type"":""MultiPoint"",""coordinates"":[]}"
3_9_8,7.706444378051777,23,10.0,1988,"{""type"":""MultiPoint"",""coordinates"":[]}"
3_9_9,0.1609145069580078,24,10.0,1988,"{""type"":""MultiPoint"",""coordinates"":[]}"
3_9_10,0.5283188471069337,25,10.0,1988,"{""type"":""MultiPoint"",""coordinates"":[]}"
3_9_11,238.66354127246044,33,10.0,1988,"{""type"":""MultiPoint"",""coordinates"":[]}"
3_10_0,5511.986567418198,3,11.0,1988,"{""type"":""MultiPoint"",""coordinates"":[]}"
3_10_1,344.80122740674057,6,11.0,1988,"{""type"":""MultiPoint"",""coordinates"":[]}"
3_10_2,1.118271856506349,11,11.0,1988,"{""type"":""MultiPoint"",""coordinates"":[]}"
3_10_3,74.5624414383536,12,11.0,1988,"{""type"":""MultiPoint"",""coordinates"":[]}"
3_10_4,121.10017190154954,13,11.0,1988,"{""type"":""MultiPoint"",""coordinates"":[]}"
3_10_5,117.89625640685901,15,11.0,1988,"{""type"":""MultiPoint"",""coordinates"":[]}"
3_10_6,0.023224352600097656,18,11.0,1988,"{""type"":""MultiPoint"",""coordinates"":[]}"
3_10_7,14.741066990966793,21,11.0,1988,"{""type"":""MultiPoint"",""coordinates"":[]}"
3_10_8,3.7361155961303685,23,11.0,1988,"{""type"":""MultiPoint"",""coordinates"":[]}"
3_10_9,0.15982420843505862,25,11.0,1988,"{""type"":""MultiPoint"",""coordinates"":[]}"
3_10_10,29.00527704284658,33,11.0,1988,"{""type"":""MultiPoint"",""coordinates"":[]}"
3_11_0,559.3286485719848,3,12.0,1988,"{""type"":""MultiPoint"",""coordinates"":[]}"
3_11_1,0.11259669012451165,11,12.0,1988,"{""type"":""MultiPoint"",""coordinates"":[]}"
3_11_2,25.772591476074297,13,12.0,1988,"{""type"":""MultiPoint"",""coordinates"":[]}"
3_11_3,0.03664026483154297,15,12.0,1988,"{""type"":""MultiPoint"",""coordinates"":[]}"
3_11_4,0.6979597405395506,21,12.0,1988,"{""type"":""MultiPoint"",""coordinates"":[]}"
3_11_5,0.01966100726318359,23,12.0,1988,"{""type"":""MultiPoint"",""coordinates"":[]}"
3_11_6,0.0455764376220703,25,12.0,1988,"{""type"":""MultiPoint"",""coordinates"":[]}"
3_11_7,0.21180363464355453,33,12.0,1988,"{""type"":""MultiPoint"",""coordinates"":[]}"
3_11_8,0.49598701184082045,68,12.0,1988,"{""type"":""MultiPoint"",""coordinates"":[]}"
3_12_0,1.0919167265625198,11,13.0,1988,"{""type"":""MultiPoint"",""coordinates"":[]}"
3_12_1,0.027609602600097642,12,13.0,1988,"{""type"":""MultiPoint"",""coordinates"":[]}"
3_12_2,0.0017812737426757812,33,13.0,1988,"{""type"":""MultiPoint"",""coordinates"":[]}"
3_13_0,904.0224481556417,3,14.0,1988,"{""type"":""MultiPoint"",""coordinates"":[]}"
3_13_1,611.8073837834805,13,14.0,1988,"{""type"":""MultiPoint"",""coordinates"":[]}"
3_13_2,2.986445269287105,15,14.0,1988,"{""type"":""MultiPoint"",""coordinates"":[]}"
3_13_3,0.1489610253906249,18,14.0,1988,"{""type"":""MultiPoint"",""coordinates"":[]}"
3_13_4,12.938580125976381,21,14.0,1988,"{""type"":""MultiPoint"",""coordinates"":[]}"
3_13_5,0.12398377343749999,23,14.0,1988,"{""type"":""MultiPoint"",""coordinates"":[]}"
3_13_6,0.024082081604003904,25,14.0,1988,"{""type"":""MultiPoint"",""coordinates"":[]}"
3_13_7,6.469283775390621,33,14.0,1988,"{""type"":""MultiPoint"",""coordinates"":[]}"
3_13_8,0.7786743728027344,68,14.0,1988,"{""type"":""MultiPoint"",""coordinates"":[]}"
3_14_0,762.2012330118026,3,15.0,1988,"{""type"":""MultiPoint"",""coordinates"":[]}"
3_14_1,0.045578927124023436,15,15.0,1988,"{""type"":""MultiPoint"",""coordinates"":[]}"
3_14_2,1.5711361202392573,21,15.0,1988,"{""type"":""MultiPoint"",""coordinates"":[]}"
3_14_3,0.10545980572509765,23,15.0,1988,"{""type"":""MultiPoint"",""coordinates"":[]}"
3_14_4,0.20018870660400395,25,15.0,1988,"{""type"":""MultiPoint"",""coordinates"":[]}"
3_14_5,0.0598801170654297,33,15.0,1988,"{""type"":""MultiPoint"",""coordinates"":[]}"
3_15_0,2832.3601245277296,3,16.0,1988,"{""type"":""MultiPoint"",""coordinates"":[]}"
3_15_1,4.9815087001953025,6,16.0,1988,"{""type"":""MultiPoint"",""coordinates"":[]}"
3_15_2,24.621058145751846,13,16.0,1988,"{""type"":""MultiPoint"",""coordinates"":[]}"
3_15_3,0.8581423730468759,15,16.0,1988,"{""type"":""MultiPoint"",""coordinates"":[]}"
3_15_4,5.1772112859497055,21,16.0,1988,"{""type"":""MultiPoint"",""coordinates"":[]}"
3_15_5,6.491349929199226,23,16.0,1988,"{""type"":""MultiPoint"",""coordinates"":[]}"
3_15_6,0.1660926166381836,25,16.0,1988,"{""type"":""MultiPoint"",""coordinates"":[]}"
3_15_7,7.097845531738284,33,16.0,1988,"{""type"":""MultiPoint"",""coordinates"":[]}"
3_16_0,0.2681394598999029,3,17.0,1988,"{""type"":""MultiPoint"",""coordinates"":[]}"
3_16_1,0.01251308825683594,21,17.0,1988,"{""type"":""MultiPoint"",""coordinates"":[]}"
3_17_0,350.4312330639381,3,18.0,1988,"{""type"":""MultiPoint"",""coordinates"":[]}"
3_17_1,5.805868232482895,13,18.0,1988,"{""type"":""MultiPoint"",""coordinates"":[]}"
3_17_2,4.447441852722168,15,18.0,1988,"{""type"":""MultiPoint"",""coordinates"":[]}"
3_17_3,16.19967291058346,21,18.0,1988,"{""type"":""MultiPoint"",""coordinates"":[]}"
3_17_4,0.2511491528320312,23,18.0,1988,"{""type"":""MultiPoint"",""coordinates"":[]}"
3_17_5,0.249363164916992,25,18.0,1988,"{""type"":""MultiPoint"",""coordinates"":[]}"
3_17_6,0.23595491101074198,33,18.0,1988,"{""type"":""MultiPoint"",""coordinates"":[]}"
3_17_7,0.23595574774169908,68,18.0,1988,"{""type"":""MultiPoint"",""coordinates"":[]}"
3_18_0,307.62937381759457,3,19.0,1988,"{""type"":""MultiPoint"",""coordinates"":[]}"
3_18_1,21.660562947143823,11,19.0,1988,"{""type"":""MultiPoint"",""coordinates"":[]}"
3_18_2,54.692248497069336,13,19.0,1988,"{""type"":""MultiPoint"",""coordinates"":[]}"
3_18_3,0.2681384895019528,15,19.0,1988,"{""type"":""MultiPoint"",""coordinates"":[]}"
3_18_4,9.325086401550623,18,19.0,1988,"{""type"":""MultiPoint"",""coordinates"":[]}"
3_18_5,64.65430615924164,21,19.0,1988,"{""type"":""MultiPoint"",""coordinates"":[]}"
3_18_6,0.15105258721923814,24,19.0,1988,"{""type"":""MultiPoint"",""coordinates"":[]}"
3_18_7,0.2171987918090823,25,19.0,1988,"{""type"":""MultiPoint"",""coordinates"":[]}"
3_18_8,0.053631939392089836,27,19.0,1988,"{""type"":""MultiPoint"",""coordinates"":[]}"
3_18_9,41.44545642035061,33,19.0,1988,"{""type"":""MultiPoint"",""coordinates"":[]}"
3_19_0,143.72699778295834,3,20.0,1988,"{""type"":""MultiPoint"",""coordinates"":[]}"
3_19_1,19.892976362732295,6,20.0,1988,"{""type"":""MultiPoint"",""coordinates"":[]}"
3_19_2,0.3849448488769532,11,20.0,1988,"{""type"":""MultiPoint"",""coordinates"":[]}"
3_19_3,73.93634805511418,13,20.0,1988,"{""type"":""MultiPoint"",""coordinates"":[]}"
3_19_4,42.07701479870573,15,20.0,1988,"{""type"":""MultiPoint"",""coordinates"":[]}"
3_19_5,0.004465733520507813,18,20.0,1988,"{""type"":""MultiPoint"",""coordinates"":[]}"
3_19_6,3.712758201416036,21,20.0,1988,"{""type"":""MultiPoint"",""coordinates"":[]}"
3_19_7,0.13396220611572265,23,20.0,1988,"{""type"":""MultiPoint"",""coordinates"":[]}"
3_19_8,0.08306011395263675,25,20.0,1988,"{""type"":""MultiPoint"",""coordinates"":[]}"
3_19_9,0.36973548986816307,33,20.0,1988,"{""type"":""MultiPoint"",""coordinates"":[]}"
3_20_0,58.00759190753383,3,21.0,1988,"{""type"":""MultiPoint"",""coordinates"":[]}"
3_20_1,0.004466370727539062,13,21.0,1988,"{""type"":""MultiPoint"",""coordinates"":[]}"
3_20_2,11.943641836975214,15,21.0,1988,"{""type"":""MultiPoint"",""coordinates"":[]}"
3_20_3,0.8307169964599606,21,21.0,1988,"{""type"":""MultiPoint"",""coordinates"":[]}"
3_21_0,9908.821311724507,3,22.0,1988,"{""type"":""MultiPoint"",""coordinates"":[]}"
3_21_1,889.2531815468927,6,22.0,1988,"{""type"":""MultiPoint"",""coordinates"":[]}"
3_21_2,4.8096527962036015,11,22.0,1988,"{""type"":""MultiPoint"",""coordinates"":[]}"
3_21_3,19.95357917443852,13,22.0,1988,"{""type"":""MultiPoint"",""coordinates"":[]}"
3_21_4,29.469255475646737,18,22.0,1988,"{""type"":""MultiPoint"",""coordinates"":[]}"
3_21_5,3.121974177551269,21,22.0,1988,"{""type"":""MultiPoint"",""coordinates"":[]}"
3_21_6,0.6054990740356445,23,22.0,1988,"{""type"":""MultiPoint"",""coordinates"":[]}"
3_21_7,0.0741416228027344,24,22.0,1988,"{""type"":""MultiPoint"",""coordinates"":[]}"
3_21_8,1.7810625792236328,25,22.0,1988,"{""type"":""MultiPoint"",""coordinates"":[]}"
3_21_9,22.587088295410073,29,22.0,1988,"{""type"":""MultiPoint"",""coordinates"":[]}"
3_21_10,81.22343140527354,33,22.0,1988,"{""type"":""MultiPoint"",""coordinates"":[]}"
3_21_11,2.3983022584228504,68,22.0,1988,"{""type"":""MultiPoint"",""coordinates"":[]}"
3_22_0,7970.786310228644,3,23.0,1988,"{""type"":""MultiPoint"",""coordinates"":[]}"
3_22_1,500.69491198022155,6,23.0,1988,"{""type"":""MultiPoint"",""coordinates"":[]}"
3_22_2,0.08220989880371095,11,23.0,1988,"{""type"":""MultiPoint"",""coordinates"":[]}"
3_22_3,220.19381990075232,13,23.0,1988,"{""type"":""MultiPoint"",""coordinates"":[]}"
3_22_4,20.31516943298336,15,23.0,1988,"{""type"":""MultiPoint"",""coordinates"":[]}"
3_22_5,5.301840656066892,18,23.0,1988,"{""type"":""MultiPoint"",""coordinates"":[]}"
3_22_6,7.809095347045888,21,23.0,1988,"{""type"":""MultiPoint"",""coordinates"":[]}"
3_22_7,0.0902316576538087,23,23.0,1988,"{""type"":""MultiPoint"",""coordinates"":[]}"
3_22_8,0.017870136718750002,24,23.0,1988,"{""type"":""MultiPoint"",""coordinates"":[]}"
3_22_9,0.07773172882080079,25,23.0,1988,"{""type"":""MultiPoint"",""coordinates"":[]}"
3_22_10,43.288503174438674,33,23.0,1988,"{""type"":""MultiPoint"",""coordinates"":[]}"
3_22_11,5.623856118774427,68,23.0,1988,"{""type"":""MultiPoint"",""coordinates"":[]}"
3_23_0,105.21807707635486,3,25.0,1988,"{""type"":""MultiPoint"",""coordinates"":[]}"
3_23_1,0.35309126147460923,33,25.0,1988,"{""type"":""MultiPoint"",""coordinates"":[]}"
4_0_0,22.836352002990616,3,1.0,1989,"{""type"":""MultiPoint"",""coordinates"":[]}"
4_0_1,0.0035745987548828125,25,1.0,1989,"{""type"":""MultiPoint"",""coordinates"":[]}"
4_1_0,8808.488100373052,3,2.0,1989,"{""type"":""MultiPoint"",""coordinates"":[]}"
4_1_1,867.0341077962943,6,2.0,1989,"{""type"":""MultiPoint"",""coordinates"":[]}"
4_1_2,5.020358418762211,11,2.0,1989,"{""type"":""MultiPoint"",""coordinates"":[]}"
4_1_3,2.104268926818849,13,2.0,1989,"{""type"":""MultiPoint"",""coordinates"":[]}"
4_1_4,0.10185635223388667,18,2.0,1989,"{""type"":""MultiPoint"",""coordinates"":[]}"
4_1_5,0.008041223693847655,21,2.0,1989,"{""type"":""MultiPoint"",""coordinates"":[]}"
4_1_6,0.5235118263549806,24,2.0,1989,"{""type"":""MultiPoint"",""coordinates"":[]}"
4_1_7,0.012507212768554689,25,2.0,1989,"{""type"":""MultiPoint"",""coordinates"":[]}"
4_1_8,25.87341661791987,33,2.0,1989,"{""type"":""MultiPoint"",""coordinates"":[]}"
4_2_0,9461.340922769663,3,3.0,1989,"{""type"":""MultiPoint"",""coordinates"":[]}"
4_2_1,789.7015542670285,6,3.0,1989,"{""type"":""MultiPoint"",""coordinates"":[]}"
4_2_2,59.071764744079445,11,3.0,1989,"{""type"":""MultiPoint"",""coordinates"":[]}"
4_2_3,1.8977265496215827,13,3.0,1989,"{""type"":""MultiPoint"",""coordinates"":[]}"
4_2_4,11.945128157836956,18,3.0,1989,"{""type"":""MultiPoint"",""coordinates"":[]}"
4_2_5,1.531275521301271,21,3.0,1989,"{""type"":""MultiPoint"",""coordinates"":[]}"
4_2_6,0.0071506726074218735,23,3.0,1989,"{""type"":""MultiPoint"",""coordinates"":[]}"
4_2_7,0.11531607293701171,25,3.0,1989,"{""type"":""MultiPoint"",""coordinates"":[]}"
4_2_8,220.9935721477075,33,3.0,1989,"{""type"":""MultiPoint"",""coordinates"":[]}"
4_3_0,4866.076857557573,3,4.0,1989,"{""type"":""MultiPoint"",""coordinates"":[]}"
4_3_1,533.974884407282,6,4.0,1989,"{""type"":""MultiPoint"",""coordinates"":[]}"
4_3_2,78.73745582159356,11,4.0,1989,"{""type"":""MultiPoint"",""coordinates"":[]}"
4_3_3,0.5934088342895508,13,4.0,1989,"{""type"":""MultiPoint"",""coordinates"":[]}"
4_3_4,2.2603316629028347,18,4.0,1989,"{""type"":""MultiPoint"",""coordinates"":[]}"
4_3_5,0.013406093322753906,21,4.0,1989,"{""type"":""MultiPoint"",""coordinates"":[]}"
4_3_6,6.104340403381357,23,4.0,1989,"{""type"":""MultiPoint"",""coordinates"":[]}"
4_3_7,0.0911635875854492,24,4.0,1989,"{""type"":""MultiPoint"",""coordinates"":[]}"
4_3_8,0.028601139221191407,25,4.0,1989,"{""type"":""MultiPoint"",""coordinates"":[]}"
4_3_9,106.81859427661078,33,4.0,1989,"{""type"":""MultiPoint"",""coordinates"":[]}"
4_4_0,1986.5038957659049,3,5.0,1989,"{""type"":""MultiPoint"",""coordinates"":[]}"
4_4_1,63.261376178345344,6,5.0,1989,"{""type"":""MultiPoint"",""coordinates"":[]}"
4_4_2,0.0098242138671875,11,5.0,1989,"{""type"":""MultiPoint"",""coordinates"":[]}"
4_4_3,0.039304077758789045,12,5.0,1989,"{""type"":""MultiPoint"",""coordinates"":[]}"
4_4_4,8.93277587890625E-4,13,5.0,1989,"{""type"":""MultiPoint"",""coordinates"":[]}"
4_4_5,14.100443081298828,15,5.0,1989,"{""type"":""MultiPoint"",""coordinates"":[]}"
4_4_6,0.09378663537597656,18,5.0,1989,"{""type"":""MultiPoint"",""coordinates"":[]}"
4_4_7,4.557035680725098,21,5.0,1989,"{""type"":""MultiPoint"",""coordinates"":[]}"
4_4_8,6.417771789550801,23,5.0,1989,"{""type"":""MultiPoint"",""coordinates"":[]}"
4_4_9,0.018754394775390624,25,5.0,1989,"{""type"":""MultiPoint"",""coordinates"":[]}"
4_4_10,14.577601798950244,33,5.0,1989,"{""type"":""MultiPoint"",""coordinates"":[]}"
4_5_0,2536.349371558392,3,6.0,1989,"{""type"":""MultiPoint"",""coordinates"":[]}"
4_5_1,128.53124255706612,6,6.0,1989,"{""type"":""MultiPoint"",""coordinates"":[]}"
4_5_2,2.0044541071166977,11,6.0,1989,"{""type"":""MultiPoint"",""coordinates"":[]}"
4_5_3,0.47748057226562446,13,6.0,1989,"{""type"":""MultiPoint"",""coordinates"":[]}"
4_5_4,7.98605110217287,18,6.0,1989,"{""type"":""MultiPoint"",""coordinates"":[]}"
4_5_5,0.0169543740234375,21,6.0,1989,"{""type"":""MultiPoint"",""coordinates"":[]}"
4_5_6,0.04193632360839844,25,6.0,1989,"{""type"":""MultiPoint"",""coordinates"":[]}"
4_5_7,5.948784020202624,33,6.0,1989,"{""type"":""MultiPoint"",""coordinates"":[]}"
4_6_0,937.2536093389682,3,7.0,1989,"{""type"":""MultiPoint"",""coordinates"":[]}"
4_6_1,0.005362895812988281,15,7.0,1989,"{""type"":""MultiPoint"",""coordinates"":[]}"
4_6_2,0.9858347044067423,21,7.0,1989,"{""type"":""MultiPoint"",""coordinates"":[]}"
4_6_3,0.09473900683593751,23,7.0,1989,"{""type"":""MultiPoint"",""coordinates"":[]}"
4_6_4,0.15372670129394536,25,7.0,1989,"{""type"":""MultiPoint"",""coordinates"":[]}"
4_6_5,3.039721805786134,33,7.0,1989,"{""type"":""MultiPoint"",""coordinates"":[]}"
4_7_0,3886.013209220866,3,8.0,1989,"{""type"":""MultiPoint"",""coordinates"":[]}"
4_7_1,433.33152830367357,6,8.0,1989,"{""type"":""MultiPoint"",""coordinates"":[]}"
4_7_2,32.26622289746805,11,8.0,1989,"{""type"":""MultiPoint"",""coordinates"":[]}"
4_7_3,0.7124980321045082,13,8.0,1989,"{""type"":""MultiPoint"",""coordinates"":[]}"
4_7_4,31.66708636291504,15,8.0,1989,"{""type"":""MultiPoint"",""coordinates"":[]}"
4_7_5,10.015171918151674,21,8.0,1989,"{""type"":""MultiPoint"",""coordinates"":[]}"
4_7_6,0.5363841416625985,23,8.0,1989,"{""type"":""MultiPoint"",""coordinates"":[]}"
4_7_7,3.75915658966065,25,8.0,1989,"{""type"":""MultiPoint"",""coordinates"":[]}"
4_7_8,10.98417831915293,33,8.0,1989,"{""type"":""MultiPoint"",""coordinates"":[]}"
4_8_0,15.98294105841085,3,9.0,1989,"{""type"":""MultiPoint"",""coordinates"":[]}"
4_8_1,0.023230383239746095,11,9.0,1989,"{""type"":""MultiPoint"",""coordinates"":[]}"
4_8_2,14.192405447082537,13,9.0,1989,"{""type"":""MultiPoint"",""coordinates"":[]}"
4_8_3,8.934894409179687E-4,15,9.0,1989,"{""type"":""MultiPoint"",""coordinates"":[]}"
4_8_4,0.018763749755859382,25,9.0,1989,"{""type"":""MultiPoint"",""coordinates"":[]}"
4_8_5,0.23946013580322245,33,9.0,1989,"{""type"":""MultiPoint"",""coordinates"":[]}"
4_9_0,38300.90131490712,3,10.0,1989,"{""type"":""MultiPoint"",""coordinates"":[]}"
4_9_1,2742.7284713227173,6,10.0,1989,"{""type"":""MultiPoint"",""coordinates"":[]}"
4_9_2,8.100103351623545,11,10.0,1989,"{""type"":""MultiPoint"",""coordinates"":[]}"
4_9_3,45.530048348267826,12,10.0,1989,"{""type"":""MultiPoint"",""coordinates"":[]}"
4_9_4,1322.9161582633494,13,10.0,1989,"{""type"":""MultiPoint"",""coordinates"":[]}"
4_9_5,10.302380582824783,15,10.0,1989,"{""type"":""MultiPoint"",""coordinates"":[]}"
4_9_6,11.442115818298351,18,10.0,1989,"{""type"":""MultiPoint"",""coordinates"":[]}"
4_9_7,6.3338613882446335,21,10.0,1989,"{""type"":""MultiPoint"",""coordinates"":[]}"
4_9_8,3.988649731689457,23,10.0,1989,"{""type"":""MultiPoint"",""coordinates"":[]}"
4_9_9,0.16449040264892573,24,10.0,1989,"{""type"":""MultiPoint"",""coordinates"":[]}"
4_9_10,0.20202702435302747,25,10.0,1989,"{""type"":""MultiPoint"",""coordinates"":[]}"
4_9_11,241.9414711657709,33,10.0,1989,"{""type"":""MultiPoint"",""coordinates"":[]}"
4_10_0,5493.794759815408,3,11.0,1989,"{""type"":""MultiPoint"",""coordinates"":[]}"
4_10_1,346.84132912323554,6,11.0,1989,"{""type"":""MultiPoint"",""coordinates"":[]}"
4_10_2,1.1182745722656264,11,11.0,1989,"{""type"":""MultiPoint"",""coordinates"":[]}"
4_10_3,78.61862955480845,12,11.0,1989,"{""type"":""MultiPoint"",""coordinates"":[]}"
4_10_4,121.63875818798908,13,11.0,1989,"{""type"":""MultiPoint"",""coordinates"":[]}"
4_10_5,124.52652663598442,15,11.0,1989,"{""type"":""MultiPoint"",""coordinates"":[]}"
4_10_6,0.005359493225097656,18,11.0,1989,"{""type"":""MultiPoint"",""coordinates"":[]}"
4_10_7,19.79923152624513,21,11.0,1989,"{""type"":""MultiPoint"",""coordinates"":[]}"
4_10_8,2.6561674198608323,23,11.0,1989,"{""type"":""MultiPoint"",""coordinates"":[]}"
4_10_9,0.11873204608154299,25,11.0,1989,"{""type"":""MultiPoint"",""coordinates"":[]}"
4_10_10,30.01267624414058,33,11.0,1989,"{""type"":""MultiPoint"",""coordinates"":[]}"
4_11_0,560.6654712898815,3,12.0,1989,"{""type"":""MultiPoint"",""coordinates"":[]}"
4_11_1,0.12063905645751946,11,12.0,1989,"{""type"":""MultiPoint"",""coordinates"":[]}"
4_11_2,24.260593523132197,13,12.0,1989,"{""type"":""MultiPoint"",""coordinates"":[]}"
4_11_3,0.011618096557617186,15,12.0,1989,"{""type"":""MultiPoint"",""coordinates"":[]}"
4_11_4,0.2582765888061523,21,12.0,1989,"{""type"":""MultiPoint"",""coordinates"":[]}"
4_11_5,0.031278969604492175,23,12.0,1989,"{""type"":""MultiPoint"",""coordinates"":[]}"
4_11_6,0.10277122662353519,25,12.0,1989,"{""type"":""MultiPoint"",""coordinates"":[]}"
4_11_7,0.27078666522216777,33,12.0,1989,"{""type"":""MultiPoint"",""coordinates"":[]}"
4_11_8,1.0000294186401377,68,12.0,1989,"{""type"":""MultiPoint"",""coordinates"":[]}"
4_12_0,0.5486302728881826,11,13.0,1989,"{""type"":""MultiPoint"",""coordinates"":[]}"
4_12_1,0.4150352493896482,12,13.0,1989,"{""type"":""MultiPoint"",""coordinates"":[]}"
4_12_2,0.15764208062744137,33,13.0,1989,"{""type"":""MultiPoint"",""coordinates"":[]}"
4_13_0,902.0004698326327,3,14.0,1989,"{""type"":""MultiPoint"",""coordinates"":[]}"
4_13_1,612.3004372042858,13,14.0,1989,"{""type"":""MultiPoint"",""coordinates"":[]}"
4_13_2,4.2388047269897395,15,14.0,1989,"{""type"":""MultiPoint"",""coordinates"":[]}"
4_13_3,8.918981323242188E-4,18,14.0,1989,"{""type"":""MultiPoint"",""coordinates"":[]}"
4_13_4,13.103669717834277,21,14.0,1989,"{""type"":""MultiPoint"",""coordinates"":[]}"
4_13_5,0.10168288031005861,23,14.0,1989,"{""type"":""MultiPoint"",""coordinates"":[]}"
4_13_6,0.016946240417480468,25,14.0,1989,"{""type"":""MultiPoint"",""coordinates"":[]}"
4_13_7,6.560263291564927,33,14.0,1989,"{""type"":""MultiPoint"",""coordinates"":[]}"
4_13_8,0.9766765708618161,68,14.0,1989,"{""type"":""MultiPoint"",""coordinates"":[]}"
4_14_0,762.217331857083,3,15.0,1989,"{""type"":""MultiPoint"",""coordinates"":[]}"
4_14_1,0.07596576837158203,15,15.0,1989,"{""type"":""MultiPoint"",""coordinates"":[]}"
4_14_2,1.5979380527343756,21,15.0,1989,"{""type"":""MultiPoint"",""coordinates"":[]}"
4_14_3,0.014299367553710937,23,15.0,1989,"{""type"":""MultiPoint"",""coordinates"":[]}"
4_14_4,0.21984897393798827,25,15.0,1989,"{""type"":""MultiPoint"",""coordinates"":[]}"
4_14_5,0.05809266888427735,33,15.0,1989,"{""type"":""MultiPoint"",""coordinates"":[]}"
4_15_0,2831.0876261791627,3,16.0,1989,"{""type"":""MultiPoint"",""coordinates"":[]}"
4_15_1,5.006514286926256,6,16.0,1989,"{""type"":""MultiPoint"",""coordinates"":[]}"
4_15_2,24.939806909118552,13,16.0,1989,"{""type"":""MultiPoint"",""coordinates"":[]}"
4_15_3,1.2332253160400402,15,16.0,1989,"{""type"":""MultiPoint"",""coordinates"":[]}"
4_15_4,5.6647675556030155,21,16.0,1989,"{""type"":""MultiPoint"",""coordinates"":[]}"
4_15_5,6.756570194580086,23,16.0,1989,"{""type"":""MultiPoint"",""coordinates"":[]}"
4_15_6,0.9769273128662083,25,16.0,1989,"{""type"":""MultiPoint"",""coordinates"":[]}"
4_15_7,6.087895355957034,33,16.0,1989,"{""type"":""MultiPoint"",""coordinates"":[]}"
4_16_0,0.27886496429443425,3,17.0,1989,"{""type"":""MultiPoint"",""coordinates"":[]}"
4_16_1,0.0017875838623046874,21,17.0,1989,"{""type"":""MultiPoint"",""coordinates"":[]}"
4_17_0,352.5468059928325,3,18.0,1989,"{""type"":""MultiPoint"",""coordinates"":[]}"
4_17_1,5.776375150695801,13,18.0,1989,"{""type"":""MultiPoint"",""coordinates"":[]}"
4_17_2,4.232039078369133,15,18.0,1989,"{""type"":""MultiPoint"",""coordinates"":[]}"
4_17_3,13.242169041809106,21,18.0,1989,"{""type"":""MultiPoint"",""coordinates"":[]}"
4_17_4,0.5300067229003905,23,18.0,1989,"{""type"":""MultiPoint"",""coordinates"":[]}"
4_17_5,0.5139200574951173,25,18.0,1989,"{""type"":""MultiPoint"",""coordinates"":[]}"
4_17_6,0.23237984356689423,33,18.0,1989,"{""type"":""MultiPoint"",""coordinates"":[]}"
4_17_7,0.7829431485595715,68,18.0,1989,"{""type"":""MultiPoint"",""coordinates"":[]}"
4_18_0,309.1345864540033,3,19.0,1989,"{""type"":""MultiPoint"",""coordinates"":[]}"
4_18_1,21.52469565423609,11,19.0,1989,"{""type"":""MultiPoint"",""coordinates"":[]}"
4_18_2,54.68240932708636,13,19.0,1989,"{""type"":""MultiPoint"",""coordinates"":[]}"
4_18_3,0.2904820597534172,15,19.0,1989,"{""type"":""MultiPoint"",""coordinates"":[]}"
4_18_4,11.449659426269907,18,19.0,1989,"{""type"":""MultiPoint"",""coordinates"":[]}"
4_18_5,61.31860249151785,21,19.0,1989,"{""type"":""MultiPoint"",""coordinates"":[]}"
4_18_6,0.1689287683105468,24,19.0,1989,"{""type"":""MultiPoint"",""coordinates"":[]}"
4_18_7,0.11709099981689444,25,19.0,1989,"{""type"":""MultiPoint"",""coordinates"":[]}"
4_18_8,0.053631939392089836,27,19.0,1989,"{""type"":""MultiPoint"",""coordinates"":[]}"
4_18_9,41.356968930482445,33,19.0,1989,"{""type"":""MultiPoint"",""coordinates"":[]}"
4_19_0,140.06428556207916,3,20.0,1989,"{""type"":""MultiPoint"",""coordinates"":[]}"
4_19_1,19.102583934875923,6,20.0,1989,"{""type"":""MultiPoint"",""coordinates"":[]}"
4_19_2,0.48765611358642585,11,20.0,1989,"{""type"":""MultiPoint"",""coordinates"":[]}"
4_19_3,75.94945995257292,13,20.0,1989,"{""type"":""MultiPoint"",""coordinates"":[]}"
4_19_4,43.89806998004126,15,20.0,1989,"{""type"":""MultiPoint"",""coordinates"":[]}"
4_19_5,0.03929881903076173,18,20.0,1989,"{""type"":""MultiPoint"",""coordinates"":[]}"
4_19_6,4.242379754028349,21,20.0,1989,"{""type"":""MultiPoint"",""coordinates"":[]}"
4_19_7,0.11342112982177731,23,20.0,1989,"{""type"":""MultiPoint"",""coordinates"":[]}"
4_19_8,0.05090743188476562,25,20.0,1989,"{""type"":""MultiPoint"",""coordinates"":[]}"
4_19_9,0.37420091534423755,33,20.0,1989,"{""type"":""MultiPoint"",""coordinates"":[]}"
4_20_0,57.25457967749267,3,21.0,1989,"{""type"":""MultiPoint"",""coordinates"":[]}"
4_20_1,12.383126102478148,15,21.0,1989,"{""type"":""MultiPoint"",""coordinates"":[]}"
4_20_2,1.1487113317260722,21,21.0,1989,"{""type"":""MultiPoint"",""coordinates"":[]}"
4_21_0,9921.067678953821,3,22.0,1989,"{""type"":""MultiPoint"",""coordinates"":[]}"
4_21_1,876.7759603163773,6,22.0,1989,"{""type"":""MultiPoint"",""coordinates"":[]}"
4_21_2,4.8578708589477415,11,22.0,1989,"{""type"":""MultiPoint"",""coordinates"":[]}"
4_21_3,17.482195117736833,13,22.0,1989,"{""type"":""MultiPoint"",""coordinates"":[]}"
4_21_4,30.691337656310832,18,22.0,1989,"{""type"":""MultiPoint"",""coordinates"":[]}"
4_21_5,3.418552923278808,21,22.0,1989,"{""type"":""MultiPoint"",""coordinates"":[]}"
4_21_6,0.39478699761962843,23,22.0,1989,"{""type"":""MultiPoint"",""coordinates"":[]}"
4_21_7,0.07592865258789064,24,22.0,1989,"{""type"":""MultiPoint"",""coordinates"":[]}"
4_21_8,1.6882036608276363,25,22.0,1989,"{""type"":""MultiPoint"",""coordinates"":[]}"
4_21_9,22.468293617431556,29,22.0,1989,"{""type"":""MultiPoint"",""coordinates"":[]}"
4_21_10,0.0044676416015625,30,22.0,1989,"{""type"":""MultiPoint"",""coordinates"":[]}"
4_21_11,81.82078788110364,33,22.0,1989,"{""type"":""MultiPoint"",""coordinates"":[]}"
4_21_12,3.3524158527221637,68,22.0,1989,"{""type"":""MultiPoint"",""coordinates"":[]}"
4_22_0,7972.699905431252,3,23.0,1989,"{""type"":""MultiPoint"",""coordinates"":[]}"
4_22_1,501.44823033300685,6,23.0,1989,"{""type"":""MultiPoint"",""coordinates"":[]}"
4_22_2,0.08220989880371095,11,23.0,1989,"{""type"":""MultiPoint"",""coordinates"":[]}"
4_22_3,217.6365952757538,13,23.0,1989,"{""type"":""MultiPoint"",""coordinates"":[]}"
4_22_4,22.562017004699744,15,23.0,1989,"{""type"":""MultiPoint"",""coordinates"":[]}"
4_22_5,5.006116203063962,18,23.0,1989,"{""type"":""MultiPoint"",""coordinates"":[]}"
4_22_6,9.829868721130374,21,23.0,1989,"{""type"":""MultiPoint"",""coordinates"":[]}"
4_22_7,0.1080980767211915,23,23.0,1989,"{""type"":""MultiPoint"",""coordinates"":[]}"
4_22_8,0.016976630187988284,24,23.0,1989,"{""type"":""MultiPoint"",""coordinates"":[]}"
4_22_9,0.6263563295898441,25,23.0,1989,"{""type"":""MultiPoint"",""coordinates"":[]}"
4_22_10,43.27510209985371,33,23.0,1989,"{""type"":""MultiPoint"",""coordinates"":[]}"
4_22_11,0.9900742568359385,68,23.0,1989,"{""type"":""MultiPoint"",""coordinates"":[]}"
4_23_0,105.21718317407215,3,25.0,1989,"{""type"":""MultiPoint"",""coordinates"":[]}"
4_23_1,0.35398516375732403,33,25.0,1989,"{""type"":""MultiPoint"",""coordinates"":[]}"
5_0_0,22.836352002990616,3,1.0,1990,"{""type"":""MultiPoint"",""coordinates"":[]}"
5_0_1,0.0035745987548828125,25,1.0,1990,"{""type"":""MultiPoint"",""coordinates"":[]}"
5_1_0,8811.758863550356,3,2.0,1990,"{""type"":""MultiPoint"",""coordinates"":[]}"
5_1_1,862.8681206782643,6,2.0,1990,"{""type"":""MultiPoint"",""coordinates"":[]}"
5_1_2,5.786903415039065,11,2.0,1990,"{""type"":""MultiPoint"",""coordinates"":[]}"
5_1_3,2.223120320617676,13,2.0,1990,"{""type"":""MultiPoint"",""coordinates"":[]}"
5_1_4,0.1090021479492187,18,2.0,1990,"{""type"":""MultiPoint"",""coordinates"":[]}"
5_1_5,0.021442727661132813,21,2.0,1990,"{""type"":""MultiPoint"",""coordinates"":[]}"
5_1_6,0.4922441248779297,24,2.0,1990,"{""type"":""MultiPoint"",""coordinates"":[]}"
5_1_7,25.906471783081006,33,2.0,1990,"{""type"":""MultiPoint"",""coordinates"":[]}"
5_2_0,9464.138373394439,3,3.0,1990,"{""type"":""MultiPoint"",""coordinates"":[]}"
5_2_1,787.2411063326424,6,3.0,1990,"{""type"":""MultiPoint"",""coordinates"":[]}"
5_2_2,58.97611913366687,11,3.0,1990,"{""type"":""MultiPoint"",""coordinates"":[]}"
5_2_3,1.834263753356934,13,3.0,1990,"{""type"":""MultiPoint"",""coordinates"":[]}"
5_2_4,12.757703133911189,18,3.0,1990,"{""type"":""MultiPoint"",""coordinates"":[]}"
5_2_5,1.1790621071166996,21,3.0,1990,"{""type"":""MultiPoint"",""coordinates"":[]}"
5_2_6,0.09296895532226562,23,3.0,1990,"{""type"":""MultiPoint"",""coordinates"":[]}"
5_2_7,0.05274052038574218,25,3.0,1990,"{""type"":""MultiPoint"",""coordinates"":[]}"
5_2_8,220.3320735718407,33,3.0,1990,"{""type"":""MultiPoint"",""coordinates"":[]}"
5_3_0,4837.792268196707,3,4.0,1990,"{""type"":""MultiPoint"",""coordinates"":[]}"
5_3_1,568.0580130009658,6,4.0,1990,"{""type"":""MultiPoint"",""coordinates"":[]}"
5_3_2,72.37767522863805,11,4.0,1990,"{""type"":""MultiPoint"",""coordinates"":[]}"
5_3_3,1.032207117126465,13,4.0,1990,"{""type"":""MultiPoint"",""coordinates"":[]}"
5_3_4,2.319322357360843,18,4.0,1990,"{""type"":""MultiPoint"",""coordinates"":[]}"
5_3_5,0.00178752685546875,21,4.0,1990,"{""type"":""MultiPoint"",""coordinates"":[]}"
5_3_6,0.3378425326538082,23,4.0,1990,"{""type"":""MultiPoint"",""coordinates"":[]}"
5_3_7,0.0884822948608398,24,4.0,1990,"{""type"":""MultiPoint"",""coordinates"":[]}"
5_3_8,0.03306919445800782,25,4.0,1990,"{""type"":""MultiPoint"",""coordinates"":[]}"
5_3_9,112.65837633404507,33,4.0,1990,"{""type"":""MultiPoint"",""coordinates"":[]}"
5_4_0,1987.4471095559463,3,5.0,1990,"{""type"":""MultiPoint"",""coordinates"":[]}"
5_4_1,64.08033114764487,6,5.0,1990,"{""type"":""MultiPoint"",""coordinates"":[]}"
5_4_2,0.0098242138671875,11,5.0,1990,"{""type"":""MultiPoint"",""coordinates"":[]}"
5_4_3,0.03662424279785157,12,5.0,1990,"{""type"":""MultiPoint"",""coordinates"":[]}"
5_4_4,14.90788935876461,15,5.0,1990,"{""type"":""MultiPoint"",""coordinates"":[]}"
5_4_5,0.08932068121337891,18,5.0,1990,"{""type"":""MultiPoint"",""coordinates"":[]}"
5_4_6,3.695881655029302,21,5.0,1990,"{""type"":""MultiPoint"",""coordinates"":[]}"
5_4_7,5.133571968933104,23,5.0,1990,"{""type"":""MultiPoint"",""coordinates"":[]}"
5_4_8,0.022327956787109377,25,5.0,1990,"{""type"":""MultiPoint"",""coordinates"":[]}"
5_4_9,14.157806113159207,33,5.0,1990,"{""type"":""MultiPoint"",""coordinates"":[]}"
5_5_0,2538.928347503958,3,6.0,1990,"{""type"":""MultiPoint"",""coordinates"":[]}"
5_5_1,125.64795692944227,6,6.0,1990,"{""type"":""MultiPoint"",""coordinates"":[]}"
5_5_2,2.1186832748413074,11,6.0,1990,"{""type"":""MultiPoint"",""coordinates"":[]}"
5_5_3,0.581890354980468,13,6.0,1990,"{""type"":""MultiPoint"",""coordinates"":[]}"
5_5_4,8.220698577880857,18,6.0,1990,"{""type"":""MultiPoint"",""coordinates"":[]}"
5_5_5,0.07050944689941406,21,6.0,1990,"{""type"":""MultiPoint"",""coordinates"":[]}"
5_5_6,0.05175151147460939,25,6.0,1990,"{""type"":""MultiPoint"",""coordinates"":[]}"
5_5_7,5.736437015380848,33,6.0,1990,"{""type"":""MultiPoint"",""coordinates"":[]}"
5_6_0,937.3948237762836,3,7.0,1990,"{""type"":""MultiPoint"",""coordinates"":[]}"
5_6_1,0.0017876318969726563,15,7.0,1990,"{""type"":""MultiPoint"",""coordinates"":[]}"
5_6_2,0.936674835510256,21,7.0,1990,"{""type"":""MultiPoint"",""coordinates"":[]}"
5_6_3,0.07954535351562501,23,7.0,1990,"{""type"":""MultiPoint"",""coordinates"":[]}"
5_6_4,0.14747097808837892,25,7.0,1990,"{""type"":""MultiPoint"",""coordinates"":[]}"
5_6_5,2.972691877807618,33,7.0,1990,"{""type"":""MultiPoint"",""coordinates"":[]}"
5_7_0,3883.6414940669642,3,8.0,1990,"{""type"":""MultiPoint"",""coordinates"":[]}"
5_7_1,435.7702872434466,6,8.0,1990,"{""type"":""MultiPoint"",""coordinates"":[]}"
5_7_2,32.696224216987126,11,8.0,1990,"{""type"":""MultiPoint"",""coordinates"":[]}"
5_7_3,0.5381729177246135,13,8.0,1990,"{""type"":""MultiPoint"",""coordinates"":[]}"
5_7_4,32.6826439585571,15,8.0,1990,"{""type"":""MultiPoint"",""coordinates"":[]}"
5_7_5,8.676894209228609,21,8.0,1990,"{""type"":""MultiPoint"",""coordinates"":[]}"
5_7_6,0.5354901679077156,23,8.0,1990,"{""type"":""MultiPoint"",""coordinates"":[]}"
5_7_7,3.7618385130615284,25,8.0,1990,"{""type"":""MultiPoint"",""coordinates"":[]}"
5_7_8,10.982390491943459,33,8.0,1990,"{""type"":""MultiPoint"",""coordinates"":[]}"
5_8_0,15.98026064733907,3,9.0,1990,"{""type"":""MultiPoint"",""coordinates"":[]}"
5_8_1,0.023230383239746095,11,9.0,1990,"{""type"":""MultiPoint"",""coordinates"":[]}"
5_8_2,14.195085858154318,13,9.0,1990,"{""type"":""MultiPoint"",""coordinates"":[]}"
5_8_3,8.934894409179687E-4,15,9.0,1990,"{""type"":""MultiPoint"",""coordinates"":[]}"
5_8_4,0.018763749755859382,25,9.0,1990,"{""type"":""MultiPoint"",""coordinates"":[]}"
5_8_5,0.23946013580322245,33,9.0,1990,"{""type"":""MultiPoint"",""coordinates"":[]}"
5_9_0,38290.344005816296,3,10.0,1990,"{""type"":""MultiPoint"",""coordinates"":[]}"
5_9_1,2733.167463893262,6,10.0,1990,"{""type"":""MultiPoint"",""coordinates"":[]}"
5_9_2,8.056293917175308,11,10.0,1990,"{""type"":""MultiPoint"",""coordinates"":[]}"
5_9_3,44.72740247009346,12,10.0,1990,"{""type"":""MultiPoint"",""coordinates"":[]}"
5_9_4,1342.8437112508702,13,10.0,1990,"{""type"":""MultiPoint"",""coordinates"":[]}"
5_9_5,10.276474817810147,15,10.0,1990,"{""type"":""MultiPoint"",""coordinates"":[]}"
5_9_6,10.584851500000008,18,10.0,1990,"{""type"":""MultiPoint"",""coordinates"":[]}"
5_9_7,7.379700730651855,21,10.0,1990,"{""type"":""MultiPoint"",""coordinates"":[]}"
5_9_8,9.27063001251221,23,10.0,1990,"{""type"":""MultiPoint"",""coordinates"":[]}"
5_9_9,0.16538437542724604,24,10.0,1990,"{""type"":""MultiPoint"",""coordinates"":[]}"
5_9_10,0.423711811462402,25,10.0,1990,"{""type"":""MultiPoint"",""coordinates"":[]}"
5_9_11,237.3114617120972,33,10.0,1990,"{""type"":""MultiPoint"",""coordinates"":[]}"
5_10_0,5492.109558021712,3,11.0,1990,"{""type"":""MultiPoint"",""coordinates"":[]}"
5_10_1,345.82140757208555,6,11.0,1990,"{""type"":""MultiPoint"",""coordinates"":[]}"
5_10_2,1.0700445683593762,11,11.0,1990,"{""type"":""MultiPoint"",""coordinates"":[]}"
5_10_3,78.31763401086198,12,11.0,1990,"{""type"":""MultiPoint"",""coordinates"":[]}"
5_10_4,120.5793297990718,13,11.0,1990,"{""type"":""MultiPoint"",""coordinates"":[]}"
5_10_5,122.94284749499336,15,11.0,1990,"{""type"":""MultiPoint"",""coordinates"":[]}"
5_10_6,0.01786455487060547,18,11.0,1990,"{""type"":""MultiPoint"",""coordinates"":[]}"
5_10_7,25.69141453009039,21,11.0,1990,"{""type"":""MultiPoint"",""coordinates"":[]}"
5_10_8,4.849893439880372,23,11.0,1990,"{""type"":""MultiPoint"",""coordinates"":[]}"
5_10_9,0.2312904057006837,25,11.0,1990,"{""type"":""MultiPoint"",""coordinates"":[]}"
5_10_10,27.499160221557567,33,11.0,1990,"{""type"":""MultiPoint"",""coordinates"":[]}"
5_11_0,560.7494774225114,3,12.0,1990,"{""type"":""MultiPoint"",""coordinates"":[]}"
5_11_1,0.12063905645751946,11,12.0,1990,"{""type"":""MultiPoint"",""coordinates"":[]}"
5_11_2,24.260593523132197,13,12.0,1990,"{""type"":""MultiPoint"",""coordinates"":[]}"
5_11_3,0.0017873712158203124,15,12.0,1990,"{""type"":""MultiPoint"",""coordinates"":[]}"
5_11_4,0.2868748446655273,21,12.0,1990,"{""type"":""MultiPoint"",""coordinates"":[]}"
5_11_5,0.013404982482910156,23,12.0,1990,"{""type"":""MultiPoint"",""coordinates"":[]}"
5_11_6,0.09919659960937505,25,12.0,1990,"{""type"":""MultiPoint"",""coordinates"":[]}"
5_11_7,0.279723657104492,33,12.0,1990,"{""type"":""MultiPoint"",""coordinates"":[]}"
5_11_8,0.909767377746582,68,12.0,1990,"{""type"":""MultiPoint"",""coordinates"":[]}"
5_12_0,0.5067705435180662,11,13.0,1990,"{""type"":""MultiPoint"",""coordinates"":[]}"
5_12_1,0.6038494495849611,12,13.0,1990,"{""type"":""MultiPoint"",""coordinates"":[]}"
5_12_2,8.906350708007812E-4,21,13.0,1990,"{""type"":""MultiPoint"",""coordinates"":[]}"
5_12_3,0.0044531708984375,33,13.0,1990,"{""type"":""MultiPoint"",""coordinates"":[]}"
5_12_4,0.005343803833007812,68,13.0,1990,"{""type"":""MultiPoint"",""coordinates"":[]}"
5_13_0,896.4328626714641,3,14.0,1990,"{""type"":""MultiPoint"",""coordinates"":[]}"
5_13_1,617.57721137356,13,14.0,1990,"{""type"":""MultiPoint"",""coordinates"":[]}"
5_13_2,4.649117757629378,15,14.0,1990,"{""type"":""MultiPoint"",""coordinates"":[]}"
5_13_3,12.916399673889016,21,14.0,1990,"{""type"":""MultiPoint"",""coordinates"":[]}"
5_13_4,0.11060237646484372,23,14.0,1990,"{""type"":""MultiPoint"",""coordinates"":[]}"
5_13_5,0.016946240417480468,25,14.0,1990,"{""type"":""MultiPoint"",""coordinates"":[]}"
5_13_6,6.632515024597153,33,14.0,1990,"{""type"":""MultiPoint"",""coordinates"":[]}"
5_13_7,0.9641872450561522,68,14.0,1990,"{""type"":""MultiPoint"",""coordinates"":[]}"
5_14_0,761.811586556662,3,15.0,1990,"{""type"":""MultiPoint"",""coordinates"":[]}"
5_14_1,0.06613446350097657,15,15.0,1990,"{""type"":""MultiPoint"",""coordinates"":[]}"
5_14_2,1.8955417628784172,21,15.0,1990,"{""type"":""MultiPoint"",""coordinates"":[]}"
5_14_3,0.018767891479492187,23,15.0,1990,"{""type"":""MultiPoint"",""coordinates"":[]}"
5_14_4,0.3199467332763669,25,15.0,1990,"{""type"":""MultiPoint"",""coordinates"":[]}"
5_14_5,0.07149928076171876,33,15.0,1990,"{""type"":""MultiPoint"",""coordinates"":[]}"
5_15_0,2832.609036873167,3,16.0,1990,"{""type"":""MultiPoint"",""coordinates"":[]}"
5_15_1,5.077958696655257,6,16.0,1990,"{""type"":""MultiPoint"",""coordinates"":[]}"
5_15_2,24.90766420257556,13,16.0,1990,"{""type"":""MultiPoint"",""coordinates"":[]}"
5_15_3,1.6145583196411128,15,16.0,1990,"{""type"":""MultiPoint"",""coordinates"":[]}"
5_15_4,6.057678600280762,21,16.0,1990,"{""type"":""MultiPoint"",""coordinates"":[]}"
5_15_5,4.173408457763673,23,16.0,1990,"{""type"":""MultiPoint"",""coordinates"":[]}"
5_15_6,0.934063367858884,25,16.0,1990,"{""type"":""MultiPoint"",""coordinates"":[]}"
5_15_7,6.378964592346195,33,16.0,1990,"{""type"":""MultiPoint"",""coordinates"":[]}"
5_16_0,0.27886496429443425,3,17.0,1990,"{""type"":""MultiPoint"",""coordinates"":[]}"
5_16_1,0.0017875838623046874,21,17.0,1990,"{""type"":""MultiPoint"",""coordinates"":[]}"
5_17_0,353.3789072755468,3,18.0,1990,"{""type"":""MultiPoint"",""coordinates"":[]}"
5_17_1,5.795144928955072,13,18.0,1990,"{""type"":""MultiPoint"",""coordinates"":[]}"
5_17_2,3.511655091674795,15,18.0,1990,"{""type"":""MultiPoint"",""coordinates"":[]}"
5_17_3,13.239491226379412,21,18.0,1990,"{""type"":""MultiPoint"",""coordinates"":[]}"
5_17_4,0.4057722911376952,23,18.0,1990,"{""type"":""MultiPoint"",""coordinates"":[]}"
5_17_5,0.4897882299804687,25,18.0,1990,"{""type"":""MultiPoint"",""coordinates"":[]}"
5_17_6,0.31728836511230446,33,18.0,1990,"{""type"":""MultiPoint"",""coordinates"":[]}"
5_17_7,0.7185916274414079,68,18.0,1990,"{""type"":""MultiPoint"",""coordinates"":[]}"
5_18_0,309.04520099294405,3,19.0,1990,"{""type"":""MultiPoint"",""coordinates"":[]}"
5_18_1,21.535421888855254,11,19.0,1990,"{""type"":""MultiPoint"",""coordinates"":[]}"
5_18_2,54.59570642718402,13,19.0,1990,"{""type"":""MultiPoint"",""coordinates"":[]}"
5_18_3,0.30299506793212805,15,19.0,1990,"{""type"":""MultiPoint"",""coordinates"":[]}"
5_18_4,11.205649547424812,18,19.0,1990,"{""type"":""MultiPoint"",""coordinates"":[]}"
5_18_5,61.695796619814146,21,19.0,1990,"{""type"":""MultiPoint"",""coordinates"":[]}"
5_18_6,0.1689287683105468,24,19.0,1990,"{""type"":""MultiPoint"",""coordinates"":[]}"
5_18_7,0.11619716064453116,25,19.0,1990,"{""type"":""MultiPoint"",""coordinates"":[]}"
5_18_8,0.053631939392089836,27,19.0,1990,"{""type"":""MultiPoint"",""coordinates"":[]}"
5_18_9,41.377527638368186,33,19.0,1990,"{""type"":""MultiPoint"",""coordinates"":[]}"
5_19_0,138.24139681042465,3,20.0,1990,"{""type"":""MultiPoint"",""coordinates"":[]}"
5_19_1,17.52713094708291,6,20.0,1990,"{""type"":""MultiPoint"",""coordinates"":[]}"
5_19_2,0.4760454846801758,11,20.0,1990,"{""type"":""MultiPoint"",""coordinates"":[]}"
5_19_3,75.73866907476757,13,20.0,1990,"{""type"":""MultiPoint"",""coordinates"":[]}"
5_19_4,48.09756493383633,15,20.0,1990,"{""type"":""MultiPoint"",""coordinates"":[]}"
5_19_5,0.08306245068359372,18,20.0,1990,"{""type"":""MultiPoint"",""coordinates"":[]}"
5_19_6,3.5278696598510786,21,20.0,1990,"{""type"":""MultiPoint"",""coordinates"":[]}"
5_19_7,0.14825108752441413,23,20.0,1990,"{""type"":""MultiPoint"",""coordinates"":[]}"
5_19_8,0.13665033758544923,25,20.0,1990,"{""type"":""MultiPoint"",""coordinates"":[]}"
5_19_9,0.3456228068237296,33,20.0,1990,"{""type"":""MultiPoint"",""coordinates"":[]}"
5_20_0,56.395258596437166,3,21.0,1990,"{""type"":""MultiPoint"",""coordinates"":[]}"
5_20_1,0.002679844665527344,6,21.0,1990,"{""type"":""MultiPoint"",""coordinates"":[]}"
5_20_2,13.589920861084092,15,21.0,1990,"{""type"":""MultiPoint"",""coordinates"":[]}"
5_20_3,0.7985578095092793,21,21.0,1990,"{""type"":""MultiPoint"",""coordinates"":[]}"
5_21_0,9941.885360276721,3,22.0,1990,"{""type"":""MultiPoint"",""coordinates"":[]}"
5_21_1,857.0991033030638,6,22.0,1990,"{""type"":""MultiPoint"",""coordinates"":[]}"
5_21_2,4.9257507365722555,11,22.0,1990,"{""type"":""MultiPoint"",""coordinates"":[]}"
5_21_3,17.684345032043474,13,22.0,1990,"{""type"":""MultiPoint"",""coordinates"":[]}"
5_21_4,30.18741197161846,18,22.0,1990,"{""type"":""MultiPoint"",""coordinates"":[]}"
5_21_5,3.5436040042724604,21,22.0,1990,"{""type"":""MultiPoint"",""coordinates"":[]}"
5_21_6,0.125946262451172,23,22.0,1990,"{""type"":""MultiPoint"",""coordinates"":[]}"
5_21_7,0.07682161041259768,24,22.0,1990,"{""type"":""MultiPoint"",""coordinates"":[]}"
5_21_8,1.6176580145874029,25,22.0,1990,"{""type"":""MultiPoint"",""coordinates"":[]}"
5_21_9,22.518311614990125,29,22.0,1990,"{""type"":""MultiPoint"",""coordinates"":[]}"
5_21_10,0.006254698059082031,30,22.0,1990,"{""type"":""MultiPoint"",""coordinates"":[]}"
5_21_11,81.48477175384537,33,22.0,1990,"{""type"":""MultiPoint"",""coordinates"":[]}"
5_21_12,2.943140851745602,68,22.0,1990,"{""type"":""MultiPoint"",""coordinates"":[]}"
5_22_0,7972.942979918329,3,23.0,1990,"{""type"":""MultiPoint"",""coordinates"":[]}"
5_22_1,498.3216908088365,6,23.0,1990,"{""type"":""MultiPoint"",""coordinates"":[]}"
5_22_2,0.08220989880371095,11,23.0,1990,"{""type"":""MultiPoint"",""coordinates"":[]}"
5_22_3,216.3883295965535,13,23.0,1990,"{""type"":""MultiPoint"",""coordinates"":[]}"
5_22_4,25.0221943834228,15,23.0,1990,"{""type"":""MultiPoint"",""coordinates"":[]}"
5_22_5,5.492121133483879,18,23.0,1990,"{""type"":""MultiPoint"",""coordinates"":[]}"
5_22_6,9.970036596191399,21,23.0,1990,"{""type"":""MultiPoint"",""coordinates"":[]}"
5_22_7,0.12953803082275403,23,23.0,1990,"{""type"":""MultiPoint"",""coordinates"":[]}"
5_22_8,0.01876364294433594,24,23.0,1990,"{""type"":""MultiPoint"",""coordinates"":[]}"
5_22_9,0.07594387890625001,25,23.0,1990,"{""type"":""MultiPoint"",""coordinates"":[]}"
5_22_10,43.92464101428244,33,23.0,1990,"{""type"":""MultiPoint"",""coordinates"":[]}"
5_22_11,1.9131013583374048,68,23.0,1990,"{""type"":""MultiPoint"",""coordinates"":[]}"
5_23_0,105.0285701708986,3,25.0,1990,"{""type"":""MultiPoint"",""coordinates"":[]}"
5_23_1,0.014302414367675778,18,25.0,1990,"{""type"":""MultiPoint"",""coordinates"":[]}"
5_23_2,0.018771872741699214,21,25.0,1990,"{""type"":""MultiPoint"",""coordinates"":[]}"
5_23_3,0.509523879821777,33,25.0,1990,"{""type"":""MultiPoint"",""coordinates"":[]}"
6_0_0,22.836352002990616,3,1.0,1991,"{""type"":""MultiPoint"",""coordinates"":[]}"
6_0_1,0.0035745987548828125,25,1.0,1991,"{""type"":""MultiPoint"",""coordinates"":[]}"
6_1_0,8824.451312532909,3,2.0,1991,"{""type"":""MultiPoint"",""coordinates"":[]}"
6_1_1,850.1577969503586,6,2.0,1991,"{""type"":""MultiPoint"",""coordinates"":[]}"
6_1_2,5.752055069763184,11,2.0,1991,"{""type"":""MultiPoint"",""coordinates"":[]}"
6_1_3,2.2767379543457036,13,2.0,1991,"{""type"":""MultiPoint"",""coordinates"":[]}"
6_1_4,0.07951774230957025,18,2.0,1991,"{""type"":""MultiPoint"",""coordinates"":[]}"
6_1_5,0.05181936920166015,21,2.0,1991,"{""type"":""MultiPoint"",""coordinates"":[]}"
6_1_6,0.49581754608154305,24,2.0,1991,"{""type"":""MultiPoint"",""coordinates"":[]}"
6_1_7,25.901111582824655,33,2.0,1991,"{""type"":""MultiPoint"",""coordinates"":[]}"
6_2_0,9455.79287205114,3,3.0,1991,"{""type"":""MultiPoint"",""coordinates"":[]}"
6_2_1,795.404229675335,6,3.0,1991,"{""type"":""MultiPoint"",""coordinates"":[]}"
6_2_2,59.052994149902204,11,3.0,1991,"{""type"":""MultiPoint"",""coordinates"":[]}"
6_2_3,1.8441022783813485,13,3.0,1991,"{""type"":""MultiPoint"",""coordinates"":[]}"
6_2_4,13.389678449768184,18,3.0,1991,"{""type"":""MultiPoint"",""coordinates"":[]}"
6_2_5,1.2747384045410162,21,3.0,1991,"{""type"":""MultiPoint"",""coordinates"":[]}"
6_2_6,0.03307642169189453,23,3.0,1991,"{""type"":""MultiPoint"",""coordinates"":[]}"
6_2_7,0.13944950817871096,25,3.0,1991,"{""type"":""MultiPoint"",""coordinates"":[]}"
6_2_8,219.67326996368587,33,3.0,1991,"{""type"":""MultiPoint"",""coordinates"":[]}"
6_3_0,4798.54645970698,3,4.0,1991,"{""type"":""MultiPoint"",""coordinates"":[]}"
6_3_1,578.154168865608,6,4.0,1991,"{""type"":""MultiPoint"",""coordinates"":[]}"
6_3_2,101.7569982081286,11,4.0,1991,"{""type"":""MultiPoint"",""coordinates"":[]}"
6_3_3,0.7810832672119145,13,4.0,1991,"{""type"":""MultiPoint"",""coordinates"":[]}"
6_3_4,2.3631176126098685,18,4.0,1991,"{""type"":""MultiPoint"",""coordinates"":[]}"
6_3_5,2.4542600051269545,23,4.0,1991,"{""type"":""MultiPoint"",""coordinates"":[]}"
6_3_6,0.08758854211425778,24,4.0,1991,"{""type"":""MultiPoint"",""coordinates"":[]}"
6_3_7,0.009831932983398435,25,4.0,1991,"{""type"":""MultiPoint"",""coordinates"":[]}"
6_3_8,110.54553564300501,33,4.0,1991,"{""type"":""MultiPoint"",""coordinates"":[]}"
6_4_0,1987.2744845248094,3,5.0,1991,"{""type"":""MultiPoint"",""coordinates"":[]}"
6_4_1,61.67341672936986,6,5.0,1991,"{""type"":""MultiPoint"",""coordinates"":[]}"
6_4_2,0.0098242138671875,11,5.0,1991,"{""type"":""MultiPoint"",""coordinates"":[]}"
6_4_3,0.014292404846191407,12,5.0,1991,"{""type"":""MultiPoint"",""coordinates"":[]}"
6_4_4,8.93277587890625E-4,13,5.0,1991,"{""type"":""MultiPoint"",""coordinates"":[]}"
6_4_5,13.910919426025394,15,5.0,1991,"{""type"":""MultiPoint"",""coordinates"":[]}"
6_4_6,0.10271844415283202,18,5.0,1991,"{""type"":""MultiPoint"",""coordinates"":[]}"
6_4_7,7.033056821899391,21,5.0,1991,"{""type"":""MultiPoint"",""coordinates"":[]}"
6_4_8,4.435116872558582,23,5.0,1991,"{""type"":""MultiPoint"",""coordinates"":[]}"
6_4_9,0.005359655090332031,25,5.0,1991,"{""type"":""MultiPoint"",""coordinates"":[]}"
6_4_10,15.120604523925824,33,5.0,1991,"{""type"":""MultiPoint"",""coordinates"":[]}"
6_5_0,2536.0611689078432,3,6.0,1991,"{""type"":""MultiPoint"",""coordinates"":[]}"
6_5_1,128.1146058849467,6,6.0,1991,"{""type"":""MultiPoint"",""coordinates"":[]}"
6_5_2,2.2328793427124007,11,6.0,1991,"{""type"":""MultiPoint"",""coordinates"":[]}"
6_5_3,0.4123645571289057,13,6.0,1991,"{""type"":""MultiPoint"",""coordinates"":[]}"
6_5_4,8.971916566162081,18,6.0,1991,"{""type"":""MultiPoint"",""coordinates"":[]}"
6_5_5,0.011604095031738282,21,6.0,1991,"{""type"":""MultiPoint"",""coordinates"":[]}"
6_5_6,0.05532186871337891,25,6.0,1991,"{""type"":""MultiPoint"",""coordinates"":[]}"
6_5_7,5.496413392272943,33,6.0,1991,"{""type"":""MultiPoint"",""coordinates"":[]}"
6_6_0,936.2203890594232,3,7.0,1991,"{""type"":""MultiPoint"",""coordinates"":[]}"
6_6_1,0.009831824645996093,15,7.0,1991,"{""type"":""MultiPoint"",""coordinates"":[]}"
6_6_2,1.4783199655151402,21,7.0,1991,"{""type"":""MultiPoint"",""coordinates"":[]}"
6_6_3,0.14747255010986315,23,7.0,1991,"{""type"":""MultiPoint"",""coordinates"":[]}"
6_6_4,0.8079631036987311,25,7.0,1991,"{""type"":""MultiPoint"",""coordinates"":[]}"
6_6_5,2.8565045283813504,33,7.0,1991,"{""type"":""MultiPoint"",""coordinates"":[]}"
6_6_6,0.012513421325683591,68,7.0,1991,"{""type"":""MultiPoint"",""coordinates"":[]}"
6_7_0,3916.542335834673,3,8.0,1991,"{""type"":""MultiPoint"",""coordinates"":[]}"
6_7_1,397.74611341390806,6,8.0,1991,"{""type"":""MultiPoint"",""coordinates"":[]}"
6_7_2,34.2490581493606,11,8.0,1991,"{""type"":""MultiPoint"",""coordinates"":[]}"
6_7_3,1.6422319398192784,13,8.0,1991,"{""type"":""MultiPoint"",""coordinates"":[]}"
6_7_4,33.49702405676268,15,8.0,1991,"{""type"":""MultiPoint"",""coordinates"":[]}"
6_7_5,15.811696924499435,21,8.0,1991,"{""type"":""MultiPoint"",""coordinates"":[]}"
6_7_6,0.3513315594482431,23,8.0,1991,"{""type"":""MultiPoint"",""coordinates"":[]}"
6_7_7,0.10280634973144531,25,8.0,1991,"{""type"":""MultiPoint"",""coordinates"":[]}"
6_7_8,9.34283755645749,33,8.0,1991,"{""type"":""MultiPoint"",""coordinates"":[]}"
6_8_0,15.97400617468282,3,9.0,1991,"{""type"":""MultiPoint"",""coordinates"":[]}"
6_8_1,0.023230383239746095,11,9.0,1991,"{""type"":""MultiPoint"",""coordinates"":[]}"
6_8_2,14.201340330810568,13,9.0,1991,"{""type"":""MultiPoint"",""coordinates"":[]}"
6_8_3,8.934894409179687E-4,15,9.0,1991,"{""type"":""MultiPoint"",""coordinates"":[]}"
6_8_4,0.018763749755859382,25,9.0,1991,"{""type"":""MultiPoint"",""coordinates"":[]}"
6_8_5,0.23946013580322245,33,9.0,1991,"{""type"":""MultiPoint"",""coordinates"":[]}"
6_9_0,38251.39408662511,3,10.0,1991,"{""type"":""MultiPoint"",""coordinates"":[]}"
6_9_1,2731.8691683055117,6,10.0,1991,"{""type"":""MultiPoint"",""coordinates"":[]}"
6_9_2,8.360242702209497,11,10.0,1991,"{""type"":""MultiPoint"",""coordinates"":[]}"
6_9_3,47.74495594592439,12,10.0,1991,"{""type"":""MultiPoint"",""coordinates"":[]}"
6_9_4,1376.5399854140053,13,10.0,1991,"{""type"":""MultiPoint"",""coordinates"":[]}"
6_9_5,8.505861663086025,15,10.0,1991,"{""type"":""MultiPoint"",""coordinates"":[]}"
6_9_6,10.33371688195801,18,10.0,1991,"{""type"":""MultiPoint"",""coordinates"":[]}"
6_9_7,8.38067652575684,21,10.0,1991,"{""type"":""MultiPoint"",""coordinates"":[]}"
6_9_8,14.92739823876955,23,10.0,1991,"{""type"":""MultiPoint"",""coordinates"":[]}"
6_9_9,0.17074822528076167,24,10.0,1991,"{""type"":""MultiPoint"",""coordinates"":[]}"
6_9_10,0.2020172816772462,25,10.0,1991,"{""type"":""MultiPoint"",""coordinates"":[]}"
6_9_11,236.12223449829077,33,10.0,1991,"{""type"":""MultiPoint"",""coordinates"":[]}"
6_10_0,5463.68853692576,3,11.0,1991,"{""type"":""MultiPoint"",""coordinates"":[]}"
6_10_1,341.3696851709613,6,11.0,1991,"{""type"":""MultiPoint"",""coordinates"":[]}"
6_10_2,1.0227071434326187,11,11.0,1991,"{""type"":""MultiPoint"",""coordinates"":[]}"
6_10_3,73.65583725567707,12,11.0,1991,"{""type"":""MultiPoint"",""coordinates"":[]}"
6_10_4,122.8044173446031,13,11.0,1991,"{""type"":""MultiPoint"",""coordinates"":[]}"
6_10_5,136.28415512133643,15,11.0,1991,"{""type"":""MultiPoint"",""coordinates"":[]}"
6_10_6,0.09825708862304695,18,11.0,1991,"{""type"":""MultiPoint"",""coordinates"":[]}"
6_10_7,47.02787852893065,21,11.0,1991,"{""type"":""MultiPoint"",""coordinates"":[]}"
6_10_8,3.083208164733885,23,11.0,1991,"{""type"":""MultiPoint"",""coordinates"":[]}"
6_10_9,0.2197468991088867,25,11.0,1991,"{""type"":""MultiPoint"",""coordinates"":[]}"
6_10_10,29.87601497607412,33,11.0,1991,"{""type"":""MultiPoint"",""coordinates"":[]}"
6_11_0,560.4769007887824,3,12.0,1991,"{""type"":""MultiPoint"",""coordinates"":[]}"
6_11_1,0.12063905645751946,11,12.0,1991,"{""type"":""MultiPoint"",""coordinates"":[]}"
6_11_2,24.260593523132197,13,12.0,1991,"{""type"":""MultiPoint"",""coordinates"":[]}"
6_11_3,0.0017873712158203124,15,12.0,1991,"{""type"":""MultiPoint"",""coordinates"":[]}"
6_11_4,0.6613321588134767,21,12.0,1991,"{""type"":""MultiPoint"",""coordinates"":[]}"
6_11_5,8.93708251953125E-4,23,12.0,1991,"{""type"":""MultiPoint"",""coordinates"":[]}"
6_11_6,0.10634612658691411,25,12.0,1991,"{""type"":""MultiPoint"",""coordinates"":[]}"
6_11_7,0.2573815219726561,33,12.0,1991,"{""type"":""MultiPoint"",""coordinates"":[]}"
6_11_8,0.8355905797119138,68,12.0,1991,"{""type"":""MultiPoint"",""coordinates"":[]}"
6_12_0,0.4764887482910159,11,13.0,1991,"{""type"":""MultiPoint"",""coordinates"":[]}"
6_12_1,0.64392821954346,12,13.0,1991,"{""type"":""MultiPoint"",""coordinates"":[]}"
6_12_2,8.906350708007812E-4,21,13.0,1991,"{""type"":""MultiPoint"",""coordinates"":[]}"
6_13_0,896.978108629108,3,14.0,1991,"{""type"":""MultiPoint"",""coordinates"":[]}"
6_13_1,616.5136571262487,13,14.0,1991,"{""type"":""MultiPoint"",""coordinates"":[]}"
6_13_2,4.282515674499503,15,14.0,1991,"{""type"":""MultiPoint"",""coordinates"":[]}"
6_13_3,13.793284024718956,21,14.0,1991,"{""type"":""MultiPoint"",""coordinates"":[]}"
6_13_4,0.0686870277709961,23,14.0,1991,"{""type"":""MultiPoint"",""coordinates"":[]}"
6_13_5,0.007134440490722657,25,14.0,1991,"{""type"":""MultiPoint"",""coordinates"":[]}"
6_13_6,6.847468971679687,33,14.0,1991,"{""type"":""MultiPoint"",""coordinates"":[]}"
6_13_7,0.8089864685668942,68,14.0,1991,"{""type"":""MultiPoint"",""coordinates"":[]}"
6_14_0,761.2333436615754,3,15.0,1991,"{""type"":""MultiPoint"",""coordinates"":[]}"
6_14_1,0.06970986334228516,15,15.0,1991,"{""type"":""MultiPoint"",""coordinates"":[]}"
6_14_2,2.2574940674438477,21,15.0,1991,"{""type"":""MultiPoint"",""coordinates"":[]}"
6_14_3,0.03306921197509766,23,15.0,1991,"{""type"":""MultiPoint"",""coordinates"":[]}"
6_14_4,0.5264041811523437,25,15.0,1991,"{""type"":""MultiPoint"",""coordinates"":[]}"
6_14_5,0.06345570306396484,33,15.0,1991,"{""type"":""MultiPoint"",""coordinates"":[]}"
6_15_0,2832.2152359238817,3,16.0,1991,"{""type"":""MultiPoint"",""coordinates"":[]}"
6_15_1,5.167271538269024,6,16.0,1991,"{""type"":""MultiPoint"",""coordinates"":[]}"
6_15_2,24.774623030883664,13,16.0,1991,"{""type"":""MultiPoint"",""coordinates"":[]}"
6_15_3,2.2736150224609344,15,16.0,1991,"{""type"":""MultiPoint"",""coordinates"":[]}"
6_15_4,6.5586441591186615,21,16.0,1991,"{""type"":""MultiPoint"",""coordinates"":[]}"
6_15_5,4.6795985214843805,23,16.0,1991,"{""type"":""MultiPoint"",""coordinates"":[]}"
6_15_6,0.05804000103759764,25,16.0,1991,"{""type"":""MultiPoint"",""coordinates"":[]}"
6_15_7,6.026304913146977,33,16.0,1991,"{""type"":""MultiPoint"",""coordinates"":[]}"
6_16_0,0.27886496429443425,3,17.0,1991,"{""type"":""MultiPoint"",""coordinates"":[]}"
6_16_1,0.0017875838623046874,21,17.0,1991,"{""type"":""MultiPoint"",""coordinates"":[]}"
6_17_0,351.22223634389667,3,18.0,1991,"{""type"":""MultiPoint"",""coordinates"":[]}"
6_17_1,5.797826288696282,13,18.0,1991,"{""type"":""MultiPoint"",""coordinates"":[]}"
6_17_2,2.6938527648315453,15,18.0,1991,"{""type"":""MultiPoint"",""coordinates"":[]}"
6_17_3,16.373947423339818,21,18.0,1991,"{""type"":""MultiPoint"",""coordinates"":[]}"
6_17_4,0.2377443772583008,23,18.0,1991,"{""type"":""MultiPoint"",""coordinates"":[]}"
6_17_5,0.5380521619262698,25,18.0,1991,"{""type"":""MultiPoint"",""coordinates"":[]}"
6_17_6,0.3047754007568359,33,18.0,1991,"{""type"":""MultiPoint"",""coordinates"":[]}"
6_17_7,0.6882042755126969,68,18.0,1991,"{""type"":""MultiPoint"",""coordinates"":[]}"
6_18_0,308.7743816166627,3,19.0,1991,"{""type"":""MultiPoint"",""coordinates"":[]}"
6_18_1,21.103693228576898,11,19.0,1991,"{""type"":""MultiPoint"",""coordinates"":[]}"
6_18_2,55.24641388671779,13,19.0,1991,"{""type"":""MultiPoint"",""coordinates"":[]}"
6_18_3,0.3038888275756828,15,19.0,1991,"{""type"":""MultiPoint"",""coordinates"":[]}"
6_18_4,16.061715890014973,18,19.0,1991,"{""type"":""MultiPoint"",""coordinates"":[]}"
6_18_5,56.84151816772554,21,19.0,1991,"{""type"":""MultiPoint"",""coordinates"":[]}"
6_18_6,0.1689287683105468,24,19.0,1991,"{""type"":""MultiPoint"",""coordinates"":[]}"
6_18_7,0.29496160833740254,25,19.0,1991,"{""type"":""MultiPoint"",""coordinates"":[]}"
6_18_8,0.053631939392089836,27,19.0,1991,"{""type"":""MultiPoint"",""coordinates"":[]}"
6_18_9,41.24792211755517,33,19.0,1991,"{""type"":""MultiPoint"",""coordinates"":[]}"
6_19_0,135.101119395081,3,20.0,1991,"{""type"":""MultiPoint"",""coordinates"":[]}"
6_19_1,17.464619901001328,6,20.0,1991,"{""type"":""MultiPoint"",""coordinates"":[]}"
6_19_2,0.4510374419555667,11,20.0,1991,"{""type"":""MultiPoint"",""coordinates"":[]}"
6_19_3,76.57998661840588,13,20.0,1991,"{""type"":""MultiPoint"",""coordinates"":[]}"
6_19_4,49.76510785778755,15,20.0,1991,"{""type"":""MultiPoint"",""coordinates"":[]}"
6_19_5,0.029473758056640622,18,20.0,1991,"{""type"":""MultiPoint"",""coordinates"":[]}"
6_19_6,4.2494828898925965,21,20.0,1991,"{""type"":""MultiPoint"",""coordinates"":[]}"
6_19_7,0.07144650341796875,23,20.0,1991,"{""type"":""MultiPoint"",""coordinates"":[]}"
6_19_8,0.23042945849609392,25,20.0,1991,"{""type"":""MultiPoint"",""coordinates"":[]}"
6_19_9,0.3795597691650382,33,20.0,1991,"{""type"":""MultiPoint"",""coordinates"":[]}"
6_20_0,54.766856192445985,3,21.0,1991,"{""type"":""MultiPoint"",""coordinates"":[]}"
6_20_1,0.007146254272460938,6,21.0,1991,"{""type"":""MultiPoint"",""coordinates"":[]}"
6_20_2,0.007146193420410155,13,21.0,1991,"{""type"":""MultiPoint"",""coordinates"":[]}"
6_20_3,14.869063543457028,15,21.0,1991,"{""type"":""MultiPoint"",""coordinates"":[]}"
6_20_4,1.1362049281005846,21,21.0,1991,"{""type"":""MultiPoint"",""coordinates"":[]}"
6_21_0,9948.80342252956,3,22.0,1991,"{""type"":""MultiPoint"",""coordinates"":[]}"
6_21_1,850.533946315336,6,22.0,1991,"{""type"":""MultiPoint"",""coordinates"":[]}"
6_21_2,4.616828049011219,11,22.0,1991,"{""type"":""MultiPoint"",""coordinates"":[]}"
6_21_3,17.78086162286382,13,22.0,1991,"{""type"":""MultiPoint"",""coordinates"":[]}"
6_21_4,30.280291771362094,18,22.0,1991,"{""type"":""MultiPoint"",""coordinates"":[]}"
6_21_5,3.498063721557617,21,22.0,1991,"{""type"":""MultiPoint"",""coordinates"":[]}"
6_21_6,0.39297782141113285,23,22.0,1991,"{""type"":""MultiPoint"",""coordinates"":[]}"
6_21_7,0.08217955383300782,24,22.0,1991,"{""type"":""MultiPoint"",""coordinates"":[]}"
6_21_8,1.7302416762084956,25,22.0,1991,"{""type"":""MultiPoint"",""coordinates"":[]}"
6_21_9,22.670205401306067,29,22.0,1991,"{""type"":""MultiPoint"",""coordinates"":[]}"
6_21_10,0.018763706481933592,30,22.0,1991,"{""type"":""MultiPoint"",""coordinates"":[]}"
6_21_11,80.71886499542262,33,22.0,1991,"{""type"":""MultiPoint"",""coordinates"":[]}"
6_21_12,2.97183296606445,68,22.0,1991,"{""type"":""MultiPoint"",""coordinates"":[]}"
6_22_0,7982.399760672646,3,23.0,1991,"{""type"":""MultiPoint"",""coordinates"":[]}"
6_22_1,485.893183953857,6,23.0,1991,"{""type"":""MultiPoint"",""coordinates"":[]}"
6_22_2,0.08578438061523438,11,23.0,1991,"{""type"":""MultiPoint"",""coordinates"":[]}"
6_22_3,216.43739067040585,13,23.0,1991,"{""type"":""MultiPoint"",""coordinates"":[]}"
6_22_4,27.07477320904546,15,23.0,1991,"{""type"":""MultiPoint"",""coordinates"":[]}"
6_22_5,5.910318339050292,18,23.0,1991,"{""type"":""MultiPoint"",""coordinates"":[]}"
6_22_6,9.718898127624502,21,23.0,1991,"{""type"":""MultiPoint"",""coordinates"":[]}"
6_22_7,0.12864608972167985,23,23.0,1991,"{""type"":""MultiPoint"",""coordinates"":[]}"
6_22_8,0.024124682983398434,24,23.0,1991,"{""type"":""MultiPoint"",""coordinates"":[]}"
6_22_9,0.08309057678222657,25,23.0,1991,"{""type"":""MultiPoint"",""coordinates"":[]}"
6_22_10,44.927877684204276,33,23.0,1991,"{""type"":""MultiPoint"",""coordinates"":[]}"
6_22_11,1.5977018739013713,68,23.0,1991,"{""type"":""MultiPoint"",""coordinates"":[]}"
6_23_0,105.03214571289078,3,25.0,1991,"{""type"":""MultiPoint"",""coordinates"":[]}"
6_23_1,0.004469504211425781,18,25.0,1991,"{""type"":""MultiPoint"",""coordinates"":[]}"
6_23_2,0.02860478289794921,21,25.0,1991,"{""type"":""MultiPoint"",""coordinates"":[]}"
6_23_3,0.5059483378295896,33,25.0,1991,"{""type"":""MultiPoint"",""coordinates"":[]}"
7_0_0,22.836352002990616,3,1.0,1992,"{""type"":""MultiPoint"",""coordinates"":[]}"
7_0_1,0.0035745987548828125,25,1.0,1992,"{""type"":""MultiPoint"",""coordinates"":[]}"
7_1_0,8793.65960879204,3,2.0,1992,"{""type"":""MultiPoint"",""coordinates"":[]}"
7_1_1,880.7529181448607,6,2.0,1992,"{""type"":""MultiPoint"",""coordinates"":[]}"
7_1_2,5.920921168945317,11,2.0,1992,"{""type"":""MultiPoint"",""coordinates"":[]}"
7_1_3,2.3124933641967784,13,2.0,1992,"{""type"":""MultiPoint"",""coordinates"":[]}"
7_1_4,0.09738685119628898,18,2.0,1992,"{""type"":""MultiPoint"",""coordinates"":[]}"
7_1_5,0.0357373466796875,21,2.0,1992,"{""type"":""MultiPoint"",""coordinates"":[]}"
7_1_6,0.48152367395019546,24,2.0,1992,"{""type"":""MultiPoint"",""coordinates"":[]}"
7_1_7,25.90557940582271,33,2.0,1992,"{""type"":""MultiPoint"",""coordinates"":[]}"
7_2_0,9460.577791687541,3,3.0,1992,"{""type"":""MultiPoint"",""coordinates"":[]}"
7_2_1,789.7719605912233,6,3.0,1992,"{""type"":""MultiPoint"",""coordinates"":[]}"
7_2_2,59.68764307696519,11,3.0,1992,"{""type"":""MultiPoint"",""coordinates"":[]}"
7_2_3,1.6233148673706066,13,3.0,1992,"{""type"":""MultiPoint"",""coordinates"":[]}"
7_2_4,13.831289976135347,18,3.0,1992,"{""type"":""MultiPoint"",""coordinates"":[]}"
7_2_5,1.7306109014892583,21,3.0,1992,"{""type"":""MultiPoint"",""coordinates"":[]}"
7_2_6,0.2967760975341799,23,3.0,1992,"{""type"":""MultiPoint"",""coordinates"":[]}"
7_2_7,0.2422379831542972,25,3.0,1992,"{""type"":""MultiPoint"",""coordinates"":[]}"
7_2_8,218.31985545355363,33,3.0,1992,"{""type"":""MultiPoint"",""coordinates"":[]}"
7_2_9,0.5229302677612301,68,3.0,1992,"{""type"":""MultiPoint"",""coordinates"":[]}"
7_3_0,4822.427521200333,3,4.0,1992,"{""type"":""MultiPoint"",""coordinates"":[]}"
7_3_1,577.2293589369327,6,4.0,1992,"{""type"":""MultiPoint"",""coordinates"":[]}"
7_3_2,78.80612695220827,11,4.0,1992,"{""type"":""MultiPoint"",""coordinates"":[]}"
7_3_3,1.010757049682617,13,4.0,1992,"{""type"":""MultiPoint"",""coordinates"":[]}"
7_3_4,2.463223311523442,18,4.0,1992,"{""type"":""MultiPoint"",""coordinates"":[]}"
7_3_5,0.014300202392578124,21,4.0,1992,"{""type"":""MultiPoint"",""coordinates"":[]}"
7_3_6,8.24151584173582,23,4.0,1992,"{""type"":""MultiPoint"",""coordinates"":[]}"
7_3_7,0.08222598150634763,24,4.0,1992,"{""type"":""MultiPoint"",""coordinates"":[]}"
7_3_8,0.6667133838500982,25,4.0,1992,"{""type"":""MultiPoint"",""coordinates"":[]}"
7_3_9,103.75730092346168,33,4.0,1992,"{""type"":""MultiPoint"",""coordinates"":[]}"
7_4_0,1988.2281633703922,3,5.0,1992,"{""type"":""MultiPoint"",""coordinates"":[]}"
7_4_1,60.55981068316665,6,5.0,1992,"{""type"":""MultiPoint"",""coordinates"":[]}"
7_4_2,0.0098242138671875,11,5.0,1992,"{""type"":""MultiPoint"",""coordinates"":[]}"
7_4_3,0.014292404846191407,12,5.0,1992,"{""type"":""MultiPoint"",""coordinates"":[]}"
7_4_4,8.93277587890625E-4,13,5.0,1992,"{""type"":""MultiPoint"",""coordinates"":[]}"
7_4_5,14.26819882672119,15,5.0,1992,"{""type"":""MultiPoint"",""coordinates"":[]}"
7_4_6,0.10271844415283202,18,5.0,1992,"{""type"":""MultiPoint"",""coordinates"":[]}"
7_4_7,6.603501019592264,21,5.0,1992,"{""type"":""MultiPoint"",""coordinates"":[]}"
7_4_8,4.469941030151354,23,5.0,1992,"{""type"":""MultiPoint"",""coordinates"":[]}"
7_4_9,0.10985583111572278,25,5.0,1992,"{""type"":""MultiPoint"",""coordinates"":[]}"
7_4_10,15.213487792541574,33,5.0,1992,"{""type"":""MultiPoint"",""coordinates"":[]}"
7_5_0,2527.917588963379,3,6.0,1992,"{""type"":""MultiPoint"",""coordinates"":[]}"
7_5_1,136.9486412896698,6,6.0,1992,"{""type"":""MultiPoint"",""coordinates"":[]}"
7_5_2,2.5202207731933597,11,6.0,1992,"{""type"":""MultiPoint"",""coordinates"":[]}"
7_5_3,0.3034738543090818,13,6.0,1992,"{""type"":""MultiPoint"",""coordinates"":[]}"
7_5_4,8.269837023132304,18,6.0,1992,"{""type"":""MultiPoint"",""coordinates"":[]}"
7_5_5,0.06069676690673825,21,6.0,1992,"{""type"":""MultiPoint"",""coordinates"":[]}"
7_5_6,0.04818365594482424,25,6.0,1992,"{""type"":""MultiPoint"",""coordinates"":[]}"
7_5_7,5.287632288269036,33,6.0,1992,"{""type"":""MultiPoint"",""coordinates"":[]}"
7_6_0,935.4284950148636,3,7.0,1992,"{""type"":""MultiPoint"",""coordinates"":[]}"
7_6_1,0.015194440551757813,15,7.0,1992,"{""type"":""MultiPoint"",""coordinates"":[]}"
7_6_2,2.0431982186889592,21,7.0,1992,"{""type"":""MultiPoint"",""coordinates"":[]}"
7_6_3,0.14747255010986318,23,7.0,1992,"{""type"":""MultiPoint"",""coordinates"":[]}"
7_6_4,1.0439161459960953,25,7.0,1992,"{""type"":""MultiPoint"",""coordinates"":[]}"
7_6_5,2.84220466156006,33,7.0,1992,"{""type"":""MultiPoint"",""coordinates"":[]}"
7_6_6,0.012513421325683591,68,7.0,1992,"{""type"":""MultiPoint"",""coordinates"":[]}"
7_7_0,3912.4238204958783,3,8.0,1992,"{""type"":""MultiPoint"",""coordinates"":[]}"
7_7_1,398.6159493616648,6,8.0,1992,"{""type"":""MultiPoint"",""coordinates"":[]}"
7_7_2,34.58340474597939,11,8.0,1992,"{""type"":""MultiPoint"",""coordinates"":[]}"
7_7_3,1.6225644952392038,13,8.0,1992,"{""type"":""MultiPoint"",""coordinates"":[]}"
7_7_4,34.74320685327142,15,8.0,1992,"{""type"":""MultiPoint"",""coordinates"":[]}"
7_7_5,17.269766175903403,21,8.0,1992,"{""type"":""MultiPoint"",""coordinates"":[]}"
7_7_6,0.3513315594482431,23,8.0,1992,"{""type"":""MultiPoint"",""coordinates"":[]}"
7_7_7,0.10012444665527342,25,8.0,1992,"{""type"":""MultiPoint"",""coordinates"":[]}"
7_7_8,9.575267650756807,33,8.0,1992,"{""type"":""MultiPoint"",""coordinates"":[]}"
7_8_0,15.972219199218953,3,9.0,1992,"{""type"":""MultiPoint"",""coordinates"":[]}"
7_8_1,0.023230383239746095,11,9.0,1992,"{""type"":""MultiPoint"",""coordinates"":[]}"
7_8_2,14.201340330810568,13,9.0,1992,"{""type"":""MultiPoint"",""coordinates"":[]}"
7_8_3,8.934894409179687E-4,15,9.0,1992,"{""type"":""MultiPoint"",""coordinates"":[]}"
7_8_4,0.0017869754638671874,21,9.0,1992,"{""type"":""MultiPoint"",""coordinates"":[]}"
7_8_5,0.018763749755859382,25,9.0,1992,"{""type"":""MultiPoint"",""coordinates"":[]}"
7_8_6,0.23946013580322245,33,9.0,1992,"{""type"":""MultiPoint"",""coordinates"":[]}"
7_9_0,38221.521091623435,3,10.0,1992,"{""type"":""MultiPoint"",""coordinates"":[]}"
7_9_1,2731.0924963253046,6,10.0,1992,"{""type"":""MultiPoint"",""coordinates"":[]}"
7_9_2,9.231857514465373,11,10.0,1992,"{""type"":""MultiPoint"",""coordinates"":[]}"
7_9_3,47.67792006329515,12,10.0,1992,"{""type"":""MultiPoint"",""coordinates"":[]}"
7_9_4,1411.9584623251587,13,10.0,1992,"{""type"":""MultiPoint"",""coordinates"":[]}"
7_9_5,7.444305354736358,15,10.0,1992,"{""type"":""MultiPoint"",""coordinates"":[]}"
7_9_6,11.004107884216307,18,10.0,1992,"{""type"":""MultiPoint"",""coordinates"":[]}"
7_9_7,8.48884658746338,21,10.0,1992,"{""type"":""MultiPoint"",""coordinates"":[]}"
7_9_8,6.909725684326159,23,10.0,1992,"{""type"":""MultiPoint"",""coordinates"":[]}"
7_9_9,0.17879398547363282,24,10.0,1992,"{""type"":""MultiPoint"",""coordinates"":[]}"
7_9_10,0.18592062414550797,25,10.0,1992,"{""type"":""MultiPoint"",""coordinates"":[]}"
7_9_11,238.8575643359984,33,10.0,1992,"{""type"":""MultiPoint"",""coordinates"":[]}"
7_10_0,5456.75771400407,3,11.0,1992,"{""type"":""MultiPoint"",""coordinates"":[]}"
7_10_1,344.46260710425,6,11.0,1992,"{""type"":""MultiPoint"",""coordinates"":[]}"
7_10_2,1.038784745971681,11,11.0,1992,"{""type"":""MultiPoint"",""coordinates"":[]}"
7_10_3,73.65583725567707,12,11.0,1992,"{""type"":""MultiPoint"",""coordinates"":[]}"
7_10_4,122.7740518885484,13,11.0,1992,"{""type"":""MultiPoint"",""coordinates"":[]}"
7_10_5,141.10805359887527,15,11.0,1992,"{""type"":""MultiPoint"",""coordinates"":[]}"
7_10_6,0.09825708862304695,18,11.0,1992,"{""type"":""MultiPoint"",""coordinates"":[]}"
7_10_7,45.981219415161114,21,11.0,1992,"{""type"":""MultiPoint"",""coordinates"":[]}"
7_10_8,3.188517231140134,23,11.0,1992,"{""type"":""MultiPoint"",""coordinates"":[]}"
7_10_9,0.46967721160888654,25,11.0,1992,"{""type"":""MultiPoint"",""coordinates"":[]}"
7_10_10,29.595725075378326,33,11.0,1992,"{""type"":""MultiPoint"",""coordinates"":[]}"
7_11_0,560.3356963438347,3,12.0,1992,"{""type"":""MultiPoint"",""coordinates"":[]}"
7_11_1,0.12063905645751946,11,12.0,1992,"{""type"":""MultiPoint"",""coordinates"":[]}"
7_11_2,24.260593523132197,13,12.0,1992,"{""type"":""MultiPoint"",""coordinates"":[]}"
7_11_3,0.0026810738525390623,15,12.0,1992,"{""type"":""MultiPoint"",""coordinates"":[]}"
7_11_4,0.7962810880126945,21,12.0,1992,"{""type"":""MultiPoint"",""coordinates"":[]}"
7_11_5,8.93708251953125E-4,23,12.0,1992,"{""type"":""MultiPoint"",""coordinates"":[]}"
7_11_6,0.11707007550048833,25,12.0,1992,"{""type"":""MultiPoint"",""coordinates"":[]}"
7_11_7,0.2520193861694335,33,12.0,1992,"{""type"":""MultiPoint"",""coordinates"":[]}"
7_11_8,0.8355905797119138,68,12.0,1992,"{""type"":""MultiPoint"",""coordinates"":[]}"
7_12_0,0.5138952521972652,11,13.0,1992,"{""type"":""MultiPoint"",""coordinates"":[]}"
7_12_1,0.6065217156372099,12,13.0,1992,"{""type"":""MultiPoint"",""coordinates"":[]}"
7_12_2,8.906350708007812E-4,21,13.0,1992,"{""type"":""MultiPoint"",""coordinates"":[]}"
7_13_0,897.1804201890526,3,14.0,1992,"{""type"":""MultiPoint"",""coordinates"":[]}"
7_13_1,615.7859030328613,13,14.0,1992,"{""type"":""MultiPoint"",""coordinates"":[]}"
7_13_2,4.364591560058589,15,14.0,1992,"{""type"":""MultiPoint"",""coordinates"":[]}"
7_13_3,14.052916968383578,21,14.0,1992,"{""type"":""MultiPoint"",""coordinates"":[]}"
7_13_4,0.01784245849609375,23,14.0,1992,"{""type"":""MultiPoint"",""coordinates"":[]}"
7_13_5,0.007134440490722657,25,14.0,1992,"{""type"":""MultiPoint"",""coordinates"":[]}"
7_13_6,6.938443588378907,33,14.0,1992,"{""type"":""MultiPoint"",""coordinates"":[]}"
7_13_7,0.9525901253662128,68,14.0,1992,"{""type"":""MultiPoint"",""coordinates"":[]}"
7_14_0,760.06972467446,3,15.0,1992,"{""type"":""MultiPoint"",""coordinates"":[]}"
7_14_1,0.1930441401367186,15,15.0,1992,"{""type"":""MultiPoint"",""coordinates"":[]}"
7_14_2,2.61229207684326,21,15.0,1992,"{""type"":""MultiPoint"",""coordinates"":[]}"
7_14_3,0.03306921197509766,23,15.0,1992,"{""type"":""MultiPoint"",""coordinates"":[]}"
7_14_4,1.2118908820800756,25,15.0,1992,"{""type"":""MultiPoint"",""coordinates"":[]}"
7_14_5,0.06345570306396484,33,15.0,1992,"{""type"":""MultiPoint"",""coordinates"":[]}"
7_15_0,2832.0142890957773,3,16.0,1992,"{""type"":""MultiPoint"",""coordinates"":[]}"
7_15_1,4.836852826538065,6,16.0,1992,"{""type"":""MultiPoint"",""coordinates"":[]}"
7_15_2,24.81390976458727,13,16.0,1992,"{""type"":""MultiPoint"",""coordinates"":[]}"
7_15_3,3.236313896362307,15,16.0,1992,"{""type"":""MultiPoint"",""coordinates"":[]}"
7_15_4,5.876394162597644,21,16.0,1992,"{""type"":""MultiPoint"",""coordinates"":[]}"
7_15_5,6.460927268493668,23,16.0,1992,"{""type"":""MultiPoint"",""coordinates"":[]}"
7_15_6,0.09912131567382815,25,16.0,1992,"{""type"":""MultiPoint"",""coordinates"":[]}"
7_15_7,4.415524780273438,33,16.0,1992,"{""type"":""MultiPoint"",""coordinates"":[]}"
7_16_0,0.27886496429443425,3,17.0,1992,"{""type"":""MultiPoint"",""coordinates"":[]}"
7_16_1,0.0017875838623046874,21,17.0,1992,"{""type"":""MultiPoint"",""coordinates"":[]}"
7_17_0,349.7466193263797,3,18.0,1992,"{""type"":""MultiPoint"",""coordinates"":[]}"
7_17_1,5.779950297546385,13,18.0,1992,"{""type"":""MultiPoint"",""coordinates"":[]}"
7_17_2,2.8681389417114285,15,18.0,1992,"{""type"":""MultiPoint"",""coordinates"":[]}"
7_17_3,17.67706622302244,21,18.0,1992,"{""type"":""MultiPoint"",""coordinates"":[]}"
7_17_4,0.2377443772583008,23,18.0,1992,"{""type"":""MultiPoint"",""coordinates"":[]}"
7_17_5,0.555033973754883,25,18.0,1992,"{""type"":""MultiPoint"",""coordinates"":[]}"
7_17_6,0.30388162103271477,33,18.0,1992,"{""type"":""MultiPoint"",""coordinates"":[]}"
7_17_7,0.6882042755126969,68,18.0,1992,"{""type"":""MultiPoint"",""coordinates"":[]}"
7_18_0,308.71181302095977,3,19.0,1992,"{""type"":""MultiPoint"",""coordinates"":[]}"
7_18_1,21.11799452014184,11,19.0,1992,"{""type"":""MultiPoint"",""coordinates"":[]}"
7_18_2,55.15971081738185,13,19.0,1992,"{""type"":""MultiPoint"",""coordinates"":[]}"
7_18_3,0.31372054382324127,15,19.0,1992,"{""type"":""MultiPoint"",""coordinates"":[]}"
7_18_4,16.061715890014973,18,19.0,1992,"{""type"":""MultiPoint"",""coordinates"":[]}"
7_18_5,56.980958707032144,21,19.0,1992,"{""type"":""MultiPoint"",""coordinates"":[]}"
7_18_6,0.1689287683105468,24,19.0,1992,"{""type"":""MultiPoint"",""coordinates"":[]}"
7_18_7,0.29496160833740254,25,19.0,1992,"{""type"":""MultiPoint"",""coordinates"":[]}"
7_18_8,0.053631939392089836,27,19.0,1992,"{""type"":""MultiPoint"",""coordinates"":[]}"
7_18_9,41.233620235475094,33,19.0,1992,"{""type"":""MultiPoint"",""coordinates"":[]}"
7_19_0,132.9728380894195,3,20.0,1992,"{""type"":""MultiPoint"",""coordinates"":[]}"
7_19_1,19.29458789898725,6,20.0,1992,"{""type"":""MultiPoint"",""coordinates"":[]}"
7_19_2,0.47693811718750023,11,20.0,1992,"{""type"":""MultiPoint"",""coordinates"":[]}"
7_19_3,76.5469413389259,13,20.0,1992,"{""type"":""MultiPoint"",""coordinates"":[]}"
7_19_4,49.91516537548787,15,20.0,1992,"{""type"":""MultiPoint"",""coordinates"":[]}"
7_19_5,0.029473758056640622,18,20.0,1992,"{""type"":""MultiPoint"",""coordinates"":[]}"
7_19_6,4.405776402038599,21,20.0,1992,"{""type"":""MultiPoint"",""coordinates"":[]}"
7_19_7,0.07144650341796875,23,20.0,1992,"{""type"":""MultiPoint"",""coordinates"":[]}"
7_19_8,0.22953635253906268,25,20.0,1992,"{""type"":""MultiPoint"",""coordinates"":[]}"
7_19_9,0.3795597572021476,33,20.0,1992,"{""type"":""MultiPoint"",""coordinates"":[]}"
7_20_0,54.50602775280887,3,21.0,1992,"{""type"":""MultiPoint"",""coordinates"":[]}"
7_20_1,0.007146254272460938,6,21.0,1992,"{""type"":""MultiPoint"",""coordinates"":[]}"
7_20_2,0.007146193420410155,13,21.0,1992,"{""type"":""MultiPoint"",""coordinates"":[]}"
7_20_3,15.112028497619567,15,21.0,1992,"{""type"":""MultiPoint"",""coordinates"":[]}"
7_20_4,1.1540684135742179,21,21.0,1992,"{""type"":""MultiPoint"",""coordinates"":[]}"
7_21_0,9963.307214868299,3,22.0,1992,"{""type"":""MultiPoint"",""coordinates"":[]}"
7_21_1,835.7760861752453,6,22.0,1992,"{""type"":""MultiPoint"",""coordinates"":[]}"
7_21_2,4.423957083984366,11,22.0,1992,"{""type"":""MultiPoint"",""coordinates"":[]}"
7_21_3,20.92745175628662,13,22.0,1992,"{""type"":""MultiPoint"",""coordinates"":[]}"
7_21_4,29.538365625366115,18,22.0,1992,"{""type"":""MultiPoint"",""coordinates"":[]}"
7_21_5,2.9986974623413074,21,22.0,1992,"{""type"":""MultiPoint"",""coordinates"":[]}"
7_21_6,2.612350608520512,23,22.0,1992,"{""type"":""MultiPoint"",""coordinates"":[]}"
7_21_7,0.08843026739501955,24,22.0,1992,"{""type"":""MultiPoint"",""coordinates"":[]}"
7_21_8,1.5391163040161127,25,22.0,1992,"{""type"":""MultiPoint"",""coordinates"":[]}"
7_21_9,22.74525168469233,29,22.0,1992,"{""type"":""MultiPoint"",""coordinates"":[]}"
7_21_10,0.05539820172119141,30,22.0,1992,"{""type"":""MultiPoint"",""coordinates"":[]}"
7_21_11,77.73073801477086,33,22.0,1992,"{""type"":""MultiPoint"",""coordinates"":[]}"
7_21_12,2.3554220778198243,68,22.0,1992,"{""type"":""MultiPoint"",""coordinates"":[]}"
7_22_0,7961.074164213857,3,23.0,1992,"{""type"":""MultiPoint"",""coordinates"":[]}"
7_22_1,510.532048879393,6,23.0,1992,"{""type"":""MultiPoint"",""coordinates"":[]}"
7_22_2,0.08578438061523438,11,23.0,1992,"{""type"":""MultiPoint"",""coordinates"":[]}"
7_22_3,214.2027656899386,13,23.0,1992,"{""type"":""MultiPoint"",""coordinates"":[]}"
7_22_4,26.234792082458576,15,23.0,1992,"{""type"":""MultiPoint"",""coordinates"":[]}"
7_22_5,6.270402931884767,18,23.0,1992,"{""type"":""MultiPoint"",""coordinates"":[]}"
7_22_6,10.081571119995107,21,23.0,1992,"{""type"":""MultiPoint"",""coordinates"":[]}"
7_22_7,0.13668499273681653,23,23.0,1992,"{""type"":""MultiPoint"",""coordinates"":[]}"
7_22_8,0.025911696716308587,24,23.0,1992,"{""type"":""MultiPoint"",""coordinates"":[]}"
7_22_9,0.1197303099975586,25,23.0,1992,"{""type"":""MultiPoint"",""coordinates"":[]}"
7_22_10,44.49813748736589,33,23.0,1992,"{""type"":""MultiPoint"",""coordinates"":[]}"
7_22_11,1.0195564758911144,68,23.0,1992,"{""type"":""MultiPoint"",""coordinates"":[]}"
7_23_0,105.19930541503896,3,25.0,1992,"{""type"":""MultiPoint"",""coordinates"":[]}"
7_23_1,0.37186292279052713,33,25.0,1992,"{""type"":""MultiPoint"",""coordinates"":[]}"
8_0_0,22.836352002990616,3,1.0,1993,"{""type"":""MultiPoint"",""coordinates"":[]}"
8_0_1,0.0035745987548828125,25,1.0,1993,"{""type"":""MultiPoint"",""coordinates"":[]}"
8_1_0,8752.995935584744,3,2.0,1993,"{""type"":""MultiPoint"",""coordinates"":[]}"
8_1_1,921.6087283533053,6,2.0,1993,"{""type"":""MultiPoint"",""coordinates"":[]}"
8_1_2,5.996831568725589,11,2.0,1993,"{""type"":""MultiPoint"",""coordinates"":[]}"
8_1_3,2.0971590226440435,13,2.0,1993,"{""type"":""MultiPoint"",""coordinates"":[]}"
8_1_4,0.0661162016601562,18,2.0,1993,"{""type"":""MultiPoint"",""coordinates"":[]}"
8_1_5,0.06611429302978516,21,2.0,1993,"{""type"":""MultiPoint"",""coordinates"":[]}"
8_1_6,0.5181516454467775,24,2.0,1993,"{""type"":""MultiPoint"",""coordinates"":[]}"
8_1_7,0.034843171813964846,25,2.0,1993,"{""type"":""MultiPoint"",""coordinates"":[]}"
8_1_8,25.782288906433042,33,2.0,1993,"{""type"":""MultiPoint"",""coordinates"":[]}"
8_2_0,9475.147369689972,3,3.0,1993,"{""type"":""MultiPoint"",""coordinates"":[]}"
8_2_1,775.1165013957966,6,3.0,1993,"{""type"":""MultiPoint"",""coordinates"":[]}"
8_2_2,59.9620906597288,11,3.0,1993,"{""type"":""MultiPoint"",""coordinates"":[]}"
8_2_3,1.7252162503051744,13,3.0,1993,"{""type"":""MultiPoint"",""coordinates"":[]}"
8_2_4,13.409377350708068,18,3.0,1993,"{""type"":""MultiPoint"",""coordinates"":[]}"
8_2_5,2.178458103271486,21,3.0,1993,"{""type"":""MultiPoint"",""coordinates"":[]}"
8_2_6,0.009833546447753905,23,3.0,1993,"{""type"":""MultiPoint"",""coordinates"":[]}"
8_2_7,0.2395662151489258,25,3.0,1993,"{""type"":""MultiPoint"",""coordinates"":[]}"
8_2_8,218.8159976913463,33,3.0,1993,"{""type"":""MultiPoint"",""coordinates"":[]}"
8_3_0,4847.6728582428805,3,4.0,1993,"{""type"":""MultiPoint"",""coordinates"":[]}"
8_3_1,554.6589859779587,6,4.0,1993,"{""type"":""MultiPoint"",""coordinates"":[]}"
8_3_2,75.78707964630084,11,4.0,1993,"{""type"":""MultiPoint"",""coordinates"":[]}"
8_3_3,1.1349795884399414,13,4.0,1993,"{""type"":""MultiPoint"",""coordinates"":[]}"
8_3_4,2.578524324462891,18,4.0,1993,"{""type"":""MultiPoint"",""coordinates"":[]}"
8_3_5,0.0071501057739257814,21,4.0,1993,"{""type"":""MultiPoint"",""coordinates"":[]}"
8_3_6,2.0637153293457002,23,4.0,1993,"{""type"":""MultiPoint"",""coordinates"":[]}"
8_3_7,0.0831197457885742,24,4.0,1993,"{""type"":""MultiPoint"",""coordinates"":[]}"
8_3_8,0.10813784790039048,25,4.0,1993,"{""type"":""MultiPoint"",""coordinates"":[]}"
8_3_9,110.60449297479238,33,4.0,1993,"{""type"":""MultiPoint"",""coordinates"":[]}"
8_4_0,1980.844068071001,3,5.0,1993,"{""type"":""MultiPoint"",""coordinates"":[]}"
8_4_1,63.92772625348003,6,5.0,1993,"{""type"":""MultiPoint"",""coordinates"":[]}"
8_4_2,0.0098242138671875,11,5.0,1993,"{""type"":""MultiPoint"",""coordinates"":[]}"
8_4_3,0.028584793762207034,12,5.0,1993,"{""type"":""MultiPoint"",""coordinates"":[]}"
8_4_4,8.93277587890625E-4,13,5.0,1993,"{""type"":""MultiPoint"",""coordinates"":[]}"
8_4_5,15.96543750878903,15,5.0,1993,"{""type"":""MultiPoint"",""coordinates"":[]}"
8_4_6,0.08842949157714838,18,5.0,1993,"{""type"":""MultiPoint"",""coordinates"":[]}"
8_4_7,8.88221579266355,21,5.0,1993,"{""type"":""MultiPoint"",""coordinates"":[]}"
8_4_8,3.1223061603393454,23,5.0,1993,"{""type"":""MultiPoint"",""coordinates"":[]}"
8_4_9,0.15094551867675776,25,5.0,1993,"{""type"":""MultiPoint"",""coordinates"":[]}"
8_4_10,16.560255812377942,33,5.0,1993,"{""type"":""MultiPoint"",""coordinates"":[]}"
8_5_0,2529.51872105093,3,6.0,1993,"{""type"":""MultiPoint"",""coordinates"":[]}"
8_5_1,135.8274263073696,6,6.0,1993,"{""type"":""MultiPoint"",""coordinates"":[]}"
8_5_2,2.6879590329589846,11,6.0,1993,"{""type"":""MultiPoint"",""coordinates"":[]}"
8_5_3,0.2945325532226563,13,6.0,1993,"{""type"":""MultiPoint"",""coordinates"":[]}"
8_5_4,7.878251908935548,18,6.0,1993,"{""type"":""MultiPoint"",""coordinates"":[]}"
8_5_5,0.019639214172363282,21,6.0,1993,"{""type"":""MultiPoint"",""coordinates"":[]}"
8_5_6,0.04550515350341797,25,6.0,1993,"{""type"":""MultiPoint"",""coordinates"":[]}"
8_5_7,5.084239393737786,33,6.0,1993,"{""type"":""MultiPoint"",""coordinates"":[]}"
8_6_0,935.3784413279137,3,7.0,1993,"{""type"":""MultiPoint"",""coordinates"":[]}"
8_6_1,0.013406808654785156,15,7.0,1993,"{""type"":""MultiPoint"",""coordinates"":[]}"
8_6_2,2.1549233712158142,21,7.0,1993,"{""type"":""MultiPoint"",""coordinates"":[]}"
8_6_3,0.17339214849853507,23,7.0,1993,"{""type"":""MultiPoint"",""coordinates"":[]}"
8_6_4,1.014421451782228,25,7.0,1993,"{""type"":""MultiPoint"",""coordinates"":[]}"
8_6_5,2.7984093450317404,33,7.0,1993,"{""type"":""MultiPoint"",""coordinates"":[]}"
8_7_0,3918.138115268648,3,8.0,1993,"{""type"":""MultiPoint"",""coordinates"":[]}"
8_7_1,390.5737766673801,6,8.0,1993,"{""type"":""MultiPoint"",""coordinates"":[]}"
8_7_2,33.91113492267605,11,8.0,1993,"{""type"":""MultiPoint"",""coordinates"":[]}"
8_7_3,0.726801654602069,13,8.0,1993,"{""type"":""MultiPoint"",""coordinates"":[]}"
8_7_4,36.12883806127916,15,8.0,1993,"{""type"":""MultiPoint"",""coordinates"":[]}"
8_7_5,18.54188697766133,21,8.0,1993,"{""type"":""MultiPoint"",""coordinates"":[]}"
8_7_6,0.08313954699707027,23,8.0,1993,"{""type"":""MultiPoint"",""coordinates"":[]}"
8_7_7,0.38708750903320327,25,8.0,1993,"{""type"":""MultiPoint"",""coordinates"":[]}"
8_7_8,10.794655176391776,33,8.0,1993,"{""type"":""MultiPoint"",""coordinates"":[]}"
8_8_0,15.813175985901134,3,9.0,1993,"{""type"":""MultiPoint"",""coordinates"":[]}"
8_8_1,0.02591083514404297,11,9.0,1993,"{""type"":""MultiPoint"",""coordinates"":[]}"
8_8_2,14.358596582214343,13,9.0,1993,"{""type"":""MultiPoint"",""coordinates"":[]}"
8_8_3,8.934894409179687E-4,15,9.0,1993,"{""type"":""MultiPoint"",""coordinates"":[]}"
8_8_4,0.0017869754638671874,21,9.0,1993,"{""type"":""MultiPoint"",""coordinates"":[]}"
8_8_5,0.017870259765625007,25,9.0,1993,"{""type"":""MultiPoint"",""coordinates"":[]}"
8_8_6,0.23946013580322245,33,9.0,1993,"{""type"":""MultiPoint"",""coordinates"":[]}"
8_9_0,38146.614656890335,3,10.0,1993,"{""type"":""MultiPoint"",""coordinates"":[]}"
8_9_1,2797.3993746738115,6,10.0,1993,"{""type"":""MultiPoint"",""coordinates"":[]}"
8_9_2,9.021776444274932,11,10.0,1993,"{""type"":""MultiPoint"",""coordinates"":[]}"
8_9_3,47.867405022461156,12,10.0,1993,"{""type"":""MultiPoint"",""coordinates"":[]}"
8_9_4,1415.1497140549138,13,10.0,1993,"{""type"":""MultiPoint"",""coordinates"":[]}"
8_9_5,6.6356400557251325,15,10.0,1993,"{""type"":""MultiPoint"",""coordinates"":[]}"
8_9_6,12.006002660400373,18,10.0,1993,"{""type"":""MultiPoint"",""coordinates"":[]}"
8_9_7,10.783055690856937,21,10.0,1993,"{""type"":""MultiPoint"",""coordinates"":[]}"
8_9_8,8.401667142334004,23,10.0,1993,"{""type"":""MultiPoint"",""coordinates"":[]}"
8_9_9,0.17879398547363282,24,10.0,1993,"{""type"":""MultiPoint"",""coordinates"":[]}"
8_9_10,0.3048022919921873,25,10.0,1993,"{""type"":""MultiPoint"",""coordinates"":[]}"
8_9_11,240.18820339489744,33,10.0,1993,"{""type"":""MultiPoint"",""coordinates"":[]}"
8_10_0,5457.723623028892,3,11.0,1993,"{""type"":""MultiPoint"",""coordinates"":[]}"
8_10_1,341.9276728971575,6,11.0,1993,"{""type"":""MultiPoint"",""coordinates"":[]}"
8_10_2,0.9887663088989268,11,11.0,1993,"{""type"":""MultiPoint"",""coordinates"":[]}"
8_10_3,65.3147649318863,12,11.0,1993,"{""type"":""MultiPoint"",""coordinates"":[]}"
8_10_4,121.23621848986721,13,11.0,1993,"{""type"":""MultiPoint"",""coordinates"":[]}"
8_10_5,150.16152791271895,15,11.0,1993,"{""type"":""MultiPoint"",""coordinates"":[]}"
8_10_6,0.06699265960693356,18,11.0,1993,"{""type"":""MultiPoint"",""coordinates"":[]}"
8_10_7,49.10624691369629,21,11.0,1993,"{""type"":""MultiPoint"",""coordinates"":[]}"
8_10_8,5.217995988769543,23,11.0,1993,"{""type"":""MultiPoint"",""coordinates"":[]}"
8_10_9,0.7796299586181642,25,11.0,1993,"{""type"":""MultiPoint"",""coordinates"":[]}"
8_10_10,26.60700552905275,33,11.0,1993,"{""type"":""MultiPoint"",""coordinates"":[]}"
8_11_0,560.2222065118037,3,12.0,1993,"{""type"":""MultiPoint"",""coordinates"":[]}"
8_11_1,0.11885183380126947,11,12.0,1993,"{""type"":""MultiPoint"",""coordinates"":[]}"
8_11_2,24.406255714660524,13,12.0,1993,"{""type"":""MultiPoint"",""coordinates"":[]}"
8_11_3,0.003574776489257812,15,12.0,1993,"{""type"":""MultiPoint"",""coordinates"":[]}"
8_11_4,0.9222879887695311,21,12.0,1993,"{""type"":""MultiPoint"",""coordinates"":[]}"
8_11_5,0.025022679687500004,23,12.0,1993,"{""type"":""MultiPoint"",""coordinates"":[]}"
8_11_6,0.09919674633789066,25,12.0,1993,"{""type"":""MultiPoint"",""coordinates"":[]}"
8_11_7,0.21269786303710927,33,12.0,1993,"{""type"":""MultiPoint"",""coordinates"":[]}"
8_11_8,0.7113707203369142,68,12.0,1993,"{""type"":""MultiPoint"",""coordinates"":[]}"
8_12_0,0.63947482623291,11,13.0,1993,"{""type"":""MultiPoint"",""coordinates"":[]}"
8_12_1,0.47916087927246054,12,13.0,1993,"{""type"":""MultiPoint"",""coordinates"":[]}"
8_12_2,8.906350708007812E-4,21,13.0,1993,"{""type"":""MultiPoint"",""coordinates"":[]}"
8_12_3,0.0017812623291015624,68,13.0,1993,"{""type"":""MultiPoint"",""coordinates"":[]}"
8_13_0,896.8101703399366,3,14.0,1993,"{""type"":""MultiPoint"",""coordinates"":[]}"
8_13_1,615.9598593152087,13,14.0,1993,"{""type"":""MultiPoint"",""coordinates"":[]}"
8_13_2,3.8642136355590613,15,14.0,1993,"{""type"":""MultiPoint"",""coordinates"":[]}"
8_13_3,1.4093440809326137,18,14.0,1993,"{""type"":""MultiPoint"",""coordinates"":[]}"
8_13_4,13.441913711425652,21,14.0,1993,"{""type"":""MultiPoint"",""coordinates"":[]}"
8_13_5,0.02497861016845703,23,14.0,1993,"{""type"":""MultiPoint"",""coordinates"":[]}"
8_13_6,0.007134440490722657,25,14.0,1993,"{""type"":""MultiPoint"",""coordinates"":[]}"
8_13_7,6.783261086730946,33,14.0,1993,"{""type"":""MultiPoint"",""coordinates"":[]}"
8_13_8,0.9989671426391603,68,14.0,1993,"{""type"":""MultiPoint"",""coordinates"":[]}"
8_14_0,759.8543465273074,3,15.0,1993,"{""type"":""MultiPoint"",""coordinates"":[]}"
8_14_1,0.19125676904296862,15,15.0,1993,"{""type"":""MultiPoint"",""coordinates"":[]}"
8_14_2,2.7695822777709944,21,15.0,1993,"{""type"":""MultiPoint"",""coordinates"":[]}"
8_14_3,0.12958668975830082,23,15.0,1993,"{""type"":""MultiPoint"",""coordinates"":[]}"
8_14_4,1.1752486995849587,25,15.0,1993,"{""type"":""MultiPoint"",""coordinates"":[]}"
8_14_5,0.06345572509765625,33,15.0,1993,"{""type"":""MultiPoint"",""coordinates"":[]}"
8_15_0,2830.7344251589843,3,16.0,1993,"{""type"":""MultiPoint"",""coordinates"":[]}"
8_15_1,4.876128291686998,6,16.0,1993,"{""type"":""MultiPoint"",""coordinates"":[]}"
8_15_2,24.763016160461287,13,16.0,1993,"{""type"":""MultiPoint"",""coordinates"":[]}"
8_15_3,4.265114789855953,15,16.0,1993,"{""type"":""MultiPoint"",""coordinates"":[]}"
8_15_4,7.115896330688483,21,16.0,1993,"{""type"":""MultiPoint"",""coordinates"":[]}"
8_15_5,4.44656549444581,23,16.0,1993,"{""type"":""MultiPoint"",""coordinates"":[]}"
8_15_6,0.08661650097656254,25,16.0,1993,"{""type"":""MultiPoint"",""coordinates"":[]}"
8_15_7,5.465570383178712,33,16.0,1993,"{""type"":""MultiPoint"",""coordinates"":[]}"
8_16_0,0.26992704571533266,3,17.0,1993,"{""type"":""MultiPoint"",""coordinates"":[]}"
8_16_1,0.010725502441406253,21,17.0,1993,"{""type"":""MultiPoint"",""coordinates"":[]}"
8_17_0,347.706124193208,3,18.0,1993,"{""type"":""MultiPoint"",""coordinates"":[]}"
8_17_1,5.838044085082982,13,18.0,1993,"{""type"":""MultiPoint"",""coordinates"":[]}"
8_17_2,3.029018748291007,15,18.0,1993,"{""type"":""MultiPoint"",""coordinates"":[]}"
8_17_3,19.638015507812405,21,18.0,1993,"{""type"":""MultiPoint"",""coordinates"":[]}"
8_17_4,0.33427198925781254,23,18.0,1993,"{""type"":""MultiPoint"",""coordinates"":[]}"
8_17_5,0.4719136595458987,25,18.0,1993,"{""type"":""MultiPoint"",""coordinates"":[]}"
8_17_6,0.29762539630126933,33,18.0,1993,"{""type"":""MultiPoint"",""coordinates"":[]}"
8_17_7,0.5416254567260755,68,18.0,1993,"{""type"":""MultiPoint"",""coordinates"":[]}"
8_18_0,308.4901563651385,3,19.0,1993,"{""type"":""MultiPoint"",""coordinates"":[]}"
8_18_1,21.143025652282926,11,19.0,1993,"{""type"":""MultiPoint"",""coordinates"":[]}"
8_18_2,55.66472430529667,13,19.0,1993,"{""type"":""MultiPoint"",""coordinates"":[]}"
8_18_3,0.3074639531860343,15,19.0,1993,"{""type"":""MultiPoint"",""coordinates"":[]}"
8_18_4,8.04692839111343,18,19.0,1993,"{""type"":""MultiPoint"",""coordinates"":[]}"
8_18_5,64.77584526013263,21,19.0,1993,"{""type"":""MultiPoint"",""coordinates"":[]}"
8_18_6,0.1689287683105468,24,19.0,1993,"{""type"":""MultiPoint"",""coordinates"":[]}"
8_18_7,0.1814460404663087,25,19.0,1993,"{""type"":""MultiPoint"",""coordinates"":[]}"
8_18_8,0.053631939392089836,27,19.0,1993,"{""type"":""MultiPoint"",""coordinates"":[]}"
8_18_9,41.26490537555082,33,19.0,1993,"{""type"":""MultiPoint"",""coordinates"":[]}"
8_19_0,138.9862496939084,3,20.0,1993,"{""type"":""MultiPoint"",""coordinates"":[]}"
8_19_1,19.364225551636213,6,20.0,1993,"{""type"":""MultiPoint"",""coordinates"":[]}"
8_19_2,0.4331734877319344,11,20.0,1993,"{""type"":""MultiPoint"",""coordinates"":[]}"
8_19_3,71.28016850488024,13,20.0,1993,"{""type"":""MultiPoint"",""coordinates"":[]}"
8_19_4,48.45759496130349,15,20.0,1993,"{""type"":""MultiPoint"",""coordinates"":[]}"
8_19_5,0.008931264648437501,18,20.0,1993,"{""type"":""MultiPoint"",""coordinates"":[]}"
8_19_6,5.162281817749022,21,20.0,1993,"{""type"":""MultiPoint"",""coordinates"":[]}"
8_19_7,0.09288035498046875,23,20.0,1993,"{""type"":""MultiPoint"",""coordinates"":[]}"
8_19_8,0.22417800708007835,25,20.0,1993,"{""type"":""MultiPoint"",""coordinates"":[]}"
8_19_9,0.31257994934082006,33,20.0,1993,"{""type"":""MultiPoint"",""coordinates"":[]}"
8_20_0,54.986600546815836,3,21.0,1993,"{""type"":""MultiPoint"",""coordinates"":[]}"
8_20_1,0.01161266583251953,6,21.0,1993,"{""type"":""MultiPoint"",""coordinates"":[]}"
8_20_2,15.016445624084506,15,21.0,1993,"{""type"":""MultiPoint"",""coordinates"":[]}"
8_20_3,0.7717582749633791,21,21.0,1993,"{""type"":""MultiPoint"",""coordinates"":[]}"
8_21_0,9938.414157634323,3,22.0,1993,"{""type"":""MultiPoint"",""coordinates"":[]}"
8_21_1,859.1206465885169,6,22.0,1993,"{""type"":""MultiPoint"",""coordinates"":[]}"
8_21_2,4.113171830688471,11,22.0,1993,"{""type"":""MultiPoint"",""coordinates"":[]}"
8_21_3,20.82729848913569,13,22.0,1993,"{""type"":""MultiPoint"",""coordinates"":[]}"
8_21_4,30.2759940178832,18,22.0,1993,"{""type"":""MultiPoint"",""coordinates"":[]}"
8_21_5,2.6467487930297824,21,22.0,1993,"{""type"":""MultiPoint"",""coordinates"":[]}"
8_21_6,0.6278750333862304,23,22.0,1993,"{""type"":""MultiPoint"",""coordinates"":[]}"
8_21_7,0.09110920684814455,24,22.0,1993,"{""type"":""MultiPoint"",""coordinates"":[]}"
8_21_8,1.125535998840332,25,22.0,1993,"{""type"":""MultiPoint"",""coordinates"":[]}"
8_21_9,22.864076151916418,29,22.0,1993,"{""type"":""MultiPoint"",""coordinates"":[]}"
8_21_10,0.027698664733886734,30,22.0,1993,"{""type"":""MultiPoint"",""coordinates"":[]}"
8_21_11,80.88435737481701,33,22.0,1993,"{""type"":""MultiPoint"",""coordinates"":[]}"
8_21_12,3.079810346435544,68,22.0,1993,"{""type"":""MultiPoint"",""coordinates"":[]}"
8_22_0,7956.657050009734,3,23.0,1993,"{""type"":""MultiPoint"",""coordinates"":[]}"
8_22_1,510.02420871697996,6,23.0,1993,"{""type"":""MultiPoint"",""coordinates"":[]}"
8_22_2,0.08578438061523438,11,23.0,1993,"{""type"":""MultiPoint"",""coordinates"":[]}"
8_22_3,213.6756345424779,13,23.0,1993,"{""type"":""MultiPoint"",""coordinates"":[]}"
8_22_4,31.74480284564207,15,23.0,1993,"{""type"":""MultiPoint"",""coordinates"":[]}"
8_22_5,6.078412303649896,18,23.0,1993,"{""type"":""MultiPoint"",""coordinates"":[]}"
8_22_6,11.000087642700183,21,23.0,1993,"{""type"":""MultiPoint"",""coordinates"":[]}"
8_22_7,0.20457712438964856,23,23.0,1993,"{""type"":""MultiPoint"",""coordinates"":[]}"
8_22_8,0.025018189758300776,24,23.0,1993,"{""type"":""MultiPoint"",""coordinates"":[]}"
8_22_9,0.16617542218017584,25,23.0,1993,"{""type"":""MultiPoint"",""coordinates"":[]}"
8_22_10,43.64669471026627,33,23.0,1993,"{""type"":""MultiPoint"",""coordinates"":[]}"
8_22_11,0.9731043724975598,68,23.0,1993,"{""type"":""MultiPoint"",""coordinates"":[]}"
8_23_0,105.21718317407215,3,25.0,1993,"{""type"":""MultiPoint"",""coordinates"":[]}"
8_23_1,0.35398516375732403,33,25.0,1993,"{""type"":""MultiPoint"",""coordinates"":[]}"
9_0_0,22.836352002990616,3,1.0,1994,"{""type"":""MultiPoint"",""coordinates"":[]}"
9_0_1,0.0035745987548828125,25,1.0,1994,"{""type"":""MultiPoint"",""coordinates"":[]}"
9_1_0,8749.566304632548,3,2.0,1994,"{""type"":""MultiPoint"",""coordinates"":[]}"
9_1_1,924.9803296162501,6,2.0,1994,"{""type"":""MultiPoint"",""coordinates"":[]}"
9_1_2,6.178180574523929,11,2.0,1994,"{""type"":""MultiPoint"",""coordinates"":[]}"
9_1_3,1.93274323223877,13,2.0,1994,"{""type"":""MultiPoint"",""coordinates"":[]}"
9_1_4,0.11346969842529292,18,2.0,1994,"{""type"":""MultiPoint"",""coordinates"":[]}"
9_1_5,0.016080929260253906,21,2.0,1994,"{""type"":""MultiPoint"",""coordinates"":[]}"
9_1_6,0.49403071850585956,24,2.0,1994,"{""type"":""MultiPoint"",""coordinates"":[]}"
9_1_7,0.008040525817871094,25,2.0,1994,"{""type"":""MultiPoint"",""coordinates"":[]}"
9_1_8,25.87698882012935,33,2.0,1994,"{""type"":""MultiPoint"",""coordinates"":[]}"
9_2_0,9463.57943691534,3,3.0,1994,"{""type"":""MultiPoint"",""coordinates"":[]}"
9_2_1,785.7592921663112,6,3.0,1994,"{""type"":""MultiPoint"",""coordinates"":[]}"
9_2_2,60.86936265447987,11,3.0,1994,"{""type"":""MultiPoint"",""coordinates"":[]}"
9_2_3,1.6510219435424807,13,3.0,1994,"{""type"":""MultiPoint"",""coordinates"":[]}"
9_2_4,14.477616095947255,18,3.0,1994,"{""type"":""MultiPoint"",""coordinates"":[]}"
9_2_5,1.6492559119262693,21,3.0,1994,"{""type"":""MultiPoint"",""coordinates"":[]}"
9_2_6,0.018773439575195314,23,3.0,1994,"{""type"":""MultiPoint"",""coordinates"":[]}"
9_2_7,0.06525227221679687,25,3.0,1994,"{""type"":""MultiPoint"",""coordinates"":[]}"
9_2_8,218.53439950329772,33,3.0,1994,"{""type"":""MultiPoint"",""coordinates"":[]}"
9_3_0,4837.504632581441,3,4.0,1994,"{""type"":""MultiPoint"",""coordinates"":[]}"
9_3_1,556.2045771169419,6,4.0,1994,"{""type"":""MultiPoint"",""coordinates"":[]}"
9_3_2,84.54287196557424,11,4.0,1994,"{""type"":""MultiPoint"",""coordinates"":[]}"
9_3_3,1.1850260618286135,13,4.0,1994,"{""type"":""MultiPoint"",""coordinates"":[]}"
9_3_4,2.5231157761840857,18,4.0,1994,"{""type"":""MultiPoint"",""coordinates"":[]}"
9_3_5,0.18053992370605443,23,4.0,1994,"{""type"":""MultiPoint"",""coordinates"":[]}"
9_3_6,0.07507589013671877,24,4.0,1994,"{""type"":""MultiPoint"",""coordinates"":[]}"
9_3_7,112.4832044678341,33,4.0,1994,"{""type"":""MultiPoint"",""coordinates"":[]}"
9_4_0,1971.3632200409977,3,5.0,1994,"{""type"":""MultiPoint"",""coordinates"":[]}"
9_4_1,64.55741556726149,6,5.0,1994,"{""type"":""MultiPoint"",""coordinates"":[]}"
9_4_2,0.0098242138671875,11,5.0,1994,"{""type"":""MultiPoint"",""coordinates"":[]}"
9_4_3,0.028584793762207034,12,5.0,1994,"{""type"":""MultiPoint"",""coordinates"":[]}"
9_4_4,8.93277587890625E-4,13,5.0,1994,"{""type"":""MultiPoint"",""coordinates"":[]}"
9_4_5,24.052840237121607,15,5.0,1994,"{""type"":""MultiPoint"",""coordinates"":[]}"
9_4_6,0.09378814654541012,18,5.0,1994,"{""type"":""MultiPoint"",""coordinates"":[]}"
9_4_7,10.936470619018525,21,5.0,1994,"{""type"":""MultiPoint"",""coordinates"":[]}"
9_4_8,4.481555383178698,23,5.0,1994,"{""type"":""MultiPoint"",""coordinates"":[]}"
9_4_9,0.01697256182861328,25,5.0,1994,"{""type"":""MultiPoint"",""coordinates"":[]}"
9_4_10,14.039122052917545,33,5.0,1994,"{""type"":""MultiPoint"",""coordinates"":[]}"
9_5_0,2529.6373018729914,3,6.0,1994,"{""type"":""MultiPoint"",""coordinates"":[]}"
9_5_1,135.294734921505,6,6.0,1994,"{""type"":""MultiPoint"",""coordinates"":[]}"
9_5_2,3.3510840935668966,11,6.0,1994,"{""type"":""MultiPoint"",""coordinates"":[]}"
9_5_3,0.1838639779052735,13,6.0,1994,"{""type"":""MultiPoint"",""coordinates"":[]}"
9_5_4,7.792494010436959,18,6.0,1994,"{""type"":""MultiPoint"",""coordinates"":[]}"
9_5_5,0.18923105377197266,21,6.0,1994,"{""type"":""MultiPoint"",""coordinates"":[]}"
9_5_6,0.02230654278564453,25,6.0,1994,"{""type"":""MultiPoint"",""coordinates"":[]}"
9_5_7,4.88525814178466,33,6.0,1994,"{""type"":""MultiPoint"",""coordinates"":[]}"
9_6_0,935.9379510682713,3,7.0,1994,"{""type"":""MultiPoint"",""coordinates"":[]}"
9_6_1,0.022344860473632808,15,7.0,1994,"{""type"":""MultiPoint"",""coordinates"":[]}"
9_6_2,1.665126317565921,21,7.0,1994,"{""type"":""MultiPoint"",""coordinates"":[]}"
9_6_3,0.34588824481201175,23,7.0,1994,"{""type"":""MultiPoint"",""coordinates"":[]}"
9_6_4,0.7641683359375008,25,7.0,1994,"{""type"":""MultiPoint"",""coordinates"":[]}"
9_6_5,2.7975156260375993,33,7.0,1994,"{""type"":""MultiPoint"",""coordinates"":[]}"
9_7_0,3925.0717660894416,3,8.0,1994,"{""type"":""MultiPoint"",""coordinates"":[]}"
9_7_1,384.66461142000793,6,8.0,1994,"{""type"":""MultiPoint"",""coordinates"":[]}"
9_7_2,34.44215199012003,11,8.0,1994,"{""type"":""MultiPoint"",""coordinates"":[]}"
9_7_3,0.4282140214233384,13,8.0,1994,"{""type"":""MultiPoint"",""coordinates"":[]}"
9_7_4,37.49036053906238,15,8.0,1994,"{""type"":""MultiPoint"",""coordinates"":[]}"
9_7_5,16.01552229626452,21,8.0,1994,"{""type"":""MultiPoint"",""coordinates"":[]}"
9_7_6,0.08313954699707027,23,8.0,1994,"{""type"":""MultiPoint"",""coordinates"":[]}"
9_7_7,0.690144276062012,25,8.0,1994,"{""type"":""MultiPoint"",""coordinates"":[]}"
9_7_8,10.399525605102728,33,8.0,1994,"{""type"":""MultiPoint"",""coordinates"":[]}"
9_8_0,15.83640692620874,3,9.0,1994,"{""type"":""MultiPoint"",""coordinates"":[]}"
9_8_1,0.024123862243652344,11,9.0,1994,"{""type"":""MultiPoint"",""coordinates"":[]}"
9_8_2,14.339833079711909,13,9.0,1994,"{""type"":""MultiPoint"",""coordinates"":[]}"
9_8_3,0.017870259765625007,25,9.0,1994,"{""type"":""MultiPoint"",""coordinates"":[]}"
9_8_4,0.23946013580322245,33,9.0,1994,"{""type"":""MultiPoint"",""coordinates"":[]}"
9_9_0,38123.33094252365,3,10.0,1994,"{""type"":""MultiPoint"",""coordinates"":[]}"
9_9_1,2854.134532824994,6,10.0,1994,"{""type"":""MultiPoint"",""coordinates"":[]}"
9_9_2,8.957407604736341,11,10.0,1994,"{""type"":""MultiPoint"",""coordinates"":[]}"
9_9_3,47.55814580474864,12,10.0,1994,"{""type"":""MultiPoint"",""coordinates"":[]}"
9_9_4,1386.2579114284154,13,10.0,1994,"{""type"":""MultiPoint"",""coordinates"":[]}"
9_9_5,6.6552680419922225,15,10.0,1994,"{""type"":""MultiPoint"",""coordinates"":[]}"
9_9_6,10.418524501831028,18,10.0,1994,"{""type"":""MultiPoint"",""coordinates"":[]}"
9_9_7,9.729205112182616,21,10.0,1994,"{""type"":""MultiPoint"",""coordinates"":[]}"
9_9_8,6.33510768670657,23,10.0,1994,"{""type"":""MultiPoint"",""coordinates"":[]}"
9_9_9,0.17879398547363282,24,10.0,1994,"{""type"":""MultiPoint"",""coordinates"":[]}"
9_9_10,0.4263890312499997,25,10.0,1994,"{""type"":""MultiPoint"",""coordinates"":[]}"
9_9_11,240.56886376116944,33,10.0,1994,"{""type"":""MultiPoint"",""coordinates"":[]}"
9_10_0,5452.912998345165,3,11.0,1994,"{""type"":""MultiPoint"",""coordinates"":[]}"
9_10_1,343.44791645684995,6,11.0,1994,"{""type"":""MultiPoint"",""coordinates"":[]}"
9_10_2,0.9896594695434582,11,11.0,1994,"{""type"":""MultiPoint"",""coordinates"":[]}"
9_10_3,65.3147649318863,12,11.0,1994,"{""type"":""MultiPoint"",""coordinates"":[]}"
9_10_4,121.29159184014799,13,11.0,1994,"{""type"":""MultiPoint"",""coordinates"":[]}"
9_10_5,150.264222831237,15,11.0,1994,"{""type"":""MultiPoint"",""coordinates"":[]}"
9_10_6,0.06699265960693356,18,11.0,1994,"{""type"":""MultiPoint"",""coordinates"":[]}"
9_10_7,52.13758103503417,21,11.0,1994,"{""type"":""MultiPoint"",""coordinates"":[]}"
9_10_8,5.217102842163098,23,11.0,1994,"{""type"":""MultiPoint"",""coordinates"":[]}"
9_10_9,0.7403853701782231,25,11.0,1994,"{""type"":""MultiPoint"",""coordinates"":[]}"
9_10_10,26.747228837402364,33,11.0,1994,"{""type"":""MultiPoint"",""coordinates"":[]}"
9_11_0,560.4474178300432,3,12.0,1994,"{""type"":""MultiPoint"",""coordinates"":[]}"
9_11_1,0.11885183380126947,11,12.0,1994,"{""type"":""MultiPoint"",""coordinates"":[]}"
9_11_2,24.406255714660528,13,12.0,1994,"{""type"":""MultiPoint"",""coordinates"":[]}"
9_11_3,0.0017873712158203124,15,12.0,1994,"{""type"":""MultiPoint"",""coordinates"":[]}"
9_11_4,0.7998504119873049,21,12.0,1994,"{""type"":""MultiPoint"",""coordinates"":[]}"
9_11_5,0.026810056518554694,23,12.0,1994,"{""type"":""MultiPoint"",""coordinates"":[]}"
9_11_6,0.08757910058593751,25,12.0,1994,"{""type"":""MultiPoint"",""coordinates"":[]}"
9_11_7,0.22163477380371086,33,12.0,1994,"{""type"":""MultiPoint"",""coordinates"":[]}"
9_11_8,0.6112777423095701,68,12.0,1994,"{""type"":""MultiPoint"",""coordinates"":[]}"
9_12_0,0.621662281433105,11,13.0,1994,"{""type"":""MultiPoint"",""coordinates"":[]}"
9_12_1,0.48895767700195236,12,13.0,1994,"{""type"":""MultiPoint"",""coordinates"":[]}"
9_12_2,0.010687644470214846,33,13.0,1994,"{""type"":""MultiPoint"",""coordinates"":[]}"
9_13_0,896.2857165946965,3,14.0,1994,"{""type"":""MultiPoint"",""coordinates"":[]}"
9_13_1,616.1837106485816,13,14.0,1994,"{""type"":""MultiPoint"",""coordinates"":[]}"
9_13_2,3.892757186889629,15,14.0,1994,"{""type"":""MultiPoint"",""coordinates"":[]}"
9_13_3,1.3442272453613269,18,14.0,1994,"{""type"":""MultiPoint"",""coordinates"":[]}"
9_13_4,13.693467591003271,21,14.0,1994,"{""type"":""MultiPoint"",""coordinates"":[]}"
9_13_5,0.038358992370605464,23,14.0,1994,"{""type"":""MultiPoint"",""coordinates"":[]}"
9_13_6,0.007134440490722657,25,14.0,1994,"{""type"":""MultiPoint"",""coordinates"":[]}"
9_13_7,6.802884595764146,33,14.0,1994,"{""type"":""MultiPoint"",""coordinates"":[]}"
9_13_8,1.05158506793213,68,14.0,1994,"{""type"":""MultiPoint"",""coordinates"":[]}"
9_14_0,759.7836873693914,3,15.0,1994,"{""type"":""MultiPoint"",""coordinates"":[]}"
9_14_1,0.05094063116455078,15,15.0,1994,"{""type"":""MultiPoint"",""coordinates"":[]}"
9_14_2,3.350534590148926,21,15.0,1994,"{""type"":""MultiPoint"",""coordinates"":[]}"
9_14_3,0.6068614573974607,23,15.0,1994,"{""type"":""MultiPoint"",""coordinates"":[]}"
9_14_4,0.3378284108886715,25,15.0,1994,"{""type"":""MultiPoint"",""coordinates"":[]}"
9_14_5,0.053624229553222644,33,15.0,1994,"{""type"":""MultiPoint"",""coordinates"":[]}"
9_15_0,2825.539442274983,3,16.0,1994,"{""type"":""MultiPoint"",""coordinates"":[]}"
9_15_1,4.7868208590087775,6,16.0,1994,"{""type"":""MultiPoint"",""coordinates"":[]}"
9_15_2,24.680882602294833,13,16.0,1994,"{""type"":""MultiPoint"",""coordinates"":[]}"
9_15_3,10.285132753906261,15,16.0,1994,"{""type"":""MultiPoint"",""coordinates"":[]}"
9_15_4,7.501688388793949,21,16.0,1994,"{""type"":""MultiPoint"",""coordinates"":[]}"
9_15_5,5.267152253295904,23,16.0,1994,"{""type"":""MultiPoint"",""coordinates"":[]}"
9_15_6,0.056255255493164055,25,16.0,1994,"{""type"":""MultiPoint"",""coordinates"":[]}"
9_15_7,3.6359587224731444,33,16.0,1994,"{""type"":""MultiPoint"",""coordinates"":[]}"
9_16_0,0.27528979632568423,3,17.0,1994,"{""type"":""MultiPoint"",""coordinates"":[]}"
9_16_1,0.0053627518310546875,21,17.0,1994,"{""type"":""MultiPoint"",""coordinates"":[]}"
9_17_0,348.72948980697475,3,18.0,1994,"{""type"":""MultiPoint"",""coordinates"":[]}"
9_17_1,5.831787577270483,13,18.0,1994,"{""type"":""MultiPoint"",""coordinates"":[]}"
9_17_2,2.662569378662109,15,18.0,1994,"{""type"":""MultiPoint"",""coordinates"":[]}"
9_17_3,18.999868374389543,21,18.0,1994,"{""type"":""MultiPoint"",""coordinates"":[]}"
9_17_4,0.38253545184326193,23,18.0,1994,"{""type"":""MultiPoint"",""coordinates"":[]}"
9_17_5,0.4585068416748048,25,18.0,1994,"{""type"":""MultiPoint"",""coordinates"":[]}"
9_17_6,0.28332495111083966,33,18.0,1994,"{""type"":""MultiPoint"",""coordinates"":[]}"
9_17_7,0.5085566542968756,68,18.0,1994,"{""type"":""MultiPoint"",""coordinates"":[]}"
9_18_0,312.41765708369655,3,19.0,1994,"{""type"":""MultiPoint"",""coordinates"":[]}"
9_18_1,21.547940624450842,11,19.0,1994,"{""type"":""MultiPoint"",""coordinates"":[]}"
9_18_2,54.62610292114195,13,19.0,1994,"{""type"":""MultiPoint"",""coordinates"":[]}"
9_18_3,0.3655603630371082,15,19.0,1994,"{""type"":""MultiPoint"",""coordinates"":[]}"
9_18_4,9.242843262207229,18,19.0,1994,"{""type"":""MultiPoint"",""coordinates"":[]}"
9_18_5,60.060002921204685,21,19.0,1994,"{""type"":""MultiPoint"",""coordinates"":[]}"
9_18_6,0.1689287683105468,24,19.0,1994,"{""type"":""MultiPoint"",""coordinates"":[]}"
9_18_7,0.11887746142578128,25,19.0,1994,"{""type"":""MultiPoint"",""coordinates"":[]}"
9_18_8,0.053631939392089836,27,19.0,1994,"{""type"":""MultiPoint"",""coordinates"":[]}"
9_18_9,41.49551070599514,33,19.0,1994,"{""type"":""MultiPoint"",""coordinates"":[]}"
9_19_0,140.48135011975063,3,20.0,1994,"{""type"":""MultiPoint"",""coordinates"":[]}"
9_19_1,19.41513295513964,6,20.0,1994,"{""type"":""MultiPoint"",""coordinates"":[]}"
9_19_2,0.43406661816406333,11,20.0,1994,"{""type"":""MultiPoint"",""coordinates"":[]}"
9_19_3,70.85772161987197,13,20.0,1994,"{""type"":""MultiPoint"",""coordinates"":[]}"
9_19_4,46.90711465496769,15,20.0,1994,"{""type"":""MultiPoint"",""coordinates"":[]}"
9_19_5,0.008931264648437501,18,20.0,1994,"{""type"":""MultiPoint"",""coordinates"":[]}"
9_19_6,5.504354370788555,21,20.0,1994,"{""type"":""MultiPoint"",""coordinates"":[]}"
9_19_7,0.09377344824218749,23,20.0,1994,"{""type"":""MultiPoint"",""coordinates"":[]}"
9_19_8,0.30813166357421856,25,20.0,1994,"{""type"":""MultiPoint"",""coordinates"":[]}"
9_19_9,0.3116868781127927,33,20.0,1994,"{""type"":""MultiPoint"",""coordinates"":[]}"
9_20_0,55.70924269653567,3,21.0,1994,"{""type"":""MultiPoint"",""coordinates"":[]}"
9_20_1,0.012505947631835936,6,21.0,1994,"{""type"":""MultiPoint"",""coordinates"":[]}"
9_20_2,13.82395117486579,15,21.0,1994,"{""type"":""MultiPoint"",""coordinates"":[]}"
9_20_3,1.240717292663573,21,21.0,1994,"{""type"":""MultiPoint"",""coordinates"":[]}"
9_21_0,9936.448607588103,3,22.0,1994,"{""type"":""MultiPoint"",""coordinates"":[]}"
9_21_1,862.6913673453524,6,22.0,1994,"{""type"":""MultiPoint"",""coordinates"":[]}"
9_21_2,4.318521638488754,11,22.0,1994,"{""type"":""MultiPoint"",""coordinates"":[]}"
9_21_3,19.173088247131375,13,22.0,1994,"{""type"":""MultiPoint"",""coordinates"":[]}"
9_21_4,31.241366441772385,18,22.0,1994,"{""type"":""MultiPoint"",""coordinates"":[]}"
9_21_5,2.5708221220703127,21,22.0,1994,"{""type"":""MultiPoint"",""coordinates"":[]}"
9_21_6,0.14917312493896495,23,22.0,1994,"{""type"":""MultiPoint"",""coordinates"":[]}"
9_21_7,0.09735991693115235,24,22.0,1994,"{""type"":""MultiPoint"",""coordinates"":[]}"
9_21_8,1.3417565037841799,25,22.0,1994,"{""type"":""MultiPoint"",""coordinates"":[]}"
9_21_9,22.47635773632808,29,22.0,1994,"{""type"":""MultiPoint"",""coordinates"":[]}"
9_21_10,0.03037917028808595,30,22.0,1994,"{""type"":""MultiPoint"",""coordinates"":[]}"
9_21_11,80.71735329113778,33,22.0,1994,"{""type"":""MultiPoint"",""coordinates"":[]}"
9_21_12,2.8423270042114233,68,22.0,1994,"{""type"":""MultiPoint"",""coordinates"":[]}"
9_22_0,7948.906071928775,3,23.0,1994,"{""type"":""MultiPoint"",""coordinates"":[]}"
9_22_1,511.76190151605346,6,23.0,1994,"{""type"":""MultiPoint"",""coordinates"":[]}"
9_22_2,0.08578438061523438,11,23.0,1994,"{""type"":""MultiPoint"",""coordinates"":[]}"
9_22_3,212.75695888250516,13,23.0,1994,"{""type"":""MultiPoint"",""coordinates"":[]}"
9_22_4,37.68455988409443,15,23.0,1994,"{""type"":""MultiPoint"",""coordinates"":[]}"
9_22_5,5.892652553344729,18,23.0,1994,"{""type"":""MultiPoint"",""coordinates"":[]}"
9_22_6,12.21561417028808,21,23.0,1994,"{""type"":""MultiPoint"",""coordinates"":[]}"
9_22_7,0.19474946533203136,23,23.0,1994,"{""type"":""MultiPoint"",""coordinates"":[]}"
9_22_8,0.032166245727539046,24,23.0,1994,"{""type"":""MultiPoint"",""coordinates"":[]}"
9_22_9,0.08576990032958987,25,23.0,1994,"{""type"":""MultiPoint"",""coordinates"":[]}"
9_22_10,43.31960721966576,33,23.0,1994,"{""type"":""MultiPoint"",""coordinates"":[]}"
9_22_11,1.345714114135744,68,23.0,1994,"{""type"":""MultiPoint"",""coordinates"":[]}"
9_23_0,105.2082441302489,3,25.0,1994,"{""type"":""MultiPoint"",""coordinates"":[]}"
9_23_1,0.007151242614746095,21,25.0,1994,"{""type"":""MultiPoint"",""coordinates"":[]}"
9_23_2,0.3557729649658201,33,25.0,1994,"{""type"":""MultiPoint"",""coordinates"":[]}"
10_0_0,22.8309901208495,3,1.0,1995,"{""type"":""MultiPoint"",""coordinates"":[]}"
10_0_1,0.005361882141113281,23,1.0,1995,"{""type"":""MultiPoint"",""coordinates"":[]}"
10_0_2,0.0035745987548828125,25,1.0,1995,"{""type"":""MultiPoint"",""coordinates"":[]}"
10_1_0,8748.696910094648,3,2.0,1995,"{""type"":""MultiPoint"",""coordinates"":[]}"
10_1_1,925.5362024681692,6,2.0,1995,"{""type"":""MultiPoint"",""coordinates"":[]}"
10_1_2,6.404210822692877,11,2.0,1995,"{""type"":""MultiPoint"",""coordinates"":[]}"
10_1_3,2.005936805114746,13,2.0,1995,"{""type"":""MultiPoint"",""coordinates"":[]}"
10_1_4,0.11257689727783199,18,2.0,1995,"{""type"":""MultiPoint"",""coordinates"":[]}"
10_1_5,0.01876250476074219,21,2.0,1995,"{""type"":""MultiPoint"",""coordinates"":[]}"
10_1_6,0.4833103259277346,24,2.0,1995,"{""type"":""MultiPoint"",""coordinates"":[]}"
10_1_7,25.908258829040477,33,2.0,1995,"{""type"":""MultiPoint"",""coordinates"":[]}"
10_2_0,9456.271805345074,3,3.0,1995,"{""type"":""MultiPoint"",""coordinates"":[]}"
10_2_1,792.5359662206389,6,3.0,1995,"{""type"":""MultiPoint"",""coordinates"":[]}"
10_2_2,61.55053276428208,11,3.0,1995,"{""type"":""MultiPoint"",""coordinates"":[]}"
10_2_3,1.538389454956055,13,3.0,1995,"{""type"":""MultiPoint"",""coordinates"":[]}"
10_2_4,14.296152832763681,18,3.0,1995,"{""type"":""MultiPoint"",""coordinates"":[]}"
10_2_5,1.7922759246215818,21,3.0,1995,"{""type"":""MultiPoint"",""coordinates"":[]}"
10_2_6,0.1340898983154297,23,3.0,1995,"{""type"":""MultiPoint"",""coordinates"":[]}"
10_2_7,0.03575617694091796,25,3.0,1995,"{""type"":""MultiPoint"",""coordinates"":[]}"
10_2_8,218.44944228503647,33,3.0,1995,"{""type"":""MultiPoint"",""coordinates"":[]}"
10_3_0,4798.230007904329,3,4.0,1995,"{""type"":""MultiPoint"",""coordinates"":[]}"
10_3_1,583.241301777704,6,4.0,1995,"{""type"":""MultiPoint"",""coordinates"":[]}"
10_3_2,97.10607155193966,11,4.0,1995,"{""type"":""MultiPoint"",""coordinates"":[]}"
10_3_3,0.87313258770752,13,4.0,1995,"{""type"":""MultiPoint"",""coordinates"":[]}"
10_3_4,2.5284785919799835,18,4.0,1995,"{""type"":""MultiPoint"",""coordinates"":[]}"
10_3_5,0.18053992370605443,23,4.0,1995,"{""type"":""MultiPoint"",""coordinates"":[]}"
10_3_6,0.06256322186279298,24,4.0,1995,"{""type"":""MultiPoint"",""coordinates"":[]}"
10_3_7,112.47694822436485,33,4.0,1995,"{""type"":""MultiPoint"",""coordinates"":[]}"
10_4_0,1959.5980477627845,3,5.0,1995,"{""type"":""MultiPoint"",""coordinates"":[]}"
10_4_1,63.96705398925854,6,5.0,1995,"{""type"":""MultiPoint"",""coordinates"":[]}"
10_4_2,0.005358662475585938,11,5.0,1995,"{""type"":""MultiPoint"",""coordinates"":[]}"
10_4_3,0.04913006201171876,12,5.0,1995,"{""type"":""MultiPoint"",""coordinates"":[]}"
10_4_4,38.16814985455329,15,5.0,1995,"{""type"":""MultiPoint"",""coordinates"":[]}"
10_4_5,0.08932050427246091,18,5.0,1995,"{""type"":""MultiPoint"",""coordinates"":[]}"
10_4_6,10.993370283325186,21,5.0,1995,"{""type"":""MultiPoint"",""coordinates"":[]}"
10_4_7,5.345175457031233,23,5.0,1995,"{""type"":""MultiPoint"",""coordinates"":[]}"
10_4_8,11.365080318359444,33,5.0,1995,"{""type"":""MultiPoint"",""coordinates"":[]}"
10_5_0,2547.2063084419206,3,6.0,1995,"{""type"":""MultiPoint"",""coordinates"":[]}"
10_5_1,116.96924162322887,6,6.0,1995,"{""type"":""MultiPoint"",""coordinates"":[]}"
10_5_2,3.264542264282229,11,6.0,1995,"{""type"":""MultiPoint"",""coordinates"":[]}"
10_5_3,0.30698434832763677,13,6.0,1995,"{""type"":""MultiPoint"",""coordinates"":[]}"
10_5_4,8.234021313964822,18,6.0,1995,"{""type"":""MultiPoint"",""coordinates"":[]}"
10_5_5,0.24368293450927747,21,6.0,1995,"{""type"":""MultiPoint"",""coordinates"":[]}"
10_5_6,0.02944322552490234,25,6.0,1995,"{""type"":""MultiPoint"",""coordinates"":[]}"
10_5_7,5.102050463012686,33,6.0,1995,"{""type"":""MultiPoint"",""coordinates"":[]}"
10_6_0,936.6190099750164,3,7.0,1995,"{""type"":""MultiPoint"",""coordinates"":[]}"
10_6_1,0.011619153869628905,15,7.0,1995,"{""type"":""MultiPoint"",""coordinates"":[]}"
10_6_2,1.5274797064209016,21,7.0,1995,"{""type"":""MultiPoint"",""coordinates"":[]}"
10_6_3,0.11976419708251958,23,7.0,1995,"{""type"":""MultiPoint"",""coordinates"":[]}"
10_6_4,0.35482454205322256,25,7.0,1995,"{""type"":""MultiPoint"",""coordinates"":[]}"
10_6_5,2.900296878662111,33,7.0,1995,"{""type"":""MultiPoint"",""coordinates"":[]}"
10_7_0,3944.605103545269,3,8.0,1995,"{""type"":""MultiPoint"",""coordinates"":[]}"
10_7_1,375.32262422164183,6,8.0,1995,"{""type"":""MultiPoint"",""coordinates"":[]}"
10_7_2,36.20864402033236,11,8.0,1995,"{""type"":""MultiPoint"",""coordinates"":[]}"
10_7_3,0.43357786688232314,13,8.0,1995,"{""type"":""MultiPoint"",""coordinates"":[]}"
10_7_4,34.52053161218278,15,8.0,1995,"{""type"":""MultiPoint"",""coordinates"":[]}"
10_7_5,0.014303544006347663,18,8.0,1995,"{""type"":""MultiPoint"",""coordinates"":[]}"
10_7_6,6.793296024475029,21,8.0,1995,"{""type"":""MultiPoint"",""coordinates"":[]}"
10_7_7,0.3620593363647458,23,8.0,1995,"{""type"":""MultiPoint"",""coordinates"":[]}"
10_7_8,0.60521499029541,25,8.0,1995,"{""type"":""MultiPoint"",""coordinates"":[]}"
10_7_9,10.420080622619684,33,8.0,1995,"{""type"":""MultiPoint"",""coordinates"":[]}"
10_8_0,15.883761846496812,3,9.0,1995,"{""type"":""MultiPoint"",""coordinates"":[]}"
10_8_1,0.025910809143066406,11,9.0,1995,"{""type"":""MultiPoint"",""coordinates"":[]}"
10_8_2,14.300520066772489,13,9.0,1995,"{""type"":""MultiPoint"",""coordinates"":[]}"
10_8_3,8.934894409179687E-4,15,9.0,1995,"{""type"":""MultiPoint"",""coordinates"":[]}"
10_8_4,0.027698773864746094,25,9.0,1995,"{""type"":""MultiPoint"",""coordinates"":[]}"
10_8_5,0.21890927801513654,33,9.0,1995,"{""type"":""MultiPoint"",""coordinates"":[]}"
10_9_0,38222.119469344776,3,10.0,1995,"{""type"":""MultiPoint"",""coordinates"":[]}"
10_9_1,2769.203096835827,6,10.0,1995,"{""type"":""MultiPoint"",""coordinates"":[]}"
10_9_2,8.38973519158937,11,10.0,1995,"{""type"":""MultiPoint"",""coordinates"":[]}"
10_9_3,47.55010140252696,12,10.0,1995,"{""type"":""MultiPoint"",""coordinates"":[]}"
10_9_4,1357.0467581296307,13,10.0,1995,"{""type"":""MultiPoint"",""coordinates"":[]}"
10_9_5,6.887523069458021,15,10.0,1995,"{""type"":""MultiPoint"",""coordinates"":[]}"
10_9_6,9.707870737609829,18,10.0,1995,"{""type"":""MultiPoint"",""coordinates"":[]}"
10_9_7,16.9381084506226,21,10.0,1995,"{""type"":""MultiPoint"",""coordinates"":[]}"
10_9_8,20.65629858715834,23,10.0,1995,"{""type"":""MultiPoint"",""coordinates"":[]}"
10_9_9,0.17879398547363282,24,10.0,1995,"{""type"":""MultiPoint"",""coordinates"":[]}"
10_9_10,0.5175739303588864,25,10.0,1995,"{""type"":""MultiPoint"",""coordinates"":[]}"
10_9_11,235.35576264318843,33,10.0,1995,"{""type"":""MultiPoint"",""coordinates"":[]}"
10_10_0,5444.14556393575,3,11.0,1995,"{""type"":""MultiPoint"",""coordinates"":[]}"
10_10_1,341.7643542655087,6,11.0,1995,"{""type"":""MultiPoint"",""coordinates"":[]}"
10_10_2,1.0334208264770521,11,11.0,1995,"{""type"":""MultiPoint"",""coordinates"":[]}"
10_10_3,75.89084311169388,12,11.0,1995,"{""type"":""MultiPoint"",""coordinates"":[]}"
10_10_4,117.09524590997277,13,11.0,1995,"{""type"":""MultiPoint"",""coordinates"":[]}"
10_10_5,157.53289856207098,15,11.0,1995,"{""type"":""MultiPoint"",""coordinates"":[]}"
10_10_6,0.12504098889160156,18,11.0,1995,"{""type"":""MultiPoint"",""coordinates"":[]}"
10_10_7,47.468891207031255,21,11.0,1995,"{""type"":""MultiPoint"",""coordinates"":[]}"
10_10_8,4.307757183837896,23,11.0,1995,"{""type"":""MultiPoint"",""coordinates"":[]}"
10_10_9,2.0570237415161183,25,11.0,1995,"{""type"":""MultiPoint"",""coordinates"":[]}"
10_10_10,27.709404886535637,33,11.0,1995,"{""type"":""MultiPoint"",""coordinates"":[]}"
10_11_0,560.6771250104031,3,12.0,1995,"{""type"":""MultiPoint"",""coordinates"":[]}"
10_11_1,0.11170294812011711,11,12.0,1995,"{""type"":""MultiPoint"",""coordinates"":[]}"
10_11_2,24.775322972228974,13,12.0,1995,"{""type"":""MultiPoint"",""coordinates"":[]}"
10_11_3,0.0017873712158203124,15,12.0,1995,"{""type"":""MultiPoint"",""coordinates"":[]}"
10_11_4,0.4602447532958984,21,12.0,1995,"{""type"":""MultiPoint"",""coordinates"":[]}"
10_11_5,0.009830373657226563,23,12.0,1995,"{""type"":""MultiPoint"",""coordinates"":[]}"
10_11_6,0.05004543511962892,25,12.0,1995,"{""type"":""MultiPoint"",""coordinates"":[]}"
10_11_7,0.24129605822753894,33,12.0,1995,"{""type"":""MultiPoint"",""coordinates"":[]}"
10_11_8,0.39410991265869166,68,12.0,1995,"{""type"":""MultiPoint"",""coordinates"":[]}"
10_12_0,0.6332405022583003,11,13.0,1995,"{""type"":""MultiPoint"",""coordinates"":[]}"
10_12_1,0.47737945617675703,12,13.0,1995,"{""type"":""MultiPoint"",""coordinates"":[]}"
10_12_2,0.010687644470214846,33,13.0,1995,"{""type"":""MultiPoint"",""coordinates"":[]}"
10_13_0,906.4699447802918,3,14.0,1995,"{""type"":""MultiPoint"",""coordinates"":[]}"
10_13_1,606.6069622996124,13,14.0,1995,"{""type"":""MultiPoint"",""coordinates"":[]}"
10_13_2,5.09780405889894,15,14.0,1995,"{""type"":""MultiPoint"",""coordinates"":[]}"
10_13_3,13.16185658966053,21,14.0,1995,"{""type"":""MultiPoint"",""coordinates"":[]}"
10_13_4,0.038356954895019536,23,14.0,1995,"{""type"":""MultiPoint"",""coordinates"":[]}"
10_13_5,0.015163845153808593,25,14.0,1995,"{""type"":""MultiPoint"",""coordinates"":[]}"
10_13_6,6.907232204528801,33,14.0,1995,"{""type"":""MultiPoint"",""coordinates"":[]}"
10_13_7,1.0025216300048831,68,14.0,1995,"{""type"":""MultiPoint"",""coordinates"":[]}"
10_14_0,759.0999979729819,3,15.0,1995,"{""type"":""MultiPoint"",""coordinates"":[]}"
10_14_1,0.09562404901123045,15,15.0,1995,"{""type"":""MultiPoint"",""coordinates"":[]}"
10_14_2,4.545457655761712,21,15.0,1995,"{""type"":""MultiPoint"",""coordinates"":[]}"
10_14_3,0.13495561914062498,23,15.0,1995,"{""type"":""MultiPoint"",""coordinates"":[]}"
10_14_4,0.24934868426513668,25,15.0,1995,"{""type"":""MultiPoint"",""coordinates"":[]}"
10_14_5,0.058092707397460946,33,15.0,1995,"{""type"":""MultiPoint"",""coordinates"":[]}"
10_15_0,2822.3958423851614,3,16.0,1995,"{""type"":""MultiPoint"",""coordinates"":[]}"
10_15_1,4.709128342285143,6,16.0,1995,"{""type"":""MultiPoint"",""coordinates"":[]}"
10_15_2,24.846057863769406,13,16.0,1995,"{""type"":""MultiPoint"",""coordinates"":[]}"
10_15_3,13.841333690734855,15,16.0,1995,"{""type"":""MultiPoint"",""coordinates"":[]}"
10_15_4,6.2694130498657135,21,16.0,1995,"{""type"":""MultiPoint"",""coordinates"":[]}"
10_15_5,5.3689212275390705,23,16.0,1995,"{""type"":""MultiPoint"",""coordinates"":[]}"
10_15_6,0.05447443090820313,25,16.0,1995,"{""type"":""MultiPoint"",""coordinates"":[]}"
10_15_7,4.268162119995119,33,16.0,1995,"{""type"":""MultiPoint"",""coordinates"":[]}"
10_16_0,0.27528979632568423,3,17.0,1995,"{""type"":""MultiPoint"",""coordinates"":[]}"
10_16_1,0.0053627518310546875,21,17.0,1995,"{""type"":""MultiPoint"",""coordinates"":[]}"
10_17_0,351.0890579985668,3,18.0,1995,"{""type"":""MultiPoint"",""coordinates"":[]}"
10_17_1,5.932781732543885,13,18.0,1995,"{""type"":""MultiPoint"",""coordinates"":[]}"
10_17_2,3.6475067539062396,15,18.0,1995,"{""type"":""MultiPoint"",""coordinates"":[]}"
10_17_3,15.322881269225963,21,18.0,1995,"{""type"":""MultiPoint"",""coordinates"":[]}"
10_17_4,0.6229599837646473,23,18.0,1995,"{""type"":""MultiPoint"",""coordinates"":[]}"
10_17_5,0.3610853493652345,25,18.0,1995,"{""type"":""MultiPoint"",""coordinates"":[]}"
10_17_6,0.21539895452880833,33,18.0,1995,"{""type"":""MultiPoint"",""coordinates"":[]}"
10_17_7,0.6649669943237305,68,18.0,1995,"{""type"":""MultiPoint"",""coordinates"":[]}"
10_18_0,314.1820343590267,3,19.0,1995,"{""type"":""MultiPoint"",""coordinates"":[]}"
10_18_1,21.6712882066653,11,19.0,1995,"{""type"":""MultiPoint"",""coordinates"":[]}"
10_18_2,52.696307967528455,13,19.0,1995,"{""type"":""MultiPoint"",""coordinates"":[]}"
10_18_3,0.491585501892089,15,19.0,1995,"{""type"":""MultiPoint"",""coordinates"":[]}"
10_18_4,11.23513488934373,18,19.0,1995,"{""type"":""MultiPoint"",""coordinates"":[]}"
10_18_5,58.01414570581101,21,19.0,1995,"{""type"":""MultiPoint"",""coordinates"":[]}"
10_18_6,0.19306133807373047,24,19.0,1995,"{""type"":""MultiPoint"",""coordinates"":[]}"
10_18_7,0.034858191040039066,25,19.0,1995,"{""type"":""MultiPoint"",""coordinates"":[]}"
10_18_8,0.053631939392089836,27,19.0,1995,"{""type"":""MultiPoint"",""coordinates"":[]}"
10_18_9,41.52500795208889,33,19.0,1995,"{""type"":""MultiPoint"",""coordinates"":[]}"
10_19_0,138.06360911230465,3,20.0,1995,"{""type"":""MultiPoint"",""coordinates"":[]}"
10_19_1,17.827195688232855,6,20.0,1995,"{""type"":""MultiPoint"",""coordinates"":[]}"
10_19_2,0.13218495977783207,11,20.0,1995,"{""type"":""MultiPoint"",""coordinates"":[]}"
10_19_3,69.47872197784193,13,20.0,1995,"{""type"":""MultiPoint"",""coordinates"":[]}"
10_19_4,51.10923572253337,15,20.0,1995,"{""type"":""MultiPoint"",""coordinates"":[]}"
10_19_5,0.00535858740234375,18,20.0,1995,"{""type"":""MultiPoint"",""coordinates"":[]}"
10_19_6,6.886973871459945,21,20.0,1995,"{""type"":""MultiPoint"",""coordinates"":[]}"
10_19_7,0.0919872678222656,23,20.0,1995,"{""type"":""MultiPoint"",""coordinates"":[]}"
10_19_8,0.40369953948974596,25,20.0,1995,"{""type"":""MultiPoint"",""coordinates"":[]}"
10_19_9,0.3232968663940425,33,20.0,1995,"{""type"":""MultiPoint"",""coordinates"":[]}"
10_20_0,55.23227177581944,3,21.0,1995,"{""type"":""MultiPoint"",""coordinates"":[]}"
10_20_1,0.016079077392578123,6,21.0,1995,"{""type"":""MultiPoint"",""coordinates"":[]}"
10_20_2,14.967280337097261,15,21.0,1995,"{""type"":""MultiPoint"",""coordinates"":[]}"
10_20_3,0.5573874514160155,21,21.0,1995,"{""type"":""MultiPoint"",""coordinates"":[]}"
10_20_4,0.003572908935546875,25,21.0,1995,"{""type"":""MultiPoint"",""coordinates"":[]}"
10_20_5,0.009825561035156251,33,21.0,1995,"{""type"":""MultiPoint"",""coordinates"":[]}"
10_21_0,9929.97083786413,3,22.0,1995,"{""type"":""MultiPoint"",""coordinates"":[]}"
10_21_1,868.936751750263,6,22.0,1995,"{""type"":""MultiPoint"",""coordinates"":[]}"
10_21_2,4.42654001281737,11,22.0,1995,"{""type"":""MultiPoint"",""coordinates"":[]}"
10_21_3,20.6504945219727,13,22.0,1995,"{""type"":""MultiPoint"",""coordinates"":[]}"
10_21_4,31.243066625610282,18,22.0,1995,"{""type"":""MultiPoint"",""coordinates"":[]}"
10_21_5,2.029502227233887,21,22.0,1995,"{""type"":""MultiPoint"",""coordinates"":[]}"
10_21_6,0.18934086071777353,23,22.0,1995,"{""type"":""MultiPoint"",""coordinates"":[]}"
10_21_7,0.09825287597656251,24,22.0,1995,"{""type"":""MultiPoint"",""coordinates"":[]}"
10_21_8,0.8432165305786136,25,22.0,1995,"{""type"":""MultiPoint"",""coordinates"":[]}"
10_21_9,23.03374259240715,29,22.0,1995,"{""type"":""MultiPoint"",""coordinates"":[]}"
10_21_10,0.04378254034423827,30,22.0,1995,"{""type"":""MultiPoint"",""coordinates"":[]}"
10_21_11,80.48922675646968,33,22.0,1995,"{""type"":""MultiPoint"",""coordinates"":[]}"
10_21_12,2.1437249718627953,68,22.0,1995,"{""type"":""MultiPoint"",""coordinates"":[]}"
10_22_0,7941.200567465648,3,23.0,1995,"{""type"":""MultiPoint"",""coordinates"":[]}"
10_22_1,519.2266091890878,6,23.0,1995,"{""type"":""MultiPoint"",""coordinates"":[]}"
10_22_2,0.08399714038085938,11,23.0,1995,"{""type"":""MultiPoint"",""coordinates"":[]}"
10_22_3,211.97689576977385,13,23.0,1995,"{""type"":""MultiPoint"",""coordinates"":[]}"
10_22_4,38.214285195678976,15,23.0,1995,"{""type"":""MultiPoint"",""coordinates"":[]}"
10_22_5,5.653226366455078,18,23.0,1995,"{""type"":""MultiPoint"",""coordinates"":[]}"
10_22_6,13.141765010375993,21,23.0,1995,"{""type"":""MultiPoint"",""coordinates"":[]}"
10_22_7,0.31090294909667965,23,23.0,1995,"{""type"":""MultiPoint"",""coordinates"":[]}"
10_22_8,0.06075845227050785,24,23.0,1995,"{""type"":""MultiPoint"",""coordinates"":[]}"
10_22_9,1.290173846984863,25,23.0,1995,"{""type"":""MultiPoint"",""coordinates"":[]}"
10_22_10,41.94464357617204,33,23.0,1995,"{""type"":""MultiPoint"",""coordinates"":[]}"
10_22_11,1.177725299011231,68,23.0,1995,"{""type"":""MultiPoint"",""coordinates"":[]}"
10_23_0,105.18053353991688,3,25.0,1995,"{""type"":""MultiPoint"",""coordinates"":[]}"
10_23_1,0.005363432006835938,21,25.0,1995,"{""type"":""MultiPoint"",""coordinates"":[]}"
10_23_2,0.38527136590576155,33,25.0,1995,"{""type"":""MultiPoint"",""coordinates"":[]}"
11_0_0,22.8309901208495,3,1.0,1996,"{""type"":""MultiPoint"",""coordinates"":[]}"
11_0_1,0.005361882141113281,23,1.0,1996,"{""type"":""MultiPoint"",""coordinates"":[]}"
11_0_2,0.0035745987548828125,25,1.0,1996,"{""type"":""MultiPoint"",""coordinates"":[]}"
11_1_0,8765.149984756443,3,2.0,1996,"{""type"":""MultiPoint"",""coordinates"":[]}"
11_1_1,909.9229979080683,6,2.0,1996,"{""type"":""MultiPoint"",""coordinates"":[]}"
11_1_2,5.533143335327152,11,2.0,1996,"{""type"":""MultiPoint"",""coordinates"":[]}"
11_1_3,2.0505358099365236,13,2.0,1996,"{""type"":""MultiPoint"",""coordinates"":[]}"
11_1_4,0.08041092089843743,18,2.0,1996,"{""type"":""MultiPoint"",""coordinates"":[]}"
11_1_5,0.050928058288574204,21,2.0,1996,"{""type"":""MultiPoint"",""coordinates"":[]}"
11_1_6,0.4743768540039064,24,2.0,1996,"{""type"":""MultiPoint"",""coordinates"":[]}"
11_1_7,25.903791104614207,33,2.0,1996,"{""type"":""MultiPoint"",""coordinates"":[]}"
11_2_0,9467.102814248576,3,3.0,1996,"{""type"":""MultiPoint"",""coordinates"":[]}"
11_2_1,780.7744944082449,6,3.0,1996,"{""type"":""MultiPoint"",""coordinates"":[]}"
11_2_2,60.35095574749738,11,3.0,1996,"{""type"":""MultiPoint"",""coordinates"":[]}"
11_2_3,1.4043036114501946,13,3.0,1996,"{""type"":""MultiPoint"",""coordinates"":[]}"
11_2_4,14.973714361084019,18,3.0,1996,"{""type"":""MultiPoint"",""coordinates"":[]}"
11_2_5,1.2004959130249024,21,3.0,1996,"{""type"":""MultiPoint"",""coordinates"":[]}"
11_2_6,0.05095645349121094,23,3.0,1996,"{""type"":""MultiPoint"",""coordinates"":[]}"
11_2_7,0.017878763977050776,25,3.0,1996,"{""type"":""MultiPoint"",""coordinates"":[]}"
11_2_8,218.15447074426464,33,3.0,1996,"{""type"":""MultiPoint"",""coordinates"":[]}"
11_2_9,2.5743266509399416,68,3.0,1996,"{""type"":""MultiPoint"",""coordinates"":[]}"
11_3_0,4797.965383583861,3,4.0,1996,"{""type"":""MultiPoint"",""coordinates"":[]}"
11_3_1,586.2907588541073,6,4.0,1996,"{""type"":""MultiPoint"",""coordinates"":[]}"
11_3_2,94.1487634181505,11,4.0,1996,"{""type"":""MultiPoint"",""coordinates"":[]}"
11_3_3,1.1841321901855468,13,4.0,1996,"{""type"":""MultiPoint"",""coordinates"":[]}"
11_3_4,2.3005840608520556,18,4.0,1996,"{""type"":""MultiPoint"",""coordinates"":[]}"
11_3_5,0.0071500872192382815,21,4.0,1996,"{""type"":""MultiPoint"",""coordinates"":[]}"
11_3_6,0.2010854091796876,23,4.0,1996,"{""type"":""MultiPoint"",""coordinates"":[]}"
11_3_7,0.06345698529052736,24,4.0,1996,"{""type"":""MultiPoint"",""coordinates"":[]}"
11_3_8,0.27256852819824223,25,4.0,1996,"{""type"":""MultiPoint"",""coordinates"":[]}"
11_3_9,112.21690696722376,33,4.0,1996,"{""type"":""MultiPoint"",""coordinates"":[]}"
11_3_10,0.04825369934082032,68,4.0,1996,"{""type"":""MultiPoint"",""coordinates"":[]}"
11_4_0,1944.2693436260959,3,5.0,1996,"{""type"":""MultiPoint"",""coordinates"":[]}"
11_4_1,63.97772085553023,6,5.0,1996,"{""type"":""MultiPoint"",""coordinates"":[]}"
11_4_2,0.005358662475585938,11,5.0,1996,"{""type"":""MultiPoint"",""coordinates"":[]}"
11_4_3,0.04287712451171878,12,5.0,1996,"{""type"":""MultiPoint"",""coordinates"":[]}"
11_4_4,52.82804495819115,15,5.0,1996,"{""type"":""MultiPoint"",""coordinates"":[]}"
11_4_5,0.10896669158935549,18,5.0,1996,"{""type"":""MultiPoint"",""coordinates"":[]}"
11_4_6,10.546720383056648,21,5.0,1996,"{""type"":""MultiPoint"",""coordinates"":[]}"
11_4_7,2.517685298461915,23,5.0,1996,"{""type"":""MultiPoint"",""coordinates"":[]}"
11_4_8,15.28396929412841,33,5.0,1996,"{""type"":""MultiPoint"",""coordinates"":[]}"
11_5_0,2547.136459410813,3,6.0,1996,"{""type"":""MultiPoint"",""coordinates"":[]}"
11_5_1,116.7718401102887,6,6.0,1996,"{""type"":""MultiPoint"",""coordinates"":[]}"
11_5_2,2.40334359020996,11,6.0,1996,"{""type"":""MultiPoint"",""coordinates"":[]}"
11_5_3,0.3230446747436527,13,6.0,1996,"{""type"":""MultiPoint"",""coordinates"":[]}"
11_5_4,9.518731627563403,18,6.0,1996,"{""type"":""MultiPoint"",""coordinates"":[]}"
11_5_5,0.010711230712890625,21,6.0,1996,"{""type"":""MultiPoint"",""coordinates"":[]}"
11_5_6,0.051750289550781245,25,6.0,1996,"{""type"":""MultiPoint"",""coordinates"":[]}"
11_5_7,5.1403936808471595,33,6.0,1996,"{""type"":""MultiPoint"",""coordinates"":[]}"
11_6_0,936.1399404670213,3,7.0,1996,"{""type"":""MultiPoint"",""coordinates"":[]}"
11_6_1,0.009831535095214844,15,7.0,1996,"{""type"":""MultiPoint"",""coordinates"":[]}"
11_6_2,1.962754497192385,21,7.0,1996,"{""type"":""MultiPoint"",""coordinates"":[]}"
11_6_3,0.11797674102783207,23,7.0,1996,"{""type"":""MultiPoint"",""coordinates"":[]}"
11_6_4,0.3798504103393554,25,7.0,1996,"{""type"":""MultiPoint"",""coordinates"":[]}"
11_6_5,2.9226408024292008,33,7.0,1996,"{""type"":""MultiPoint"",""coordinates"":[]}"
11_7_0,3921.7730674751565,3,8.0,1996,"{""type"":""MultiPoint"",""coordinates"":[]}"
11_7_1,394.89974534990637,6,8.0,1996,"{""type"":""MultiPoint"",""coordinates"":[]}"
11_7_2,32.55318265680678,11,8.0,1996,"{""type"":""MultiPoint"",""coordinates"":[]}"
11_7_3,0.6660113431396597,13,8.0,1996,"{""type"":""MultiPoint"",""coordinates"":[]}"
11_7_4,36.637417692627125,15,8.0,1996,"{""type"":""MultiPoint"",""coordinates"":[]}"
11_7_5,0.010727658508300784,18,8.0,1996,"{""type"":""MultiPoint"",""coordinates"":[]}"
11_7_6,6.783459267883223,21,8.0,1996,"{""type"":""MultiPoint"",""coordinates"":[]}"
11_7_7,0.02771318389892578,23,8.0,1996,"{""type"":""MultiPoint"",""coordinates"":[]}"
11_7_8,0.1001231117553711,25,8.0,1996,"{""type"":""MultiPoint"",""coordinates"":[]}"
11_7_9,15.833988044860963,33,8.0,1996,"{""type"":""MultiPoint"",""coordinates"":[]}"
11_8_0,15.886442342773666,3,9.0,1996,"{""type"":""MultiPoint"",""coordinates"":[]}"
11_8_1,0.025910809143066406,11,9.0,1996,"{""type"":""MultiPoint"",""coordinates"":[]}"
11_8_2,14.297839570495633,13,9.0,1996,"{""type"":""MultiPoint"",""coordinates"":[]}"
11_8_3,8.934894409179687E-4,15,9.0,1996,"{""type"":""MultiPoint"",""coordinates"":[]}"
11_8_4,0.027698773864746094,25,9.0,1996,"{""type"":""MultiPoint"",""coordinates"":[]}"
11_8_5,0.21890927801513654,33,9.0,1996,"{""type"":""MultiPoint"",""coordinates"":[]}"
11_9_0,38304.6992928792,3,10.0,1996,"{""type"":""MultiPoint"",""coordinates"":[]}"
11_9_1,2736.0901360005737,6,10.0,1996,"{""type"":""MultiPoint"",""coordinates"":[]}"
11_9_2,8.41564341668703,11,10.0,1996,"{""type"":""MultiPoint"",""coordinates"":[]}"
11_9_3,32.299716137634924,12,10.0,1996,"{""type"":""MultiPoint"",""coordinates"":[]}"
11_9_4,1339.8828476752326,13,10.0,1996,"{""type"":""MultiPoint"",""coordinates"":[]}"
11_9_5,4.416116298522967,15,10.0,1996,"{""type"":""MultiPoint"",""coordinates"":[]}"
11_9_6,9.254688033935548,18,10.0,1996,"{""type"":""MultiPoint"",""coordinates"":[]}"
11_9_7,8.553890358215336,21,10.0,1996,"{""type"":""MultiPoint"",""coordinates"":[]}"
11_9_8,17.789135469421574,23,10.0,1996,"{""type"":""MultiPoint"",""coordinates"":[]}"
11_9_9,0.17879398547363282,24,10.0,1996,"{""type"":""MultiPoint"",""coordinates"":[]}"
11_9_10,0.7830753186035154,25,10.0,1996,"{""type"":""MultiPoint"",""coordinates"":[]}"
11_9_11,232.18775673522953,33,10.0,1996,"{""type"":""MultiPoint"",""coordinates"":[]}"
11_10_0,5432.272798564143,3,11.0,1996,"{""type"":""MultiPoint"",""coordinates"":[]}"
11_10_1,339.5965272981007,6,11.0,1996,"{""type"":""MultiPoint"",""coordinates"":[]}"
11_10_2,1.1236339674682634,11,11.0,1996,"{""type"":""MultiPoint"",""coordinates"":[]}"
11_10_3,80.25789985485628,12,11.0,1996,"{""type"":""MultiPoint"",""coordinates"":[]}"
11_10_4,117.68110210522337,13,11.0,1996,"{""type"":""MultiPoint"",""coordinates"":[]}"
11_10_5,167.77547595226983,15,11.0,1996,"{""type"":""MultiPoint"",""coordinates"":[]}"
11_10_6,0.10360551062011722,18,11.0,1996,"{""type"":""MultiPoint"",""coordinates"":[]}"
11_10_7,50.21168933264169,21,11.0,1996,"{""type"":""MultiPoint"",""coordinates"":[]}"
11_10_8,1.956079909667965,23,11.0,1996,"{""type"":""MultiPoint"",""coordinates"":[]}"
11_10_9,0.677073946960449,25,11.0,1996,"{""type"":""MultiPoint"",""coordinates"":[]}"
11_10_10,27.47455817724606,33,11.0,1996,"{""type"":""MultiPoint"",""coordinates"":[]}"
11_11_0,560.7075103214379,3,12.0,1996,"{""type"":""MultiPoint"",""coordinates"":[]}"
11_11_1,0.11170294812011711,11,12.0,1996,"{""type"":""MultiPoint"",""coordinates"":[]}"
11_11_2,24.775322972228974,13,12.0,1996,"{""type"":""MultiPoint"",""coordinates"":[]}"
11_11_3,0.0017873712158203124,15,12.0,1996,"{""type"":""MultiPoint"",""coordinates"":[]}"
11_11_4,0.4262846058959958,21,12.0,1996,"{""type"":""MultiPoint"",""coordinates"":[]}"
11_11_5,0.016979939697265623,23,12.0,1996,"{""type"":""MultiPoint"",""coordinates"":[]}"
11_11_6,0.050939139404296896,25,12.0,1996,"{""type"":""MultiPoint"",""coordinates"":[]}"
11_11_7,0.24040239703369126,33,12.0,1996,"{""type"":""MultiPoint"",""coordinates"":[]}"
11_11_8,0.39053513989257826,68,12.0,1996,"{""type"":""MultiPoint"",""coordinates"":[]}"
11_12_0,0.7205226212768563,11,13.0,1996,"{""type"":""MultiPoint"",""coordinates"":[]}"
11_12_1,0.32953429260253825,12,13.0,1996,"{""type"":""MultiPoint"",""coordinates"":[]}"
11_12_2,0.07125068902587893,33,13.0,1996,"{""type"":""MultiPoint"",""coordinates"":[]}"
11_13_0,907.9776006983226,3,14.0,1996,"{""type"":""MultiPoint"",""coordinates"":[]}"
11_13_1,603.3615462668351,13,14.0,1996,"{""type"":""MultiPoint"",""coordinates"":[]}"
11_13_2,4.932783014343268,15,14.0,1996,"{""type"":""MultiPoint"",""coordinates"":[]}"
11_13_3,0.03211074499511718,18,14.0,1996,"{""type"":""MultiPoint"",""coordinates"":[]}"
11_13_4,13.615067303283604,21,14.0,1996,"{""type"":""MultiPoint"",""coordinates"":[]}"
11_13_5,0.025868001953124997,23,14.0,1996,"{""type"":""MultiPoint"",""coordinates"":[]}"
11_13_6,0.015163845153808593,25,14.0,1996,"{""type"":""MultiPoint"",""coordinates"":[]}"
11_13_7,6.980379985717782,33,14.0,1996,"{""type"":""MultiPoint"",""coordinates"":[]}"
11_13_8,2.3593225024414046,68,14.0,1996,"{""type"":""MultiPoint"",""coordinates"":[]}"
11_14_0,758.8819335021641,3,15.0,1996,"{""type"":""MultiPoint"",""coordinates"":[]}"
11_14_1,0.229683605102539,15,15.0,1996,"{""type"":""MultiPoint"",""coordinates"":[]}"
11_14_2,4.601755855163573,21,15.0,1996,"{""type"":""MultiPoint"",""coordinates"":[]}"
11_14_3,0.13495561914062498,23,15.0,1996,"{""type"":""MultiPoint"",""coordinates"":[]}"
11_14_4,0.2734804283447265,25,15.0,1996,"{""type"":""MultiPoint"",""coordinates"":[]}"
11_14_5,0.06166767864990236,33,15.0,1996,"{""type"":""MultiPoint"",""coordinates"":[]}"
11_15_0,2819.9491585156866,3,16.0,1996,"{""type"":""MultiPoint"",""coordinates"":[]}"
11_15_1,4.883276992797839,6,16.0,1996,"{""type"":""MultiPoint"",""coordinates"":[]}"
11_15_2,24.957660141052134,13,16.0,1996,"{""type"":""MultiPoint"",""coordinates"":[]}"
11_15_3,18.927284684875517,15,16.0,1996,"{""type"":""MultiPoint"",""coordinates"":[]}"
11_15_4,5.946174347167965,21,16.0,1996,"{""type"":""MultiPoint"",""coordinates"":[]}"
11_15_5,1.6911143591308595,23,16.0,1996,"{""type"":""MultiPoint"",""coordinates"":[]}"
11_15_6,0.03393409222412109,25,16.0,1996,"{""type"":""MultiPoint"",""coordinates"":[]}"
11_15_7,5.364729977294925,33,16.0,1996,"{""type"":""MultiPoint"",""coordinates"":[]}"
11_16_0,0.27528979632568423,3,17.0,1996,"{""type"":""MultiPoint"",""coordinates"":[]}"
11_16_1,0.0053627518310546875,21,17.0,1996,"{""type"":""MultiPoint"",""coordinates"":[]}"
11_17_0,351.9524465605807,3,18.0,1996,"{""type"":""MultiPoint"",""coordinates"":[]}"
11_17_1,5.9318879331054095,13,18.0,1996,"{""type"":""MultiPoint"",""coordinates"":[]}"
11_17_2,3.9978654142456036,15,18.0,1996,"{""type"":""MultiPoint"",""coordinates"":[]}"
11_17_3,14.101983788330074,21,18.0,1996,"{""type"":""MultiPoint"",""coordinates"":[]}"
11_17_4,0.6318977471313466,23,18.0,1996,"{""type"":""MultiPoint"",""coordinates"":[]}"
11_17_5,0.3691293946533204,25,18.0,1996,"{""type"":""MultiPoint"",""coordinates"":[]}"
11_17_6,0.240424798156738,33,18.0,1996,"{""type"":""MultiPoint"",""coordinates"":[]}"
11_17_7,0.6310034000244141,68,18.0,1996,"{""type"":""MultiPoint"",""coordinates"":[]}"
11_18_0,314.1373419072443,3,19.0,1996,"{""type"":""MultiPoint"",""coordinates"":[]}"
11_18_1,21.725813011535816,11,19.0,1996,"{""type"":""MultiPoint"",""coordinates"":[]}"
11_18_2,52.646252541258946,13,19.0,1996,"{""type"":""MultiPoint"",""coordinates"":[]}"
11_18_3,0.4978425906982413,15,19.0,1996,"{""type"":""MultiPoint"",""coordinates"":[]}"
11_18_4,11.23513488934373,18,19.0,1996,"{""type"":""MultiPoint"",""coordinates"":[]}"
11_18_5,58.04811169018604,21,19.0,1996,"{""type"":""MultiPoint"",""coordinates"":[]}"
11_18_6,0.19306133807373047,24,19.0,1996,"{""type"":""MultiPoint"",""coordinates"":[]}"
11_18_7,0.034858191040039066,25,19.0,1996,"{""type"":""MultiPoint"",""coordinates"":[]}"
11_18_8,0.053631939392089836,27,19.0,1996,"{""type"":""MultiPoint"",""coordinates"":[]}"
11_18_9,41.52500795208889,33,19.0,1996,"{""type"":""MultiPoint"",""coordinates"":[]}"
11_19_0,134.70366169678272,3,20.0,1996,"{""type"":""MultiPoint"",""coordinates"":[]}"
11_19_1,18.673846028686864,6,20.0,1996,"{""type"":""MultiPoint"",""coordinates"":[]}"
11_19_2,0.31170732031250054,11,20.0,1996,"{""type"":""MultiPoint"",""coordinates"":[]}"
11_19_3,70.69787147613268,13,20.0,1996,"{""type"":""MultiPoint"",""coordinates"":[]}"
11_19_4,53.20006198937913,15,20.0,1996,"{""type"":""MultiPoint"",""coordinates"":[]}"
11_19_5,0.0017862874145507814,18,20.0,1996,"{""type"":""MultiPoint"",""coordinates"":[]}"
11_19_6,6.137624606384264,21,20.0,1996,"{""type"":""MultiPoint"",""coordinates"":[]}"
11_19_7,0.24025613806152332,25,20.0,1996,"{""type"":""MultiPoint"",""coordinates"":[]}"
11_19_8,0.35544805010986263,33,20.0,1996,"{""type"":""MultiPoint"",""coordinates"":[]}"
11_20_0,54.16126794085883,3,21.0,1996,"{""type"":""MultiPoint"",""coordinates"":[]}"
11_20_1,0.01518579559326172,6,21.0,1996,"{""type"":""MultiPoint"",""coordinates"":[]}"
11_20_2,16.601924416809005,15,21.0,1996,"{""type"":""MultiPoint"",""coordinates"":[]}"
11_20_3,0.008038958435058594,21,21.0,1996,"{""type"":""MultiPoint"",""coordinates"":[]}"
11_21_0,9929.706814181247,3,22.0,1996,"{""type"":""MultiPoint"",""coordinates"":[]}"
11_21_1,869.5388493321734,6,22.0,1996,"{""type"":""MultiPoint"",""coordinates"":[]}"
11_21_2,4.3524194869995005,11,22.0,1996,"{""type"":""MultiPoint"",""coordinates"":[]}"
11_21_3,19.409794372924793,13,22.0,1996,"{""type"":""MultiPoint"",""coordinates"":[]}"
11_21_4,32.74273392150868,18,22.0,1996,"{""type"":""MultiPoint"",""coordinates"":[]}"
11_21_5,2.372512610717774,21,22.0,1996,"{""type"":""MultiPoint"",""coordinates"":[]}"
11_21_6,0.16167069580078136,23,22.0,1996,"{""type"":""MultiPoint"",""coordinates"":[]}"
11_21_7,0.12772068975830075,24,22.0,1996,"{""type"":""MultiPoint"",""coordinates"":[]}"
11_21_8,1.287140080505371,25,22.0,1996,"{""type"":""MultiPoint"",""coordinates"":[]}"
11_21_9,22.775588702636657,29,22.0,1996,"{""type"":""MultiPoint"",""coordinates"":[]}"
11_21_10,0.030379584594726557,30,22.0,1996,"{""type"":""MultiPoint"",""coordinates"":[]}"
11_21_11,79.39909164697261,33,22.0,1996,"{""type"":""MultiPoint"",""coordinates"":[]}"
11_21_12,2.19376482458496,68,22.0,1996,"{""type"":""MultiPoint"",""coordinates"":[]}"
11_22_0,7944.817214214765,3,23.0,1996,"{""type"":""MultiPoint"",""coordinates"":[]}"
11_22_1,516.1695790140418,6,23.0,1996,"{""type"":""MultiPoint"",""coordinates"":[]}"
11_22_2,0.08399714038085938,11,23.0,1996,"{""type"":""MultiPoint"",""coordinates"":[]}"
11_22_3,210.3079180872165,13,23.0,1996,"{""type"":""MultiPoint"",""coordinates"":[]}"
11_22_4,41.7152113830567,15,23.0,1996,"{""type"":""MultiPoint"",""coordinates"":[]}"
11_22_5,5.643404057739266,18,23.0,1996,"{""type"":""MultiPoint"",""coordinates"":[]}"
11_22_6,12.271733707824712,21,23.0,1996,"{""type"":""MultiPoint"",""coordinates"":[]}"
11_22_7,0.1420428613281251,23,23.0,1996,"{""type"":""MultiPoint"",""coordinates"":[]}"
11_22_8,0.06433247747802741,24,23.0,1996,"{""type"":""MultiPoint"",""coordinates"":[]}"
11_22_9,0.06611561029052734,25,23.0,1996,"{""type"":""MultiPoint"",""coordinates"":[]}"
11_22_10,41.80351404730246,33,23.0,1996,"{""type"":""MultiPoint"",""coordinates"":[]}"
11_22_11,1.1964876594238294,68,23.0,1996,"{""type"":""MultiPoint"",""coordinates"":[]}"
11_23_0,105.1921542684325,3,25.0,1996,"{""type"":""MultiPoint"",""coordinates"":[]}"
11_23_1,0.37901406939697246,33,25.0,1996,"{""type"":""MultiPoint"",""coordinates"":[]}"
12_0_0,22.8309901208495,3,1.0,1997,"{""type"":""MultiPoint"",""coordinates"":[]}"
12_0_1,0.005361882141113281,23,1.0,1997,"{""type"":""MultiPoint"",""coordinates"":[]}"
12_0_2,0.0035745987548828125,25,1.0,1997,"{""type"":""MultiPoint"",""coordinates"":[]}"
12_1_0,8741.181859729599,3,2.0,1997,"{""type"":""MultiPoint"",""coordinates"":[]}"
12_1_1,933.8045031033187,6,2.0,1997,"{""type"":""MultiPoint"",""coordinates"":[]}"
12_1_2,5.792241706176763,11,2.0,1997,"{""type"":""MultiPoint"",""coordinates"":[]}"
12_1_3,1.9200457840576173,13,2.0,1997,"{""type"":""MultiPoint"",""coordinates"":[]}"
12_1_4,0.09113310028076166,18,2.0,1997,"{""type"":""MultiPoint"",""coordinates"":[]}"
12_1_5,0.04914097131347655,21,2.0,1997,"{""type"":""MultiPoint"",""coordinates"":[]}"
12_1_6,0.4556161129760743,24,2.0,1997,"{""type"":""MultiPoint"",""coordinates"":[]}"
12_1_7,0.008040797302246093,25,2.0,1997,"{""type"":""MultiPoint"",""coordinates"":[]}"
12_1_8,25.863587442504837,33,2.0,1997,"{""type"":""MultiPoint"",""coordinates"":[]}"
12_2_0,9453.102646581357,3,3.0,1997,"{""type"":""MultiPoint"",""coordinates"":[]}"
12_2_1,794.3393065402175,6,3.0,1997,"{""type"":""MultiPoint"",""coordinates"":[]}"
12_2_2,59.169233194518895,11,3.0,1997,"{""type"":""MultiPoint"",""coordinates"":[]}"
12_2_3,1.94331374133301,13,3.0,1997,"{""type"":""MultiPoint"",""coordinates"":[]}"
12_2_4,15.14177039978027,18,3.0,1997,"{""type"":""MultiPoint"",""coordinates"":[]}"
12_2_5,1.11110508190918,21,3.0,1997,"{""type"":""MultiPoint"",""coordinates"":[]}"
12_2_6,0.32804658374023454,23,3.0,1997,"{""type"":""MultiPoint"",""coordinates"":[]}"
12_2_7,0.034861592895507804,25,3.0,1997,"{""type"":""MultiPoint"",""coordinates"":[]}"
12_2_8,219.00103688855165,33,3.0,1997,"{""type"":""MultiPoint"",""coordinates"":[]}"
12_2_9,2.433090298339846,68,3.0,1997,"{""type"":""MultiPoint"",""coordinates"":[]}"
12_3_0,4822.949965866935,3,4.0,1997,"{""type"":""MultiPoint"",""coordinates"":[]}"
12_3_1,559.1505748218377,6,4.0,1997,"{""type"":""MultiPoint"",""coordinates"":[]}"
12_3_2,96.53942066754121,11,4.0,1997,"{""type"":""MultiPoint"",""coordinates"":[]}"
12_3_3,1.1171002869262687,13,4.0,1997,"{""type"":""MultiPoint"",""coordinates"":[]}"
12_3_4,2.1709923632812513,18,4.0,1997,"{""type"":""MultiPoint"",""coordinates"":[]}"
12_3_5,0.008043791076660157,21,4.0,1997,"{""type"":""MultiPoint"",""coordinates"":[]}"
12_3_6,0.22343408081054675,23,4.0,1997,"{""type"":""MultiPoint"",""coordinates"":[]}"
12_3_7,0.07150084307861333,24,4.0,1997,"{""type"":""MultiPoint"",""coordinates"":[]}"
12_3_8,112.4680110621945,33,4.0,1997,"{""type"":""MultiPoint"",""coordinates"":[]}"
12_4_0,1930.252805976837,3,5.0,1997,"{""type"":""MultiPoint"",""coordinates"":[]}"
12_4_1,63.088143091308964,6,5.0,1997,"{""type"":""MultiPoint"",""coordinates"":[]}"
12_4_2,0.0098242138671875,11,5.0,1997,"{""type"":""MultiPoint"",""coordinates"":[]}"
12_4_3,0.05091659051513675,12,5.0,1997,"{""type"":""MultiPoint"",""coordinates"":[]}"
12_4_4,62.05733750286871,15,5.0,1997,"{""type"":""MultiPoint"",""coordinates"":[]}"
12_4_5,0.14558350079345697,18,5.0,1997,"{""type"":""MultiPoint"",""coordinates"":[]}"
12_4_6,13.740716146484317,21,5.0,1997,"{""type"":""MultiPoint"",""coordinates"":[]}"
12_4_7,5.611327644653301,23,5.0,1997,"{""type"":""MultiPoint"",""coordinates"":[]}"
12_4_8,0.17864780169677746,25,5.0,1997,"{""type"":""MultiPoint"",""coordinates"":[]}"
12_4_9,14.445384425048832,33,5.0,1997,"{""type"":""MultiPoint"",""coordinates"":[]}"
12_5_0,2539.127367960739,3,6.0,1997,"{""type"":""MultiPoint"",""coordinates"":[]}"
12_5_1,124.59177730511519,6,6.0,1997,"{""type"":""MultiPoint"",""coordinates"":[]}"
12_5_2,2.452418675354003,11,6.0,1997,"{""type"":""MultiPoint"",""coordinates"":[]}"
12_5_3,0.18207113781738293,13,6.0,1997,"{""type"":""MultiPoint"",""coordinates"":[]}"
12_5_4,9.81045191754148,18,6.0,1997,"{""type"":""MultiPoint"",""coordinates"":[]}"
12_5_5,0.027671836975097657,21,6.0,1997,"{""type"":""MultiPoint"",""coordinates"":[]}"
12_5_6,0.047287679321289064,25,6.0,1997,"{""type"":""MultiPoint"",""coordinates"":[]}"
12_5_7,5.117228101867665,33,6.0,1997,"{""type"":""MultiPoint"",""coordinates"":[]}"
12_6_0,935.8217596856477,3,7.0,1997,"{""type"":""MultiPoint"",""coordinates"":[]}"
12_6_1,0.009831535095214844,15,7.0,1997,"{""type"":""MultiPoint"",""coordinates"":[]}"
12_6_2,2.1021840510864274,21,7.0,1997,"{""type"":""MultiPoint"",""coordinates"":[]}"
12_6_3,0.22254530517578147,23,7.0,1997,"{""type"":""MultiPoint"",""coordinates"":[]}"
12_6_4,0.306563034729004,25,7.0,1997,"{""type"":""MultiPoint"",""coordinates"":[]}"
12_6_5,3.0701108413696314,33,7.0,1997,"{""type"":""MultiPoint"",""coordinates"":[]}"
12_7_0,3917.4614670797514,3,8.0,1997,"{""type"":""MultiPoint"",""coordinates"":[]}"
12_7_1,397.032764700543,6,8.0,1997,"{""type"":""MultiPoint"",""coordinates"":[]}"
12_7_2,33.037716636970465,11,8.0,1997,"{""type"":""MultiPoint"",""coordinates"":[]}"
12_7_3,0.5274452347412105,13,8.0,1997,"{""type"":""MultiPoint"",""coordinates"":[]}"
12_7_4,37.992647794677715,15,8.0,1997,"{""type"":""MultiPoint"",""coordinates"":[]}"
12_7_5,0.04291063671875002,18,8.0,1997,"{""type"":""MultiPoint"",""coordinates"":[]}"
12_7_6,6.174663732421864,21,8.0,1997,"{""type"":""MultiPoint"",""coordinates"":[]}"
12_7_7,0.0598952996826172,25,8.0,1997,"{""type"":""MultiPoint"",""coordinates"":[]}"
12_7_8,16.955924669067464,33,8.0,1997,"{""type"":""MultiPoint"",""coordinates"":[]}"
12_8_0,15.886442342773666,3,9.0,1997,"{""type"":""MultiPoint"",""coordinates"":[]}"
12_8_1,0.025910809143066406,11,9.0,1997,"{""type"":""MultiPoint"",""coordinates"":[]}"
12_8_2,14.297839570495633,13,9.0,1997,"{""type"":""MultiPoint"",""coordinates"":[]}"
12_8_3,8.934894409179687E-4,15,9.0,1997,"{""type"":""MultiPoint"",""coordinates"":[]}"
12_8_4,0.027698773864746094,25,9.0,1997,"{""type"":""MultiPoint"",""coordinates"":[]}"
12_8_5,0.21890927801513654,33,9.0,1997,"{""type"":""MultiPoint"",""coordinates"":[]}"
12_9_0,38428.92670116835,3,10.0,1997,"{""type"":""MultiPoint"",""coordinates"":[]}"
12_9_1,2648.5426532561946,6,10.0,1997,"{""type"":""MultiPoint"",""coordinates"":[]}"
12_9_2,8.457645184753437,11,10.0,1997,"{""type"":""MultiPoint"",""coordinates"":[]}"
12_9_3,31.92609523712225,12,10.0,1997,"{""type"":""MultiPoint"",""coordinates"":[]}"
12_9_4,1310.3380148817018,13,10.0,1997,"{""type"":""MultiPoint"",""coordinates"":[]}"
12_9_5,3.8620958489379924,15,10.0,1997,"{""type"":""MultiPoint"",""coordinates"":[]}"
12_9_6,6.516124136718737,18,10.0,1997,"{""type"":""MultiPoint"",""coordinates"":[]}"
12_9_7,6.988947983642583,21,10.0,1997,"{""type"":""MultiPoint"",""coordinates"":[]}"
12_9_8,14.042800470032008,23,10.0,1997,"{""type"":""MultiPoint"",""coordinates"":[]}"
12_9_9,0.18058192333984374,24,10.0,1997,"{""type"":""MultiPoint"",""coordinates"":[]}"
12_9_10,0.5667580249023437,25,10.0,1997,"{""type"":""MultiPoint"",""coordinates"":[]}"
12_9_11,234.20267419281012,33,10.0,1997,"{""type"":""MultiPoint"",""coordinates"":[]}"
12_10_0,5403.18742556518,3,11.0,1997,"{""type"":""MultiPoint"",""coordinates"":[]}"
12_10_1,339.5303839130324,6,11.0,1997,"{""type"":""MultiPoint"",""coordinates"":[]}"
12_10_2,1.1281027531738297,11,11.0,1997,"{""type"":""MultiPoint"",""coordinates"":[]}"
12_10_3,86.78728116387747,12,11.0,1997,"{""type"":""MultiPoint"",""coordinates"":[]}"
12_10_4,117.85528443847667,13,11.0,1997,"{""type"":""MultiPoint"",""coordinates"":[]}"
12_10_5,177.19184870605335,15,11.0,1997,"{""type"":""MultiPoint"",""coordinates"":[]}"
12_10_6,0.0017857643432617188,18,11.0,1997,"{""type"":""MultiPoint"",""coordinates"":[]}"
12_10_7,58.00849395190429,21,11.0,1997,"{""type"":""MultiPoint"",""coordinates"":[]}"
12_10_8,3.0438120961914032,23,11.0,1997,"{""type"":""MultiPoint"",""coordinates"":[]}"
12_10_9,2.3598248226318326,25,11.0,1997,"{""type"":""MultiPoint"",""coordinates"":[]}"
12_10_10,30.036201444579955,33,11.0,1997,"{""type"":""MultiPoint"",""coordinates"":[]}"
12_11_0,560.5850760104627,3,12.0,1997,"{""type"":""MultiPoint"",""coordinates"":[]}"
12_11_1,0.11170294812011711,11,12.0,1997,"{""type"":""MultiPoint"",""coordinates"":[]}"
12_11_2,24.775322972228977,13,12.0,1997,"{""type"":""MultiPoint"",""coordinates"":[]}"
12_11_3,0.0017873712158203124,15,12.0,1997,"{""type"":""MultiPoint"",""coordinates"":[]}"
12_11_4,0.5254828499145504,21,12.0,1997,"{""type"":""MultiPoint"",""coordinates"":[]}"
12_11_5,0.03396010675048829,23,12.0,1997,"{""type"":""MultiPoint"",""coordinates"":[]}"
12_11_6,0.05093913940429689,25,12.0,1997,"{""type"":""MultiPoint"",""coordinates"":[]}"
12_11_7,0.25559522717285144,33,12.0,1997,"{""type"":""MultiPoint"",""coordinates"":[]}"
12_11_8,0.3815982096557618,68,12.0,1997,"{""type"":""MultiPoint"",""coordinates"":[]}"
12_12_0,0.9031022609863374,11,13.0,1997,"{""type"":""MultiPoint"",""coordinates"":[]}"
12_12_1,0.14072022161865239,12,13.0,1997,"{""type"":""MultiPoint"",""coordinates"":[]}"
12_12_2,0.07748512030029293,33,13.0,1997,"{""type"":""MultiPoint"",""coordinates"":[]}"
12_13_0,910.9362185897311,3,14.0,1997,"{""type"":""MultiPoint"",""coordinates"":[]}"
12_13_1,602.3490960403352,13,14.0,1997,"{""type"":""MultiPoint"",""coordinates"":[]}"
12_13_2,4.285210223937992,15,14.0,1997,"{""type"":""MultiPoint"",""coordinates"":[]}"
12_13_3,1.0676898878173886,18,14.0,1997,"{""type"":""MultiPoint"",""coordinates"":[]}"
12_13_4,13.098786781738237,21,14.0,1997,"{""type"":""MultiPoint"",""coordinates"":[]}"
12_13_5,0.05441674224853517,23,14.0,1997,"{""type"":""MultiPoint"",""coordinates"":[]}"
12_13_6,0.015163845153808593,25,14.0,1997,"{""type"":""MultiPoint"",""coordinates"":[]}"
12_13_7,6.907246793701162,33,14.0,1997,"{""type"":""MultiPoint"",""coordinates"":[]}"
12_13_8,0.5860134583740226,68,14.0,1997,"{""type"":""MultiPoint"",""coordinates"":[]}"
12_14_0,758.7005331898029,3,15.0,1997,"{""type"":""MultiPoint"",""coordinates"":[]}"
12_14_1,0.2386214223022461,15,15.0,1997,"{""type"":""MultiPoint"",""coordinates"":[]}"
12_14_2,4.456952372375493,21,15.0,1997,"{""type"":""MultiPoint"",""coordinates"":[]}"
12_14_3,0.5201471721191404,23,15.0,1997,"{""type"":""MultiPoint"",""coordinates"":[]}"
12_14_4,0.18678661260986343,25,15.0,1997,"{""type"":""MultiPoint"",""coordinates"":[]}"
12_14_5,0.08043591937255862,33,15.0,1997,"{""type"":""MultiPoint"",""coordinates"":[]}"
12_15_0,2810.7237158501403,3,16.0,1997,"{""type"":""MultiPoint"",""coordinates"":[]}"
12_15_1,4.90917209246825,6,16.0,1997,"{""type"":""MultiPoint"",""coordinates"":[]}"
12_15_2,24.838015401489148,13,16.0,1997,"{""type"":""MultiPoint"",""coordinates"":[]}"
12_15_3,22.776335695861672,15,16.0,1997,"{""type"":""MultiPoint"",""coordinates"":[]}"
12_15_4,7.099121400329576,21,16.0,1997,"{""type"":""MultiPoint"",""coordinates"":[]}"
12_15_5,5.410064776977542,23,16.0,1997,"{""type"":""MultiPoint"",""coordinates"":[]}"
12_15_6,0.16789142968750007,25,16.0,1997,"{""type"":""MultiPoint"",""coordinates"":[]}"
12_15_7,5.829016463256839,33,16.0,1997,"{""type"":""MultiPoint"",""coordinates"":[]}"
12_16_0,0.27528979632568423,3,17.0,1997,"{""type"":""MultiPoint"",""coordinates"":[]}"
12_16_1,0.0053627518310546875,21,17.0,1997,"{""type"":""MultiPoint"",""coordinates"":[]}"
12_17_0,351.86843178085655,3,18.0,1997,"{""type"":""MultiPoint"",""coordinates"":[]}"
12_17_1,5.9318879331054095,13,18.0,1997,"{""type"":""MultiPoint"",""coordinates"":[]}"
12_17_2,3.972839775390625,15,18.0,1997,"{""type"":""MultiPoint"",""coordinates"":[]}"
12_17_3,14.182423340515118,21,18.0,1997,"{""type"":""MultiPoint"",""coordinates"":[]}"
12_17_4,0.6631797786254874,23,18.0,1997,"{""type"":""MultiPoint"",""coordinates"":[]}"
12_17_5,0.34142247430419914,25,18.0,1997,"{""type"":""MultiPoint"",""coordinates"":[]}"
12_17_6,0.2931574654541014,33,18.0,1997,"{""type"":""MultiPoint"",""coordinates"":[]}"
12_17_7,0.6032964879760737,68,18.0,1997,"{""type"":""MultiPoint"",""coordinates"":[]}"
12_18_0,314.3992324007127,3,19.0,1997,"{""type"":""MultiPoint"",""coordinates"":[]}"
12_18_1,21.73296374548356,11,19.0,1997,"{""type"":""MultiPoint"",""coordinates"":[]}"
12_18_2,52.69898677343667,13,19.0,1997,"{""type"":""MultiPoint"",""coordinates"":[]}"
12_18_3,0.4978425906982413,15,19.0,1997,"{""type"":""MultiPoint"",""coordinates"":[]}"
12_18_4,10.919620975098049,18,19.0,1997,"{""type"":""MultiPoint"",""coordinates"":[]}"
12_18_5,58.05257590557932,21,19.0,1997,"{""type"":""MultiPoint"",""coordinates"":[]}"
12_18_6,0.20021174389648436,24,19.0,1997,"{""type"":""MultiPoint"",""coordinates"":[]}"
12_18_7,0.03307058697509765,25,19.0,1997,"{""type"":""MultiPoint"",""coordinates"":[]}"
12_18_8,0.053631939392089836,27,19.0,1997,"{""type"":""MultiPoint"",""coordinates"":[]}"
12_18_9,41.50891938958889,33,19.0,1997,"{""type"":""MultiPoint"",""coordinates"":[]}"
12_19_0,130.6407633603589,3,20.0,1997,"{""type"":""MultiPoint"",""coordinates"":[]}"
12_19_1,19.19007192926051,6,20.0,1997,"{""type"":""MultiPoint"",""coordinates"":[]}"
12_19_2,0.39208985278320363,11,20.0,1997,"{""type"":""MultiPoint"",""coordinates"":[]}"
12_19_3,74.18203965136401,13,20.0,1997,"{""type"":""MultiPoint"",""coordinates"":[]}"
12_19_4,54.3075425577391,15,20.0,1997,"{""type"":""MultiPoint"",""coordinates"":[]}"
12_19_5,0.008931320556640624,18,20.0,1997,"{""type"":""MultiPoint"",""coordinates"":[]}"
12_19_6,5.037285529724117,21,20.0,1997,"{""type"":""MultiPoint"",""coordinates"":[]}"
12_19_7,0.013396324035644532,23,20.0,1997,"{""type"":""MultiPoint"",""coordinates"":[]}"
12_19_8,0.05894676287841797,25,20.0,1997,"{""type"":""MultiPoint"",""coordinates"":[]}"
12_19_9,0.4911963045654291,33,20.0,1997,"{""type"":""MultiPoint"",""coordinates"":[]}"
12_20_0,53.136721399903706,3,21.0,1997,"{""type"":""MultiPoint"",""coordinates"":[]}"
12_20_1,0.014292513427734375,6,21.0,1997,"{""type"":""MultiPoint"",""coordinates"":[]}"
12_20_2,17.585381365295262,15,21.0,1997,"{""type"":""MultiPoint"",""coordinates"":[]}"
12_20_3,0.050021833068847645,21,21.0,1997,"{""type"":""MultiPoint"",""coordinates"":[]}"
12_21_0,9918.703576584403,3,22.0,1997,"{""type"":""MultiPoint"",""coordinates"":[]}"
12_21_1,879.7844018817946,6,22.0,1997,"{""type"":""MultiPoint"",""coordinates"":[]}"
12_21_2,4.4604481771850475,11,22.0,1997,"{""type"":""MultiPoint"",""coordinates"":[]}"
12_21_3,19.32564794171145,13,22.0,1997,"{""type"":""MultiPoint"",""coordinates"":[]}"
12_21_4,32.22643659167475,18,22.0,1997,"{""type"":""MultiPoint"",""coordinates"":[]}"
12_21_5,2.548496479125977,21,22.0,1997,"{""type"":""MultiPoint"",""coordinates"":[]}"
12_21_6,0.1777545809936522,23,22.0,1997,"{""type"":""MultiPoint"",""coordinates"":[]}"
12_21_7,0.14379392388916012,24,22.0,1997,"{""type"":""MultiPoint"",""coordinates"":[]}"
12_21_8,1.3845541242065431,25,22.0,1997,"{""type"":""MultiPoint"",""coordinates"":[]}"
12_21_9,22.92477922772209,29,22.0,1997,"{""type"":""MultiPoint"",""coordinates"":[]}"
12_21_10,0.028592454895019527,30,22.0,1997,"{""type"":""MultiPoint"",""coordinates"":[]}"
12_21_11,79.83174189605703,33,22.0,1997,"{""type"":""MultiPoint"",""coordinates"":[]}"
12_21_12,2.5582562667236286,68,22.0,1997,"{""type"":""MultiPoint"",""coordinates"":[]}"
12_22_0,7942.580030806642,3,23.0,1997,"{""type"":""MultiPoint"",""coordinates"":[]}"
12_22_1,520.8795316727321,6,23.0,1997,"{""type"":""MultiPoint"",""coordinates"":[]}"
12_22_2,0.08310351971435548,11,23.0,1997,"{""type"":""MultiPoint"",""coordinates"":[]}"
12_22_3,208.73454186931957,13,23.0,1997,"{""type"":""MultiPoint"",""coordinates"":[]}"
12_22_4,43.06763337689252,15,23.0,1997,"{""type"":""MultiPoint"",""coordinates"":[]}"
12_22_5,5.998952305114763,18,23.0,1997,"{""type"":""MultiPoint"",""coordinates"":[]}"
12_22_6,10.25199493072509,21,23.0,1997,"{""type"":""MultiPoint"",""coordinates"":[]}"
12_22_7,0.08040441473388683,23,23.0,1997,"{""type"":""MultiPoint"",""coordinates"":[]}"
12_22_8,0.09649872656250011,24,23.0,1997,"{""type"":""MultiPoint"",""coordinates"":[]}"
12_22_9,0.15991017675781244,25,23.0,1997,"{""type"":""MultiPoint"",""coordinates"":[]}"
12_22_10,41.049699729492396,33,23.0,1997,"{""type"":""MultiPoint"",""coordinates"":[]}"
12_22_11,1.2992487322998056,68,23.0,1997,"{""type"":""MultiPoint"",""coordinates"":[]}"
12_23_0,105.21807707489,3,25.0,1997,"{""type"":""MultiPoint"",""coordinates"":[]}"
12_23_1,0.3530912629394529,33,25.0,1997,"{""type"":""MultiPoint"",""coordinates"":[]}"
13_0_0,22.832777432739146,3,1.0,1998,"{""type"":""MultiPoint"",""coordinates"":[]}"
13_0_1,0.005361882141113281,23,1.0,1998,"{""type"":""MultiPoint"",""coordinates"":[]}"
13_0_2,0.001787286865234375,25,1.0,1998,"{""type"":""MultiPoint"",""coordinates"":[]}"
13_1_0,8817.642447194503,3,2.0,1998,"{""type"":""MultiPoint"",""coordinates"":[]}"
13_1_1,857.2920676967308,6,2.0,1998,"{""type"":""MultiPoint"",""coordinates"":[]}"
13_1_2,5.836945084228522,11,2.0,1998,"{""type"":""MultiPoint"",""coordinates"":[]}"
13_1_3,1.9316514284667976,13,2.0,1998,"{""type"":""MultiPoint"",""coordinates"":[]}"
13_1_4,0.09202835723876951,18,2.0,1998,"{""type"":""MultiPoint"",""coordinates"":[]}"
13_1_5,0.04467481768798827,21,2.0,1998,"{""type"":""MultiPoint"",""coordinates"":[]}"
13_1_6,0.4145215771484374,24,2.0,1998,"{""type"":""MultiPoint"",""coordinates"":[]}"
13_1_7,25.91183259149165,33,2.0,1998,"{""type"":""MultiPoint"",""coordinates"":[]}"
13_2_0,9435.583090520651,3,3.0,1998,"{""type"":""MultiPoint"",""coordinates"":[]}"
13_2_1,812.4639975788493,6,3.0,1998,"{""type"":""MultiPoint"",""coordinates"":[]}"
13_2_2,58.259241715148725,11,3.0,1998,"{""type"":""MultiPoint"",""coordinates"":[]}"
13_2_3,4.824246179199216,13,3.0,1998,"{""type"":""MultiPoint"",""coordinates"":[]}"
13_2_4,15.998146160766572,18,3.0,1998,"{""type"":""MultiPoint"",""coordinates"":[]}"
13_2_5,1.12184491003418,21,3.0,1998,"{""type"":""MultiPoint"",""coordinates"":[]}"
13_2_6,0.11084340698242187,23,3.0,1998,"{""type"":""MultiPoint"",""coordinates"":[]}"
13_2_7,0.07240877105712888,25,3.0,1998,"{""type"":""MultiPoint"",""coordinates"":[]}"
13_2_8,218.17059165997466,33,3.0,1998,"{""type"":""MultiPoint"",""coordinates"":[]}"
13_3_0,4851.433345767834,3,4.0,1998,"{""type"":""MultiPoint"",""coordinates"":[]}"
13_3_1,529.5463942595059,6,4.0,1998,"{""type"":""MultiPoint"",""coordinates"":[]}"
13_3_2,97.28131909307861,11,4.0,1998,"{""type"":""MultiPoint"",""coordinates"":[]}"
13_3_3,1.8213200930786126,13,4.0,1998,"{""type"":""MultiPoint"",""coordinates"":[]}"
13_3_4,2.0923421457519535,18,4.0,1998,"{""type"":""MultiPoint"",""coordinates"":[]}"
13_3_5,0.009831141540527345,21,4.0,1998,"{""type"":""MultiPoint"",""coordinates"":[]}"
13_3_6,0.17517122949218739,23,4.0,1998,"{""type"":""MultiPoint"",""coordinates"":[]}"
13_3_7,0.07775716619873042,24,4.0,1998,"{""type"":""MultiPoint"",""coordinates"":[]}"
13_3_8,112.26156288720665,33,4.0,1998,"{""type"":""MultiPoint"",""coordinates"":[]}"
13_4_0,1905.5961811332543,3,5.0,1998,"{""type"":""MultiPoint"",""coordinates"":[]}"
13_4_1,61.91012448181138,6,5.0,1998,"{""type"":""MultiPoint"",""coordinates"":[]}"
13_4_2,0.024113999023437502,11,5.0,1998,"{""type"":""MultiPoint"",""coordinates"":[]}"
13_4_3,0.030371311950683596,12,5.0,1998,"{""type"":""MultiPoint"",""coordinates"":[]}"
13_4_4,8.93277587890625E-4,13,5.0,1998,"{""type"":""MultiPoint"",""coordinates"":[]}"
13_4_5,84.85278906951943,15,5.0,1998,"{""type"":""MultiPoint"",""coordinates"":[]}"
13_4_6,0.16791694970703122,18,5.0,1998,"{""type"":""MultiPoint"",""coordinates"":[]}"
13_4_7,13.519207543334959,21,5.0,1998,"{""type"":""MultiPoint"",""coordinates"":[]}"
13_4_8,5.306711472717258,23,5.0,1998,"{""type"":""MultiPoint"",""coordinates"":[]}"
13_4_9,0.28495405755615244,25,5.0,1998,"{""type"":""MultiPoint"",""coordinates"":[]}"
13_4_10,17.88742359753407,33,5.0,1998,"{""type"":""MultiPoint"",""coordinates"":[]}"
13_5_0,2562.8111223309643,3,6.0,1998,"{""type"":""MultiPoint"",""coordinates"":[]}"
13_5_1,100.57796204980426,6,6.0,1998,"{""type"":""MultiPoint"",""coordinates"":[]}"
13_5_2,2.2846484792480464,11,6.0,1998,"{""type"":""MultiPoint"",""coordinates"":[]}"
13_5_3,0.3926102672119148,13,6.0,1998,"{""type"":""MultiPoint"",""coordinates"":[]}"
13_5_4,9.92911698870845,18,6.0,1998,"{""type"":""MultiPoint"",""coordinates"":[]}"
13_5_5,0.022316425415039063,21,6.0,1998,"{""type"":""MultiPoint"",""coordinates"":[]}"
13_5_6,0.04996490069580077,25,6.0,1998,"{""type"":""MultiPoint"",""coordinates"":[]}"
13_5_7,5.2885331730346605,33,6.0,1998,"{""type"":""MultiPoint"",""coordinates"":[]}"
13_6_0,936.1328057480853,3,7.0,1998,"{""type"":""MultiPoint"",""coordinates"":[]}"
13_6_1,0.0035752065429687503,15,7.0,1998,"{""type"":""MultiPoint"",""coordinates"":[]}"
13_6_2,1.6481372227783175,21,7.0,1998,"{""type"":""MultiPoint"",""coordinates"":[]}"
13_6_3,0.1948401776733399,23,7.0,1998,"{""type"":""MultiPoint"",""coordinates"":[]}"
13_6_4,0.24399840197753914,25,7.0,1998,"{""type"":""MultiPoint"",""coordinates"":[]}"
13_6_5,3.3096376960449234,33,7.0,1998,"{""type"":""MultiPoint"",""coordinates"":[]}"
13_7_0,3920.373165991876,3,8.0,1998,"{""type"":""MultiPoint"",""coordinates"":[]}"
13_7_1,392.18473189937214,6,8.0,1998,"{""type"":""MultiPoint"",""coordinates"":[]}"
13_7_2,33.243332221382126,11,8.0,1998,"{""type"":""MultiPoint"",""coordinates"":[]}"
13_7_3,0.49436815991210864,13,8.0,1998,"{""type"":""MultiPoint"",""coordinates"":[]}"
13_7_4,39.22005668695067,15,8.0,1998,"{""type"":""MultiPoint"",""coordinates"":[]}"
13_7_5,0.011621624816894532,18,8.0,1998,"{""type"":""MultiPoint"",""coordinates"":[]}"
13_7_6,5.4782588895874005,21,8.0,1998,"{""type"":""MultiPoint"",""coordinates"":[]}"
13_7_7,0.008939739196777343,23,8.0,1998,"{""type"":""MultiPoint"",""coordinates"":[]}"
13_7_8,0.17432416296386735,25,8.0,1998,"{""type"":""MultiPoint"",""coordinates"":[]}"
13_7_9,18.096636408325228,33,8.0,1998,"{""type"":""MultiPoint"",""coordinates"":[]}"
13_8_0,15.886442342773666,3,9.0,1998,"{""type"":""MultiPoint"",""coordinates"":[]}"
13_8_1,0.025910809143066406,11,9.0,1998,"{""type"":""MultiPoint"",""coordinates"":[]}"
13_8_2,14.297839570495633,13,9.0,1998,"{""type"":""MultiPoint"",""coordinates"":[]}"
13_8_3,8.934894409179687E-4,15,9.0,1998,"{""type"":""MultiPoint"",""coordinates"":[]}"
13_8_4,0.027698773864746094,25,9.0,1998,"{""type"":""MultiPoint"",""coordinates"":[]}"
13_8_5,0.21890927801513654,33,9.0,1998,"{""type"":""MultiPoint"",""coordinates"":[]}"
13_9_0,38520.74233121267,3,10.0,1998,"{""type"":""MultiPoint"",""coordinates"":[]}"
13_9_1,2597.607330463266,6,10.0,1998,"{""type"":""MultiPoint"",""coordinates"":[]}"
13_9_2,10.394868201721222,11,10.0,1998,"{""type"":""MultiPoint"",""coordinates"":[]}"
13_9_3,25.49507743615685,12,10.0,1998,"{""type"":""MultiPoint"",""coordinates"":[]}"
13_9_4,1267.442000602881,13,10.0,1998,"{""type"":""MultiPoint"",""coordinates"":[]}"
13_9_5,3.6825325309448287,15,10.0,1998,"{""type"":""MultiPoint"",""coordinates"":[]}"
13_9_6,6.5269403126220595,18,10.0,1998,"{""type"":""MultiPoint"",""coordinates"":[]}"
13_9_7,7.360686777160644,21,10.0,1998,"{""type"":""MultiPoint"",""coordinates"":[]}"
13_9_8,14.726407757568348,23,10.0,1998,"{""type"":""MultiPoint"",""coordinates"":[]}"
13_9_9,0.18058192333984374,24,10.0,1998,"{""type"":""MultiPoint"",""coordinates"":[]}"
13_9_10,0.08850047723388674,25,10.0,1998,"{""type"":""MultiPoint"",""coordinates"":[]}"
13_9_11,240.30383461236494,33,10.0,1998,"{""type"":""MultiPoint"",""coordinates"":[]}"
13_10_0,5379.674839728658,3,11.0,1998,"{""type"":""MultiPoint"",""coordinates"":[]}"
13_10_1,338.24422278442967,6,11.0,1998,"{""type"":""MultiPoint"",""coordinates"":[]}"
13_10_2,1.2263483452148451,11,11.0,1998,"{""type"":""MultiPoint"",""coordinates"":[]}"
13_10_3,83.66346164868241,12,11.0,1998,"{""type"":""MultiPoint"",""coordinates"":[]}"
13_10_4,121.20931866375815,13,11.0,1998,"{""type"":""MultiPoint"",""coordinates"":[]}"
13_10_5,208.62901360980118,15,11.0,1998,"{""type"":""MultiPoint"",""coordinates"":[]}"
13_10_6,0.05805945068359376,18,11.0,1998,"{""type"":""MultiPoint"",""coordinates"":[]}"
13_10_7,52.20554145703131,21,11.0,1998,"{""type"":""MultiPoint"",""coordinates"":[]}"
13_10_8,3.764631860717773,23,11.0,1998,"{""type"":""MultiPoint"",""coordinates"":[]}"
13_10_9,0.5027823604125975,25,11.0,1998,"{""type"":""MultiPoint"",""coordinates"":[]}"
13_10_10,29.95222471002185,33,11.0,1998,"{""type"":""MultiPoint"",""coordinates"":[]}"
13_11_0,560.5019630218766,3,12.0,1998,"{""type"":""MultiPoint"",""coordinates"":[]}"
13_11_1,0.11170294812011711,11,12.0,1998,"{""type"":""MultiPoint"",""coordinates"":[]}"
13_11_2,24.776216569396944,13,12.0,1998,"{""type"":""MultiPoint"",""coordinates"":[]}"
13_11_3,0.0017873712158203124,15,12.0,1998,"{""type"":""MultiPoint"",""coordinates"":[]}"
13_11_4,0.5791038668212888,21,12.0,1998,"{""type"":""MultiPoint"",""coordinates"":[]}"
13_11_5,0.01072408660888672,23,12.0,1998,"{""type"":""MultiPoint"",""coordinates"":[]}"
13_11_6,0.0509391169433594,25,12.0,1998,"{""type"":""MultiPoint"",""coordinates"":[]}"
13_11_7,0.2993863284912106,33,12.0,1998,"{""type"":""MultiPoint"",""coordinates"":[]}"
13_11_8,0.38964152545166025,68,12.0,1998,"{""type"":""MultiPoint"",""coordinates"":[]}"
13_12_0,0.933383826171886,11,13.0,1998,"{""type"":""MultiPoint"",""coordinates"":[]}"
13_12_1,0.1763455396728516,12,13.0,1998,"{""type"":""MultiPoint"",""coordinates"":[]}"
13_12_2,0.011578237060546875,33,13.0,1998,"{""type"":""MultiPoint"",""coordinates"":[]}"
13_13_0,908.0492863212402,3,14.0,1998,"{""type"":""MultiPoint"",""coordinates"":[]}"
13_13_1,604.9139529302295,13,14.0,1998,"{""type"":""MultiPoint"",""coordinates"":[]}"
13_13_2,4.394925585144051,15,14.0,1998,"{""type"":""MultiPoint"",""coordinates"":[]}"
13_13_3,1.026681748168947,18,14.0,1998,"{""type"":""MultiPoint"",""coordinates"":[]}"
13_13_4,13.36553071923823,21,14.0,1998,"{""type"":""MultiPoint"",""coordinates"":[]}"
13_13_5,0.06066004461669924,23,14.0,1998,"{""type"":""MultiPoint"",""coordinates"":[]}"
13_13_6,0.015163845153808593,25,14.0,1998,"{""type"":""MultiPoint"",""coordinates"":[]}"
13_13_7,6.875139498840332,33,14.0,1998,"{""type"":""MultiPoint"",""coordinates"":[]}"
13_13_8,0.5985016704101557,68,14.0,1998,"{""type"":""MultiPoint"",""coordinates"":[]}"
13_14_0,758.4413563456062,3,15.0,1998,"{""type"":""MultiPoint"",""coordinates"":[]}"
13_14_1,0.2287893564453125,15,15.0,1998,"{""type"":""MultiPoint"",""coordinates"":[]}"
13_14_2,4.942244123657236,21,15.0,1998,"{""type"":""MultiPoint"",""coordinates"":[]}"
13_14_3,0.3092271662597655,23,15.0,1998,"{""type"":""MultiPoint"",""coordinates"":[]}"
13_14_4,0.16623102154541022,25,15.0,1998,"{""type"":""MultiPoint"",""coordinates"":[]}"
13_14_5,0.09562867504882815,33,15.0,1998,"{""type"":""MultiPoint"",""coordinates"":[]}"
13_15_0,2801.4629138843934,3,16.0,1998,"{""type"":""MultiPoint"",""coordinates"":[]}"
13_15_1,4.885055361450184,6,16.0,1998,"{""type"":""MultiPoint"",""coordinates"":[]}"
13_15_2,24.65230006195062,13,16.0,1998,"{""type"":""MultiPoint"",""coordinates"":[]}"
13_15_3,31.100508834289215,15,16.0,1998,"{""type"":""MultiPoint"",""coordinates"":[]}"
13_15_4,7.317014441772451,21,16.0,1998,"{""type"":""MultiPoint"",""coordinates"":[]}"
13_15_5,5.926980952697759,23,16.0,1998,"{""type"":""MultiPoint"",""coordinates"":[]}"
13_15_6,0.0723346522216797,25,16.0,1998,"{""type"":""MultiPoint"",""coordinates"":[]}"
13_15_7,6.0486763721923875,33,16.0,1998,"{""type"":""MultiPoint"",""coordinates"":[]}"
13_15_8,0.28754854931640605,68,16.0,1998,"{""type"":""MultiPoint"",""coordinates"":[]}"
13_16_0,0.27528979632568423,3,17.0,1998,"{""type"":""MultiPoint"",""coordinates"":[]}"
13_16_1,0.0053627518310546875,21,17.0,1998,"{""type"":""MultiPoint"",""coordinates"":[]}"
13_17_0,350.02279048891575,3,18.0,1998,"{""type"":""MultiPoint"",""coordinates"":[]}"
13_17_1,5.9318879331054095,13,18.0,1998,"{""type"":""MultiPoint"",""coordinates"":[]}"
13_17_2,3.7011324340209835,15,18.0,1998,"{""type"":""MultiPoint"",""coordinates"":[]}"
13_17_3,0.0026813667602539064,18,18.0,1998,"{""type"":""MultiPoint"",""coordinates"":[]}"
13_17_4,16.306922406982334,21,18.0,1998,"{""type"":""MultiPoint"",""coordinates"":[]}"
13_17_5,0.6560295812988272,23,18.0,1998,"{""type"":""MultiPoint"",""coordinates"":[]}"
13_17_6,0.31907798645019525,25,18.0,1998,"{""type"":""MultiPoint"",""coordinates"":[]}"
13_17_7,0.33158988159179686,33,18.0,1998,"{""type"":""MultiPoint"",""coordinates"":[]}"
13_17_8,0.5845269570922839,68,18.0,1998,"{""type"":""MultiPoint"",""coordinates"":[]}"
13_18_0,312.00558928035065,3,19.0,1998,"{""type"":""MultiPoint"",""coordinates"":[]}"
13_18_1,21.734751456176916,11,19.0,1998,"{""type"":""MultiPoint"",""coordinates"":[]}"
13_18_2,52.23062490069498,13,19.0,1998,"{""type"":""MultiPoint"",""coordinates"":[]}"
13_18_3,0.4978425906982413,15,19.0,1998,"{""type"":""MultiPoint"",""coordinates"":[]}"
13_18_4,11.376355605896508,18,19.0,1998,"{""type"":""MultiPoint"",""coordinates"":[]}"
13_18_5,60.44443871545573,21,19.0,1998,"{""type"":""MultiPoint"",""coordinates"":[]}"
13_18_6,0.20736212524414058,24,19.0,1998,"{""type"":""MultiPoint"",""coordinates"":[]}"
13_18_7,0.014300904174804684,25,19.0,1998,"{""type"":""MultiPoint"",""coordinates"":[]}"
13_18_8,0.053631939392089836,27,19.0,1998,"{""type"":""MultiPoint"",""coordinates"":[]}"
13_18_9,41.53215853277738,33,19.0,1998,"{""type"":""MultiPoint"",""coordinates"":[]}"
13_19_0,129.82183426349195,3,20.0,1998,"{""type"":""MultiPoint"",""coordinates"":[]}"
13_19_1,18.637245490356655,6,20.0,1998,"{""type"":""MultiPoint"",""coordinates"":[]}"
13_19_2,0.40280754040527394,11,20.0,1998,"{""type"":""MultiPoint"",""coordinates"":[]}"
13_19_3,72.55650107421594,13,20.0,1998,"{""type"":""MultiPoint"",""coordinates"":[]}"
13_19_4,56.3866954015507,15,20.0,1998,"{""type"":""MultiPoint"",""coordinates"":[]}"
13_19_5,0.028580727233886716,18,20.0,1998,"{""type"":""MultiPoint"",""coordinates"":[]}"
13_19_6,5.486528106994636,21,20.0,1998,"{""type"":""MultiPoint"",""coordinates"":[]}"
13_19_7,0.1384274342651368,23,20.0,1998,"{""type"":""MultiPoint"",""coordinates"":[]}"
13_19_8,0.4751513217163077,25,20.0,1998,"{""type"":""MultiPoint"",""coordinates"":[]}"
13_19_9,0.38849223303222596,33,20.0,1998,"{""type"":""MultiPoint"",""coordinates"":[]}"
13_20_0,53.36540780371327,3,21.0,1998,"{""type"":""MultiPoint"",""coordinates"":[]}"
13_20_1,0.01786564044189453,6,21.0,1998,"{""type"":""MultiPoint"",""coordinates"":[]}"
13_20_2,17.3441894918212,15,21.0,1998,"{""type"":""MultiPoint"",""coordinates"":[]}"
13_20_3,0.05895417572021486,21,21.0,1998,"{""type"":""MultiPoint"",""coordinates"":[]}"
13_21_0,9909.089185027451,3,22.0,1998,"{""type"":""MultiPoint"",""coordinates"":[]}"
13_21_1,887.7427366549932,6,22.0,1998,"{""type"":""MultiPoint"",""coordinates"":[]}"
13_21_2,4.383669256347643,11,22.0,1998,"{""type"":""MultiPoint"",""coordinates"":[]}"
13_21_3,19.964921151672332,13,22.0,1998,"{""type"":""MultiPoint"",""coordinates"":[]}"
13_21_4,31.546050409057514,18,22.0,1998,"{""type"":""MultiPoint"",""coordinates"":[]}"
13_21_5,2.8540022120971695,21,22.0,1998,"{""type"":""MultiPoint"",""coordinates"":[]}"
13_21_6,0.13934924005126964,23,22.0,1998,"{""type"":""MultiPoint"",""coordinates"":[]}"
13_21_7,0.14647283026123045,24,22.0,1998,"{""type"":""MultiPoint"",""coordinates"":[]}"
13_21_8,1.4515888621826167,25,22.0,1998,"{""type"":""MultiPoint"",""coordinates"":[]}"
13_21_9,23.17309853527824,29,22.0,1998,"{""type"":""MultiPoint"",""coordinates"":[]}"
13_21_10,0.0366341669921875,30,22.0,1998,"{""type"":""MultiPoint"",""coordinates"":[]}"
13_21_11,80.80170979620348,33,22.0,1998,"{""type"":""MultiPoint"",""coordinates"":[]}"
13_21_12,2.769061987792966,68,22.0,1998,"{""type"":""MultiPoint"",""coordinates"":[]}"
13_22_0,7958.454427234415,3,23.0,1998,"{""type"":""MultiPoint"",""coordinates"":[]}"
13_22_1,503.19981229962144,6,23.0,1998,"{""type"":""MultiPoint"",""coordinates"":[]}"
13_22_2,0.08310351971435548,11,23.0,1998,"{""type"":""MultiPoint"",""coordinates"":[]}"
13_22_3,206.793032448299,13,23.0,1998,"{""type"":""MultiPoint"",""coordinates"":[]}"
13_22_4,44.45852291577145,15,23.0,1998,"{""type"":""MultiPoint"",""coordinates"":[]}"
13_22_5,6.018599313476568,18,23.0,1998,"{""type"":""MultiPoint"",""coordinates"":[]}"
13_22_6,10.106456980102534,21,23.0,1998,"{""type"":""MultiPoint"",""coordinates"":[]}"
13_22_7,0.13221765972900404,23,23.0,1998,"{""type"":""MultiPoint"",""coordinates"":[]}"
13_22_8,0.09292470013427748,24,23.0,1998,"{""type"":""MultiPoint"",""coordinates"":[]}"
13_22_9,0.5593668416748049,25,23.0,1998,"{""type"":""MultiPoint"",""coordinates"":[]}"
13_22_10,43.042759261963056,33,23.0,1998,"{""type"":""MultiPoint"",""coordinates"":[]}"
13_22_11,1.340327085998537,68,23.0,1998,"{""type"":""MultiPoint"",""coordinates"":[]}"
13_23_0,105.14388341058351,3,25.0,1998,"{""type"":""MultiPoint"",""coordinates"":[]}"
13_23_1,0.008939008728027343,18,25.0,1998,"{""type"":""MultiPoint"",""coordinates"":[]}"
13_23_2,0.005363403259277344,21,25.0,1998,"{""type"":""MultiPoint"",""coordinates"":[]}"
13_23_3,0.4129825152587888,33,25.0,1998,"{""type"":""MultiPoint"",""coordinates"":[]}"
14_0_0,22.73447627203359,3,1.0,1999,"{""type"":""MultiPoint"",""coordinates"":[]}"
14_0_1,0.10366304284667958,23,1.0,1999,"{""type"":""MultiPoint"",""coordinates"":[]}"
14_0_2,0.001787286865234375,25,1.0,1999,"{""type"":""MultiPoint"",""coordinates"":[]}"
14_1_0,8836.973906551862,3,2.0,1999,"{""type"":""MultiPoint"",""coordinates"":[]}"
14_1_1,837.5192666629348,6,2.0,1999,"{""type"":""MultiPoint"",""coordinates"":[]}"
14_1_2,5.791382155334478,11,2.0,1999,"{""type"":""MultiPoint"",""coordinates"":[]}"
14_1_3,2.3720964216918947,13,2.0,1999,"{""type"":""MultiPoint"",""coordinates"":[]}"
14_1_4,0.09024140246582031,18,2.0,1999,"{""type"":""MultiPoint"",""coordinates"":[]}"
14_1_5,0.06611822662353514,21,2.0,1999,"{""type"":""MultiPoint"",""coordinates"":[]}"
14_1_6,0.4261353408813479,24,2.0,1999,"{""type"":""MultiPoint"",""coordinates"":[]}"
14_1_7,25.927021985900836,33,2.0,1999,"{""type"":""MultiPoint"",""coordinates"":[]}"
14_2_0,9430.764357901622,3,3.0,1999,"{""type"":""MultiPoint"",""coordinates"":[]}"
14_2_1,812.9098143493511,6,3.0,1999,"{""type"":""MultiPoint"",""coordinates"":[]}"
14_2_2,58.23777139916966,11,3.0,1999,"{""type"":""MultiPoint"",""coordinates"":[]}"
14_2_3,5.702047917785643,13,3.0,1999,"{""type"":""MultiPoint"",""coordinates"":[]}"
14_2_4,17.145003272216773,18,3.0,1999,"{""type"":""MultiPoint"",""coordinates"":[]}"
14_2_5,1.9209937614135753,21,3.0,1999,"{""type"":""MultiPoint"",""coordinates"":[]}"
14_2_6,0.16089715759277343,23,3.0,1999,"{""type"":""MultiPoint"",""coordinates"":[]}"
14_2_7,0.09297092889404299,25,3.0,1999,"{""type"":""MultiPoint"",""coordinates"":[]}"
14_2_8,219.6705542146019,33,3.0,1999,"{""type"":""MultiPoint"",""coordinates"":[]}"
14_3_0,4831.246694394106,3,4.0,1999,"{""type"":""MultiPoint"",""coordinates"":[]}"
14_3_1,549.0930691974369,6,4.0,1999,"{""type"":""MultiPoint"",""coordinates"":[]}"
14_3_2,96.94530532293739,11,4.0,1999,"{""type"":""MultiPoint"",""coordinates"":[]}"
14_3_3,1.6265031401977543,13,4.0,1999,"{""type"":""MultiPoint"",""coordinates"":[]}"
14_3_4,2.225518997802735,18,4.0,1999,"{""type"":""MultiPoint"",""coordinates"":[]}"
14_3_5,0.010724444274902344,21,4.0,1999,"{""type"":""MultiPoint"",""coordinates"":[]}"
14_3_6,2.6196075440673843,23,4.0,1999,"{""type"":""MultiPoint"",""coordinates"":[]}"
14_3_7,0.07775716619873042,24,4.0,1999,"{""type"":""MultiPoint"",""coordinates"":[]}"
14_3_8,0.055416090454101515,25,4.0,1999,"{""type"":""MultiPoint"",""coordinates"":[]}"
14_3_9,109.93151991448958,33,4.0,1999,"{""type"":""MultiPoint"",""coordinates"":[]}"
14_3_10,0.8669275715942388,68,4.0,1999,"{""type"":""MultiPoint"",""coordinates"":[]}"
14_4_0,1893.4246024106237,3,5.0,1999,"{""type"":""MultiPoint"",""coordinates"":[]}"
14_4_1,62.075365427428956,6,5.0,1999,"{""type"":""MultiPoint"",""coordinates"":[]}"
14_4_2,0.02590022027587891,11,5.0,1999,"{""type"":""MultiPoint"",""coordinates"":[]}"
14_4_3,0.03841078027343751,12,5.0,1999,"{""type"":""MultiPoint"",""coordinates"":[]}"
14_4_4,95.46659664837706,15,5.0,1999,"{""type"":""MultiPoint"",""coordinates"":[]}"
14_4_5,0.18935384216308593,18,5.0,1999,"{""type"":""MultiPoint"",""coordinates"":[]}"
14_4_6,16.07455615588371,21,5.0,1999,"{""type"":""MultiPoint"",""coordinates"":[]}"
14_4_7,4.448542741332992,23,5.0,1999,"{""type"":""MultiPoint"",""coordinates"":[]}"
14_4_8,0.1214815663452149,25,5.0,1999,"{""type"":""MultiPoint"",""coordinates"":[]}"
14_4_9,17.715877101318256,33,5.0,1999,"{""type"":""MultiPoint"",""coordinates"":[]}"
14_5_0,2563.889817112688,3,6.0,1999,"{""type"":""MultiPoint"",""coordinates"":[]}"
14_5_1,99.4983819227892,6,6.0,1999,"{""type"":""MultiPoint"",""coordinates"":[]}"
14_5_2,2.255190365051268,11,6.0,1999,"{""type"":""MultiPoint"",""coordinates"":[]}"
14_5_3,0.10262908044433591,13,6.0,1999,"{""type"":""MultiPoint"",""coordinates"":[]}"
14_5_4,10.118225340148845,18,6.0,1999,"{""type"":""MultiPoint"",""coordinates"":[]}"
14_5_5,0.052666637878417966,21,6.0,1999,"{""type"":""MultiPoint"",""coordinates"":[]}"
14_5_6,0.05353596368408203,25,6.0,1999,"{""type"":""MultiPoint"",""coordinates"":[]}"
14_5_7,5.385828192260733,33,6.0,1999,"{""type"":""MultiPoint"",""coordinates"":[]}"
14_6_0,935.8879202905053,3,7.0,1999,"{""type"":""MultiPoint"",""coordinates"":[]}"
14_6_1,0.0035752065429687503,15,7.0,1999,"{""type"":""MultiPoint"",""coordinates"":[]}"
14_6_2,1.6704848649291946,21,7.0,1999,"{""type"":""MultiPoint"",""coordinates"":[]}"
14_6_3,0.23415850939941407,23,7.0,1999,"{""type"":""MultiPoint"",""coordinates"":[]}"
14_6_4,0.24846702935791024,25,7.0,1999,"{""type"":""MultiPoint"",""coordinates"":[]}"
14_6_5,3.488388552368166,33,7.0,1999,"{""type"":""MultiPoint"",""coordinates"":[]}"
14_7_0,3920.9990188196407,3,8.0,1999,"{""type"":""MultiPoint"",""coordinates"":[]}"
14_7_1,390.26532886789613,6,8.0,1999,"{""type"":""MultiPoint"",""coordinates"":[]}"
14_7_2,34.680844860481514,11,8.0,1999,"{""type"":""MultiPoint"",""coordinates"":[]}"
14_7_3,0.6534957048950305,13,8.0,1999,"{""type"":""MultiPoint"",""coordinates"":[]}"
14_7_4,40.77822642651357,15,8.0,1999,"{""type"":""MultiPoint"",""coordinates"":[]}"
14_7_5,0.005363827514648438,18,8.0,1999,"{""type"":""MultiPoint"",""coordinates"":[]}"
14_7_6,4.659379088928228,21,8.0,1999,"{""type"":""MultiPoint"",""coordinates"":[]}"
14_7_7,0.21812961138916007,23,8.0,1999,"{""type"":""MultiPoint"",""coordinates"":[]}"
14_7_8,0.2270645587158203,25,8.0,1999,"{""type"":""MultiPoint"",""coordinates"":[]}"
14_7_9,16.798584018127393,33,8.0,1999,"{""type"":""MultiPoint"",""coordinates"":[]}"
14_8_0,15.605882271789852,3,9.0,1999,"{""type"":""MultiPoint"",""coordinates"":[]}"
14_8_1,0.029484766174316404,11,9.0,1999,"{""type"":""MultiPoint"",""coordinates"":[]}"
14_8_2,14.531937730957035,13,9.0,1999,"{""type"":""MultiPoint"",""coordinates"":[]}"
14_8_3,0.004467438903808594,15,9.0,1999,"{""type"":""MultiPoint"",""coordinates"":[]}"
14_8_4,8.934894409179687E-4,21,9.0,1999,"{""type"":""MultiPoint"",""coordinates"":[]}"
14_8_5,0.2850285664672852,33,9.0,1999,"{""type"":""MultiPoint"",""coordinates"":[]}"
14_9_0,38378.04972942934,3,10.0,1999,"{""type"":""MultiPoint"",""coordinates"":[]}"
14_9_1,2721.733469253118,6,10.0,1999,"{""type"":""MultiPoint"",""coordinates"":[]}"
14_9_2,11.18512227673347,11,10.0,1999,"{""type"":""MultiPoint"",""coordinates"":[]}"
14_9_3,24.603050623901073,12,10.0,1999,"{""type"":""MultiPoint"",""coordinates"":[]}"
14_9_4,1279.5868498743969,13,10.0,1999,"{""type"":""MultiPoint"",""coordinates"":[]}"
14_9_5,3.5708074629516586,15,10.0,1999,"{""type"":""MultiPoint"",""coordinates"":[]}"
14_9_6,6.8121599392700025,18,10.0,1999,"{""type"":""MultiPoint"",""coordinates"":[]}"
14_9_7,4.6050025900878895,21,10.0,1999,"{""type"":""MultiPoint"",""coordinates"":[]}"
14_9_8,23.730745980712943,23,10.0,1999,"{""type"":""MultiPoint"",""coordinates"":[]}"
14_9_9,0.18147589617919924,24,10.0,1999,"{""type"":""MultiPoint"",""coordinates"":[]}"
14_9_10,0.275314558166504,25,10.0,1999,"{""type"":""MultiPoint"",""coordinates"":[]}"
14_9_11,240.21736442315597,33,10.0,1999,"{""type"":""MultiPoint"",""coordinates"":[]}"
14_10_0,5372.694899143482,3,11.0,1999,"{""type"":""MultiPoint"",""coordinates"":[]}"
14_10_1,339.0294241016272,6,11.0,1999,"{""type"":""MultiPoint"",""coordinates"":[]}"
14_10_2,1.3737207007446302,11,11.0,1999,"{""type"":""MultiPoint"",""coordinates"":[]}"
14_10_3,80.14852493896662,12,11.0,1999,"{""type"":""MultiPoint"",""coordinates"":[]}"
14_10_4,120.32504142804035,13,11.0,1999,"{""type"":""MultiPoint"",""coordinates"":[]}"
14_10_5,215.81045073828017,15,11.0,1999,"{""type"":""MultiPoint"",""coordinates"":[]}"
14_10_6,0.4036972993774414,18,11.0,1999,"{""type"":""MultiPoint"",""coordinates"":[]}"
14_10_7,54.45076806811527,21,11.0,1999,"{""type"":""MultiPoint"",""coordinates"":[]}"
14_10_8,4.213872515380863,23,11.0,1999,"{""type"":""MultiPoint"",""coordinates"":[]}"
14_10_9,0.7483802528076171,25,11.0,1999,"{""type"":""MultiPoint"",""coordinates"":[]}"
14_10_10,29.931665432617063,33,11.0,1999,"{""type"":""MultiPoint"",""coordinates"":[]}"
14_11_0,559.2526397789547,3,12.0,1999,"{""type"":""MultiPoint"",""coordinates"":[]}"
14_11_1,0.11259659881591788,11,12.0,1999,"{""type"":""MultiPoint"",""coordinates"":[]}"
14_11_2,25.416058018737875,13,12.0,1999,"{""type"":""MultiPoint"",""coordinates"":[]}"
14_11_3,0.0017873712158203124,15,12.0,1999,"{""type"":""MultiPoint"",""coordinates"":[]}"
14_11_4,0.8883069224243156,21,12.0,1999,"{""type"":""MultiPoint"",""coordinates"":[]}"
14_11_5,0.016979948852539062,23,12.0,1999,"{""type"":""MultiPoint"",""coordinates"":[]}"
14_11_6,0.026810114746093745,25,12.0,1999,"{""type"":""MultiPoint"",""coordinates"":[]}"
14_11_7,0.40930940118408177,33,12.0,1999,"{""type"":""MultiPoint"",""coordinates"":[]}"
14_11_8,0.5969766799926757,68,12.0,1999,"{""type"":""MultiPoint"",""coordinates"":[]}"
14_12_0,0.9743532031860472,11,13.0,1999,"{""type"":""MultiPoint"",""coordinates"":[]}"
14_12_1,0.13537616265869115,12,13.0,1999,"{""type"":""MultiPoint"",""coordinates"":[]}"
14_12_2,0.011578237060546875,33,13.0,1999,"{""type"":""MultiPoint"",""coordinates"":[]}"
14_13_0,906.77815005305,3,14.0,1999,"{""type"":""MultiPoint"",""coordinates"":[]}"
14_13_1,606.0592711722329,13,14.0,1999,"{""type"":""MultiPoint"",""coordinates"":[]}"
14_13_2,4.319999644836428,15,14.0,1999,"{""type"":""MultiPoint"",""coordinates"":[]}"
14_13_3,0.5717586317138672,18,14.0,1999,"{""type"":""MultiPoint"",""coordinates"":[]}"
14_13_4,13.657243975646894,21,14.0,1999,"{""type"":""MultiPoint"",""coordinates"":[]}"
14_13_5,0.03924872479248047,23,14.0,1999,"{""type"":""MultiPoint"",""coordinates"":[]}"
14_13_6,0.015163845153808593,25,14.0,1999,"{""type"":""MultiPoint"",""coordinates"":[]}"
14_13_7,6.89476167541503,33,14.0,1999,"{""type"":""MultiPoint"",""coordinates"":[]}"
14_13_8,0.9642446401977528,68,14.0,1999,"{""type"":""MultiPoint"",""coordinates"":[]}"
14_14_0,758.3519926960072,3,15.0,1999,"{""type"":""MultiPoint"",""coordinates"":[]}"
14_14_1,0.24219678619384766,15,15.0,1999,"{""type"":""MultiPoint"",""coordinates"":[]}"
14_14_2,5.0718258607788185,21,15.0,1999,"{""type"":""MultiPoint"",""coordinates"":[]}"
14_14_3,0.28152170648193353,23,15.0,1999,"{""type"":""MultiPoint"",""coordinates"":[]}"
14_14_4,0.13137352648925774,25,15.0,1999,"{""type"":""MultiPoint"",""coordinates"":[]}"
14_14_5,0.10456611260986333,33,15.0,1999,"{""type"":""MultiPoint"",""coordinates"":[]}"
14_15_0,2797.0867329014404,3,16.0,1999,"{""type"":""MultiPoint"",""coordinates"":[]}"
14_15_1,4.97078925476073,6,16.0,1999,"{""type"":""MultiPoint"",""coordinates"":[]}"
14_15_2,24.531764811889794,13,16.0,1999,"{""type"":""MultiPoint"",""coordinates"":[]}"
14_15_3,35.85241868194524,15,16.0,1999,"{""type"":""MultiPoint"",""coordinates"":[]}"
14_15_4,8.349376557922337,21,16.0,1999,"{""type"":""MultiPoint"",""coordinates"":[]}"
14_15_5,3.6875889178466856,23,16.0,1999,"{""type"":""MultiPoint"",""coordinates"":[]}"
14_15_6,0.0723336312866211,25,16.0,1999,"{""type"":""MultiPoint"",""coordinates"":[]}"
14_15_7,6.963895287841806,33,16.0,1999,"{""type"":""MultiPoint"",""coordinates"":[]}"
14_15_8,0.2384330653076171,68,16.0,1999,"{""type"":""MultiPoint"",""coordinates"":[]}"
14_16_0,0.27082082977294986,3,17.0,1999,"{""type"":""MultiPoint"",""coordinates"":[]}"
14_16_1,8.93798828125E-4,13,17.0,1999,"{""type"":""MultiPoint"",""coordinates"":[]}"
14_16_2,0.008937919555664064,21,17.0,1999,"{""type"":""MultiPoint"",""coordinates"":[]}"
14_17_0,345.8444035936546,3,18.0,1999,"{""type"":""MultiPoint"",""coordinates"":[]}"
14_17_1,6.141921708923318,13,18.0,1999,"{""type"":""MultiPoint"",""coordinates"":[]}"
14_17_2,3.5098672529907198,15,18.0,1999,"{""type"":""MultiPoint"",""coordinates"":[]}"
14_17_3,0.0026813667602539064,18,18.0,1999,"{""type"":""MultiPoint"",""coordinates"":[]}"
14_17_4,20.10903635620109,21,18.0,1999,"{""type"":""MultiPoint"",""coordinates"":[]}"
14_17_5,0.8285252694091786,23,18.0,1999,"{""type"":""MultiPoint"",""coordinates"":[]}"
14_17_6,0.4540361675415039,25,18.0,1999,"{""type"":""MultiPoint"",""coordinates"":[]}"
14_17_7,0.3861103072509767,33,18.0,1999,"{""type"":""MultiPoint"",""coordinates"":[]}"
14_17_8,0.5800570134887675,68,18.0,1999,"{""type"":""MultiPoint"",""coordinates"":[]}"
14_18_0,314.81303753968905,3,19.0,1999,"{""type"":""MultiPoint"",""coordinates"":[]}"
14_18_1,21.774076794006728,11,19.0,1999,"{""type"":""MultiPoint"",""coordinates"":[]}"
14_18_2,56.193018617857604,13,19.0,1999,"{""type"":""MultiPoint"",""coordinates"":[]}"
14_18_3,0.466559335144042,15,19.0,1999,"{""type"":""MultiPoint"",""coordinates"":[]}"
14_18_4,6.404993098571879,18,19.0,1999,"{""type"":""MultiPoint"",""coordinates"":[]}"
14_18_5,58.54495988928323,21,19.0,1999,"{""type"":""MultiPoint"",""coordinates"":[]}"
14_18_6,0.21987531854248038,24,19.0,1999,"{""type"":""MultiPoint"",""coordinates"":[]}"
14_18_7,0.01698268420410156,25,19.0,1999,"{""type"":""MultiPoint"",""coordinates"":[]}"
14_18_8,0.053631939392089836,27,19.0,1999,"{""type"":""MultiPoint"",""coordinates"":[]}"
14_18_9,41.6099208341691,33,19.0,1999,"{""type"":""MultiPoint"",""coordinates"":[]}"
14_19_0,128.34642639264362,3,20.0,1999,"{""type"":""MultiPoint"",""coordinates"":[]}"
14_19_1,18.741738253113,6,20.0,1999,"{""type"":""MultiPoint"",""coordinates"":[]}"
14_19_2,0.41173904565429753,11,20.0,1999,"{""type"":""MultiPoint"",""coordinates"":[]}"
14_19_3,71.83036380315873,13,20.0,1999,"{""type"":""MultiPoint"",""coordinates"":[]}"
14_19_4,57.40485452868588,15,20.0,1999,"{""type"":""MultiPoint"",""coordinates"":[]}"
14_19_5,0.03929817504882812,18,20.0,1999,"{""type"":""MultiPoint"",""coordinates"":[]}"
14_19_6,6.214423963745144,21,20.0,1999,"{""type"":""MultiPoint"",""coordinates"":[]}"
14_19_7,0.05090567468261718,23,20.0,1999,"{""type"":""MultiPoint"",""coordinates"":[]}"
14_19_8,0.8091787378540047,25,20.0,1999,"{""type"":""MultiPoint"",""coordinates"":[]}"
14_19_9,0.47333501867675726,33,20.0,1999,"{""type"":""MultiPoint"",""coordinates"":[]}"
14_20_0,52.99562301867913,3,21.0,1999,"{""type"":""MultiPoint"",""coordinates"":[]}"
14_20_1,0.016079074768066408,6,21.0,1999,"{""type"":""MultiPoint"",""coordinates"":[]}"
14_20_2,0.009825177368164063,13,21.0,1999,"{""type"":""MultiPoint"",""coordinates"":[]}"
14_20_3,17.69789749102778,15,21.0,1999,"{""type"":""MultiPoint"",""coordinates"":[]}"
14_20_4,0.047341559448242185,21,21.0,1999,"{""type"":""MultiPoint"",""coordinates"":[]}"
14_20_5,0.019650790405273438,25,21.0,1999,"{""type"":""MultiPoint"",""coordinates"":[]}"
14_21_0,9900.481499954696,3,22.0,1999,"{""type"":""MultiPoint"",""coordinates"":[]}"
14_21_1,889.5771187954967,6,22.0,1999,"{""type"":""MultiPoint"",""coordinates"":[]}"
14_21_2,4.7140622865600506,11,22.0,1999,"{""type"":""MultiPoint"",""coordinates"":[]}"
14_21_3,20.582922304748532,13,22.0,1999,"{""type"":""MultiPoint"",""coordinates"":[]}"
14_21_4,33.26749131426992,18,22.0,1999,"{""type"":""MultiPoint"",""coordinates"":[]}"
14_21_5,4.142816207763678,21,22.0,1999,"{""type"":""MultiPoint"",""coordinates"":[]}"
14_21_6,0.19026704400634767,23,22.0,1999,"{""type"":""MultiPoint"",""coordinates"":[]}"
14_21_7,0.15183057769775388,24,22.0,1999,"{""type"":""MultiPoint"",""coordinates"":[]}"
14_21_8,1.7248987780151361,25,22.0,1999,"{""type"":""MultiPoint"",""coordinates"":[]}"
14_21_9,23.628714727294803,29,22.0,1999,"{""type"":""MultiPoint"",""coordinates"":[]}"
14_21_10,0.039314795959472654,30,22.0,1999,"{""type"":""MultiPoint"",""coordinates"":[]}"
14_21_11,82.34175548645034,33,22.0,1999,"{""type"":""MultiPoint"",""coordinates"":[]}"
14_21_12,3.255787857482909,68,22.0,1999,"{""type"":""MultiPoint"",""coordinates"":[]}"
14_22_0,7968.303768527572,3,23.0,1999,"{""type"":""MultiPoint"",""coordinates"":[]}"
14_22_1,493.1618695075091,6,23.0,1999,"{""type"":""MultiPoint"",""coordinates"":[]}"
14_22_2,0.08846523626708987,11,23.0,1999,"{""type"":""MultiPoint"",""coordinates"":[]}"
14_22_3,206.0238039025837,13,23.0,1999,"{""type"":""MultiPoint"",""coordinates"":[]}"
14_22_4,44.98745723181127,15,23.0,1999,"{""type"":""MultiPoint"",""coordinates"":[]}"
14_22_5,5.781792432434079,18,23.0,1999,"{""type"":""MultiPoint"",""coordinates"":[]}"
14_22_6,10.905256320739738,21,23.0,1999,"{""type"":""MultiPoint"",""coordinates"":[]}"
14_22_7,0.13311285205078138,23,23.0,1999,"{""type"":""MultiPoint"",""coordinates"":[]}"
14_22_8,0.0759480720825197,24,23.0,1999,"{""type"":""MultiPoint"",""coordinates"":[]}"
14_22_9,0.3359557502441404,25,23.0,1999,"{""type"":""MultiPoint"",""coordinates"":[]}"
14_22_10,43.07407895050065,33,23.0,1999,"{""type"":""MultiPoint"",""coordinates"":[]}"
14_22_11,1.4100414771118168,68,23.0,1999,"{""type"":""MultiPoint"",""coordinates"":[]}"
14_23_0,104.94633199536156,3,25.0,1999,"{""type"":""MultiPoint"",""coordinates"":[]}"
14_23_1,0.03396829650878906,18,25.0,1999,"{""type"":""MultiPoint"",""coordinates"":[]}"
14_23_2,0.016983954772949224,21,25.0,1999,"{""type"":""MultiPoint"",""coordinates"":[]}"
14_23_3,0.007151081054687501,25,25.0,1999,"{""type"":""MultiPoint"",""coordinates"":[]}"
14_23_4,0.5667330101318356,33,25.0,1999,"{""type"":""MultiPoint"",""coordinates"":[]}"
15_0_0,22.78183965014638,3,1.0,2000,"{""type"":""MultiPoint"",""coordinates"":[]}"
15_0_1,0.054512375427246046,23,1.0,2000,"{""type"":""MultiPoint"",""coordinates"":[]}"
15_0_2,0.003574576171875,25,1.0,2000,"{""type"":""MultiPoint"",""coordinates"":[]}"
15_1_0,8746.454959836603,3,2.0,2000,"{""type"":""MultiPoint"",""coordinates"":[]}"
15_1_1,926.7140757817663,6,2.0,2000,"{""type"":""MultiPoint"",""coordinates"":[]}"
15_1_2,6.087136799255377,11,2.0,2000,"{""type"":""MultiPoint"",""coordinates"":[]}"
15_1_3,3.398692261413575,13,2.0,2000,"{""type"":""MultiPoint"",""coordinates"":[]}"
15_1_4,0.08219988751220697,18,2.0,2000,"{""type"":""MultiPoint"",""coordinates"":[]}"
15_1_5,0.08220035900878908,21,2.0,2000,"{""type"":""MultiPoint"",""coordinates"":[]}"
15_1_6,0.42077519964599636,24,2.0,2000,"{""type"":""MultiPoint"",""coordinates"":[]}"
15_1_7,25.926128622375444,33,2.0,2000,"{""type"":""MultiPoint"",""coordinates"":[]}"
15_2_0,9430.936040053988,3,3.0,2000,"{""type"":""MultiPoint"",""coordinates"":[]}"
15_2_1,811.9550187969282,6,3.0,2000,"{""type"":""MultiPoint"",""coordinates"":[]}"
15_2_2,58.70705357537809,11,3.0,2000,"{""type"":""MultiPoint"",""coordinates"":[]}"
15_2_3,6.452914668334971,13,3.0,2000,"{""type"":""MultiPoint"",""coordinates"":[]}"
15_2_4,18.306193256347722,18,3.0,2000,"{""type"":""MultiPoint"",""coordinates"":[]}"
15_2_5,2.0800990635375993,21,3.0,2000,"{""type"":""MultiPoint"",""coordinates"":[]}"
15_2_6,0.1582247320556641,23,3.0,2000,"{""type"":""MultiPoint"",""coordinates"":[]}"
15_2_7,0.23868273925781247,25,3.0,2000,"{""type"":""MultiPoint"",""coordinates"":[]}"
15_2_8,217.7701840169077,33,3.0,2000,"{""type"":""MultiPoint"",""coordinates"":[]}"
15_3_0,4833.44760445062,3,4.0,2000,"{""type"":""MultiPoint"",""coordinates"":[]}"
15_3_1,535.6956269114803,6,4.0,2000,"{""type"":""MultiPoint"",""coordinates"":[]}"
15_3_2,108.04620046765176,11,4.0,2000,"{""type"":""MultiPoint"",""coordinates"":[]}"
15_3_3,2.538115862915041,13,4.0,2000,"{""type"":""MultiPoint"",""coordinates"":[]}"
15_3_4,2.3086392704467755,18,4.0,2000,"{""type"":""MultiPoint"",""coordinates"":[]}"
15_3_5,0.004468231994628907,21,4.0,2000,"{""type"":""MultiPoint"",""coordinates"":[]}"
15_3_6,1.0126179104003903,23,4.0,2000,"{""type"":""MultiPoint"",""coordinates"":[]}"
15_3_7,0.05362560107421876,24,4.0,2000,"{""type"":""MultiPoint"",""coordinates"":[]}"
15_3_8,111.59214507702607,33,4.0,2000,"{""type"":""MultiPoint"",""coordinates"":[]}"
15_4_0,1878.1688824008804,3,5.0,2000,"{""type"":""MultiPoint"",""coordinates"":[]}"
15_4_1,61.71903899188225,6,5.0,2000,"{""type"":""MultiPoint"",""coordinates"":[]}"
15_4_2,0.02322088940429688,11,5.0,2000,"{""type"":""MultiPoint"",""coordinates"":[]}"
15_4_3,0.07592823248291014,12,5.0,2000,"{""type"":""MultiPoint"",""coordinates"":[]}"
15_4_4,107.09686605651879,15,5.0,2000,"{""type"":""MultiPoint"",""coordinates"":[]}"
15_4_5,0.1982860366210937,18,5.0,2000,"{""type"":""MultiPoint"",""coordinates"":[]}"
15_4_6,19.34813186437988,21,5.0,2000,"{""type"":""MultiPoint"",""coordinates"":[]}"
15_4_7,5.037944517700175,23,5.0,2000,"{""type"":""MultiPoint"",""coordinates"":[]}"
15_4_8,0.16971295831298827,25,5.0,2000,"{""type"":""MultiPoint"",""coordinates"":[]}"
15_4_9,17.7426749458617,33,5.0,2000,"{""type"":""MultiPoint"",""coordinates"":[]}"
15_5_0,2545.823478618654,3,6.0,2000,"{""type"":""MultiPoint"",""coordinates"":[]}"
15_5_1,116.79111574560498,6,6.0,2000,"{""type"":""MultiPoint"",""coordinates"":[]}"
15_5_2,2.17402552368164,11,6.0,2000,"{""type"":""MultiPoint"",""coordinates"":[]}"
15_5_3,0.59335969519043,13,6.0,2000,"{""type"":""MultiPoint"",""coordinates"":[]}"
15_5_4,9.954071448120144,18,6.0,2000,"{""type"":""MultiPoint"",""coordinates"":[]}"
15_5_5,0.12675231573486334,21,6.0,2000,"{""type"":""MultiPoint"",""coordinates"":[]}"
15_5_6,0.0642413411254883,25,6.0,2000,"{""type"":""MultiPoint"",""coordinates"":[]}"
15_5_7,5.829229926696771,33,6.0,2000,"{""type"":""MultiPoint"",""coordinates"":[]}"
15_6_0,936.1909033782163,3,7.0,2000,"{""type"":""MultiPoint"",""coordinates"":[]}"
15_6_1,0.0026813972778320315,15,7.0,2000,"{""type"":""MultiPoint"",""coordinates"":[]}"
15_6_2,1.5650162138671848,21,7.0,2000,"{""type"":""MultiPoint"",""coordinates"":[]}"
15_6_3,0.019662980712890625,23,7.0,2000,"{""type"":""MultiPoint"",""coordinates"":[]}"
15_6_4,0.1993106059570313,25,7.0,2000,"{""type"":""MultiPoint"",""coordinates"":[]}"
15_6_5,3.555419877075196,33,7.0,2000,"{""type"":""MultiPoint"",""coordinates"":[]}"
15_7_0,3907.383867842369,3,8.0,2000,"{""type"":""MultiPoint"",""coordinates"":[]}"
15_7_1,402.2365101104203,6,8.0,2000,"{""type"":""MultiPoint"",""coordinates"":[]}"
15_7_2,36.46074797846276,11,8.0,2000,"{""type"":""MultiPoint"",""coordinates"":[]}"
15_7_3,0.5444307656250001,13,8.0,2000,"{""type"":""MultiPoint"",""coordinates"":[]}"
15_7_4,40.874744057250794,15,8.0,2000,"{""type"":""MultiPoint"",""coordinates"":[]}"
15_7_5,0.003575884765625,18,8.0,2000,"{""type"":""MultiPoint"",""coordinates"":[]}"
15_7_6,3.7314352955322265,21,8.0,2000,"{""type"":""MultiPoint"",""coordinates"":[]}"
15_7_7,0.07509376086425774,23,8.0,2000,"{""type"":""MultiPoint"",""coordinates"":[]}"
15_7_8,1.4124590855102528,25,8.0,2000,"{""type"":""MultiPoint"",""coordinates"":[]}"
15_7_9,16.562571003417894,33,8.0,2000,"{""type"":""MultiPoint"",""coordinates"":[]}"
15_8_0,15.575504204651189,3,9.0,2000,"{""type"":""MultiPoint"",""coordinates"":[]}"
15_8_1,0.034845704895019536,11,9.0,2000,"{""type"":""MultiPoint"",""coordinates"":[]}"
15_8_2,14.551593939758277,13,9.0,2000,"{""type"":""MultiPoint"",""coordinates"":[]}"
15_8_3,0.004467438903808594,15,9.0,2000,"{""type"":""MultiPoint"",""coordinates"":[]}"
15_8_4,8.934894409179687E-4,21,9.0,2000,"{""type"":""MultiPoint"",""coordinates"":[]}"
15_8_5,0.005360934814453125,25,9.0,2000,"{""type"":""MultiPoint"",""coordinates"":[]}"
15_8_6,0.28502855126953125,33,9.0,2000,"{""type"":""MultiPoint"",""coordinates"":[]}"
15_9_0,38346.86184662203,3,10.0,2000,"{""type"":""MultiPoint"",""coordinates"":[]}"
15_9_1,2717.3885826225983,6,10.0,2000,"{""type"":""MultiPoint"",""coordinates"":[]}"
15_9_2,11.834137231994672,11,10.0,2000,"{""type"":""MultiPoint"",""coordinates"":[]}"
15_9_3,24.40373006445265,12,10.0,2000,"{""type"":""MultiPoint"",""coordinates"":[]}"
15_9_4,1317.1727736653374,13,10.0,2000,"{""type"":""MultiPoint"",""coordinates"":[]}"
15_9_5,3.3107364133911132,15,10.0,2000,"{""type"":""MultiPoint"",""coordinates"":[]}"
15_9_6,6.260643796203602,18,10.0,2000,"{""type"":""MultiPoint"",""coordinates"":[]}"
15_9_7,4.634534744445798,21,10.0,2000,"{""type"":""MultiPoint"",""coordinates"":[]}"
15_9_8,17.572542814392087,23,10.0,2000,"{""type"":""MultiPoint"",""coordinates"":[]}"
15_9_9,0.18147589617919924,24,10.0,2000,"{""type"":""MultiPoint"",""coordinates"":[]}"
15_9_10,0.2547479344482423,25,10.0,2000,"{""type"":""MultiPoint"",""coordinates"":[]}"
15_9_11,244.67534050250157,33,10.0,2000,"{""type"":""MultiPoint"",""coordinates"":[]}"
15_10_0,5349.102239948015,3,11.0,2000,"{""type"":""MultiPoint"",""coordinates"":[]}"
15_10_1,338.23270997729526,6,11.0,2000,"{""type"":""MultiPoint"",""coordinates"":[]}"
15_10_2,1.4996536618652354,11,11.0,2000,"{""type"":""MultiPoint"",""coordinates"":[]}"
15_10_3,78.26298763177564,12,11.0,2000,"{""type"":""MultiPoint"",""coordinates"":[]}"
15_10_4,118.93338524792289,13,11.0,2000,"{""type"":""MultiPoint"",""coordinates"":[]}"
15_10_5,233.1971988378907,15,11.0,2000,"{""type"":""MultiPoint"",""coordinates"":[]}"
15_10_6,0.11344267840576171,18,11.0,2000,"{""type"":""MultiPoint"",""coordinates"":[]}"
15_10_7,64.19818249371328,21,11.0,2000,"{""type"":""MultiPoint"",""coordinates"":[]}"
15_10_8,1.9692098854980467,23,11.0,2000,"{""type"":""MultiPoint"",""coordinates"":[]}"
15_10_9,0.5706978328247072,25,11.0,2000,"{""type"":""MultiPoint"",""coordinates"":[]}"
15_10_10,33.05073642443836,33,11.0,2000,"{""type"":""MultiPoint"",""coordinates"":[]}"
15_11_0,558.9604220967623,3,12.0,2000,"{""type"":""MultiPoint"",""coordinates"":[]}"
15_11_1,0.11349026739501945,11,12.0,2000,"{""type"":""MultiPoint"",""coordinates"":[]}"
15_11_2,25.500948087341435,13,12.0,2000,"{""type"":""MultiPoint"",""coordinates"":[]}"
15_11_3,0.0017873712158203124,15,12.0,2000,"{""type"":""MultiPoint"",""coordinates"":[]}"
15_11_4,0.8954547680664059,21,12.0,2000,"{""type"":""MultiPoint"",""coordinates"":[]}"
15_11_5,0.009830509338378906,23,12.0,2000,"{""type"":""MultiPoint"",""coordinates"":[]}"
15_11_6,0.03574692193603514,25,12.0,2000,"{""type"":""MultiPoint"",""coordinates"":[]}"
15_11_7,0.3967974233398436,33,12.0,2000,"{""type"":""MultiPoint"",""coordinates"":[]}"
15_11_8,0.8069873895263657,68,12.0,2000,"{""type"":""MultiPoint"",""coordinates"":[]}"
15_12_0,0.9734625770874146,11,13.0,2000,"{""type"":""MultiPoint"",""coordinates"":[]}"
15_12_1,0.14428247473144507,12,13.0,2000,"{""type"":""MultiPoint"",""coordinates"":[]}"
15_12_2,0.003562551086425781,33,13.0,2000,"{""type"":""MultiPoint"",""coordinates"":[]}"
15_13_0,904.3501435084434,3,14.0,2000,"{""type"":""MultiPoint"",""coordinates"":[]}"
15_13_1,607.8549234098707,13,14.0,2000,"{""type"":""MultiPoint"",""coordinates"":[]}"
15_13_2,3.8802415061645483,15,14.0,2000,"{""type"":""MultiPoint"",""coordinates"":[]}"
15_13_3,0.2515372873535155,18,14.0,2000,"{""type"":""MultiPoint"",""coordinates"":[]}"
15_13_4,14.88365895275871,21,14.0,2000,"{""type"":""MultiPoint"",""coordinates"":[]}"
15_13_5,0.19091712115478532,23,14.0,2000,"{""type"":""MultiPoint"",""coordinates"":[]}"
15_13_6,0.015163845153808593,25,14.0,2000,"{""type"":""MultiPoint"",""coordinates"":[]}"
15_13_7,6.882263900817864,33,14.0,2000,"{""type"":""MultiPoint"",""coordinates"":[]}"
15_13_8,0.9909928313598636,68,14.0,2000,"{""type"":""MultiPoint"",""coordinates"":[]}"
15_14_0,758.5102261926066,3,15.0,2000,"{""type"":""MultiPoint"",""coordinates"":[]}"
15_14_1,0.35301906140136696,15,15.0,2000,"{""type"":""MultiPoint"",""coordinates"":[]}"
15_14_2,5.01994736187744,21,15.0,2000,"{""type"":""MultiPoint"",""coordinates"":[]}"
15_14_3,0.03932186309814453,23,15.0,2000,"{""type"":""MultiPoint"",""coordinates"":[]}"
15_14_4,0.141203182373047,25,15.0,2000,"{""type"":""MultiPoint"",""coordinates"":[]}"
15_14_5,0.0035747965698242185,30,15.0,2000,"{""type"":""MultiPoint"",""coordinates"":[]}"
15_14_6,0.11618423065185553,33,15.0,2000,"{""type"":""MultiPoint"",""coordinates"":[]}"
15_15_0,2791.1085517807865,3,16.0,2000,"{""type"":""MultiPoint"",""coordinates"":[]}"
15_15_1,4.954715997375477,6,16.0,2000,"{""type"":""MultiPoint"",""coordinates"":[]}"
15_15_2,24.533551610473793,13,16.0,2000,"{""type"":""MultiPoint"",""coordinates"":[]}"
15_15_3,40.148964718932646,15,16.0,2000,"{""type"":""MultiPoint"",""coordinates"":[]}"
15_15_4,10.181925434631305,21,16.0,2000,"{""type"":""MultiPoint"",""coordinates"":[]}"
15_15_5,4.364417509948744,23,16.0,2000,"{""type"":""MultiPoint"",""coordinates"":[]}"
15_15_6,0.060726356018066405,25,16.0,2000,"{""type"":""MultiPoint"",""coordinates"":[]}"
15_15_7,6.1852648850097705,33,16.0,2000,"{""type"":""MultiPoint"",""coordinates"":[]}"
15_15_8,0.2152148170166015,68,16.0,2000,"{""type"":""MultiPoint"",""coordinates"":[]}"
15_16_0,0.2726084135742194,3,17.0,2000,"{""type"":""MultiPoint"",""coordinates"":[]}"
15_16_1,8.93798828125E-4,13,17.0,2000,"{""type"":""MultiPoint"",""coordinates"":[]}"
15_16_2,0.007150335754394531,21,17.0,2000,"{""type"":""MultiPoint"",""coordinates"":[]}"
15_17_0,344.6708877704748,3,18.0,2000,"{""type"":""MultiPoint"",""coordinates"":[]}"
15_17_1,6.214318878417946,13,18.0,2000,"{""type"":""MultiPoint"",""coordinates"":[]}"
15_17_2,4.463527533081064,15,18.0,2000,"{""type"":""MultiPoint"",""coordinates"":[]}"
15_17_3,19.840889715270826,21,18.0,2000,"{""type"":""MultiPoint"",""coordinates"":[]}"
15_17_4,0.7373636396484362,23,18.0,2000,"{""type"":""MultiPoint"",""coordinates"":[]}"
15_17_5,0.6059751806640625,25,18.0,2000,"{""type"":""MultiPoint"",""coordinates"":[]}"
15_17_6,0.35482821124267594,33,18.0,2000,"{""type"":""MultiPoint"",""coordinates"":[]}"
15_17_7,0.9688481074218747,68,18.0,2000,"{""type"":""MultiPoint"",""coordinates"":[]}"
15_18_0,313.8673528474895,3,19.0,2000,"{""type"":""MultiPoint"",""coordinates"":[]}"
15_18_1,21.842008578125533,11,19.0,2000,"{""type"":""MultiPoint"",""coordinates"":[]}"
15_18_2,55.17671745959366,13,19.0,2000,"{""type"":""MultiPoint"",""coordinates"":[]}"
15_18_3,0.5327015782470691,15,19.0,2000,"{""type"":""MultiPoint"",""coordinates"":[]}"
15_18_4,5.876771067016605,18,19.0,2000,"{""type"":""MultiPoint"",""coordinates"":[]}"
15_18_5,60.85818907733152,21,19.0,2000,"{""type"":""MultiPoint"",""coordinates"":[]}"
15_18_6,0.23864590002441394,24,19.0,2000,"{""type"":""MultiPoint"",""coordinates"":[]}"
15_18_7,0.04290428869628907,25,19.0,2000,"{""type"":""MultiPoint"",""coordinates"":[]}"
15_18_8,0.053631939392089836,27,19.0,2000,"{""type"":""MultiPoint"",""coordinates"":[]}"
15_18_9,41.608133314943004,33,19.0,2000,"{""type"":""MultiPoint"",""coordinates"":[]}"
15_19_0,126.14040211133198,3,20.0,2000,"{""type"":""MultiPoint"",""coordinates"":[]}"
15_19_1,20.065330632995884,6,20.0,2000,"{""type"":""MultiPoint"",""coordinates"":[]}"
15_19_2,0.4251364447021489,11,20.0,2000,"{""type"":""MultiPoint"",""coordinates"":[]}"
15_19_3,70.25128375115781,13,20.0,2000,"{""type"":""MultiPoint"",""coordinates"":[]}"
15_19_4,58.96518968188408,15,20.0,2000,"{""type"":""MultiPoint"",""coordinates"":[]}"
15_19_5,0.08663572894287105,18,20.0,2000,"{""type"":""MultiPoint"",""coordinates"":[]}"
15_19_6,7.203121069335944,21,20.0,2000,"{""type"":""MultiPoint"",""coordinates"":[]}"
15_19_7,0.0062516910400390625,23,20.0,2000,"{""type"":""MultiPoint"",""coordinates"":[]}"
15_19_8,0.6305585305786136,25,20.0,2000,"{""type"":""MultiPoint"",""coordinates"":[]}"
15_19_9,0.548353951293945,33,20.0,2000,"{""type"":""MultiPoint"",""coordinates"":[]}"
15_20_0,51.87906920361547,3,21.0,2000,"{""type"":""MultiPoint"",""coordinates"":[]}"
15_20_1,0.01429251110839844,6,21.0,2000,"{""type"":""MultiPoint"",""coordinates"":[]}"
15_20_2,18.772468214599527,15,21.0,2000,"{""type"":""MultiPoint"",""coordinates"":[]}"
15_20_3,0.11701424420166018,21,21.0,2000,"{""type"":""MultiPoint"",""coordinates"":[]}"
15_20_4,0.003572938171386719,25,21.0,2000,"{""type"":""MultiPoint"",""coordinates"":[]}"
15_21_0,9877.053615469158,3,22.0,2000,"{""type"":""MultiPoint"",""coordinates"":[]}"
15_21_1,907.0231962526998,6,22.0,2000,"{""type"":""MultiPoint"",""coordinates"":[]}"
15_21_2,5.056088710998525,11,22.0,2000,"{""type"":""MultiPoint"",""coordinates"":[]}"
15_21_3,22.78100282647705,13,22.0,2000,"{""type"":""MultiPoint"",""coordinates"":[]}"
15_21_4,35.55793436663805,18,22.0,2000,"{""type"":""MultiPoint"",""coordinates"":[]}"
15_21_5,4.861004198852541,21,22.0,2000,"{""type"":""MultiPoint"",""coordinates"":[]}"
15_21_6,0.15721514709472653,23,22.0,2000,"{""type"":""MultiPoint"",""coordinates"":[]}"
15_21_7,0.15450951483154296,24,22.0,2000,"{""type"":""MultiPoint"",""coordinates"":[]}"
15_21_8,1.7276452753295901,25,22.0,2000,"{""type"":""MultiPoint"",""coordinates"":[]}"
15_21_9,23.408015819885158,29,22.0,2000,"{""type"":""MultiPoint"",""coordinates"":[]}"
15_21_10,0.03484716156005859,30,22.0,2000,"{""type"":""MultiPoint"",""coordinates"":[]}"
15_21_11,83.34474744573978,33,22.0,2000,"{""type"":""MultiPoint"",""coordinates"":[]}"
15_21_12,2.9386579412841782,68,22.0,2000,"{""type"":""MultiPoint"",""coordinates"":[]}"
15_22_0,7950.528732334746,3,23.0,2000,"{""type"":""MultiPoint"",""coordinates"":[]}"
15_22_1,509.2753343429572,6,23.0,2000,"{""type"":""MultiPoint"",""coordinates"":[]}"
15_22_2,0.08846523626708987,11,23.0,2000,"{""type"":""MultiPoint"",""coordinates"":[]}"
15_22_3,208.44513693890246,13,23.0,2000,"{""type"":""MultiPoint"",""coordinates"":[]}"
15_22_4,44.74516705505357,15,23.0,2000,"{""type"":""MultiPoint"",""coordinates"":[]}"
15_22_5,5.654910662658688,18,23.0,2000,"{""type"":""MultiPoint"",""coordinates"":[]}"
15_22_6,11.1329219529419,21,23.0,2000,"{""type"":""MultiPoint"",""coordinates"":[]}"
15_22_7,0.10809633306884775,23,23.0,2000,"{""type"":""MultiPoint"",""coordinates"":[]}"
15_22_8,0.08220262750244156,24,23.0,2000,"{""type"":""MultiPoint"",""coordinates"":[]}"
15_22_9,0.064329091796875,25,23.0,2000,"{""type"":""MultiPoint"",""coordinates"":[]}"
15_22_10,42.97227925323505,33,23.0,2000,"{""type"":""MultiPoint"",""coordinates"":[]}"
15_22_11,1.1839744318847663,68,23.0,2000,"{""type"":""MultiPoint"",""coordinates"":[]}"
15_23_0,104.88107686376982,3,25.0,2000,"{""type"":""MultiPoint"",""coordinates"":[]}"
15_23_1,0.05899768438720701,18,25.0,2000,"{""type"":""MultiPoint"",""coordinates"":[]}"
15_23_2,0.034862051940917974,21,25.0,2000,"{""type"":""MultiPoint"",""coordinates"":[]}"
15_23_3,0.009832736389160157,25,25.0,2000,"{""type"":""MultiPoint"",""coordinates"":[]}"
15_23_4,0.5863990013427731,33,25.0,2000,"{""type"":""MultiPoint"",""coordinates"":[]}"
16_0_0,22.81758541833485,3,1.0,2001,"{""type"":""MultiPoint"",""coordinates"":[]}"
16_0_1,0.01072373913574219,23,1.0,2001,"{""type"":""MultiPoint"",""coordinates"":[]}"
16_0_2,0.011617444274902343,25,1.0,2001,"{""type"":""MultiPoint"",""coordinates"":[]}"
16_1_0,8737.902153018747,3,2.0,2001,"{""type"":""MultiPoint"",""coordinates"":[]}"
16_1_1,934.5798102134254,6,2.0,2001,"{""type"":""MultiPoint"",""coordinates"":[]}"
16_1_2,6.303347633666997,11,2.0,2001,"{""type"":""MultiPoint"",""coordinates"":[]}"
16_1_3,3.881168061279297,13,2.0,2001,"{""type"":""MultiPoint"",""coordinates"":[]}"
16_1_4,0.10364238543701165,18,2.0,2001,"{""type"":""MultiPoint"",""coordinates"":[]}"
16_1_5,0.07058480810546873,21,2.0,2001,"{""type"":""MultiPoint"",""coordinates"":[]}"
16_1_6,0.4386424490966797,24,2.0,2001,"{""type"":""MultiPoint"",""coordinates"":[]}"
16_1_7,0.015187190246582032,25,2.0,2001,"{""type"":""MultiPoint"",""coordinates"":[]}"
16_1_8,25.87163298760982,33,2.0,2001,"{""type"":""MultiPoint"",""coordinates"":[]}"
16_2_0,9448.567718564143,3,3.0,2001,"{""type"":""MultiPoint"",""coordinates"":[]}"
16_2_1,791.188423916982,6,3.0,2001,"{""type"":""MultiPoint"",""coordinates"":[]}"
16_2_2,59.14681413220185,11,3.0,2001,"{""type"":""MultiPoint"",""coordinates"":[]}"
16_2_3,6.813163191894536,13,3.0,2001,"{""type"":""MultiPoint"",""coordinates"":[]}"
16_2_4,19.12588865899661,18,3.0,2001,"{""type"":""MultiPoint"",""coordinates"":[]}"
16_2_5,2.266032129089356,21,3.0,2001,"{""type"":""MultiPoint"",""coordinates"":[]}"
16_2_6,0.2905141524047853,23,3.0,2001,"{""type"":""MultiPoint"",""coordinates"":[]}"
16_2_7,0.20649888751220705,25,3.0,2001,"{""type"":""MultiPoint"",""coordinates"":[]}"
16_2_8,217.67190087335325,33,3.0,2001,"{""type"":""MultiPoint"",""coordinates"":[]}"
16_2_9,1.3274563959960877,68,3.0,2001,"{""type"":""MultiPoint"",""coordinates"":[]}"
16_3_0,4838.607875799574,3,4.0,2001,"{""type"":""MultiPoint"",""coordinates"":[]}"
16_3_1,540.3573640933503,6,4.0,2001,"{""type"":""MultiPoint"",""coordinates"":[]}"
16_3_2,99.13131583410625,11,4.0,2001,"{""type"":""MultiPoint"",""coordinates"":[]}"
16_3_3,2.064467314392092,13,4.0,2001,"{""type"":""MultiPoint"",""coordinates"":[]}"
16_3_4,2.3881819918212894,18,4.0,2001,"{""type"":""MultiPoint"",""coordinates"":[]}"
16_3_5,0.008043336730957031,21,4.0,2001,"{""type"":""MultiPoint"",""coordinates"":[]}"
16_3_6,2.1548589456176797,23,4.0,2001,"{""type"":""MultiPoint"",""coordinates"":[]}"
16_3_7,0.05362560107421876,24,4.0,2001,"{""type"":""MultiPoint"",""coordinates"":[]}"
16_3_8,0.008044244201660156,25,4.0,2001,"{""type"":""MultiPoint"",""coordinates"":[]}"
16_3_9,109.9252666226805,33,4.0,2001,"{""type"":""MultiPoint"",""coordinates"":[]}"
16_4_0,1864.3949747334136,3,5.0,2001,"{""type"":""MultiPoint"",""coordinates"":[]}"
16_4_1,62.0494810612181,6,5.0,2001,"{""type"":""MultiPoint"",""coordinates"":[]}"
16_4_2,0.02143465008544923,11,5.0,2001,"{""type"":""MultiPoint"",""coordinates"":[]}"
16_4_3,0.11880537335205074,12,5.0,2001,"{""type"":""MultiPoint"",""coordinates"":[]}"
16_4_4,121.41051245086527,15,5.0,2001,"{""type"":""MultiPoint"",""coordinates"":[]}"
16_4_5,0.12772278576660154,18,5.0,2001,"{""type"":""MultiPoint"",""coordinates"":[]}"
16_4_6,19.133476821411143,21,5.0,2001,"{""type"":""MultiPoint"",""coordinates"":[]}"
16_4_7,3.2142199439697223,23,5.0,2001,"{""type"":""MultiPoint"",""coordinates"":[]}"
16_4_8,0.17418086352539056,25,5.0,2001,"{""type"":""MultiPoint"",""coordinates"":[]}"
16_4_9,18.935878210449125,33,5.0,2001,"{""type"":""MultiPoint"",""coordinates"":[]}"
16_5_0,2538.6635860495685,3,6.0,2001,"{""type"":""MultiPoint"",""coordinates"":[]}"
16_5_1,124.95911283752395,6,6.0,2001,"{""type"":""MultiPoint"",""coordinates"":[]}"
16_5_2,2.6844387691650384,11,6.0,2001,"{""type"":""MultiPoint"",""coordinates"":[]}"
16_5_3,0.20434085363769522,13,6.0,2001,"{""type"":""MultiPoint"",""coordinates"":[]}"
16_5_4,9.572310367370527,18,6.0,2001,"{""type"":""MultiPoint"",""coordinates"":[]}"
16_5_5,0.14192214141845708,21,6.0,2001,"{""type"":""MultiPoint"",""coordinates"":[]}"
16_5_6,0.07584510089111327,25,6.0,2001,"{""type"":""MultiPoint"",""coordinates"":[]}"
16_5_7,5.054718495239249,33,6.0,2001,"{""type"":""MultiPoint"",""coordinates"":[]}"
16_6_0,936.356259692484,3,7.0,2001,"{""type"":""MultiPoint"",""coordinates"":[]}"
16_6_1,0.016088479736328123,15,7.0,2001,"{""type"":""MultiPoint"",""coordinates"":[]}"
16_6_2,1.281680875915531,21,7.0,2001,"{""type"":""MultiPoint"",""coordinates"":[]}"
16_6_3,0.026813162780761707,23,7.0,2001,"{""type"":""MultiPoint"",""coordinates"":[]}"
16_6_4,0.24131813793945323,25,7.0,2001,"{""type"":""MultiPoint"",""coordinates"":[]}"
16_6_5,3.610834104248047,33,7.0,2001,"{""type"":""MultiPoint"",""coordinates"":[]}"
16_7_0,3888.4281325764678,3,8.0,2001,"{""type"":""MultiPoint"",""coordinates"":[]}"
16_7_1,413.18590093509124,6,8.0,2001,"{""type"":""MultiPoint"",""coordinates"":[]}"
16_7_2,36.83532672882924,11,8.0,2001,"{""type"":""MultiPoint"",""coordinates"":[]}"
16_7_3,0.5310211439208976,13,8.0,2001,"{""type"":""MultiPoint"",""coordinates"":[]}"
16_7_4,47.29340155615246,15,8.0,2001,"{""type"":""MultiPoint"",""coordinates"":[]}"
16_7_5,6.600173914611783,21,8.0,2001,"{""type"":""MultiPoint"",""coordinates"":[]}"
16_7_6,0.14392973291015632,23,8.0,2001,"{""type"":""MultiPoint"",""coordinates"":[]}"
16_7_7,0.24673624121093723,25,8.0,2001,"{""type"":""MultiPoint"",""coordinates"":[]}"
16_7_8,16.0208129555663,33,8.0,2001,"{""type"":""MultiPoint"",""coordinates"":[]}"
16_8_0,15.83283121325716,3,9.0,2001,"{""type"":""MultiPoint"",""coordinates"":[]}"
16_8_1,0.03573918469238282,11,9.0,2001,"{""type"":""MultiPoint"",""coordinates"":[]}"
16_8_2,14.29784087011718,13,9.0,2001,"{""type"":""MultiPoint"",""coordinates"":[]}"
16_8_3,0.004467438903808594,15,9.0,2001,"{""type"":""MultiPoint"",""coordinates"":[]}"
16_8_4,8.934894409179687E-4,21,9.0,2001,"{""type"":""MultiPoint"",""coordinates"":[]}"
16_8_5,0.005360934814453125,25,9.0,2001,"{""type"":""MultiPoint"",""coordinates"":[]}"
16_8_6,0.28056113250732434,33,9.0,2001,"{""type"":""MultiPoint"",""coordinates"":[]}"
16_9_0,38130.29956361673,3,10.0,2001,"{""type"":""MultiPoint"",""coordinates"":[]}"
16_9_1,2915.5456986336826,6,10.0,2001,"{""type"":""MultiPoint"",""coordinates"":[]}"
16_9_2,10.246483243469276,11,10.0,2001,"{""type"":""MultiPoint"",""coordinates"":[]}"
16_9_3,22.921785037536296,12,10.0,2001,"{""type"":""MultiPoint"",""coordinates"":[]}"
16_9_4,1333.4080092235274,13,10.0,2001,"{""type"":""MultiPoint"",""coordinates"":[]}"
16_9_5,3.478740359130856,15,10.0,2001,"{""type"":""MultiPoint"",""coordinates"":[]}"
16_9_6,7.405777292053205,18,10.0,2001,"{""type"":""MultiPoint"",""coordinates"":[]}"
16_9_7,4.2545869506225555,21,10.0,2001,"{""type"":""MultiPoint"",""coordinates"":[]}"
16_9_8,21.036645638122454,23,10.0,2001,"{""type"":""MultiPoint"",""coordinates"":[]}"
16_9_9,0.1832638355102539,24,10.0,2001,"{""type"":""MultiPoint"",""coordinates"":[]}"
16_9_10,0.19665185919189465,25,10.0,2001,"{""type"":""MultiPoint"",""coordinates"":[]}"
16_9_11,245.5738866172476,33,10.0,2001,"{""type"":""MultiPoint"",""coordinates"":[]}"
16_10_0,5326.092818256146,3,11.0,2001,"{""type"":""MultiPoint"",""coordinates"":[]}"
16_10_1,338.43547698041033,6,11.0,2001,"{""type"":""MultiPoint"",""coordinates"":[]}"
16_10_2,1.6291596245727558,11,11.0,2001,"{""type"":""MultiPoint"",""coordinates"":[]}"
16_10_3,77.43681864660637,12,11.0,2001,"{""type"":""MultiPoint"",""coordinates"":[]}"
16_10_4,118.67794539196615,13,11.0,2001,"{""type"":""MultiPoint"",""coordinates"":[]}"
16_10_5,253.14056480199977,15,11.0,2001,"{""type"":""MultiPoint"",""coordinates"":[]}"
16_10_6,0.20900434576416013,18,11.0,2001,"{""type"":""MultiPoint"",""coordinates"":[]}"
16_10_7,67.19807448095702,21,11.0,2001,"{""type"":""MultiPoint"",""coordinates"":[]}"
16_10_8,1.2859877171630854,23,11.0,2001,"{""type"":""MultiPoint"",""coordinates"":[]}"
16_10_9,0.8993753930664063,25,11.0,2001,"{""type"":""MultiPoint"",""coordinates"":[]}"
16_10_10,34.12521898095693,33,11.0,2001,"{""type"":""MultiPoint"",""coordinates"":[]}"
16_11_0,558.7093079184758,3,12.0,2001,"{""type"":""MultiPoint"",""coordinates"":[]}"
16_11_1,0.11259660412597647,11,12.0,2001,"{""type"":""MultiPoint"",""coordinates"":[]}"
16_11_2,25.71989287670906,13,12.0,2001,"{""type"":""MultiPoint"",""coordinates"":[]}"
16_11_3,0.015192238586425781,15,12.0,2001,"{""type"":""MultiPoint"",""coordinates"":[]}"
16_11_4,0.8784745109863277,21,12.0,2001,"{""type"":""MultiPoint"",""coordinates"":[]}"
16_11_5,0.0026810214233398437,23,12.0,2001,"{""type"":""MultiPoint"",""coordinates"":[]}"
16_11_6,0.03932119226074218,25,12.0,2001,"{""type"":""MultiPoint"",""coordinates"":[]}"
16_11_7,0.4227141893310546,33,12.0,2001,"{""type"":""MultiPoint"",""coordinates"":[]}"
16_11_8,0.8212842830200179,68,12.0,2001,"{""type"":""MultiPoint"",""coordinates"":[]}"
16_12_0,0.960103092285168,11,13.0,2001,"{""type"":""MultiPoint"",""coordinates"":[]}"
16_12_1,0.16120451062011718,12,13.0,2001,"{""type"":""MultiPoint"",""coordinates"":[]}"
16_13_0,898.6157912204964,3,14.0,2001,"{""type"":""MultiPoint"",""coordinates"":[]}"
16_13_1,614.4546342542087,13,14.0,2001,"{""type"":""MultiPoint"",""coordinates"":[]}"
16_13_2,3.8623831823730526,15,14.0,2001,"{""type"":""MultiPoint"",""coordinates"":[]}"
16_13_3,0.052627427795410214,18,14.0,2001,"{""type"":""MultiPoint"",""coordinates"":[]}"
16_13_4,14.629289961425583,21,14.0,2001,"{""type"":""MultiPoint"",""coordinates"":[]}"
16_13_5,0.1837745422973633,23,14.0,2001,"{""type"":""MultiPoint"",""coordinates"":[]}"
16_13_6,0.015163845153808593,25,14.0,2001,"{""type"":""MultiPoint"",""coordinates"":[]}"
16_13_7,6.541567029724118,33,14.0,2001,"{""type"":""MultiPoint"",""coordinates"":[]}"
16_13_8,0.9446108995971677,68,14.0,2001,"{""type"":""MultiPoint"",""coordinates"":[]}"
16_14_0,757.9221660379997,3,15.0,2001,"{""type"":""MultiPoint"",""coordinates"":[]}"
16_14_1,0.49869508074951174,15,15.0,2001,"{""type"":""MultiPoint"",""coordinates"":[]}"
16_14_2,5.406920552185068,21,15.0,2001,"{""type"":""MultiPoint"",""coordinates"":[]}"
16_14_3,0.029491339538574222,23,15.0,2001,"{""type"":""MultiPoint"",""coordinates"":[]}"
16_14_4,0.17695258612060555,25,15.0,2001,"{""type"":""MultiPoint"",""coordinates"":[]}"
16_14_5,0.0035747965698242185,30,15.0,2001,"{""type"":""MultiPoint"",""coordinates"":[]}"
16_14_6,0.14567629541015623,33,15.0,2001,"{""type"":""MultiPoint"",""coordinates"":[]}"
16_15_0,2783.675764336479,3,16.0,2001,"{""type"":""MultiPoint"",""coordinates"":[]}"
16_15_1,5.023481783386221,6,16.0,2001,"{""type"":""MultiPoint"",""coordinates"":[]}"
16_15_2,24.87105222296128,13,16.0,2001,"{""type"":""MultiPoint"",""coordinates"":[]}"
16_15_3,47.26129763318042,15,16.0,2001,"{""type"":""MultiPoint"",""coordinates"":[]}"
16_15_4,9.759492256896948,21,16.0,2001,"{""type"":""MultiPoint"",""coordinates"":[]}"
16_15_5,3.9429163986816453,23,16.0,2001,"{""type"":""MultiPoint"",""coordinates"":[]}"
16_15_6,0.07769546453857423,25,16.0,2001,"{""type"":""MultiPoint"",""coordinates"":[]}"
16_15_7,6.9407063265380895,33,16.0,2001,"{""type"":""MultiPoint"",""coordinates"":[]}"
16_15_8,0.20092668756103513,68,16.0,2001,"{""type"":""MultiPoint"",""coordinates"":[]}"
16_16_0,0.2726084135742194,3,17.0,2001,"{""type"":""MultiPoint"",""coordinates"":[]}"
16_16_1,8.93798828125E-4,13,17.0,2001,"{""type"":""MultiPoint"",""coordinates"":[]}"
16_16_2,0.007150335754394531,21,17.0,2001,"{""type"":""MultiPoint"",""coordinates"":[]}"
16_17_0,342.0798498329759,3,18.0,2001,"{""type"":""MultiPoint"",""coordinates"":[]}"
16_17_1,6.709462761535624,13,18.0,2001,"{""type"":""MultiPoint"",""coordinates"":[]}"
16_17_2,4.750429765136722,15,18.0,2001,"{""type"":""MultiPoint"",""coordinates"":[]}"
16_17_3,21.30578227136208,21,18.0,2001,"{""type"":""MultiPoint"",""coordinates"":[]}"
16_17_4,0.6515607563476555,23,18.0,2001,"{""type"":""MultiPoint"",""coordinates"":[]}"
16_17_5,0.7257397008056644,25,18.0,2001,"{""type"":""MultiPoint"",""coordinates"":[]}"
16_17_6,0.3735975772094728,33,18.0,2001,"{""type"":""MultiPoint"",""coordinates"":[]}"
16_17_7,1.2602163708496152,68,18.0,2001,"{""type"":""MultiPoint"",""coordinates"":[]}"
16_18_0,314.3929207581389,3,19.0,2001,"{""type"":""MultiPoint"",""coordinates"":[]}"
16_18_1,21.62212311993427,11,19.0,2001,"{""type"":""MultiPoint"",""coordinates"":[]}"
16_18_2,54.90051303149285,13,19.0,2001,"{""type"":""MultiPoint"",""coordinates"":[]}"
16_18_3,0.5398521298828111,15,19.0,2001,"{""type"":""MultiPoint"",""coordinates"":[]}"
16_18_4,8.186374458252114,18,19.0,2001,"{""type"":""MultiPoint"",""coordinates"":[]}"
16_18_5,58.585249680664774,21,19.0,2001,"{""type"":""MultiPoint"",""coordinates"":[]}"
16_18_6,0.2404334989624022,24,19.0,2001,"{""type"":""MultiPoint"",""coordinates"":[]}"
16_18_7,0.035753419921875,25,19.0,2001,"{""type"":""MultiPoint"",""coordinates"":[]}"
16_18_8,0.053631939392089836,27,19.0,2001,"{""type"":""MultiPoint"",""coordinates"":[]}"
16_18_9,41.540204014222695,33,19.0,2001,"{""type"":""MultiPoint"",""coordinates"":[]}"
16_19_0,126.39943246332457,3,20.0,2001,"{""type"":""MultiPoint"",""coordinates"":[]}"
16_19_1,20.44935602630645,6,20.0,2001,"{""type"":""MultiPoint"",""coordinates"":[]}"
16_19_2,0.39923544683837936,11,20.0,2001,"{""type"":""MultiPoint"",""coordinates"":[]}"
16_19_3,68.17829279315036,13,20.0,2001,"{""type"":""MultiPoint"",""coordinates"":[]}"
16_19_4,59.56897320342889,15,20.0,2001,"{""type"":""MultiPoint"",""coordinates"":[]}"
16_19_5,0.03393963543701173,18,20.0,2001,"{""type"":""MultiPoint"",""coordinates"":[]}"
16_19_6,8.395463423400848,21,20.0,2001,"{""type"":""MultiPoint"",""coordinates"":[]}"
16_19_7,0.008930978759765625,23,20.0,2001,"{""type"":""MultiPoint"",""coordinates"":[]}"
16_19_8,0.3438578585815424,25,20.0,2001,"{""type"":""MultiPoint"",""coordinates"":[]}"
16_19_9,0.5447817640380855,33,20.0,2001,"{""type"":""MultiPoint"",""coordinates"":[]}"
16_20_0,51.17161519824394,3,21.0,2001,"{""type"":""MultiPoint"",""coordinates"":[]}"
16_20_1,0.012505948486328126,6,21.0,2001,"{""type"":""MultiPoint"",""coordinates"":[]}"
16_20_2,19.29680783880605,15,21.0,2001,"{""type"":""MultiPoint"",""coordinates"":[]}"
16_20_3,0.3019152135620118,21,21.0,2001,"{""type"":""MultiPoint"",""coordinates"":[]}"
16_20_4,0.00357291259765625,25,21.0,2001,"{""type"":""MultiPoint"",""coordinates"":[]}"
16_21_0,9883.79635312685,3,22.0,2001,"{""type"":""MultiPoint"",""coordinates"":[]}"
16_21_1,898.6780502619226,6,22.0,2001,"{""type"":""MultiPoint"",""coordinates"":[]}"
16_21_2,5.1078918544311405,11,22.0,2001,"{""type"":""MultiPoint"",""coordinates"":[]}"
16_21_3,23.19976396582029,13,22.0,2001,"{""type"":""MultiPoint"",""coordinates"":[]}"
16_21_4,36.361927322021344,18,22.0,2001,"{""type"":""MultiPoint"",""coordinates"":[]}"
16_21_5,5.162901366394048,21,22.0,2001,"{""type"":""MultiPoint"",""coordinates"":[]}"
16_21_6,1.524566139526367,23,22.0,2001,"{""type"":""MultiPoint"",""coordinates"":[]}"
16_21_7,0.1562954627075195,24,22.0,2001,"{""type"":""MultiPoint"",""coordinates"":[]}"
16_21_8,1.959898009033202,25,22.0,2001,"{""type"":""MultiPoint"",""coordinates"":[]}"
16_21_9,22.57900988568105,29,22.0,2001,"{""type"":""MultiPoint"",""coordinates"":[]}"
16_21_10,0.04288914318847656,30,22.0,2001,"{""type"":""MultiPoint"",""coordinates"":[]}"
16_21_11,82.10700444763208,33,22.0,2001,"{""type"":""MultiPoint"",""coordinates"":[]}"
16_21_12,3.421929145202639,68,22.0,2001,"{""type"":""MultiPoint"",""coordinates"":[]}"
16_22_0,7949.979629904859,3,23.0,2001,"{""type"":""MultiPoint"",""coordinates"":[]}"
16_22_1,504.0176620075093,6,23.0,2001,"{""type"":""MultiPoint"",""coordinates"":[]}"
16_22_2,0.08846523626708987,11,23.0,2001,"{""type"":""MultiPoint"",""coordinates"":[]}"
16_22_3,210.1365491581398,13,23.0,2001,"{""type"":""MultiPoint"",""coordinates"":[]}"
16_22_4,49.50652932000699,15,23.0,2001,"{""type"":""MultiPoint"",""coordinates"":[]}"
16_22_5,5.637054632385247,18,23.0,2001,"{""type"":""MultiPoint"",""coordinates"":[]}"
16_22_6,9.681060485107423,21,23.0,2001,"{""type"":""MultiPoint"",""coordinates"":[]}"
16_22_7,0.18938965026855475,23,23.0,2001,"{""type"":""MultiPoint"",""coordinates"":[]}"
16_22_8,0.08398964416503919,24,23.0,2001,"{""type"":""MultiPoint"",""coordinates"":[]}"
16_22_9,0.0848776837158203,25,23.0,2001,"{""type"":""MultiPoint"",""coordinates"":[]}"
16_22_10,43.60658150714125,33,23.0,2001,"{""type"":""MultiPoint"",""coordinates"":[]}"
16_22_11,1.2697610314331056,68,23.0,2001,"{""type"":""MultiPoint"",""coordinates"":[]}"
16_23_0,104.84889621606473,3,25.0,2001,"{""type"":""MultiPoint"",""coordinates"":[]}"
16_23_1,0.005363434631347657,15,25.0,2001,"{""type"":""MultiPoint"",""coordinates"":[]}"
16_23_2,0.06614901116943356,18,25.0,2001,"{""type"":""MultiPoint"",""coordinates"":[]}"
16_23_3,0.02949862725830079,21,25.0,2001,"{""type"":""MultiPoint"",""coordinates"":[]}"
16_23_4,0.015196048400878901,25,25.0,2001,"{""type"":""MultiPoint"",""coordinates"":[]}"
16_23_5,0.6060650003051755,33,25.0,2001,"{""type"":""MultiPoint"",""coordinates"":[]}"
17_0_0,22.829202804504284,3,1.0,2002,"{""type"":""MultiPoint"",""coordinates"":[]}"
17_0_1,0.009830154968261718,25,1.0,2002,"{""type"":""MultiPoint"",""coordinates"":[]}"
17_0_2,8.936422729492187E-4,33,1.0,2002,"{""type"":""MultiPoint"",""coordinates"":[]}"
17_1_0,8828.224857954261,3,2.0,2002,"{""type"":""MultiPoint"",""coordinates"":[]}"
17_1_1,844.4554872670966,6,2.0,2002,"{""type"":""MultiPoint"",""coordinates"":[]}"
17_1_2,6.2265029897460975,11,2.0,2002,"{""type"":""MultiPoint"",""coordinates"":[]}"
17_1_3,3.7230000612182654,13,2.0,2002,"{""type"":""MultiPoint"",""coordinates"":[]}"
17_1_4,0.11257730615234374,18,2.0,2002,"{""type"":""MultiPoint"",""coordinates"":[]}"
17_1_5,0.07862492779541017,21,2.0,2002,"{""type"":""MultiPoint"",""coordinates"":[]}"
17_1_6,0.4163084055786135,24,2.0,2002,"{""type"":""MultiPoint"",""coordinates"":[]}"
17_1_7,0.0026800964965820314,25,2.0,2002,"{""type"":""MultiPoint"",""coordinates"":[]}"
17_1_8,25.926129739257767,33,2.0,2002,"{""type"":""MultiPoint"",""coordinates"":[]}"
17_2_0,9467.265160597319,3,3.0,2002,"{""type"":""MultiPoint"",""coordinates"":[]}"
17_2_1,769.7449365784742,6,3.0,2002,"{""type"":""MultiPoint"",""coordinates"":[]}"
17_2_2,60.94804693682827,11,3.0,2002,"{""type"":""MultiPoint"",""coordinates"":[]}"
17_2_3,7.151053502624513,13,3.0,2002,"{""type"":""MultiPoint"",""coordinates"":[]}"
17_2_4,19.74982602740475,18,3.0,2002,"{""type"":""MultiPoint"",""coordinates"":[]}"
17_2_5,2.174853229003906,21,3.0,2002,"{""type"":""MultiPoint"",""coordinates"":[]}"
17_2_6,0.12247139263916011,23,3.0,2002,"{""type"":""MultiPoint"",""coordinates"":[]}"
17_2_7,0.25119193957519526,25,3.0,2002,"{""type"":""MultiPoint"",""coordinates"":[]}"
17_2_8,218.53805928900263,33,3.0,2002,"{""type"":""MultiPoint"",""coordinates"":[]}"
17_2_9,0.658811409790039,68,3.0,2002,"{""type"":""MultiPoint"",""coordinates"":[]}"
17_3_0,4847.512598710171,3,4.0,2002,"{""type"":""MultiPoint"",""coordinates"":[]}"
17_3_1,536.6746196879612,6,4.0,2002,"{""type"":""MultiPoint"",""coordinates"":[]}"
17_3_2,93.32929245825075,11,4.0,2002,"{""type"":""MultiPoint"",""coordinates"":[]}"
17_3_3,2.3012983923950214,13,4.0,2002,"{""type"":""MultiPoint"",""coordinates"":[]}"
17_3_4,2.5642623380737333,18,4.0,2002,"{""type"":""MultiPoint"",""coordinates"":[]}"
17_3_5,0.0035749296874999998,21,4.0,2002,"{""type"":""MultiPoint"",""coordinates"":[]}"
17_3_6,0.046474147888183596,23,4.0,2002,"{""type"":""MultiPoint"",""coordinates"":[]}"
17_3_7,0.05273183782958985,24,4.0,2002,"{""type"":""MultiPoint"",""coordinates"":[]}"
17_3_8,112.21419128131072,33,4.0,2002,"{""type"":""MultiPoint"",""coordinates"":[]}"
17_4_0,1858.6550191270262,3,5.0,2002,"{""type"":""MultiPoint"",""coordinates"":[]}"
17_4_1,59.645221748657576,6,5.0,2002,"{""type"":""MultiPoint"",""coordinates"":[]}"
17_4_2,0.02500709185791017,11,5.0,2002,"{""type"":""MultiPoint"",""coordinates"":[]}"
17_4_3,0.13935065020751936,12,5.0,2002,"{""type"":""MultiPoint"",""coordinates"":[]}"
17_4_4,137.96730932861146,15,5.0,2002,"{""type"":""MultiPoint"",""coordinates"":[]}"
17_4_5,0.10718582128906244,18,5.0,2002,"{""type"":""MultiPoint"",""coordinates"":[]}"
17_4_6,11.298709837890618,21,5.0,2002,"{""type"":""MultiPoint"",""coordinates"":[]}"
17_4_7,4.611900929870596,23,5.0,2002,"{""type"":""MultiPoint"",""coordinates"":[]}"
17_4_8,0.027688055541992187,25,5.0,2002,"{""type"":""MultiPoint"",""coordinates"":[]}"
17_4_9,17.103294303100473,33,5.0,2002,"{""type"":""MultiPoint"",""coordinates"":[]}"
17_5_0,2554.834885095794,3,6.0,2002,"{""type"":""MultiPoint"",""coordinates"":[]}"
17_5_1,109.47215007989533,6,6.0,2002,"{""type"":""MultiPoint"",""coordinates"":[]}"
17_5_2,2.676369043273925,11,6.0,2002,"{""type"":""MultiPoint"",""coordinates"":[]}"
17_5_3,0.053547269897460927,13,6.0,2002,"{""type"":""MultiPoint"",""coordinates"":[]}"
17_5_4,9.29667220556637,18,6.0,2002,"{""type"":""MultiPoint"",""coordinates"":[]}"
17_5_5,0.06962537237548827,21,6.0,2002,"{""type"":""MultiPoint"",""coordinates"":[]}"
17_5_6,0.005353989990234375,25,6.0,2002,"{""type"":""MultiPoint"",""coordinates"":[]}"
17_5_7,4.9476715582275315,33,6.0,2002,"{""type"":""MultiPoint"",""coordinates"":[]}"
17_6_0,935.9674663032607,3,7.0,2002,"{""type"":""MultiPoint"",""coordinates"":[]}"
17_6_1,0.038433711975097685,15,7.0,2002,"{""type"":""MultiPoint"",""coordinates"":[]}"
17_6_2,1.343355009826662,21,7.0,2002,"{""type"":""MultiPoint"",""coordinates"":[]}"
17_6_3,0.3271175388183595,23,7.0,2002,"{""type"":""MultiPoint"",""coordinates"":[]}"
17_6_4,0.28243239404296894,25,7.0,2002,"{""type"":""MultiPoint"",""coordinates"":[]}"
17_6_5,3.574189495178223,33,7.0,2002,"{""type"":""MultiPoint"",""coordinates"":[]}"
17_7_0,3904.1361828031113,3,8.0,2002,"{""type"":""MultiPoint"",""coordinates"":[]}"
17_7_1,396.5642615791337,6,8.0,2002,"{""type"":""MultiPoint"",""coordinates"":[]}"
17_7_2,35.81798373389497,11,8.0,2002,"{""type"":""MultiPoint"",""coordinates"":[]}"
17_7_3,0.6579655932617249,13,8.0,2002,"{""type"":""MultiPoint"",""coordinates"":[]}"
17_7_4,49.233268467407505,15,8.0,2002,"{""type"":""MultiPoint"",""coordinates"":[]}"
17_7_5,0.03486498736572266,18,8.0,2002,"{""type"":""MultiPoint"",""coordinates"":[]}"
17_7_6,6.182691643249474,21,8.0,2002,"{""type"":""MultiPoint"",""coordinates"":[]}"
17_7_7,0.25746438952636735,23,8.0,2002,"{""type"":""MultiPoint"",""coordinates"":[]}"
17_7_8,0.12694335064697262,25,8.0,2002,"{""type"":""MultiPoint"",""coordinates"":[]}"
17_7_9,16.273809236694284,33,8.0,2002,"{""type"":""MultiPoint"",""coordinates"":[]}"
17_8_0,16.071395713623232,3,9.0,2002,"{""type"":""MultiPoint"",""coordinates"":[]}"
17_8_1,0.03663266790771484,11,9.0,2002,"{""type"":""MultiPoint"",""coordinates"":[]}"
17_8_2,14.038725711364842,13,9.0,2002,"{""type"":""MultiPoint"",""coordinates"":[]}"
17_8_3,0.004467438903808594,15,9.0,2002,"{""type"":""MultiPoint"",""coordinates"":[]}"
17_8_4,8.934894409179687E-4,21,9.0,2002,"{""type"":""MultiPoint"",""coordinates"":[]}"
17_8_5,0.3055792424926759,33,9.0,2002,"{""type"":""MultiPoint"",""coordinates"":[]}"
17_9_0,38072.524346656865,3,10.0,2002,"{""type"":""MultiPoint"",""coordinates"":[]}"
17_9_1,2978.2254236495905,6,10.0,2002,"{""type"":""MultiPoint"",""coordinates"":[]}"
17_9_2,10.377886181335489,11,10.0,2002,"{""type"":""MultiPoint"",""coordinates"":[]}"
17_9_3,21.63648242498764,12,10.0,2002,"{""type"":""MultiPoint"",""coordinates"":[]}"
17_9_4,1321.952743817889,13,10.0,2002,"{""type"":""MultiPoint"",""coordinates"":[]}"
17_9_5,3.21420817926025,15,10.0,2002,"{""type"":""MultiPoint"",""coordinates"":[]}"
17_9_6,7.313756915222156,18,10.0,2002,"{""type"":""MultiPoint"",""coordinates"":[]}"
17_9_7,5.1932654611816425,21,10.0,2002,"{""type"":""MultiPoint"",""coordinates"":[]}"
17_9_8,17.662362226867565,23,10.0,2002,"{""type"":""MultiPoint"",""coordinates"":[]}"
17_9_9,0.1832638355102539,24,10.0,2002,"{""type"":""MultiPoint"",""coordinates"":[]}"
17_9_10,0.8143742037963884,25,10.0,2002,"{""type"":""MultiPoint"",""coordinates"":[]}"
17_9_11,255.45297875469885,33,10.0,2002,"{""type"":""MultiPoint"",""coordinates"":[]}"
17_10_0,5299.871148671261,3,11.0,2002,"{""type"":""MultiPoint"",""coordinates"":[]}"
17_10_1,342.04330944239143,6,11.0,2002,"{""type"":""MultiPoint"",""coordinates"":[]}"
17_10_2,1.5720045204467792,11,11.0,2002,"{""type"":""MultiPoint"",""coordinates"":[]}"
17_10_3,77.58332134344452,12,11.0,2002,"{""type"":""MultiPoint"",""coordinates"":[]}"
17_10_4,116.53784677038418,13,11.0,2002,"{""type"":""MultiPoint"",""coordinates"":[]}"
17_10_5,272.28000572076076,15,11.0,2002,"{""type"":""MultiPoint"",""coordinates"":[]}"
17_10_6,0.19739778839111327,18,11.0,2002,"{""type"":""MultiPoint"",""coordinates"":[]}"
17_10_7,71.63094919250474,21,11.0,2002,"{""type"":""MultiPoint"",""coordinates"":[]}"
17_10_8,1.9156462645874028,23,11.0,2002,"{""type"":""MultiPoint"",""coordinates"":[]}"
17_10_9,1.9925265299682617,25,11.0,2002,"{""type"":""MultiPoint"",""coordinates"":[]}"
17_10_10,33.50628837536604,33,11.0,2002,"{""type"":""MultiPoint"",""coordinates"":[]}"
17_11_0,559.1739890921214,3,12.0,2002,"{""type"":""MultiPoint"",""coordinates"":[]}"
17_11_1,0.10544770898437489,11,12.0,2002,"{""type"":""MultiPoint"",""coordinates"":[]}"
17_11_2,25.274870605285468,13,12.0,2002,"{""type"":""MultiPoint"",""coordinates"":[]}"
17_11_3,0.020554454711914062,15,12.0,2002,"{""type"":""MultiPoint"",""coordinates"":[]}"
17_11_4,0.7685554072265621,21,12.0,2002,"{""type"":""MultiPoint"",""coordinates"":[]}"
17_11_5,0.09383382452392576,23,12.0,2002,"{""type"":""MultiPoint"",""coordinates"":[]}"
17_11_6,0.03395906195068359,25,12.0,2002,"{""type"":""MultiPoint"",""coordinates"":[]}"
17_11_7,0.4423749487304686,33,12.0,2002,"{""type"":""MultiPoint"",""coordinates"":[]}"
17_11_8,0.8078797313842764,68,12.0,2002,"{""type"":""MultiPoint"",""coordinates"":[]}"
17_12_0,0.8247270380249118,11,13.0,2002,"{""type"":""MultiPoint"",""coordinates"":[]}"
17_12_1,0.2965805648803709,12,13.0,2002,"{""type"":""MultiPoint"",""coordinates"":[]}"
17_13_0,899.1555777113925,3,14.0,2002,"{""type"":""MultiPoint"",""coordinates"":[]}"
17_13_1,614.0844987548134,13,14.0,2002,"{""type"":""MultiPoint"",""coordinates"":[]}"
17_13_2,3.7250144893798844,15,14.0,2002,"{""type"":""MultiPoint"",""coordinates"":[]}"
17_13_3,0.14092988354492186,18,14.0,2002,"{""type"":""MultiPoint"",""coordinates"":[]}"
17_13_4,14.399965425964053,21,14.0,2002,"{""type"":""MultiPoint"",""coordinates"":[]}"
17_13_5,0.06868518200683596,23,14.0,2002,"{""type"":""MultiPoint"",""coordinates"":[]}"
17_13_6,0.0053517734374999995,25,14.0,2002,"{""type"":""MultiPoint"",""coordinates"":[]}"
17_13_7,6.805563180786112,33,14.0,2002,"{""type"":""MultiPoint"",""coordinates"":[]}"
17_13_8,0.9142559617309554,68,14.0,2002,"{""type"":""MultiPoint"",""coordinates"":[]}"
17_14_0,756.8479327420732,3,15.0,2002,"{""type"":""MultiPoint"",""coordinates"":[]}"
17_14_1,0.8070292036132811,15,15.0,2002,"{""type"":""MultiPoint"",""coordinates"":[]}"
17_14_2,5.8591306443481415,21,15.0,2002,"{""type"":""MultiPoint"",""coordinates"":[]}"
17_14_3,0.26095745220947264,23,15.0,2002,"{""type"":""MultiPoint"",""coordinates"":[]}"
17_14_4,0.25291990533447245,25,15.0,2002,"{""type"":""MultiPoint"",""coordinates"":[]}"
17_14_5,0.0062558970947265615,30,15.0,2002,"{""type"":""MultiPoint"",""coordinates"":[]}"
17_14_6,0.14925084387207024,33,15.0,2002,"{""type"":""MultiPoint"",""coordinates"":[]}"
17_15_0,2779.308585971517,3,16.0,2002,"{""type"":""MultiPoint"",""coordinates"":[]}"
17_15_1,4.974365958129866,6,16.0,2002,"{""type"":""MultiPoint"",""coordinates"":[]}"
17_15_2,24.95498192163076,13,16.0,2002,"{""type"":""MultiPoint"",""coordinates"":[]}"
17_15_3,54.89874612146107,15,16.0,2002,"{""type"":""MultiPoint"",""coordinates"":[]}"
17_15_4,6.787436056213358,21,16.0,2002,"{""type"":""MultiPoint"",""coordinates"":[]}"
17_15_5,4.327878002990731,23,16.0,2002,"{""type"":""MultiPoint"",""coordinates"":[]}"
17_15_6,0.038399650512695324,25,16.0,2002,"{""type"":""MultiPoint"",""coordinates"":[]}"
17_15_7,6.259333697387702,33,16.0,2002,"{""type"":""MultiPoint"",""coordinates"":[]}"
17_15_8,0.2036057304077149,68,16.0,2002,"{""type"":""MultiPoint"",""coordinates"":[]}"
17_16_0,0.280652548156739,3,17.0,2002,"{""type"":""MultiPoint"",""coordinates"":[]}"
17_17_0,340.819636208589,3,18.0,2002,"{""type"":""MultiPoint"",""coordinates"":[]}"
17_17_1,6.993681696716334,13,18.0,2002,"{""type"":""MultiPoint"",""coordinates"":[]}"
17_17_2,4.827294563171392,15,18.0,2002,"{""type"":""MultiPoint"",""coordinates"":[]}"
17_17_3,21.76428286315893,21,18.0,2002,"{""type"":""MultiPoint"",""coordinates"":[]}"
17_17_4,0.861596761779784,23,18.0,2002,"{""type"":""MultiPoint"",""coordinates"":[]}"
17_17_5,0.5702235805664062,25,18.0,2002,"{""type"":""MultiPoint"",""coordinates"":[]}"
17_17_6,0.36644723187255873,33,18.0,2002,"{""type"":""MultiPoint"",""coordinates"":[]}"
17_17_7,1.6534761303710939,68,18.0,2002,"{""type"":""MultiPoint"",""coordinates"":[]}"
17_18_0,314.3106697467936,3,19.0,2002,"{""type"":""MultiPoint"",""coordinates"":[]}"
17_18_1,21.37274037695335,11,19.0,2002,"{""type"":""MultiPoint"",""coordinates"":[]}"
17_18_2,54.35080699798464,13,19.0,2002,"{""type"":""MultiPoint"",""coordinates"":[]}"
17_18_3,0.541639527465819,15,19.0,2002,"{""type"":""MultiPoint"",""coordinates"":[]}"
17_18_4,7.785932151001162,18,19.0,2002,"{""type"":""MultiPoint"",""coordinates"":[]}"
17_18_5,59.70257107599046,21,19.0,2002,"{""type"":""MultiPoint"",""coordinates"":[]}"
17_18_6,0.24847772766113257,24,19.0,2002,"{""type"":""MultiPoint"",""coordinates"":[]}"
17_18_7,0.014301582214355471,25,19.0,2002,"{""type"":""MultiPoint"",""coordinates"":[]}"
17_18_8,0.053631939392089836,27,19.0,2002,"{""type"":""MultiPoint"",""coordinates"":[]}"
17_18_9,41.71628492541661,33,19.0,2002,"{""type"":""MultiPoint"",""coordinates"":[]}"
17_19_0,124.67210498126637,3,20.0,2002,"{""type"":""MultiPoint"",""coordinates"":[]}"
17_19_1,20.420770855102813,6,20.0,2002,"{""type"":""MultiPoint"",""coordinates"":[]}"
17_19_2,0.3778001590576175,11,20.0,2002,"{""type"":""MultiPoint"",""coordinates"":[]}"
17_19_3,68.02197491778365,13,20.0,2002,"{""type"":""MultiPoint"",""coordinates"":[]}"
17_19_4,61.111451526915374,15,20.0,2002,"{""type"":""MultiPoint"",""coordinates"":[]}"
17_19_5,0.03215335217285156,18,20.0,2002,"{""type"":""MultiPoint"",""coordinates"":[]}"
17_19_6,8.710733365295377,21,20.0,2002,"{""type"":""MultiPoint"",""coordinates"":[]}"
17_19_7,0.03483021545410158,23,20.0,2002,"{""type"":""MultiPoint"",""coordinates"":[]}"
17_19_8,0.4260271156616203,25,20.0,2002,"{""type"":""MultiPoint"",""coordinates"":[]}"
17_19_9,0.5144171045532222,33,20.0,2002,"{""type"":""MultiPoint"",""coordinates"":[]}"
17_20_0,49.729915519961175,3,21.0,2002,"{""type"":""MultiPoint"",""coordinates"":[]}"
17_20_1,0.0133992294921875,6,21.0,2002,"{""type"":""MultiPoint"",""coordinates"":[]}"
17_20_2,0.0035731162109375,13,21.0,2002,"{""type"":""MultiPoint"",""coordinates"":[]}"
17_20_3,20.43480252771003,15,21.0,2002,"{""type"":""MultiPoint"",""coordinates"":[]}"
17_20_4,0.600260438781739,21,21.0,2002,"{""type"":""MultiPoint"",""coordinates"":[]}"
17_20_5,0.004466279541015625,25,21.0,2002,"{""type"":""MultiPoint"",""coordinates"":[]}"
17_21_0,9892.501305670801,3,22.0,2002,"{""type"":""MultiPoint"",""coordinates"":[]}"
17_21_1,889.833879085594,6,22.0,2002,"{""type"":""MultiPoint"",""coordinates"":[]}"
17_21_2,4.676638995910634,11,22.0,2002,"{""type"":""MultiPoint"",""coordinates"":[]}"
17_21_3,23.364121857910103,13,22.0,2002,"{""type"":""MultiPoint"",""coordinates"":[]}"
17_21_4,36.8977278884886,18,22.0,2002,"{""type"":""MultiPoint"",""coordinates"":[]}"
17_21_5,5.285285231445316,21,22.0,2002,"{""type"":""MultiPoint"",""coordinates"":[]}"
17_21_6,1.1387247250976549,23,22.0,2002,"{""type"":""MultiPoint"",""coordinates"":[]}"
17_21_7,0.16790453552246093,24,22.0,2002,"{""type"":""MultiPoint"",""coordinates"":[]}"
17_21_8,2.174314292236327,25,22.0,2002,"{""type"":""MultiPoint"",""coordinates"":[]}"
17_21_9,21.68030835235589,29,22.0,2002,"{""type"":""MultiPoint"",""coordinates"":[]}"
17_21_10,0.045569700256347656,30,22.0,2002,"{""type"":""MultiPoint"",""coordinates"":[]}"
17_21_11,82.92690800885036,33,22.0,2002,"{""type"":""MultiPoint"",""coordinates"":[]}"
17_21_12,3.4057917860107434,68,22.0,2002,"{""type"":""MultiPoint"",""coordinates"":[]}"
17_22_0,7979.981968840365,3,23.0,2002,"{""type"":""MultiPoint"",""coordinates"":[]}"
17_22_1,469.0322460607923,6,23.0,2002,"{""type"":""MultiPoint"",""coordinates"":[]}"
17_22_2,0.08846523626708987,11,23.0,2002,"{""type"":""MultiPoint"",""coordinates"":[]}"
17_22_3,210.0668219879129,13,23.0,2002,"{""type"":""MultiPoint"",""coordinates"":[]}"
17_22_4,54.682666175536816,15,23.0,2002,"{""type"":""MultiPoint"",""coordinates"":[]}"
17_22_5,5.729077381042475,18,23.0,2002,"{""type"":""MultiPoint"",""coordinates"":[]}"
17_22_6,9.369293566162108,21,23.0,2002,"{""type"":""MultiPoint"",""coordinates"":[]}"
17_22_7,0.18224418029785172,23,23.0,2002,"{""type"":""MultiPoint"",""coordinates"":[]}"
17_22_8,0.08577665936279309,24,23.0,2002,"{""type"":""MultiPoint"",""coordinates"":[]}"
17_22_9,0.10721627166748046,25,23.0,2002,"{""type"":""MultiPoint"",""coordinates"":[]}"
17_22_10,43.79950204809594,33,23.0,2002,"{""type"":""MultiPoint"",""coordinates"":[]}"
17_22_11,1.1562718535156264,68,23.0,2002,"{""type"":""MultiPoint"",""coordinates"":[]}"
17_23_0,104.85962296020534,3,25.0,2002,"{""type"":""MultiPoint"",""coordinates"":[]}"
17_23_1,0.015196490600585937,15,25.0,2002,"{""type"":""MultiPoint"",""coordinates"":[]}"
17_23_2,0.055422120178222636,18,25.0,2002,"{""type"":""MultiPoint"",""coordinates"":[]}"
17_23_3,0.034862000427246104,21,25.0,2002,"{""type"":""MultiPoint"",""coordinates"":[]}"
17_23_4,0.01608993365478515,25,25.0,2002,"{""type"":""MultiPoint"",""coordinates"":[]}"
17_23_5,0.5899748327636716,33,25.0,2002,"{""type"":""MultiPoint"",""coordinates"":[]}"
18_0_0,22.83724567260731,3,1.0,2003,"{""type"":""MultiPoint"",""coordinates"":[]}"
18_0_1,0.001787286865234375,25,1.0,2003,"{""type"":""MultiPoint"",""coordinates"":[]}"
18_0_2,8.936422729492187E-4,33,1.0,2003,"{""type"":""MultiPoint"",""coordinates"":[]}"
18_1_0,8845.546024155597,3,2.0,2003,"{""type"":""MultiPoint"",""coordinates"":[]}"
18_1_1,827.9965322927856,6,2.0,2003,"{""type"":""MultiPoint"",""coordinates"":[]}"
18_1_2,5.842322649353031,11,2.0,2003,"{""type"":""MultiPoint"",""coordinates"":[]}"
18_1_3,3.3083995860595734,13,2.0,2003,"{""type"":""MultiPoint"",""coordinates"":[]}"
18_1_4,0.1018557803955078,18,2.0,2003,"{""type"":""MultiPoint"",""coordinates"":[]}"
18_1_5,0.07594530871582027,21,2.0,2003,"{""type"":""MultiPoint"",""coordinates"":[]}"
18_1_6,0.3814672380981445,24,2.0,2003,"{""type"":""MultiPoint"",""coordinates"":[]}"
18_1_7,0.05717454486083987,25,2.0,2003,"{""type"":""MultiPoint"",""coordinates"":[]}"
18_1_8,25.85644719189445,33,2.0,2003,"{""type"":""MultiPoint"",""coordinates"":[]}"
18_2_0,9458.635388391187,3,3.0,2003,"{""type"":""MultiPoint"",""coordinates"":[]}"
18_2_1,776.909672270498,6,3.0,2003,"{""type"":""MultiPoint"",""coordinates"":[]}"
18_2_2,61.61398677459695,11,3.0,2003,"{""type"":""MultiPoint"",""coordinates"":[]}"
18_2_3,7.768731547729467,13,3.0,2003,"{""type"":""MultiPoint"",""coordinates"":[]}"
18_2_4,21.461611027587807,18,3.0,2003,"{""type"":""MultiPoint"",""coordinates"":[]}"
18_2_5,1.3283114500732427,21,3.0,2003,"{""type"":""MultiPoint"",""coordinates"":[]}"
18_2_6,0.26906771221923836,23,3.0,2003,"{""type"":""MultiPoint"",""coordinates"":[]}"
18_2_7,0.227945508605957,25,3.0,2003,"{""type"":""MultiPoint"",""coordinates"":[]}"
18_2_8,218.3896962202772,33,3.0,2003,"{""type"":""MultiPoint"",""coordinates"":[]}"
18_3_0,4850.9600461977325,3,4.0,2003,"{""type"":""MultiPoint"",""coordinates"":[]}"
18_3_1,553.1259226170558,6,4.0,2003,"{""type"":""MultiPoint"",""coordinates"":[]}"
18_3_2,74.44399355834884,11,4.0,2003,"{""type"":""MultiPoint"",""coordinates"":[]}"
18_3_3,1.5220007744140613,13,4.0,2003,"{""type"":""MultiPoint"",""coordinates"":[]}"
18_3_4,2.5848247902832107,18,4.0,2003,"{""type"":""MultiPoint"",""coordinates"":[]}"
18_3_5,0.008937042724609375,21,4.0,2003,"{""type"":""MultiPoint"",""coordinates"":[]}"
18_3_6,4.697618272888187,23,4.0,2003,"{""type"":""MultiPoint"",""coordinates"":[]}"
18_3_7,0.06345697723388673,24,4.0,2003,"{""type"":""MultiPoint"",""coordinates"":[]}"
18_3_8,0.15552251885986323,25,4.0,2003,"{""type"":""MultiPoint"",""coordinates"":[]}"
18_3_9,107.13672103405727,33,4.0,2003,"{""type"":""MultiPoint"",""coordinates"":[]}"
18_4_0,1852.4726447841826,3,5.0,2003,"{""type"":""MultiPoint"",""coordinates"":[]}"
18_4_1,61.970882471313416,6,5.0,2003,"{""type"":""MultiPoint"",""coordinates"":[]}"
18_4_2,0.02857953216552736,11,5.0,2003,"{""type"":""MultiPoint"",""coordinates"":[]}"
18_4_3,0.11255244830322261,12,5.0,2003,"{""type"":""MultiPoint"",""coordinates"":[]}"
18_4_4,0.00178655517578125,13,5.0,2003,"{""type"":""MultiPoint"",""coordinates"":[]}"
18_4_5,139.39264109820473,15,5.0,2003,"{""type"":""MultiPoint"",""coordinates"":[]}"
18_4_6,0.050912501647949214,18,5.0,2003,"{""type"":""MultiPoint"",""coordinates"":[]}"
18_4_7,13.66576861865229,21,5.0,2003,"{""type"":""MultiPoint"",""coordinates"":[]}"
18_4_8,5.848935875244132,23,5.0,2003,"{""type"":""MultiPoint"",""coordinates"":[]}"
18_4_9,0.03483727453613282,25,5.0,2003,"{""type"":""MultiPoint"",""coordinates"":[]}"
18_4_10,16.001145734619172,33,5.0,2003,"{""type"":""MultiPoint"",""coordinates"":[]}"
18_5_0,2552.547898820948,3,6.0,2003,"{""type"":""MultiPoint"",""coordinates"":[]}"
18_5_1,110.48439570471334,6,6.0,2003,"{""type"":""MultiPoint"",""coordinates"":[]}"
18_5_2,2.6121083882446285,11,6.0,2003,"{""type"":""MultiPoint"",""coordinates"":[]}"
18_5_3,0.4068760807495118,13,6.0,2003,"{""type"":""MultiPoint"",""coordinates"":[]}"
18_5_4,10.391211494506846,18,6.0,2003,"{""type"":""MultiPoint"",""coordinates"":[]}"
18_5_5,0.048198547973632815,21,6.0,2003,"{""type"":""MultiPoint"",""coordinates"":[]}"
18_5_6,0.007139377197265625,25,6.0,2003,"{""type"":""MultiPoint"",""coordinates"":[]}"
18_5_7,4.858446200683586,33,6.0,2003,"{""type"":""MultiPoint"",""coordinates"":[]}"
18_6_0,936.0255575134659,3,7.0,2003,"{""type"":""MultiPoint"",""coordinates"":[]}"
18_6_1,0.04915949291992191,15,7.0,2003,"{""type"":""MultiPoint"",""coordinates"":[]}"
18_6_2,1.494404243286134,21,7.0,2003,"{""type"":""MultiPoint"",""coordinates"":[]}"
18_6_3,0.11618736047363279,23,7.0,2003,"{""type"":""MultiPoint"",""coordinates"":[]}"
18_6_4,0.2502567369995119,25,7.0,2003,"{""type"":""MultiPoint"",""coordinates"":[]}"
18_6_5,3.5974291059570307,33,7.0,2003,"{""type"":""MultiPoint"",""coordinates"":[]}"
18_7_0,3910.596969421316,3,8.0,2003,"{""type"":""MultiPoint"",""coordinates"":[]}"
18_7_1,389.1192615759002,6,8.0,2003,"{""type"":""MultiPoint"",""coordinates"":[]}"
18_7_2,35.53369677558193,11,8.0,2003,"{""type"":""MultiPoint"",""coordinates"":[]}"
18_7_3,0.6829968898315518,13,8.0,2003,"{""type"":""MultiPoint"",""coordinates"":[]}"
18_7_4,50.43740410034134,15,8.0,2003,"{""type"":""MultiPoint"",""coordinates"":[]}"
18_7_5,0.06526014813232424,18,8.0,2003,"{""type"":""MultiPoint"",""coordinates"":[]}"
18_7_6,5.810794484436027,21,8.0,2003,"{""type"":""MultiPoint"",""coordinates"":[]}"
18_7_7,0.13945988873291024,23,8.0,2003,"{""type"":""MultiPoint"",""coordinates"":[]}"
18_7_8,0.27355227990722664,25,8.0,2003,"{""type"":""MultiPoint"",""coordinates"":[]}"
18_7_9,16.62604021990974,33,8.0,2003,"{""type"":""MultiPoint"",""coordinates"":[]}"
18_8_0,16.105348557129126,3,9.0,2003,"{""type"":""MultiPoint"",""coordinates"":[]}"
18_8_1,0.035739195556640624,11,9.0,2003,"{""type"":""MultiPoint"",""coordinates"":[]}"
18_8_2,14.00566634021007,13,9.0,2003,"{""type"":""MultiPoint"",""coordinates"":[]}"
18_8_3,0.004467438903808594,15,9.0,2003,"{""type"":""MultiPoint"",""coordinates"":[]}"
18_8_4,8.934894409179687E-4,21,9.0,2003,"{""type"":""MultiPoint"",""coordinates"":[]}"
18_8_5,0.3055792424926759,33,9.0,2003,"{""type"":""MultiPoint"",""coordinates"":[]}"
18_9_0,38021.06942354812,3,10.0,2003,"{""type"":""MultiPoint"",""coordinates"":[]}"
18_9_1,3021.512701369571,6,10.0,2003,"{""type"":""MultiPoint"",""coordinates"":[]}"
18_9_2,10.073031251586944,11,10.0,2003,"{""type"":""MultiPoint"",""coordinates"":[]}"
18_9_3,20.293972649779636,12,10.0,2003,"{""type"":""MultiPoint"",""coordinates"":[]}"
18_9_4,1322.9118352079404,13,10.0,2003,"{""type"":""MultiPoint"",""coordinates"":[]}"
18_9_5,3.5234025629882764,15,10.0,2003,"{""type"":""MultiPoint"",""coordinates"":[]}"
18_9_6,7.623926476867661,18,10.0,2003,"{""type"":""MultiPoint"",""coordinates"":[]}"
18_9_7,5.1879872365722655,21,10.0,2003,"{""type"":""MultiPoint"",""coordinates"":[]}"
18_9_8,25.3337999193725,23,10.0,2003,"{""type"":""MultiPoint"",""coordinates"":[]}"
18_9_9,0.1832638355102539,24,10.0,2003,"{""type"":""MultiPoint"",""coordinates"":[]}"
18_9_10,0.8188439443969743,25,10.0,2003,"{""type"":""MultiPoint"",""coordinates"":[]}"
18_9_11,256.0189043044424,33,10.0,2003,"{""type"":""MultiPoint"",""coordinates"":[]}"
18_10_0,5284.4729266907825,3,11.0,2003,"{""type"":""MultiPoint"",""coordinates"":[]}"
18_10_1,343.53586540436197,6,11.0,2003,"{""type"":""MultiPoint"",""coordinates"":[]}"
18_10_2,1.4853655028076185,11,11.0,2003,"{""type"":""MultiPoint"",""coordinates"":[]}"
18_10_3,77.86290627459688,12,11.0,2003,"{""type"":""MultiPoint"",""coordinates"":[]}"
18_10_4,117.22918385491793,13,11.0,2003,"{""type"":""MultiPoint"",""coordinates"":[]}"
18_10_5,290.5508659760709,15,11.0,2003,"{""type"":""MultiPoint"",""coordinates"":[]}"
18_10_6,0.04734129864501956,18,11.0,2003,"{""type"":""MultiPoint"",""coordinates"":[]}"
18_10_7,67.88022835766587,21,11.0,2003,"{""type"":""MultiPoint"",""coordinates"":[]}"
18_10_8,5.560848922424328,23,11.0,2003,"{""type"":""MultiPoint"",""coordinates"":[]}"
18_10_9,0.5385127807006833,25,11.0,2003,"{""type"":""MultiPoint"",""coordinates"":[]}"
18_10_10,29.966399556640553,33,11.0,2003,"{""type"":""MultiPoint"",""coordinates"":[]}"
18_11_0,559.1686317326271,3,12.0,2003,"{""type"":""MultiPoint"",""coordinates"":[]}"
18_11_1,0.10455403247070301,11,12.0,2003,"{""type"":""MultiPoint"",""coordinates"":[]}"
18_11_2,25.544751392517142,13,12.0,2003,"{""type"":""MultiPoint"",""coordinates"":[]}"
18_11_3,0.022341793090820312,15,12.0,2003,"{""type"":""MultiPoint"",""coordinates"":[]}"
18_11_4,0.8766915625610344,21,12.0,2003,"{""type"":""MultiPoint"",""coordinates"":[]}"
18_11_5,0.04021537689208982,23,12.0,2003,"{""type"":""MultiPoint"",""coordinates"":[]}"
18_11_6,0.02055405169677734,25,12.0,2003,"{""type"":""MultiPoint"",""coordinates"":[]}"
18_11_7,0.4951010873413084,33,12.0,2003,"{""type"":""MultiPoint"",""coordinates"":[]}"
18_11_8,0.4486238057250981,68,12.0,2003,"{""type"":""MultiPoint"",""coordinates"":[]}"
18_12_0,0.542396201599121,11,13.0,2003,"{""type"":""MultiPoint"",""coordinates"":[]}"
18_12_1,0.5789114013061508,12,13.0,2003,"{""type"":""MultiPoint"",""coordinates"":[]}"
18_13_0,899.4464298160683,3,14.0,2003,"{""type"":""MultiPoint"",""coordinates"":[]}"
18_13_1,613.964975466727,13,14.0,2003,"{""type"":""MultiPoint"",""coordinates"":[]}"
18_13_2,3.629569293945318,15,14.0,2003,"{""type"":""MultiPoint"",""coordinates"":[]}"
18_13_3,0.1444995817260741,18,14.0,2003,"{""type"":""MultiPoint"",""coordinates"":[]}"
18_13_4,14.3098111528317,21,14.0,2003,"{""type"":""MultiPoint"",""coordinates"":[]}"
18_13_5,0.07671371826171877,23,14.0,2003,"{""type"":""MultiPoint"",""coordinates"":[]}"
18_13_6,0.0053517734374999995,25,14.0,2003,"{""type"":""MultiPoint"",""coordinates"":[]}"
18_13_7,6.801098257690413,33,14.0,2003,"{""type"":""MultiPoint"",""coordinates"":[]}"
18_13_8,0.9213933023681631,68,14.0,2003,"{""type"":""MultiPoint"",""coordinates"":[]}"
18_14_0,756.4314718539443,3,15.0,2003,"{""type"":""MultiPoint"",""coordinates"":[]}"
18_14_1,0.9464468305053708,15,15.0,2003,"{""type"":""MultiPoint"",""coordinates"":[]}"
18_14_2,6.326532495971674,21,15.0,2003,"{""type"":""MultiPoint"",""coordinates"":[]}"
18_14_3,0.14924631762695312,23,15.0,2003,"{""type"":""MultiPoint"",""coordinates"":[]}"
18_14_4,0.178740953125,25,15.0,2003,"{""type"":""MultiPoint"",""coordinates"":[]}"
18_14_5,0.0062558970947265615,30,15.0,2003,"{""type"":""MultiPoint"",""coordinates"":[]}"
18_14_6,0.144782340270996,33,15.0,2003,"{""type"":""MultiPoint"",""coordinates"":[]}"
18_15_0,2777.0955810540545,3,16.0,2003,"{""type"":""MultiPoint"",""coordinates"":[]}"
18_15_1,5.244068413391097,6,16.0,2003,"{""type"":""MultiPoint"",""coordinates"":[]}"
18_15_2,25.02730895483391,13,16.0,2003,"{""type"":""MultiPoint"",""coordinates"":[]}"
18_15_3,55.69178980615392,15,16.0,2003,"{""type"":""MultiPoint"",""coordinates"":[]}"
18_15_4,7.893045562255841,21,16.0,2003,"{""type"":""MultiPoint"",""coordinates"":[]}"
18_15_5,3.933193453063972,23,16.0,2003,"{""type"":""MultiPoint"",""coordinates"":[]}"
18_15_6,0.021431591308593758,25,16.0,2003,"{""type"":""MultiPoint"",""coordinates"":[]}"
18_15_7,6.655810670349125,33,16.0,2003,"{""type"":""MultiPoint"",""coordinates"":[]}"
18_15_8,0.19110360479736313,68,16.0,2003,"{""type"":""MultiPoint"",""coordinates"":[]}"
18_16_0,0.280652548156739,3,17.0,2003,"{""type"":""MultiPoint"",""coordinates"":[]}"
18_17_0,340.1886414354543,3,18.0,2003,"{""type"":""MultiPoint"",""coordinates"":[]}"
18_17_1,7.178691941467358,13,18.0,2003,"{""type"":""MultiPoint"",""coordinates"":[]}"
18_17_2,4.513575166259777,15,18.0,2003,"{""type"":""MultiPoint"",""coordinates"":[]}"
18_17_3,23.34804467456039,21,18.0,2003,"{""type"":""MultiPoint"",""coordinates"":[]}"
18_17_4,0.6292159942016595,23,18.0,2003,"{""type"":""MultiPoint"",""coordinates"":[]}"
18_17_5,0.5541370035400391,25,18.0,2003,"{""type"":""MultiPoint"",""coordinates"":[]}"
18_17_6,0.3709161182861329,33,18.0,2003,"{""type"":""MultiPoint"",""coordinates"":[]}"
18_17_7,1.0734167024536128,68,18.0,2003,"{""type"":""MultiPoint"",""coordinates"":[]}"
18_18_0,315.75684786714385,3,19.0,2003,"{""type"":""MultiPoint"",""coordinates"":[]}"
18_18_1,21.28335525665303,11,19.0,2003,"{""type"":""MultiPoint"",""coordinates"":[]}"
18_18_2,53.78232499029446,13,19.0,2003,"{""type"":""MultiPoint"",""coordinates"":[]}"
18_18_3,0.47549913531494,15,19.0,2003,"{""type"":""MultiPoint"",""coordinates"":[]}"
18_18_4,6.128797465637238,18,19.0,2003,"{""type"":""MultiPoint"",""coordinates"":[]}"
18_18_5,60.43463862805329,21,19.0,2003,"{""type"":""MultiPoint"",""coordinates"":[]}"
18_18_6,0.2502653290405271,24,19.0,2003,"{""type"":""MultiPoint"",""coordinates"":[]}"
18_18_7,0.061674791992187464,25,19.0,2003,"{""type"":""MultiPoint"",""coordinates"":[]}"
18_18_8,0.053631939392089836,27,19.0,2003,"{""type"":""MultiPoint"",""coordinates"":[]}"
18_18_9,41.870020647340716,33,19.0,2003,"{""type"":""MultiPoint"",""coordinates"":[]}"
18_19_0,124.3362839237697,3,20.0,2003,"{""type"":""MultiPoint"",""coordinates"":[]}"
18_19_1,19.77414658459522,6,20.0,2003,"{""type"":""MultiPoint"",""coordinates"":[]}"
18_19_2,0.38494515594482454,11,20.0,2003,"{""type"":""MultiPoint"",""coordinates"":[]}"
18_19_3,67.92639513982911,13,20.0,2003,"{""type"":""MultiPoint"",""coordinates"":[]}"
18_19_4,62.454756879881856,15,20.0,2003,"{""type"":""MultiPoint"",""coordinates"":[]}"
18_19_5,0.165232069580078,18,20.0,2003,"{""type"":""MultiPoint"",""coordinates"":[]}"
18_19_6,8.43116345886228,21,20.0,2003,"{""type"":""MultiPoint"",""coordinates"":[]}"
18_19_7,0.1348551598510743,23,20.0,2003,"{""type"":""MultiPoint"",""coordinates"":[]}"
18_19_8,0.28669679083251953,25,20.0,2003,"{""type"":""MultiPoint"",""coordinates"":[]}"
18_19_9,0.4277884301147453,33,20.0,2003,"{""type"":""MultiPoint"",""coordinates"":[]}"
18_20_0,48.69374965484819,3,21.0,2003,"{""type"":""MultiPoint"",""coordinates"":[]}"
18_20_1,0.0133992294921875,6,21.0,2003,"{""type"":""MultiPoint"",""coordinates"":[]}"
18_20_2,21.4272003842774,15,21.0,2003,"{""type"":""MultiPoint"",""coordinates"":[]}"
18_20_3,0.6520678430786145,21,21.0,2003,"{""type"":""MultiPoint"",""coordinates"":[]}"
18_21_0,9905.846510082389,3,22.0,2003,"{""type"":""MultiPoint"",""coordinates"":[]}"
18_21_1,879.0143665111912,6,22.0,2003,"{""type"":""MultiPoint"",""coordinates"":[]}"
18_21_2,4.666804263122544,11,22.0,2003,"{""type"":""MultiPoint"",""coordinates"":[]}"
18_21_3,23.639140905639653,13,22.0,2003,"{""type"":""MultiPoint"",""coordinates"":[]}"
18_21_4,37.7494312285154,18,22.0,2003,"{""type"":""MultiPoint"",""coordinates"":[]}"
18_21_5,4.9646700114135776,21,22.0,2003,"{""type"":""MultiPoint"",""coordinates"":[]}"
18_21_6,0.6698830309448238,23,22.0,2003,"{""type"":""MultiPoint"",""coordinates"":[]}"
18_21_7,0.18308483013916016,24,22.0,2003,"{""type"":""MultiPoint"",""coordinates"":[]}"
18_21_8,2.2984052576293923,25,22.0,2003,"{""type"":""MultiPoint"",""coordinates"":[]}"
18_21_9,21.02729877612298,29,22.0,2003,"{""type"":""MultiPoint"",""coordinates"":[]}"
18_21_10,0.05718563220214845,30,22.0,2003,"{""type"":""MultiPoint"",""coordinates"":[]}"
18_21_11,80.9376515200808,33,22.0,2003,"{""type"":""MultiPoint"",""coordinates"":[]}"
18_21_12,3.044048081176758,68,22.0,2003,"{""type"":""MultiPoint"",""coordinates"":[]}"
18_22_0,7957.215444527533,3,23.0,2003,"{""type"":""MultiPoint"",""coordinates"":[]}"
18_22_1,485.0225725938763,6,23.0,2003,"{""type"":""MultiPoint"",""coordinates"":[]}"
18_22_2,0.08489075823974611,11,23.0,2003,"{""type"":""MultiPoint"",""coordinates"":[]}"
18_22_3,209.35470232208144,13,23.0,2003,"{""type"":""MultiPoint"",""coordinates"":[]}"
18_22_4,60.90139861029073,15,23.0,2003,"{""type"":""MultiPoint"",""coordinates"":[]}"
18_22_5,6.064093708984368,18,23.0,2003,"{""type"":""MultiPoint"",""coordinates"":[]}"
18_22_6,9.054816221130366,21,23.0,2003,"{""type"":""MultiPoint"",""coordinates"":[]}"
18_22_7,0.29125097900390606,23,23.0,2003,"{""type"":""MultiPoint"",""coordinates"":[]}"
18_22_8,0.08577665850830091,24,23.0,2003,"{""type"":""MultiPoint"",""coordinates"":[]}"
18_22_9,0.8827615226440431,25,23.0,2003,"{""type"":""MultiPoint"",""coordinates"":[]}"
18_22_10,44.032633992309734,33,23.0,2003,"{""type"":""MultiPoint"",""coordinates"":[]}"
18_22_11,1.2912083663940455,68,23.0,2003,"{""type"":""MultiPoint"",""coordinates"":[]}"
18_23_0,104.86319790679948,3,25.0,2003,"{""type"":""MultiPoint"",""coordinates"":[]}"
18_23_1,0.01340869055175781,15,25.0,2003,"{""type"":""MultiPoint"",""coordinates"":[]}"
18_23_2,0.07151251171874995,18,25.0,2003,"{""type"":""MultiPoint"",""coordinates"":[]}"
18_23_3,0.06614870062255858,21,25.0,2003,"{""type"":""MultiPoint"",""coordinates"":[]}"
18_23_4,0.006257324951171875,23,25.0,2003,"{""type"":""MultiPoint"",""coordinates"":[]}"
18_23_5,0.5506432031860349,33,25.0,2003,"{""type"":""MultiPoint"",""coordinates"":[]}"
19_0_0,22.83724567260731,3,1.0,2004,"{""type"":""MultiPoint"",""coordinates"":[]}"
19_0_1,0.001787286865234375,25,1.0,2004,"{""type"":""MultiPoint"",""coordinates"":[]}"
19_0_2,8.936422729492187E-4,33,1.0,2004,"{""type"":""MultiPoint"",""coordinates"":[]}"
19_1_0,8799.807078655645,3,2.0,2004,"{""type"":""MultiPoint"",""coordinates"":[]}"
19_1_1,873.3843217739998,6,2.0,2004,"{""type"":""MultiPoint"",""coordinates"":[]}"
19_1_2,6.211360226135256,11,2.0,2004,"{""type"":""MultiPoint"",""coordinates"":[]}"
19_1_3,3.286945683227538,13,2.0,2004,"{""type"":""MultiPoint"",""coordinates"":[]}"
19_1_4,0.07147794036865227,18,2.0,2004,"{""type"":""MultiPoint"",""coordinates"":[]}"
19_1_5,0.11347057659912119,21,2.0,2004,"{""type"":""MultiPoint"",""coordinates"":[]}"
19_1_6,0.3707468417358399,24,2.0,2004,"{""type"":""MultiPoint"",""coordinates"":[]}"
19_1_7,25.92076705004878,33,2.0,2004,"{""type"":""MultiPoint"",""coordinates"":[]}"
19_2_0,9461.085751135783,3,3.0,2004,"{""type"":""MultiPoint"",""coordinates"":[]}"
19_2_1,772.4963872163754,6,3.0,2004,"{""type"":""MultiPoint"",""coordinates"":[]}"
19_2_2,61.93846473651092,11,3.0,2004,"{""type"":""MultiPoint"",""coordinates"":[]}"
19_2_3,7.295886048584006,13,3.0,2004,"{""type"":""MultiPoint"",""coordinates"":[]}"
19_2_4,23.006208946472086,18,3.0,2004,"{""type"":""MultiPoint"",""coordinates"":[]}"
19_2_5,1.631343045898438,21,3.0,2004,"{""type"":""MultiPoint"",""coordinates"":[]}"
19_2_6,0.10816800415039068,23,3.0,2004,"{""type"":""MultiPoint"",""coordinates"":[]}"
19_2_7,0.12067755236816406,25,3.0,2004,"{""type"":""MultiPoint"",""coordinates"":[]}"
19_2_8,218.92152421649308,33,3.0,2004,"{""type"":""MultiPoint"",""coordinates"":[]}"
19_3_0,4843.510981145371,3,4.0,2004,"{""type"":""MultiPoint"",""coordinates"":[]}"
19_3_1,563.5224261960412,6,4.0,2004,"{""type"":""MultiPoint"",""coordinates"":[]}"
19_3_2,71.7584038173831,11,4.0,2004,"{""type"":""MultiPoint"",""coordinates"":[]}"
19_3_3,1.127877655090332,13,4.0,2004,"{""type"":""MultiPoint"",""coordinates"":[]}"
19_3_4,2.514218070190437,18,4.0,2004,"{""type"":""MultiPoint"",""coordinates"":[]}"
19_3_5,0.012511859069824218,21,4.0,2004,"{""type"":""MultiPoint"",""coordinates"":[]}"
19_3_6,0.9849175242919932,23,4.0,2004,"{""type"":""MultiPoint"",""coordinates"":[]}"
19_3_7,0.06345697723388673,24,4.0,2004,"{""type"":""MultiPoint"",""coordinates"":[]}"
19_3_8,0.009831854064941406,25,4.0,2004,"{""type"":""MultiPoint"",""coordinates"":[]}"
19_3_9,111.19441868487502,33,4.0,2004,"{""type"":""MultiPoint"",""coordinates"":[]}"
19_4_0,1839.3842780882746,3,5.0,2004,"{""type"":""MultiPoint"",""coordinates"":[]}"
19_4_1,62.2879445479129,6,5.0,2004,"{""type"":""MultiPoint"",""coordinates"":[]}"
19_4_2,0.025007090942382827,11,5.0,2004,"{""type"":""MultiPoint"",""coordinates"":[]}"
19_4_3,0.08754078833007803,12,5.0,2004,"{""type"":""MultiPoint"",""coordinates"":[]}"
19_4_4,0.00178655517578125,13,5.0,2004,"{""type"":""MultiPoint"",""coordinates"":[]}"
19_4_5,151.21093725848016,15,5.0,2004,"{""type"":""MultiPoint"",""coordinates"":[]}"
19_4_6,0.030369533569335933,18,5.0,2004,"{""type"":""MultiPoint"",""coordinates"":[]}"
19_4_7,14.71522103594962,21,5.0,2004,"{""type"":""MultiPoint"",""coordinates"":[]}"
19_4_8,5.07816502532957,23,5.0,2004,"{""type"":""MultiPoint"",""coordinates"":[]}"
19_4_9,0.27958163226318355,25,5.0,2004,"{""type"":""MultiPoint"",""coordinates"":[]}"
19_4_10,16.479855337829534,33,5.0,2004,"{""type"":""MultiPoint"",""coordinates"":[]}"
19_5_0,2552.966573471589,3,6.0,2004,"{""type"":""MultiPoint"",""coordinates"":[]}"
19_5_1,111.66890637072854,6,6.0,2004,"{""type"":""MultiPoint"",""coordinates"":[]}"
19_5_2,2.6103043697509767,11,6.0,2004,"{""type"":""MultiPoint"",""coordinates"":[]}"
19_5_3,0.09904257037353512,13,6.0,2004,"{""type"":""MultiPoint"",""coordinates"":[]}"
19_5_4,9.111906196105968,18,6.0,2004,"{""type"":""MultiPoint"",""coordinates"":[]}"
19_5_5,0.07498173449707028,21,6.0,2004,"{""type"":""MultiPoint"",""coordinates"":[]}"
19_5_6,4.8245599019775325,33,6.0,2004,"{""type"":""MultiPoint"",""coordinates"":[]}"
19_6_0,935.740421345801,3,7.0,2004,"{""type"":""MultiPoint"",""coordinates"":[]}"
19_6_1,0.037540035034179714,15,7.0,2004,"{""type"":""MultiPoint"",""coordinates"":[]}"
19_6_2,1.9287938383178673,21,7.0,2004,"{""type"":""MultiPoint"",""coordinates"":[]}"
19_6_3,0.0849078802490234,23,7.0,2004,"{""type"":""MultiPoint"",""coordinates"":[]}"
19_6_4,0.1760766078491212,25,7.0,2004,"{""type"":""MultiPoint"",""coordinates"":[]}"
19_6_5,3.565254745849609,33,7.0,2004,"{""type"":""MultiPoint"",""coordinates"":[]}"
19_7_0,3888.299541645665,3,8.0,2004,"{""type"":""MultiPoint"",""coordinates"":[]}"
19_7_1,409.4473087746142,6,8.0,2004,"{""type"":""MultiPoint"",""coordinates"":[]}"
19_7_2,36.05220236286203,11,8.0,2004,"{""type"":""MultiPoint"",""coordinates"":[]}"
19_7_3,0.7554088630371247,13,8.0,2004,"{""type"":""MultiPoint"",""coordinates"":[]}"
19_7_4,50.52766458721907,15,8.0,2004,"{""type"":""MultiPoint"",""coordinates"":[]}"
19_7_5,0.034864999023437517,18,8.0,2004,"{""type"":""MultiPoint"",""coordinates"":[]}"
19_7_6,6.552784389343271,21,8.0,2004,"{""type"":""MultiPoint"",""coordinates"":[]}"
19_7_7,0.17164289636230462,23,8.0,2004,"{""type"":""MultiPoint"",""coordinates"":[]}"
19_7_8,0.608785309265137,25,8.0,2004,"{""type"":""MultiPoint"",""coordinates"":[]}"
19_7_9,16.835231957214397,33,8.0,2004,"{""type"":""MultiPoint"",""coordinates"":[]}"
19_8_0,16.259031178955162,3,9.0,2004,"{""type"":""MultiPoint"",""coordinates"":[]}"
19_8_1,0.03395222241210938,11,9.0,2004,"{""type"":""MultiPoint"",""coordinates"":[]}"
19_8_2,13.863599159546006,13,9.0,2004,"{""type"":""MultiPoint"",""coordinates"":[]}"
19_8_3,8.934894409179687E-4,21,9.0,2004,"{""type"":""MultiPoint"",""coordinates"":[]}"
19_8_4,0.30021821337890653,33,9.0,2004,"{""type"":""MultiPoint"",""coordinates"":[]}"
19_9_0,37984.636276961864,3,10.0,2004,"{""type"":""MultiPoint"",""coordinates"":[]}"
19_9_1,3024.7614432070386,6,10.0,2004,"{""type"":""MultiPoint"",""coordinates"":[]}"
19_9_2,10.037254458313011,11,10.0,2004,"{""type"":""MultiPoint"",""coordinates"":[]}"
19_9_3,19.98917989507969,12,10.0,2004,"{""type"":""MultiPoint"",""coordinates"":[]}"
19_9_4,1377.5011460293454,13,10.0,2004,"{""type"":""MultiPoint"",""coordinates"":[]}"
19_9_5,5.125566317199721,15,10.0,2004,"{""type"":""MultiPoint"",""coordinates"":[]}"
19_9_6,8.679548275756831,18,10.0,2004,"{""type"":""MultiPoint"",""coordinates"":[]}"
19_9_7,4.222573593078612,21,10.0,2004,"{""type"":""MultiPoint"",""coordinates"":[]}"
19_9_8,11.18438468389892,23,10.0,2004,"{""type"":""MultiPoint"",""coordinates"":[]}"
19_9_9,0.18415780047607422,24,10.0,2004,"{""type"":""MultiPoint"",""coordinates"":[]}"
19_9_10,0.25118884790039075,25,10.0,2004,"{""type"":""MultiPoint"",""coordinates"":[]}"
19_9_11,247.9783722370597,33,10.0,2004,"{""type"":""MultiPoint"",""coordinates"":[]}"
19_10_0,5262.853977140153,3,11.0,2004,"{""type"":""MultiPoint"",""coordinates"":[]}"
19_10_1,348.3448144123564,6,11.0,2004,"{""type"":""MultiPoint"",""coordinates"":[]}"
19_10_2,1.4299821149902363,11,11.0,2004,"{""type"":""MultiPoint"",""coordinates"":[]}"
19_10_3,77.85320930999698,12,11.0,2004,"{""type"":""MultiPoint"",""coordinates"":[]}"
19_10_4,116.29844767205873,13,11.0,2004,"{""type"":""MultiPoint"",""coordinates"":[]}"
19_10_5,311.5937438656014,15,11.0,2004,"{""type"":""MultiPoint"",""coordinates"":[]}"
19_10_6,0.029474947753906248,18,11.0,2004,"{""type"":""MultiPoint"",""coordinates"":[]}"
19_10_7,64.65927029656966,21,11.0,2004,"{""type"":""MultiPoint"",""coordinates"":[]}"
19_10_8,3.361833074523926,23,11.0,2004,"{""type"":""MultiPoint"",""coordinates"":[]}"
19_10_9,0.014291310546874998,24,11.0,2004,"{""type"":""MultiPoint"",""coordinates"":[]}"
19_10_10,0.8502055630493166,25,11.0,2004,"{""type"":""MultiPoint"",""coordinates"":[]}"
19_10_11,31.841194911926124,33,11.0,2004,"{""type"":""MultiPoint"",""coordinates"":[]}"
19_11_0,559.314301570642,3,12.0,2004,"{""type"":""MultiPoint"",""coordinates"":[]}"
19_11_1,0.10455402685546862,11,12.0,2004,"{""type"":""MultiPoint"",""coordinates"":[]}"
19_11_2,25.56351665527349,13,12.0,2004,"{""type"":""MultiPoint"",""coordinates"":[]}"
19_11_3,0.01697963439941406,15,12.0,2004,"{""type"":""MultiPoint"",""coordinates"":[]}"
19_11_4,0.8856288867187493,21,12.0,2004,"{""type"":""MultiPoint"",""coordinates"":[]}"
19_11_5,0.02144802044677735,23,12.0,2004,"{""type"":""MultiPoint"",""coordinates"":[]}"
19_11_6,0.018766686889648436,25,12.0,2004,"{""type"":""MultiPoint"",""coordinates"":[]}"
19_11_7,0.4825892803955075,33,12.0,2004,"{""type"":""MultiPoint"",""coordinates"":[]}"
19_11_8,0.313680073303223,68,12.0,2004,"{""type"":""MultiPoint"",""coordinates"":[]}"
19_12_0,0.5397243080444335,11,13.0,2004,"{""type"":""MultiPoint"",""coordinates"":[]}"
19_12_1,0.5815832948608384,12,13.0,2004,"{""type"":""MultiPoint"",""coordinates"":[]}"
19_13_0,899.2992122194471,3,14.0,2004,"{""type"":""MultiPoint"",""coordinates"":[]}"
19_13_1,614.0185071877352,13,14.0,2004,"{""type"":""MultiPoint"",""coordinates"":[]}"
19_13_2,3.9203560983276438,15,14.0,2004,"{""type"":""MultiPoint"",""coordinates"":[]}"
19_13_3,0.27115992681884776,18,14.0,2004,"{""type"":""MultiPoint"",""coordinates"":[]}"
19_13_4,14.115410877074961,21,14.0,2004,"{""type"":""MultiPoint"",""coordinates"":[]}"
19_13_5,0.07403599011230472,23,14.0,2004,"{""type"":""MultiPoint"",""coordinates"":[]}"
19_13_6,0.0053517734374999995,25,14.0,2004,"{""type"":""MultiPoint"",""coordinates"":[]}"
19_13_7,6.680670136840809,33,14.0,2004,"{""type"":""MultiPoint"",""coordinates"":[]}"
19_13_8,0.9151381532592768,68,14.0,2004,"{""type"":""MultiPoint"",""coordinates"":[]}"
19_14_0,755.0256398442341,3,15.0,2004,"{""type"":""MultiPoint"",""coordinates"":[]}"
19_14_1,1.0215199753417974,15,15.0,2004,"{""type"":""MultiPoint"",""coordinates"":[]}"
19_14_2,7.570600675720193,21,15.0,2004,"{""type"":""MultiPoint"",""coordinates"":[]}"
19_14_3,0.07864632360839845,23,15.0,2004,"{""type"":""MultiPoint"",""coordinates"":[]}"
19_14_4,0.29849568804931625,25,15.0,2004,"{""type"":""MultiPoint"",""coordinates"":[]}"
19_14_5,0.0062558970947265615,30,15.0,2004,"{""type"":""MultiPoint"",""coordinates"":[]}"
19_14_6,0.18231828448486329,33,15.0,2004,"{""type"":""MultiPoint"",""coordinates"":[]}"
19_15_0,2771.8497003912157,3,16.0,2004,"{""type"":""MultiPoint"",""coordinates"":[]}"
19_15_1,5.3583809849853345,6,16.0,2004,"{""type"":""MultiPoint"",""coordinates"":[]}"
19_15_2,25.012126835937377,13,16.0,2004,"{""type"":""MultiPoint"",""coordinates"":[]}"
19_15_3,59.79182214947613,15,16.0,2004,"{""type"":""MultiPoint"",""coordinates"":[]}"
19_15_4,9.284402132568328,21,16.0,2004,"{""type"":""MultiPoint"",""coordinates"":[]}"
19_15_5,4.105561085876478,23,16.0,2004,"{""type"":""MultiPoint"",""coordinates"":[]}"
19_15_6,0.10270091485595706,25,16.0,2004,"{""type"":""MultiPoint"",""coordinates"":[]}"
19_15_7,6.019135614562998,33,16.0,2004,"{""type"":""MultiPoint"",""coordinates"":[]}"
19_15_8,0.22950300073242189,68,16.0,2004,"{""type"":""MultiPoint"",""coordinates"":[]}"
19_16_0,0.280652548156739,3,17.0,2004,"{""type"":""MultiPoint"",""coordinates"":[]}"
19_17_0,340.7838978349285,3,18.0,2004,"{""type"":""MultiPoint"",""coordinates"":[]}"
19_17_1,7.145622749389718,13,18.0,2004,"{""type"":""MultiPoint"",""coordinates"":[]}"
19_17_2,4.034510256103505,15,18.0,2004,"{""type"":""MultiPoint"",""coordinates"":[]}"
19_17_3,23.271182727844128,21,18.0,2004,"{""type"":""MultiPoint"",""coordinates"":[]}"
19_17_4,0.616702930236817,23,18.0,2004,"{""type"":""MultiPoint"",""coordinates"":[]}"
19_17_5,0.449565299072266,25,18.0,2004,"{""type"":""MultiPoint"",""coordinates"":[]}"
19_17_6,0.39683558190917984,33,18.0,2004,"{""type"":""MultiPoint"",""coordinates"":[]}"
19_17_7,1.1583216567382812,68,18.0,2004,"{""type"":""MultiPoint"",""coordinates"":[]}"
19_18_0,317.01717920545354,3,19.0,2004,"{""type"":""MultiPoint"",""coordinates"":[]}"
19_18_1,21.30748906524679,11,19.0,2004,"{""type"":""MultiPoint"",""coordinates"":[]}"
19_18_2,52.73295071313421,13,19.0,2004,"{""type"":""MultiPoint"",""coordinates"":[]}"
19_18_3,0.45404736267089707,15,19.0,2004,"{""type"":""MultiPoint"",""coordinates"":[]}"
19_18_4,4.5244369627075205,18,19.0,2004,"{""type"":""MultiPoint"",""coordinates"":[]}"
19_18_5,61.958538288026816,21,19.0,2004,"{""type"":""MultiPoint"",""coordinates"":[]}"
19_18_6,0.25205300646972634,24,19.0,2004,"{""type"":""MultiPoint"",""coordinates"":[]}"
19_18_7,0.05631184600830075,25,19.0,2004,"{""type"":""MultiPoint"",""coordinates"":[]}"
19_18_8,0.053631939392089836,27,19.0,2004,"{""type"":""MultiPoint"",""coordinates"":[]}"
19_18_9,41.74041766174472,33,19.0,2004,"{""type"":""MultiPoint"",""coordinates"":[]}"
19_19_0,121.79533957709073,3,20.0,2004,"{""type"":""MultiPoint"",""coordinates"":[]}"
19_19_1,19.669647876343074,6,20.0,2004,"{""type"":""MultiPoint"",""coordinates"":[]}"
19_19_2,0.31974545507812574,11,20.0,2004,"{""type"":""MultiPoint"",""coordinates"":[]}"
19_19_3,68.17021630859182,13,20.0,2004,"{""type"":""MultiPoint"",""coordinates"":[]}"
19_19_4,63.38988118792708,15,20.0,2004,"{""type"":""MultiPoint"",""coordinates"":[]}"
19_19_5,0.12771936065673833,18,20.0,2004,"{""type"":""MultiPoint"",""coordinates"":[]}"
19_19_6,9.953036133483867,21,20.0,2004,"{""type"":""MultiPoint"",""coordinates"":[]}"
19_19_7,0.07412566772460935,23,20.0,2004,"{""type"":""MultiPoint"",""coordinates"":[]}"
19_19_8,0.3197446173706052,25,20.0,2004,"{""type"":""MultiPoint"",""coordinates"":[]}"
19_19_9,0.5028074089965813,33,20.0,2004,"{""type"":""MultiPoint"",""coordinates"":[]}"
19_20_0,47.66741309045539,3,21.0,2004,"{""type"":""MultiPoint"",""coordinates"":[]}"
19_20_1,0.008932819152832032,6,21.0,2004,"{""type"":""MultiPoint"",""coordinates"":[]}"
19_20_2,0.006252919677734375,13,21.0,2004,"{""type"":""MultiPoint"",""coordinates"":[]}"
19_20_3,22.02656267675799,15,21.0,2004,"{""type"":""MultiPoint"",""coordinates"":[]}"
19_20_4,1.077255605651854,21,21.0,2004,"{""type"":""MultiPoint"",""coordinates"":[]}"
19_21_0,9906.326441644449,3,22.0,2004,"{""type"":""MultiPoint"",""coordinates"":[]}"
19_21_1,874.183918625567,6,22.0,2004,"{""type"":""MultiPoint"",""coordinates"":[]}"
19_21_2,4.364145655517576,11,22.0,2004,"{""type"":""MultiPoint"",""coordinates"":[]}"
19_21_3,25.572971958740222,13,22.0,2004,"{""type"":""MultiPoint"",""coordinates"":[]}"
19_21_4,39.56931224285863,18,22.0,2004,"{""type"":""MultiPoint"",""coordinates"":[]}"
19_21_5,3.4435104729614245,21,22.0,2004,"{""type"":""MultiPoint"",""coordinates"":[]}"
19_21_6,0.5885827739868158,23,22.0,2004,"{""type"":""MultiPoint"",""coordinates"":[]}"
19_21_7,0.19558656201171878,24,22.0,2004,"{""type"":""MultiPoint"",""coordinates"":[]}"
19_21_8,1.6713337879028316,25,22.0,2004,"{""type"":""MultiPoint"",""coordinates"":[]}"
19_21_9,22.184952789184507,29,22.0,2004,"{""type"":""MultiPoint"",""coordinates"":[]}"
19_21_10,0.0527181156616211,30,22.0,2004,"{""type"":""MultiPoint"",""coordinates"":[]}"
19_21_11,83.73694584741227,33,22.0,2004,"{""type"":""MultiPoint"",""coordinates"":[]}"
19_21_12,2.208059654296876,68,22.0,2004,"{""type"":""MultiPoint"",""coordinates"":[]}"
19_22_0,7943.025184069656,3,23.0,2004,"{""type"":""MultiPoint"",""coordinates"":[]}"
19_22_1,493.6041146532606,6,23.0,2004,"{""type"":""MultiPoint"",""coordinates"":[]}"
19_22_2,0.08489075823974611,11,23.0,2004,"{""type"":""MultiPoint"",""coordinates"":[]}"
19_22_3,209.7755407811867,13,23.0,2004,"{""type"":""MultiPoint"",""coordinates"":[]}"
19_22_4,65.25316680596964,15,23.0,2004,"{""type"":""MultiPoint"",""coordinates"":[]}"
19_22_5,6.437604337585448,18,23.0,2004,"{""type"":""MultiPoint"",""coordinates"":[]}"
19_22_6,10.244660753356925,21,23.0,2004,"{""type"":""MultiPoint"",""coordinates"":[]}"
19_22_7,0.2188713995971681,23,23.0,2004,"{""type"":""MultiPoint"",""coordinates"":[]}"
19_22_8,0.07952210858154311,24,23.0,2004,"{""type"":""MultiPoint"",""coordinates"":[]}"
19_22_9,0.3475391244506837,25,23.0,2004,"{""type"":""MultiPoint"",""coordinates"":[]}"
19_22_10,43.93801550811787,33,23.0,2004,"{""type"":""MultiPoint"",""coordinates"":[]}"
19_22_11,1.2724399609985355,68,23.0,2004,"{""type"":""MultiPoint"",""coordinates"":[]}"
19_23_0,104.89359042266861,3,25.0,2004,"{""type"":""MultiPoint"",""coordinates"":[]}"
19_23_1,0.010726984802246093,15,25.0,2004,"{""type"":""MultiPoint"",""coordinates"":[]}"
19_23_2,0.06078565863037106,18,25.0,2004,"{""type"":""MultiPoint"",""coordinates"":[]}"
19_23_3,0.07598184197998045,21,25.0,2004,"{""type"":""MultiPoint"",""coordinates"":[]}"
19_23_4,0.530083429748535,33,25.0,2004,"{""type"":""MultiPoint"",""coordinates"":[]}"
20_0_0,22.830096448120006,3,1.0,2005,"{""type"":""MultiPoint"",""coordinates"":[]}"
20_0_1,0.008936511352539063,25,1.0,2005,"{""type"":""MultiPoint"",""coordinates"":[]}"
20_0_2,8.936422729492187E-4,33,1.0,2005,"{""type"":""MultiPoint"",""coordinates"":[]}"
20_1_0,8812.293020163277,3,2.0,2005,"{""type"":""MultiPoint"",""coordinates"":[]}"
20_1_1,860.7624920598105,6,2.0,2005,"{""type"":""MultiPoint"",""coordinates"":[]}"
20_1_2,6.638484630371096,11,2.0,2005,"{""type"":""MultiPoint"",""coordinates"":[]}"
20_1_3,3.0734285803833026,13,2.0,2005,"{""type"":""MultiPoint"",""coordinates"":[]}"
20_1_4,0.09113451434326171,18,2.0,2005,"{""type"":""MultiPoint"",""coordinates"":[]}"
20_1_5,0.11972487963867198,21,2.0,2005,"{""type"":""MultiPoint"",""coordinates"":[]}"
20_1_6,0.27515692041015616,24,2.0,2005,"{""type"":""MultiPoint"",""coordinates"":[]}"
20_1_7,0.023227794250488282,25,2.0,2005,"{""type"":""MultiPoint"",""coordinates"":[]}"
20_1_8,25.889499205261192,33,2.0,2005,"{""type"":""MultiPoint"",""coordinates"":[]}"
20_2_0,9458.105330985856,3,3.0,2005,"{""type"":""MultiPoint"",""coordinates"":[]}"
20_2_1,765.7467967228858,6,3.0,2005,"{""type"":""MultiPoint"",""coordinates"":[]}"
20_2_2,65.96282903668192,11,3.0,2005,"{""type"":""MultiPoint"",""coordinates"":[]}"
20_2_3,9.136430267028821,13,3.0,2005,"{""type"":""MultiPoint"",""coordinates"":[]}"
20_2_4,24.960235694641007,18,3.0,2005,"{""type"":""MultiPoint"",""coordinates"":[]}"
20_2_5,1.3917730599365237,21,3.0,2005,"{""type"":""MultiPoint"",""coordinates"":[]}"
20_2_6,0.05721055560302734,23,3.0,2005,"{""type"":""MultiPoint"",""coordinates"":[]}"
20_2_7,0.18503987249755857,25,3.0,2005,"{""type"":""MultiPoint"",""coordinates"":[]}"
20_2_8,221.05876470752247,33,3.0,2005,"{""type"":""MultiPoint"",""coordinates"":[]}"
20_3_0,4851.634847221571,3,4.0,2005,"{""type"":""MultiPoint"",""coordinates"":[]}"
20_3_1,557.8901849618447,6,4.0,2005,"{""type"":""MultiPoint"",""coordinates"":[]}"
20_3_2,68.97541981652749,11,4.0,2005,"{""type"":""MultiPoint"",""coordinates"":[]}"
20_3_3,1.016156486328125,13,4.0,2005,"{""type"":""MultiPoint"",""coordinates"":[]}"
20_3_4,2.5544427999877986,18,4.0,2005,"{""type"":""MultiPoint"",""coordinates"":[]}"
20_3_5,0.023236525390625,21,4.0,2005,"{""type"":""MultiPoint"",""coordinates"":[]}"
20_3_6,1.2173059036254894,23,4.0,2005,"{""type"":""MultiPoint"",""coordinates"":[]}"
20_3_7,0.053625598388671855,24,4.0,2005,"{""type"":""MultiPoint"",""coordinates"":[]}"
20_3_8,0.03217696881103515,25,4.0,2005,"{""type"":""MultiPoint"",""coordinates"":[]}"
20_3_9,111.30164750115925,33,4.0,2005,"{""type"":""MultiPoint"",""coordinates"":[]}"
20_4_0,1833.191807761179,3,5.0,2005,"{""type"":""MultiPoint"",""coordinates"":[]}"
20_4_1,61.20367996118223,6,5.0,2005,"{""type"":""MultiPoint"",""coordinates"":[]}"
20_4_2,0.031258859741210954,11,5.0,2005,"{""type"":""MultiPoint"",""coordinates"":[]}"
20_4_3,0.0830744667968749,12,5.0,2005,"{""type"":""MultiPoint"",""coordinates"":[]}"
20_4_4,161.5102412393156,15,5.0,2005,"{""type"":""MultiPoint"",""coordinates"":[]}"
20_4_5,0.028583149902343747,18,5.0,2005,"{""type"":""MultiPoint"",""coordinates"":[]}"
20_4_6,11.902527759338337,21,5.0,2005,"{""type"":""MultiPoint"",""coordinates"":[]}"
20_4_7,5.131720208068844,23,5.0,2005,"{""type"":""MultiPoint"",""coordinates"":[]}"
20_4_8,0.25812674420166026,25,5.0,2005,"{""type"":""MultiPoint"",""coordinates"":[]}"
20_4_9,16.239666744262717,33,5.0,2005,"{""type"":""MultiPoint"",""coordinates"":[]}"
20_5_0,2552.6323720541945,3,6.0,2005,"{""type"":""MultiPoint"",""coordinates"":[]}"
20_5_1,113.0085499233417,6,6.0,2005,"{""type"":""MultiPoint"",""coordinates"":[]}"
20_5_2,2.029382224609374,11,6.0,2005,"{""type"":""MultiPoint"",""coordinates"":[]}"
20_5_3,0.2685634968261722,13,6.0,2005,"{""type"":""MultiPoint"",""coordinates"":[]}"
20_5_4,8.019987376892072,18,6.0,2005,"{""type"":""MultiPoint"",""coordinates"":[]}"
20_5_5,0.03749196942138672,21,6.0,2005,"{""type"":""MultiPoint"",""coordinates"":[]}"
20_5_6,0.0044626435546875,25,6.0,2005,"{""type"":""MultiPoint"",""coordinates"":[]}"
20_5_7,5.35546492620849,33,6.0,2005,"{""type"":""MultiPoint"",""coordinates"":[]}"
20_6_0,935.2416770809654,3,7.0,2005,"{""type"":""MultiPoint"",""coordinates"":[]}"
20_6_1,0.04379674981689455,15,7.0,2005,"{""type"":""MultiPoint"",""coordinates"":[]}"
20_6_2,2.3855299644775343,21,7.0,2005,"{""type"":""MultiPoint"",""coordinates"":[]}"
20_6_3,0.029494787597656245,23,7.0,2005,"{""type"":""MultiPoint"",""coordinates"":[]}"
20_6_4,0.28690374902343746,25,7.0,2005,"{""type"":""MultiPoint"",""coordinates"":[]}"
20_6_5,3.5455921212158197,33,7.0,2005,"{""type"":""MultiPoint"",""coordinates"":[]}"
20_7_0,3885.196598464984,3,8.0,2005,"{""type"":""MultiPoint"",""coordinates"":[]}"
20_7_1,407.1489043755131,6,8.0,2005,"{""type"":""MultiPoint"",""coordinates"":[]}"
20_7_2,40.155547086614845,11,8.0,2005,"{""type"":""MultiPoint"",""coordinates"":[]}"
20_7_3,0.9047026820068627,13,8.0,2005,"{""type"":""MultiPoint"",""coordinates"":[]}"
20_7_4,53.70748742572003,15,8.0,2005,"{""type"":""MultiPoint"",""coordinates"":[]}"
20_7_5,0.06436615301513675,18,8.0,2005,"{""type"":""MultiPoint"",""coordinates"":[]}"
20_7_6,7.346620039062532,21,8.0,2005,"{""type"":""MultiPoint"",""coordinates"":[]}"
20_7_7,0.09654912615966797,23,8.0,2005,"{""type"":""MultiPoint"",""coordinates"":[]}"
20_7_8,1.4321389828491264,25,8.0,2005,"{""type"":""MultiPoint"",""coordinates"":[]}"
20_7_9,13.232521448791598,33,8.0,2005,"{""type"":""MultiPoint"",""coordinates"":[]}"
20_8_0,16.44845320019537,3,9.0,2005,"{""type"":""MultiPoint"",""coordinates"":[]}"
20_8_1,0.03305875018310546,11,9.0,2005,"{""type"":""MultiPoint"",""coordinates"":[]}"
20_8_2,13.667922546142622,13,9.0,2005,"{""type"":""MultiPoint"",""coordinates"":[]}"
20_8_3,8.934894409179687E-4,21,9.0,2005,"{""type"":""MultiPoint"",""coordinates"":[]}"
20_8_4,0.3073662777709961,33,9.0,2005,"{""type"":""MultiPoint"",""coordinates"":[]}"
20_9_0,37973.057046044545,3,10.0,2005,"{""type"":""MultiPoint"",""coordinates"":[]}"
20_9_1,3010.162499128916,6,10.0,2005,"{""type"":""MultiPoint"",""coordinates"":[]}"
20_9_2,10.038134356628442,11,10.0,2005,"{""type"":""MultiPoint"",""coordinates"":[]}"
20_9_3,19.914991557799432,12,10.0,2005,"{""type"":""MultiPoint"",""coordinates"":[]}"
20_9_4,1401.9175595208367,13,10.0,2005,"{""type"":""MultiPoint"",""coordinates"":[]}"
20_9_5,5.830558761779805,15,10.0,2005,"{""type"":""MultiPoint"",""coordinates"":[]}"
20_9_6,7.4074586646728475,18,10.0,2005,"{""type"":""MultiPoint"",""coordinates"":[]}"
20_9_7,5.153823674194333,21,10.0,2005,"{""type"":""MultiPoint"",""coordinates"":[]}"
20_9_8,14.212483921325699,23,10.0,2005,"{""type"":""MultiPoint"",""coordinates"":[]}"
20_9_9,0.18415780047607422,24,10.0,2005,"{""type"":""MultiPoint"",""coordinates"":[]}"
20_9_10,0.23599788507080077,25,10.0,2005,"{""type"":""MultiPoint"",""coordinates"":[]}"
20_9_11,246.43638099108816,33,10.0,2005,"{""type"":""MultiPoint"",""coordinates"":[]}"
20_10_0,5264.710615925874,3,11.0,2005,"{""type"":""MultiPoint"",""coordinates"":[]}"
20_10_1,347.83924285461705,6,11.0,2005,"{""type"":""MultiPoint"",""coordinates"":[]}"
20_10_2,1.3621022315063498,11,11.0,2005,"{""type"":""MultiPoint"",""coordinates"":[]}"
20_10_3,80.04617864300305,12,11.0,2005,"{""type"":""MultiPoint"",""coordinates"":[]}"
20_10_4,115.68303306994608,13,11.0,2005,"{""type"":""MultiPoint"",""coordinates"":[]}"
20_10_5,307.2256086074207,15,11.0,2005,"{""type"":""MultiPoint"",""coordinates"":[]}"
20_10_6,0.025010490478515633,18,11.0,2005,"{""type"":""MultiPoint"",""coordinates"":[]}"
20_10_7,66.3497500676267,21,11.0,2005,"{""type"":""MultiPoint"",""coordinates"":[]}"
20_10_8,1.892462806762696,23,11.0,2005,"{""type"":""MultiPoint"",""coordinates"":[]}"
20_10_9,0.015184517089843749,24,11.0,2005,"{""type"":""MultiPoint"",""coordinates"":[]}"
20_10_10,0.6358420589599607,25,11.0,2005,"{""type"":""MultiPoint"",""coordinates"":[]}"
20_10_11,33.34541334643541,33,11.0,2005,"{""type"":""MultiPoint"",""coordinates"":[]}"
20_11_0,559.4251021603587,3,12.0,2005,"{""type"":""MultiPoint"",""coordinates"":[]}"
20_11_1,0.1045539219970702,11,12.0,2005,"{""type"":""MultiPoint"",""coordinates"":[]}"
20_11_2,25.15065190856922,13,12.0,2005,"{""type"":""MultiPoint"",""coordinates"":[]}"
20_11_3,0.00983027508544922,15,12.0,2005,"{""type"":""MultiPoint"",""coordinates"":[]}"
20_11_4,1.0125358674926757,21,12.0,2005,"{""type"":""MultiPoint"",""coordinates"":[]}"
20_11_5,0.057194888916015624,25,12.0,2005,"{""type"":""MultiPoint"",""coordinates"":[]}"
20_11_6,0.43343731695556603,33,12.0,2005,"{""type"":""MultiPoint"",""coordinates"":[]}"
20_11_7,0.5281584955444343,68,12.0,2005,"{""type"":""MultiPoint"",""coordinates"":[]}"
20_12_0,0.7855392715454182,11,13.0,2005,"{""type"":""MultiPoint"",""coordinates"":[]}"
20_12_1,0.3348776926879889,12,13.0,2005,"{""type"":""MultiPoint"",""coordinates"":[]}"
20_12_2,8.90638671875E-4,33,13.0,2005,"{""type"":""MultiPoint"",""coordinates"":[]}"
20_13_0,899.0216668326641,3,14.0,2005,"{""type"":""MultiPoint"",""coordinates"":[]}"
20_13_1,613.9542999486615,13,14.0,2005,"{""type"":""MultiPoint"",""coordinates"":[]}"
20_13_2,4.318181625854497,15,14.0,2005,"{""type"":""MultiPoint"",""coordinates"":[]}"
20_13_3,0.03121791796874999,18,14.0,2005,"{""type"":""MultiPoint"",""coordinates"":[]}"
20_13_4,14.212761473510696,21,14.0,2005,"{""type"":""MultiPoint"",""coordinates"":[]}"
20_13_5,0.05976576184082033,23,14.0,2005,"{""type"":""MultiPoint"",""coordinates"":[]}"
20_13_6,0.010703827087402341,25,14.0,2005,"{""type"":""MultiPoint"",""coordinates"":[]}"
20_13_7,6.6102045085449115,33,14.0,2005,"{""type"":""MultiPoint"",""coordinates"":[]}"
20_13_8,1.081040466918945,68,14.0,2005,"{""type"":""MultiPoint"",""coordinates"":[]}"
20_14_0,753.2462094819693,3,15.0,2005,"{""type"":""MultiPoint"",""coordinates"":[]}"
20_14_1,1.0805076379394545,15,15.0,2005,"{""type"":""MultiPoint"",""coordinates"":[]}"
20_14_2,9.141792751464884,21,15.0,2005,"{""type"":""MultiPoint"",""coordinates"":[]}"
20_14_3,0.1027788272094727,23,15.0,2005,"{""type"":""MultiPoint"",""coordinates"":[]}"
20_14_4,0.3583712102050783,25,15.0,2005,"{""type"":""MultiPoint"",""coordinates"":[]}"
20_14_5,0.0062558970947265615,30,15.0,2005,"{""type"":""MultiPoint"",""coordinates"":[]}"
20_14_6,0.2475608826293945,33,15.0,2005,"{""type"":""MultiPoint"",""coordinates"":[]}"
20_15_0,2767.9728757232792,3,16.0,2005,"{""type"":""MultiPoint"",""coordinates"":[]}"
20_15_1,5.3905297843627755,6,16.0,2005,"{""type"":""MultiPoint"",""coordinates"":[]}"
20_15_2,24.988014264526345,13,16.0,2005,"{""type"":""MultiPoint"",""coordinates"":[]}"
20_15_3,64.14190496386848,15,16.0,2005,"{""type"":""MultiPoint"",""coordinates"":[]}"
20_15_4,9.098643399536105,21,16.0,2005,"{""type"":""MultiPoint"",""coordinates"":[]}"
20_15_5,4.740448761474626,23,16.0,2005,"{""type"":""MultiPoint"",""coordinates"":[]}"
20_15_6,0.04375825604248047,25,16.0,2005,"{""type"":""MultiPoint"",""coordinates"":[]}"
20_15_7,5.2155236336669955,33,16.0,2005,"{""type"":""MultiPoint"",""coordinates"":[]}"
20_15_8,0.16163432342529283,68,16.0,2005,"{""type"":""MultiPoint"",""coordinates"":[]}"
20_16_0,0.280652548156739,3,17.0,2005,"{""type"":""MultiPoint"",""coordinates"":[]}"
20_17_0,341.40239155386155,3,18.0,2005,"{""type"":""MultiPoint"",""coordinates"":[]}"
20_17_1,7.240358132141161,13,18.0,2005,"{""type"":""MultiPoint"",""coordinates"":[]}"
20_17_2,3.678789084411626,15,18.0,2005,"{""type"":""MultiPoint"",""coordinates"":[]}"
20_17_3,22.748328759094104,21,18.0,2005,"{""type"":""MultiPoint"",""coordinates"":[]}"
20_17_4,0.4138172822875985,23,18.0,2005,"{""type"":""MultiPoint"",""coordinates"":[]}"
20_17_5,0.6453009364624019,25,18.0,2005,"{""type"":""MultiPoint"",""coordinates"":[]}"
20_17_6,0.4290107888793947,33,18.0,2005,"{""type"":""MultiPoint"",""coordinates"":[]}"
20_17_7,1.2986424990844734,68,18.0,2005,"{""type"":""MultiPoint"",""coordinates"":[]}"
20_18_0,316.6382049508167,3,19.0,2005,"{""type"":""MultiPoint"",""coordinates"":[]}"
20_18_1,21.333410817566133,11,19.0,2005,"{""type"":""MultiPoint"",""coordinates"":[]}"
20_18_2,52.91081762829555,13,19.0,2005,"{""type"":""MultiPoint"",""coordinates"":[]}"
20_18_3,0.3727128692016592,15,19.0,2005,"{""type"":""MultiPoint"",""coordinates"":[]}"
20_18_4,10.544223799499935,18,19.0,2005,"{""type"":""MultiPoint"",""coordinates"":[]}"
20_18_5,56.17024470721553,21,19.0,2005,"{""type"":""MultiPoint"",""coordinates"":[]}"
20_18_6,0.26903559466552707,24,19.0,2005,"{""type"":""MultiPoint"",""coordinates"":[]}"
20_18_7,0.04200959027099609,25,19.0,2005,"{""type"":""MultiPoint"",""coordinates"":[]}"
20_18_8,0.053631939392089836,27,19.0,2005,"{""type"":""MultiPoint"",""coordinates"":[]}"
20_18_9,41.762764153932594,33,19.0,2005,"{""type"":""MultiPoint"",""coordinates"":[]}"
20_19_0,120.70568979327741,3,20.0,2005,"{""type"":""MultiPoint"",""coordinates"":[]}"
20_19_1,19.687537260986804,6,20.0,2005,"{""type"":""MultiPoint"",""coordinates"":[]}"
20_19_2,0.2831262225341799,11,20.0,2005,"{""type"":""MultiPoint"",""coordinates"":[]}"
20_19_3,68.11573970959314,13,20.0,2005,"{""type"":""MultiPoint"",""coordinates"":[]}"
20_19_4,62.15469792541475,15,20.0,2005,"{""type"":""MultiPoint"",""coordinates"":[]}"
20_19_5,0.12682559692382814,18,20.0,2005,"{""type"":""MultiPoint"",""coordinates"":[]}"
20_19_6,12.330532015869125,21,20.0,2005,"{""type"":""MultiPoint"",""coordinates"":[]}"
20_19_7,0.058943348388671844,23,20.0,2005,"{""type"":""MultiPoint"",""coordinates"":[]}"
20_19_8,0.3599365059814449,25,20.0,2005,"{""type"":""MultiPoint"",""coordinates"":[]}"
20_19_9,0.49923521429443246,33,20.0,2005,"{""type"":""MultiPoint"",""coordinates"":[]}"
20_20_0,47.11002672058287,3,21.0,2005,"{""type"":""MultiPoint"",""coordinates"":[]}"
20_20_1,0.008932819152832032,6,21.0,2005,"{""type"":""MultiPoint"",""coordinates"":[]}"
20_20_2,0.006252919677734375,13,21.0,2005,"{""type"":""MultiPoint"",""coordinates"":[]}"
20_20_3,22.076589755187953,15,21.0,2005,"{""type"":""MultiPoint"",""coordinates"":[]}"
20_20_4,0.0035728350219726562,18,21.0,2005,"{""type"":""MultiPoint"",""coordinates"":[]}"
20_20_5,1.581042062072759,21,21.0,2005,"{""type"":""MultiPoint"",""coordinates"":[]}"
20_21_0,9914.359731890094,3,22.0,2005,"{""type"":""MultiPoint"",""coordinates"":[]}"
20_21_1,866.2629933266151,6,22.0,2005,"{""type"":""MultiPoint"",""coordinates"":[]}"
20_21_2,4.809652090393052,11,22.0,2005,"{""type"":""MultiPoint"",""coordinates"":[]}"
20_21_3,26.387635737121546,13,22.0,2005,"{""type"":""MultiPoint"",""coordinates"":[]}"
20_21_4,39.941629347411904,18,22.0,2005,"{""type"":""MultiPoint"",""coordinates"":[]}"
20_21_5,2.60028034869385,21,22.0,2005,"{""type"":""MultiPoint"",""coordinates"":[]}"
20_21_6,0.21616283654785137,23,22.0,2005,"{""type"":""MultiPoint"",""coordinates"":[]}"
20_21_7,0.1991584594726563,24,22.0,2005,"{""type"":""MultiPoint"",""coordinates"":[]}"
20_21_8,1.6382554321899416,25,22.0,2005,"{""type"":""MultiPoint"",""coordinates"":[]}"
20_21_9,22.85950597918688,29,22.0,2005,"{""type"":""MultiPoint"",""coordinates"":[]}"
20_21_10,0.030379888427734373,30,22.0,2005,"{""type"":""MultiPoint"",""coordinates"":[]}"
20_21_11,82.97722761633314,33,22.0,2005,"{""type"":""MultiPoint"",""coordinates"":[]}"
20_21_12,1.8158671780395503,68,22.0,2005,"{""type"":""MultiPoint"",""coordinates"":[]}"
20_22_0,7945.193974544004,3,23.0,2005,"{""type"":""MultiPoint"",""coordinates"":[]}"
20_22_1,487.3438782404165,6,23.0,2005,"{""type"":""MultiPoint"",""coordinates"":[]}"
20_22_2,0.08667799884033205,11,23.0,2005,"{""type"":""MultiPoint"",""coordinates"":[]}"
20_22_3,210.43298919030607,13,23.0,2005,"{""type"":""MultiPoint"",""coordinates"":[]}"
20_22_4,64.83607853967318,15,23.0,2005,"{""type"":""MultiPoint"",""coordinates"":[]}"
20_22_5,7.158677552856442,18,23.0,2005,"{""type"":""MultiPoint"",""coordinates"":[]}"
20_22_6,14.064432222595217,21,23.0,2005,"{""type"":""MultiPoint"",""coordinates"":[]}"
20_22_7,0.15633893414306654,23,23.0,2005,"{""type"":""MultiPoint"",""coordinates"":[]}"
20_22_8,0.0679065126953126,24,23.0,2005,"{""type"":""MultiPoint"",""coordinates"":[]}"
20_22_9,0.06254032037353517,25,23.0,2005,"{""type"":""MultiPoint"",""coordinates"":[]}"
20_22_10,43.90406912036155,33,23.0,2005,"{""type"":""MultiPoint"",""coordinates"":[]}"
20_22_11,0.9739870847167981,68,23.0,2005,"{""type"":""MultiPoint"",""coordinates"":[]}"
20_23_0,105.00800962274181,3,25.0,2005,"{""type"":""MultiPoint"",""coordinates"":[]}"
20_23_1,0.010726984802246093,15,25.0,2005,"{""type"":""MultiPoint"",""coordinates"":[]}"
20_23_2,0.017878068359375,18,25.0,2005,"{""type"":""MultiPoint"",""coordinates"":[]}"
20_23_3,0.06704321331787105,21,25.0,2005,"{""type"":""MultiPoint"",""coordinates"":[]}"
20_23_4,0.4675104486083982,33,25.0,2005,"{""type"":""MultiPoint"",""coordinates"":[]}"
21_0_0,22.808648790038955,3,1.0,2006,"{""type"":""MultiPoint"",""coordinates"":[]}"
21_0_1,0.007149228271484375,23,1.0,2006,"{""type"":""MultiPoint"",""coordinates"":[]}"
21_0_2,0.023234941162109377,25,1.0,2006,"{""type"":""MultiPoint"",""coordinates"":[]}"
21_0_3,8.936422729492187E-4,33,1.0,2006,"{""type"":""MultiPoint"",""coordinates"":[]}"
21_1_0,8783.391700606342,3,2.0,2006,"{""type"":""MultiPoint"",""coordinates"":[]}"
21_1_1,888.9712737810105,6,2.0,2006,"{""type"":""MultiPoint"",""coordinates"":[]}"
21_1_2,7.212138533020023,11,2.0,2006,"{""type"":""MultiPoint"",""coordinates"":[]}"
21_1_3,2.8125946244506834,13,2.0,2006,"{""type"":""MultiPoint"",""coordinates"":[]}"
21_1_4,0.08756103509521485,18,2.0,2006,"{""type"":""MultiPoint"",""coordinates"":[]}"
21_1_5,0.13044726782226568,21,2.0,2006,"{""type"":""MultiPoint"",""coordinates"":[]}"
21_1_6,0.282303804626465,24,2.0,2006,"{""type"":""MultiPoint"",""coordinates"":[]}"
21_1_7,0.009826987060546875,25,2.0,2006,"{""type"":""MultiPoint"",""coordinates"":[]}"
21_1_8,25.912728182861276,33,2.0,2006,"{""type"":""MultiPoint"",""coordinates"":[]}"
21_1_9,0.35559392529296885,68,2.0,2006,"{""type"":""MultiPoint"",""coordinates"":[]}"
21_2_0,9455.809646224776,3,3.0,2006,"{""type"":""MultiPoint"",""coordinates"":[]}"
21_2_1,765.2419106963935,6,3.0,2006,"{""type"":""MultiPoint"",""coordinates"":[]}"
21_2_2,67.83906898431383,11,3.0,2006,"{""type"":""MultiPoint"",""coordinates"":[]}"
21_2_3,8.772639060730002,13,3.0,2006,"{""type"":""MultiPoint"",""coordinates"":[]}"
21_2_4,25.276633409667916,18,3.0,2006,"{""type"":""MultiPoint"",""coordinates"":[]}"
21_2_5,1.478485998291016,21,3.0,2006,"{""type"":""MultiPoint"",""coordinates"":[]}"
21_2_6,0.12514493688964842,23,3.0,2006,"{""type"":""MultiPoint"",""coordinates"":[]}"
21_2_7,0.16626334704589837,25,3.0,2006,"{""type"":""MultiPoint"",""coordinates"":[]}"
21_2_8,221.89461824438743,33,3.0,2006,"{""type"":""MultiPoint"",""coordinates"":[]}"
21_3_0,4851.853084269203,3,4.0,2006,"{""type"":""MultiPoint"",""coordinates"":[]}"
21_3_1,556.5298372733645,6,4.0,2006,"{""type"":""MultiPoint"",""coordinates"":[]}"
21_3_2,70.12381119683793,11,4.0,2006,"{""type"":""MultiPoint"",""coordinates"":[]}"
21_3_3,1.170753882263183,13,4.0,2006,"{""type"":""MultiPoint"",""coordinates"":[]}"
21_3_4,2.5749926556396483,18,4.0,2006,"{""type"":""MultiPoint"",""coordinates"":[]}"
21_3_5,0.023237383056640623,21,4.0,2006,"{""type"":""MultiPoint"",""coordinates"":[]}"
21_3_6,0.11171654113769534,23,4.0,2006,"{""type"":""MultiPoint"",""coordinates"":[]}"
21_3_7,0.053625598388671855,24,4.0,2006,"{""type"":""MultiPoint"",""coordinates"":[]}"
21_3_8,8.937020263671875E-4,25,4.0,2006,"{""type"":""MultiPoint"",""coordinates"":[]}"
21_3_9,112.257091281738,33,4.0,2006,"{""type"":""MultiPoint"",""coordinates"":[]}"
21_4_0,1820.6444451030036,3,5.0,2006,"{""type"":""MultiPoint"",""coordinates"":[]}"
21_4_1,61.10637289324993,6,5.0,2006,"{""type"":""MultiPoint"",""coordinates"":[]}"
21_4_2,0.04465551556396482,11,5.0,2006,"{""type"":""MultiPoint"",""coordinates"":[]}"
21_4_3,0.10540632458496083,12,5.0,2006,"{""type"":""MultiPoint"",""coordinates"":[]}"
21_4_4,177.93038162609588,15,5.0,2006,"{""type"":""MultiPoint"",""coordinates"":[]}"
21_4_5,0.05180710687255861,18,5.0,2006,"{""type"":""MultiPoint"",""coordinates"":[]}"
21_4_6,8.294964938049333,21,5.0,2006,"{""type"":""MultiPoint"",""coordinates"":[]}"
21_4_7,2.9240084035644527,23,5.0,2006,"{""type"":""MultiPoint"",""coordinates"":[]}"
21_4_8,0.16076947149658205,25,5.0,2006,"{""type"":""MultiPoint"",""coordinates"":[]}"
21_4_9,18.317875511535547,33,5.0,2006,"{""type"":""MultiPoint"",""coordinates"":[]}"
21_5_0,2552.6923183718777,3,6.0,2006,"{""type"":""MultiPoint"",""coordinates"":[]}"
21_5_1,113.07350161480672,6,6.0,2006,"{""type"":""MultiPoint"",""coordinates"":[]}"
21_5_2,1.7670168366088863,11,6.0,2006,"{""type"":""MultiPoint"",""coordinates"":[]}"
21_5_3,0.19718678094482447,13,6.0,2006,"{""type"":""MultiPoint"",""coordinates"":[]}"
21_5_4,7.896863146362335,18,6.0,2006,"{""type"":""MultiPoint"",""coordinates"":[]}"
21_5_5,0.06783836566162108,21,6.0,2006,"{""type"":""MultiPoint"",""coordinates"":[]}"
21_5_6,0.024985268066406253,25,6.0,2006,"{""type"":""MultiPoint"",""coordinates"":[]}"
21_5_7,5.6365642306518495,33,6.0,2006,"{""type"":""MultiPoint"",""coordinates"":[]}"
21_6_0,934.5570258886792,3,7.0,2006,"{""type"":""MultiPoint"",""coordinates"":[]}"
21_6_1,0.02413301928710938,15,7.0,2006,"{""type"":""MultiPoint"",""coordinates"":[]}"
21_6_2,2.184426796020502,21,7.0,2006,"{""type"":""MultiPoint"",""coordinates"":[]}"
21_6_3,0.9706628139038066,23,7.0,2006,"{""type"":""MultiPoint"",""coordinates"":[]}"
21_6_4,0.2967345231323242,25,7.0,2006,"{""type"":""MultiPoint"",""coordinates"":[]}"
21_6_5,3.50001141204834,33,7.0,2006,"{""type"":""MultiPoint"",""coordinates"":[]}"
21_7_0,3882.2447080750767,3,8.0,2006,"{""type"":""MultiPoint"",""coordinates"":[]}"
21_7_1,407.17035438919,6,8.0,2006,"{""type"":""MultiPoint"",""coordinates"":[]}"
21_7_2,42.183080556090694,11,8.0,2006,"{""type"":""MultiPoint"",""coordinates"":[]}"
21_7_3,0.8841412515259053,13,8.0,2006,"{""type"":""MultiPoint"",""coordinates"":[]}"
21_7_4,54.327010350768866,15,8.0,2006,"{""type"":""MultiPoint"",""coordinates"":[]}"
21_7_5,0.06436615301513675,18,8.0,2006,"{""type"":""MultiPoint"",""coordinates"":[]}"
21_7_6,8.282603942932147,21,8.0,2006,"{""type"":""MultiPoint"",""coordinates"":[]}"
21_7_7,0.09654912615966797,23,8.0,2006,"{""type"":""MultiPoint"",""coordinates"":[]}"
21_7_8,1.5027624735717833,25,8.0,2006,"{""type"":""MultiPoint"",""coordinates"":[]}"
21_7_9,12.529859466492008,33,8.0,2006,"{""type"":""MultiPoint"",""coordinates"":[]}"
21_8_0,16.5378041273803,3,9.0,2006,"{""type"":""MultiPoint"",""coordinates"":[]}"
21_8_1,0.03305875018310546,11,9.0,2006,"{""type"":""MultiPoint"",""coordinates"":[]}"
21_8_2,13.590187332092295,13,9.0,2006,"{""type"":""MultiPoint"",""coordinates"":[]}"
21_8_3,8.934894409179687E-4,21,9.0,2006,"{""type"":""MultiPoint"",""coordinates"":[]}"
21_8_4,0.2957505646362306,33,9.0,2006,"{""type"":""MultiPoint"",""coordinates"":[]}"
21_9_0,37938.02621073818,3,10.0,2006,"{""type"":""MultiPoint"",""coordinates"":[]}"
21_9_1,3027.345358489173,6,10.0,2006,"{""type"":""MultiPoint"",""coordinates"":[]}"
21_9_2,9.815445511230493,11,10.0,2006,"{""type"":""MultiPoint"",""coordinates"":[]}"
21_9_3,19.87566345788492,12,10.0,2006,"{""type"":""MultiPoint"",""coordinates"":[]}"
21_9_4,1418.7606102817679,13,10.0,2006,"{""type"":""MultiPoint"",""coordinates"":[]}"
21_9_5,5.685742225219732,15,10.0,2006,"{""type"":""MultiPoint"",""coordinates"":[]}"
21_9_6,7.486996516906751,18,10.0,2006,"{""type"":""MultiPoint"",""coordinates"":[]}"
21_9_7,5.458465125366209,21,10.0,2006,"{""type"":""MultiPoint"",""coordinates"":[]}"
21_9_8,15.011247508911147,23,10.0,2006,"{""type"":""MultiPoint"",""coordinates"":[]}"
21_9_9,0.18415780047607422,24,10.0,2006,"{""type"":""MultiPoint"",""coordinates"":[]}"
21_9_10,0.18594042004394534,25,10.0,2006,"{""type"":""MultiPoint"",""coordinates"":[]}"
21_9_11,246.71525423168907,33,10.0,2006,"{""type"":""MultiPoint"",""coordinates"":[]}"
21_10_0,5262.433443081124,3,11.0,2006,"{""type"":""MultiPoint"",""coordinates"":[]}"
21_10_1,349.41212900494907,6,11.0,2006,"{""type"":""MultiPoint"",""coordinates"":[]}"
21_10_2,1.394263746459963,11,11.0,2006,"{""type"":""MultiPoint"",""coordinates"":[]}"
21_10_3,79.40303958526376,12,11.0,2006,"{""type"":""MultiPoint"",""coordinates"":[]}"
21_10_4,115.59100811913925,13,11.0,2006,"{""type"":""MultiPoint"",""coordinates"":[]}"
21_10_5,304.199292327086,15,11.0,2006,"{""type"":""MultiPoint"",""coordinates"":[]}"
21_10_6,0.05448217517089844,18,11.0,2006,"{""type"":""MultiPoint"",""coordinates"":[]}"
21_10_7,70.88171974810767,21,11.0,2006,"{""type"":""MultiPoint"",""coordinates"":[]}"
21_10_8,0.9421439566040033,23,11.0,2006,"{""type"":""MultiPoint"",""coordinates"":[]}"
21_10_9,0.015184517089843749,24,11.0,2006,"{""type"":""MultiPoint"",""coordinates"":[]}"
21_10_10,0.5134180785522461,25,11.0,2006,"{""type"":""MultiPoint"",""coordinates"":[]}"
21_10_11,34.29032028015135,33,11.0,2006,"{""type"":""MultiPoint"",""coordinates"":[]}"
21_11_0,558.9640003734968,3,12.0,2006,"{""type"":""MultiPoint"",""coordinates"":[]}"
21_11_1,0.1045539219970702,11,12.0,2006,"{""type"":""MultiPoint"",""coordinates"":[]}"
21_11_2,25.6483986430054,13,12.0,2006,"{""type"":""MultiPoint"",""coordinates"":[]}"
21_11_3,0.00983027508544922,15,12.0,2006,"{""type"":""MultiPoint"",""coordinates"":[]}"
21_11_4,1.0759851315917968,21,12.0,2006,"{""type"":""MultiPoint"",""coordinates"":[]}"
21_11_5,0.018767533813476563,23,12.0,2006,"{""type"":""MultiPoint"",""coordinates"":[]}"
21_11_6,0.09115185681152348,25,12.0,2006,"{""type"":""MultiPoint"",""coordinates"":[]}"
21_11_7,0.4155635137329097,33,12.0,2006,"{""type"":""MultiPoint"",""coordinates"":[]}"
21_11_8,0.39321358538818396,68,12.0,2006,"{""type"":""MultiPoint"",""coordinates"":[]}"
21_12_0,0.7472420220947328,11,13.0,2006,"{""type"":""MultiPoint"",""coordinates"":[]}"
21_12_1,0.372284307067872,12,13.0,2006,"{""type"":""MultiPoint"",""coordinates"":[]}"
21_12_2,0.0017812737426757812,33,13.0,2006,"{""type"":""MultiPoint"",""coordinates"":[]}"
21_13_0,899.1108409755427,3,14.0,2006,"{""type"":""MultiPoint"",""coordinates"":[]}"
21_13_1,613.9471687413848,13,14.0,2006,"{""type"":""MultiPoint"",""coordinates"":[]}"
21_13_2,4.526906259582533,15,14.0,2006,"{""type"":""MultiPoint"",""coordinates"":[]}"
21_13_3,0.24707950360107414,18,14.0,2006,"{""type"":""MultiPoint"",""coordinates"":[]}"
21_13_4,13.690072255615112,21,14.0,2006,"{""type"":""MultiPoint"",""coordinates"":[]}"
21_13_5,0.06065700469970704,23,14.0,2006,"{""type"":""MultiPoint"",""coordinates"":[]}"
21_13_6,0.010703827087402341,25,14.0,2006,"{""type"":""MultiPoint"",""coordinates"":[]}"
21_13_7,6.580769244873027,33,14.0,2006,"{""type"":""MultiPoint"",""coordinates"":[]}"
21_13_8,1.1256445506591788,68,14.0,2006,"{""type"":""MultiPoint"",""coordinates"":[]}"
21_14_0,752.6840625567404,3,15.0,2006,"{""type"":""MultiPoint"",""coordinates"":[]}"
21_14_1,1.0590563021240242,15,15.0,2006,"{""type"":""MultiPoint"",""coordinates"":[]}"
21_14_2,9.707519229187099,21,15.0,2006,"{""type"":""MultiPoint"",""coordinates"":[]}"
21_14_3,0.2538139599609374,23,15.0,2006,"{""type"":""MultiPoint"",""coordinates"":[]}"
21_14_4,0.2386134482421877,25,15.0,2006,"{""type"":""MultiPoint"",""coordinates"":[]}"
21_14_5,0.009830694030761719,30,15.0,2006,"{""type"":""MultiPoint"",""coordinates"":[]}"
21_14_6,0.2305804982299803,33,15.0,2006,"{""type"":""MultiPoint"",""coordinates"":[]}"
21_15_0,2763.323674671065,3,16.0,2006,"{""type"":""MultiPoint"",""coordinates"":[]}"
21_15_1,5.366415125549299,6,16.0,2006,"{""type"":""MultiPoint"",""coordinates"":[]}"
21_15_2,25.127325074157863,13,16.0,2006,"{""type"":""MultiPoint"",""coordinates"":[]}"
21_15_3,69.14568132116806,15,16.0,2006,"{""type"":""MultiPoint"",""coordinates"":[]}"
21_15_4,8.895911972656235,21,16.0,2006,"{""type"":""MultiPoint"",""coordinates"":[]}"
21_15_5,3.4697232122802717,23,16.0,2006,"{""type"":""MultiPoint"",""coordinates"":[]}"
21_15_6,0.12323708575439463,25,16.0,2006,"{""type"":""MultiPoint"",""coordinates"":[]}"
21_15_7,6.301364647521975,33,16.0,2006,"{""type"":""MultiPoint"",""coordinates"":[]}"
21_16_0,0.280652548156739,3,17.0,2006,"{""type"":""MultiPoint"",""coordinates"":[]}"
21_17_0,342.8708774584637,3,18.0,2006,"{""type"":""MultiPoint"",""coordinates"":[]}"
21_17_1,7.869561238159249,13,18.0,2006,"{""type"":""MultiPoint"",""coordinates"":[]}"
21_17_2,3.3454097517700294,15,18.0,2006,"{""type"":""MultiPoint"",""coordinates"":[]}"
21_17_3,21.22802012469452,21,18.0,2006,"{""type"":""MultiPoint"",""coordinates"":[]}"
21_17_4,0.6551358779907224,23,18.0,2006,"{""type"":""MultiPoint"",""coordinates"":[]}"
21_17_5,0.4129188397216797,25,18.0,2006,"{""type"":""MultiPoint"",""coordinates"":[]}"
21_17_6,0.3682339361572267,33,18.0,2006,"{""type"":""MultiPoint"",""coordinates"":[]}"
21_17_7,1.1064818092651363,68,18.0,2006,"{""type"":""MultiPoint"",""coordinates"":[]}"
21_18_0,316.31733104060373,3,19.0,2006,"{""type"":""MultiPoint"",""coordinates"":[]}"
21_18_1,21.351287498108125,11,19.0,2006,"{""type"":""MultiPoint"",""coordinates"":[]}"
21_18_2,53.071703403075944,13,19.0,2006,"{""type"":""MultiPoint"",""coordinates"":[]}"
21_18_3,0.3736064204101553,15,19.0,2006,"{""type"":""MultiPoint"",""coordinates"":[]}"
21_18_4,11.130563003662527,18,19.0,2006,"{""type"":""MultiPoint"",""coordinates"":[]}"
21_18_5,55.734061480225506,21,19.0,2006,"{""type"":""MultiPoint"",""coordinates"":[]}"
21_18_6,0.2708231889648435,24,19.0,2006,"{""type"":""MultiPoint"",""coordinates"":[]}"
21_18_7,0.042903392578125,25,19.0,2006,"{""type"":""MultiPoint"",""coordinates"":[]}"
21_18_8,0.053631939392089836,27,19.0,2006,"{""type"":""MultiPoint"",""coordinates"":[]}"
21_18_9,41.75114468383982,33,19.0,2006,"{""type"":""MultiPoint"",""coordinates"":[]}"
21_19_0,123.32252798425588,3,20.0,2006,"{""type"":""MultiPoint"",""coordinates"":[]}"
21_19_1,20.043879042236647,6,20.0,2006,"{""type"":""MultiPoint"",""coordinates"":[]}"
21_19_2,0.286698886169434,11,20.0,2006,"{""type"":""MultiPoint"",""coordinates"":[]}"
21_19_3,66.93681698858542,13,20.0,2006,"{""type"":""MultiPoint"",""coordinates"":[]}"
21_19_4,60.027301821043906,15,20.0,2006,"{""type"":""MultiPoint"",""coordinates"":[]}"
21_19_5,0.025007854003906253,18,20.0,2006,"{""type"":""MultiPoint"",""coordinates"":[]}"
21_19_6,12.712792101989775,21,20.0,2006,"{""type"":""MultiPoint"",""coordinates"":[]}"
21_19_7,0.018754690185546877,23,20.0,2006,"{""type"":""MultiPoint"",""coordinates"":[]}"
21_19_8,0.410846538330078,25,20.0,2006,"{""type"":""MultiPoint"",""coordinates"":[]}"
21_19_9,0.5376376864624024,33,20.0,2006,"{""type"":""MultiPoint"",""coordinates"":[]}"
21_20_0,46.88760744427676,3,21.0,2006,"{""type"":""MultiPoint"",""coordinates"":[]}"
21_20_1,0.0035731281127929686,6,21.0,2006,"{""type"":""MultiPoint"",""coordinates"":[]}"
21_20_2,21.529928796386912,15,21.0,2006,"{""type"":""MultiPoint"",""coordinates"":[]}"
21_20_3,2.3653077429199296,21,21.0,2006,"{""type"":""MultiPoint"",""coordinates"":[]}"
21_21_0,9928.986934436172,3,22.0,2006,"{""type"":""MultiPoint"",""coordinates"":[]}"
21_21_1,854.7552525405574,6,22.0,2006,"{""type"":""MultiPoint"",""coordinates"":[]}"
21_21_2,4.582858070983873,11,22.0,2006,"{""type"":""MultiPoint"",""coordinates"":[]}"
21_21_3,24.20742136962888,13,22.0,2006,"{""type"":""MultiPoint"",""coordinates"":[]}"
21_21_4,37.89098333343491,18,22.0,2006,"{""type"":""MultiPoint"",""coordinates"":[]}"
21_21_5,2.3073193295288097,21,22.0,2006,"{""type"":""MultiPoint"",""coordinates"":[]}"
21_21_6,0.23760612316894508,23,22.0,2006,"{""type"":""MultiPoint"",""coordinates"":[]}"
21_21_7,0.21433877423095707,24,22.0,2006,"{""type"":""MultiPoint"",""coordinates"":[]}"
21_21_8,1.7749484014282233,25,22.0,2006,"{""type"":""MultiPoint"",""coordinates"":[]}"
21_21_9,23.32232061407462,29,22.0,2006,"{""type"":""MultiPoint"",""coordinates"":[]}"
21_21_10,0.035741173950195305,30,22.0,2006,"{""type"":""MultiPoint"",""coordinates"":[]}"
21_21_11,82.99135151800547,33,22.0,2006,"{""type"":""MultiPoint"",""coordinates"":[]}"
21_21_12,2.7914044454956035,68,22.0,2006,"{""type"":""MultiPoint"",""coordinates"":[]}"
21_22_0,7945.607482169161,3,23.0,2006,"{""type"":""MultiPoint"",""coordinates"":[]}"
21_22_1,486.2822164610592,6,23.0,2006,"{""type"":""MultiPoint"",""coordinates"":[]}"
21_22_2,0.08846524047851564,11,23.0,2006,"{""type"":""MultiPoint"",""coordinates"":[]}"
21_22_3,207.3440578718219,13,23.0,2006,"{""type"":""MultiPoint"",""coordinates"":[]}"
21_22_4,66.93918097125261,15,23.0,2006,"{""type"":""MultiPoint"",""coordinates"":[]}"
21_22_5,7.919916310668921,18,23.0,2006,"{""type"":""MultiPoint"",""coordinates"":[]}"
21_22_6,14.490495133178698,21,23.0,2006,"{""type"":""MultiPoint"",""coordinates"":[]}"
21_22_7,0.152766366333008,23,23.0,2006,"{""type"":""MultiPoint"",""coordinates"":[]}"
21_22_8,0.058077933227539055,24,23.0,2006,"{""type"":""MultiPoint"",""coordinates"":[]}"
21_22_9,0.2966041255493163,25,23.0,2006,"{""type"":""MultiPoint"",""coordinates"":[]}"
21_22_10,43.99872824267598,33,23.0,2006,"{""type"":""MultiPoint"",""coordinates"":[]}"
21_22_11,1.103559435546877,68,23.0,2006,"{""type"":""MultiPoint"",""coordinates"":[]}"
21_23_0,105.08846077008059,3,25.0,2006,"{""type"":""MultiPoint"",""coordinates"":[]}"
21_23_1,0.010726984802246093,15,25.0,2006,"{""type"":""MultiPoint"",""coordinates"":[]}"
21_23_2,0.017878068237304687,18,25.0,2006,"{""type"":""MultiPoint"",""coordinates"":[]}"
21_23_3,0.056316253784179655,21,25.0,2006,"{""type"":""MultiPoint"",""coordinates"":[]}"
21_23_4,0.39778626092529273,33,25.0,2006,"{""type"":""MultiPoint"",""coordinates"":[]}"
22_0_0,22.815798018310435,3,1.0,2007,"{""type"":""MultiPoint"",""coordinates"":[]}"
22_0_1,0.023234941162109377,25,1.0,2007,"{""type"":""MultiPoint"",""coordinates"":[]}"
22_0_2,8.936422729492187E-4,33,1.0,2007,"{""type"":""MultiPoint"",""coordinates"":[]}"
22_1_0,8797.316457755827,3,2.0,2007,"{""type"":""MultiPoint"",""coordinates"":[]}"
22_1_1,874.4004971157173,6,2.0,2007,"{""type"":""MultiPoint"",""coordinates"":[]}"
22_1_2,8.277156483276366,11,2.0,2007,"{""type"":""MultiPoint"",""coordinates"":[]}"
22_1_3,2.7715208464965837,13,2.0,2007,"{""type"":""MultiPoint"",""coordinates"":[]}"
22_1_4,0.09202849151611325,18,2.0,2007,"{""type"":""MultiPoint"",""coordinates"":[]}"
22_1_5,0.15546393664550784,21,2.0,2007,"{""type"":""MultiPoint"",""coordinates"":[]}"
22_1_6,0.24835605206298833,24,2.0,2007,"{""type"":""MultiPoint"",""coordinates"":[]}"
22_1_7,0.0026800399169921874,25,2.0,2007,"{""type"":""MultiPoint"",""coordinates"":[]}"
22_1_8,25.902008026245067,33,2.0,2007,"{""type"":""MultiPoint"",""coordinates"":[]}"
22_2_0,9456.358743921945,3,3.0,2007,"{""type"":""MultiPoint"",""coordinates"":[]}"
22_2_1,767.1841302393759,6,3.0,2007,"{""type"":""MultiPoint"",""coordinates"":[]}"
22_2_2,65.95024115759261,11,3.0,2007,"{""type"":""MultiPoint"",""coordinates"":[]}"
22_2_3,7.851917788208019,13,3.0,2007,"{""type"":""MultiPoint"",""coordinates"":[]}"
22_2_4,24.980749473632773,18,3.0,2007,"{""type"":""MultiPoint"",""coordinates"":[]}"
22_2_5,1.8628603124389658,21,3.0,2007,"{""type"":""MultiPoint"",""coordinates"":[]}"
22_2_6,0.0822383231201172,23,3.0,2007,"{""type"":""MultiPoint"",""coordinates"":[]}"
22_2_7,0.28247238024902344,25,3.0,2007,"{""type"":""MultiPoint"",""coordinates"":[]}"
22_2_8,222.0510573060325,33,3.0,2007,"{""type"":""MultiPoint"",""coordinates"":[]}"
22_3_0,4819.782956391121,3,4.0,2007,"{""type"":""MultiPoint"",""coordinates"":[]}"
22_3_1,592.6387230012842,6,4.0,2007,"{""type"":""MultiPoint"",""coordinates"":[]}"
22_3_2,66.7892886244508,11,4.0,2007,"{""type"":""MultiPoint"",""coordinates"":[]}"
22_3_3,0.4325561629028323,13,4.0,2007,"{""type"":""MultiPoint"",""coordinates"":[]}"
22_3_4,2.589292403015137,18,4.0,2007,"{""type"":""MultiPoint"",""coordinates"":[]}"
22_3_5,0.04021845361328125,21,4.0,2007,"{""type"":""MultiPoint"",""coordinates"":[]}"
22_3_6,0.07328472595214847,23,4.0,2007,"{""type"":""MultiPoint"",""coordinates"":[]}"
22_3_7,0.053625598388671855,24,4.0,2007,"{""type"":""MultiPoint"",""coordinates"":[]}"
22_3_8,0.010725457519531252,25,4.0,2007,"{""type"":""MultiPoint"",""coordinates"":[]}"
22_3_9,112.28837296533177,33,4.0,2007,"{""type"":""MultiPoint"",""coordinates"":[]}"
22_4_0,1796.9444279532095,3,5.0,2007,"{""type"":""MultiPoint"",""coordinates"":[]}"
22_4_1,58.72537933136035,6,5.0,2007,"{""type"":""MultiPoint"",""coordinates"":[]}"
22_4_2,0.04644173333740232,11,5.0,2007,"{""type"":""MultiPoint"",""coordinates"":[]}"
22_4_3,0.1196987135009765,12,5.0,2007,"{""type"":""MultiPoint"",""coordinates"":[]}"
22_4_4,199.9224396228004,15,5.0,2007,"{""type"":""MultiPoint"",""coordinates"":[]}"
22_4_5,0.0321552421875,18,5.0,2007,"{""type"":""MultiPoint"",""coordinates"":[]}"
22_4_6,11.873915218933083,21,5.0,2007,"{""type"":""MultiPoint"",""coordinates"":[]}"
22_4_7,3.7421661166992073,23,5.0,2007,"{""type"":""MultiPoint"",""coordinates"":[]}"
22_4_8,0.251010180908203,25,5.0,2007,"{""type"":""MultiPoint"",""coordinates"":[]}"
22_4_9,17.923052781127844,33,5.0,2007,"{""type"":""MultiPoint"",""coordinates"":[]}"
22_5_0,2551.9983039071176,3,6.0,2007,"{""type"":""MultiPoint"",""coordinates"":[]}"
22_5_1,113.95210208917172,6,6.0,2007,"{""type"":""MultiPoint"",""coordinates"":[]}"
22_5_2,2.1400490172119127,11,6.0,2007,"{""type"":""MultiPoint"",""coordinates"":[]}"
22_5_3,0.06067651092529295,13,6.0,2007,"{""type"":""MultiPoint"",""coordinates"":[]}"
22_5_4,7.624802086547809,18,6.0,2007,"{""type"":""MultiPoint"",""coordinates"":[]}"
22_5_5,0.0062487428588867185,21,6.0,2007,"{""type"":""MultiPoint"",""coordinates"":[]}"
22_5_6,0.005354001342773438,25,6.0,2007,"{""type"":""MultiPoint"",""coordinates"":[]}"
22_5_7,5.568738259765619,33,6.0,2007,"{""type"":""MultiPoint"",""coordinates"":[]}"
22_6_0,935.5133868652617,3,7.0,2007,"{""type"":""MultiPoint"",""coordinates"":[]}"
22_6_1,0.01608867333984375,15,7.0,2007,"{""type"":""MultiPoint"",""coordinates"":[]}"
22_6_2,1.5310620839233384,21,7.0,2007,"{""type"":""MultiPoint"",""coordinates"":[]}"
22_6_3,0.7060989416503901,23,7.0,2007,"{""type"":""MultiPoint"",""coordinates"":[]}"
22_6_4,0.2788594839477539,25,7.0,2007,"{""type"":""MultiPoint"",""coordinates"":[]}"
22_6_5,3.487498404968261,33,7.0,2007,"{""type"":""MultiPoint"",""coordinates"":[]}"
22_7_0,3888.695657825425,3,8.0,2007,"{""type"":""MultiPoint"",""coordinates"":[]}"
22_7_1,394.94525872665224,6,8.0,2007,"{""type"":""MultiPoint"",""coordinates"":[]}"
22_7_2,42.03826017980805,11,8.0,2007,"{""type"":""MultiPoint"",""coordinates"":[]}"
22_7_3,1.0361169893799096,13,8.0,2007,"{""type"":""MultiPoint"",""coordinates"":[]}"
22_7_4,60.122591590637015,15,8.0,2007,"{""type"":""MultiPoint"",""coordinates"":[]}"
22_7_5,0.05900229309082035,18,8.0,2007,"{""type"":""MultiPoint"",""coordinates"":[]}"
22_7_6,10.0821852364501,21,8.0,2007,"{""type"":""MultiPoint"",""coordinates"":[]}"
22_7_7,0.33613403021240273,23,8.0,2007,"{""type"":""MultiPoint"",""coordinates"":[]}"
22_7_8,1.4080071885986456,25,8.0,2007,"{""type"":""MultiPoint"",""coordinates"":[]}"
22_7_9,10.562221724365399,33,8.0,2007,"{""type"":""MultiPoint"",""coordinates"":[]}"
22_8_0,16.56550264764398,3,9.0,2007,"{""type"":""MultiPoint"",""coordinates"":[]}"
22_8_1,0.03127180169677734,11,9.0,2007,"{""type"":""MultiPoint"",""coordinates"":[]}"
22_8_2,13.56427569122315,13,9.0,2007,"{""type"":""MultiPoint"",""coordinates"":[]}"
22_8_3,8.934894409179687E-4,21,9.0,2007,"{""type"":""MultiPoint"",""coordinates"":[]}"
22_8_4,0.2957506337280275,33,9.0,2007,"{""type"":""MultiPoint"",""coordinates"":[]}"
22_9_0,37910.17898929056,3,10.0,2007,"{""type"":""MultiPoint"",""coordinates"":[]}"
22_9_1,3033.7965656152796,6,10.0,2007,"{""type"":""MultiPoint"",""coordinates"":[]}"
22_9_2,10.797003181518601,11,10.0,2007,"{""type"":""MultiPoint"",""coordinates"":[]}"
22_9_3,18.71638902740414,12,10.0,2007,"{""type"":""MultiPoint"",""coordinates"":[]}"
22_9_4,1442.6829679426057,13,10.0,2007,"{""type"":""MultiPoint"",""coordinates"":[]}"
22_9_5,5.168359241455085,15,10.0,2007,"{""type"":""MultiPoint"",""coordinates"":[]}"
22_9_6,7.127630995361342,18,10.0,2007,"{""type"":""MultiPoint"",""coordinates"":[]}"
22_9_7,4.859696365600581,21,10.0,2007,"{""type"":""MultiPoint"",""coordinates"":[]}"
22_9_8,14.687108629638594,23,10.0,2007,"{""type"":""MultiPoint"",""coordinates"":[]}"
22_9_9,0.18415780047607422,24,10.0,2007,"{""type"":""MultiPoint"",""coordinates"":[]}"
22_9_10,0.4076397859497065,25,10.0,2007,"{""type"":""MultiPoint"",""coordinates"":[]}"
22_9_11,245.9445844305417,33,10.0,2007,"{""type"":""MultiPoint"",""coordinates"":[]}"
22_10_0,5269.282992201565,3,11.0,2007,"{""type"":""MultiPoint"",""coordinates"":[]}"
22_10_1,348.99855976794976,6,11.0,2007,"{""type"":""MultiPoint"",""coordinates"":[]}"
22_10_2,1.3344278078613303,11,11.0,2007,"{""type"":""MultiPoint"",""coordinates"":[]}"
22_10_3,78.1747959950551,12,11.0,2007,"{""type"":""MultiPoint"",""coordinates"":[]}"
22_10_4,112.58529257806289,13,11.0,2007,"{""type"":""MultiPoint"",""coordinates"":[]}"
22_10_5,292.0675255387535,15,11.0,2007,"{""type"":""MultiPoint"",""coordinates"":[]}"
22_10_6,0.40456038684082035,18,11.0,2007,"{""type"":""MultiPoint"",""coordinates"":[]}"
22_10_7,80.36411169580116,21,11.0,2007,"{""type"":""MultiPoint"",""coordinates"":[]}"
22_10_8,3.5905494157104543,23,11.0,2007,"{""type"":""MultiPoint"",""coordinates"":[]}"
22_10_9,0.015184517089843749,24,11.0,2007,"{""type"":""MultiPoint"",""coordinates"":[]}"
22_10_10,0.5625819754638675,25,11.0,2007,"{""type"":""MultiPoint"",""coordinates"":[]}"
22_10_11,31.74986273950176,33,11.0,2007,"{""type"":""MultiPoint"",""coordinates"":[]}"
22_11_0,559.9425616930183,3,12.0,2007,"{""type"":""MultiPoint"",""coordinates"":[]}"
22_11_1,0.10366025341796864,11,12.0,2007,"{""type"":""MultiPoint"",""coordinates"":[]}"
22_11_2,25.355287558593737,13,12.0,2007,"{""type"":""MultiPoint"",""coordinates"":[]}"
22_11_3,0.011617680603027345,15,12.0,2007,"{""type"":""MultiPoint"",""coordinates"":[]}"
22_11_4,0.6175247733764652,21,12.0,2007,"{""type"":""MultiPoint"",""coordinates"":[]}"
22_11_5,0.002681123779296875,23,12.0,2007,"{""type"":""MultiPoint"",""coordinates"":[]}"
22_11_6,0.0813213147583008,25,12.0,2007,"{""type"":""MultiPoint"",""coordinates"":[]}"
22_11_7,0.3878605513305661,33,12.0,2007,"{""type"":""MultiPoint"",""coordinates"":[]}"
22_11_8,0.21894988604736335,68,12.0,2007,"{""type"":""MultiPoint"",""coordinates"":[]}"
22_12_0,0.9316028305664177,11,13.0,2007,"{""type"":""MultiPoint"",""coordinates"":[]}"
22_12_1,0.18257971716308605,12,13.0,2007,"{""type"":""MultiPoint"",""coordinates"":[]}"
22_12_2,0.00712505517578125,68,13.0,2007,"{""type"":""MultiPoint"",""coordinates"":[]}"
22_13_0,898.5522293748817,3,14.0,2007,"{""type"":""MultiPoint"",""coordinates"":[]}"
22_13_1,615.0161570043256,13,14.0,2007,"{""type"":""MultiPoint"",""coordinates"":[]}"
22_13_2,4.963086183288584,15,14.0,2007,"{""type"":""MultiPoint"",""coordinates"":[]}"
22_13_3,0.044599728332519545,18,14.0,2007,"{""type"":""MultiPoint"",""coordinates"":[]}"
22_13_4,13.114577497131163,21,14.0,2007,"{""type"":""MultiPoint"",""coordinates"":[]}"
22_13_5,0.07671438916015627,23,14.0,2007,"{""type"":""MultiPoint"",""coordinates"":[]}"
22_13_6,0.006244062744140625,25,14.0,2007,"{""type"":""MultiPoint"",""coordinates"":[]}"
22_13_7,6.3381402250366055,33,14.0,2007,"{""type"":""MultiPoint"",""coordinates"":[]}"
22_13_8,1.1880938981323241,68,14.0,2007,"{""type"":""MultiPoint"",""coordinates"":[]}"
22_14_0,754.4366726256778,3,15.0,2007,"{""type"":""MultiPoint"",""coordinates"":[]}"
22_14_1,0.9214164536743166,15,15.0,2007,"{""type"":""MultiPoint"",""coordinates"":[]}"
22_14_2,8.31061473577882,21,15.0,2007,"{""type"":""MultiPoint"",""coordinates"":[]}"
22_14_3,0.09830959234619142,23,15.0,2007,"{""type"":""MultiPoint"",""coordinates"":[]}"
22_14_4,0.20822685754394532,25,15.0,2007,"{""type"":""MultiPoint"",""coordinates"":[]}"
22_14_5,0.009830694030761719,30,15.0,2007,"{""type"":""MultiPoint"",""coordinates"":[]}"
22_14_6,0.19840572949218738,33,15.0,2007,"{""type"":""MultiPoint"",""coordinates"":[]}"
22_15_0,2748.5114507007347,3,16.0,2007,"{""type"":""MultiPoint"",""coordinates"":[]}"
22_15_1,5.289610051513658,6,16.0,2007,"{""type"":""MultiPoint"",""coordinates"":[]}"
22_15_2,25.0612499375611,13,16.0,2007,"{""type"":""MultiPoint"",""coordinates"":[]}"
22_15_3,81.39758236053535,15,16.0,2007,"{""type"":""MultiPoint"",""coordinates"":[]}"
22_15_4,11.317001958618098,21,16.0,2007,"{""type"":""MultiPoint"",""coordinates"":[]}"
22_15_5,3.578697242004394,23,16.0,2007,"{""type"":""MultiPoint"",""coordinates"":[]}"
22_15_6,0.03839872680664062,25,16.0,2007,"{""type"":""MultiPoint"",""coordinates"":[]}"
22_15_7,6.437002773498544,33,16.0,2007,"{""type"":""MultiPoint"",""coordinates"":[]}"
22_15_8,0.12233935888671854,68,16.0,2007,"{""type"":""MultiPoint"",""coordinates"":[]}"
22_16_0,0.280652548156739,3,17.0,2007,"{""type"":""MultiPoint"",""coordinates"":[]}"
22_17_0,344.9238723324258,3,18.0,2007,"{""type"":""MultiPoint"",""coordinates"":[]}"
22_17_1,7.75337237097176,13,18.0,2007,"{""type"":""MultiPoint"",""coordinates"":[]}"
22_17_2,3.2372638276977663,15,18.0,2007,"{""type"":""MultiPoint"",""coordinates"":[]}"
22_17_3,19.807811192382765,21,18.0,2007,"{""type"":""MultiPoint"",""coordinates"":[]}"
22_17_4,0.43884272686767656,23,18.0,2007,"{""type"":""MultiPoint"",""coordinates"":[]}"
22_17_5,0.43526318280029297,25,18.0,2007,"{""type"":""MultiPoint"",""coordinates"":[]}"
22_17_6,0.3423149724731447,33,18.0,2007,"{""type"":""MultiPoint"",""coordinates"":[]}"
22_17_7,0.9178984306030278,68,18.0,2007,"{""type"":""MultiPoint"",""coordinates"":[]}"
22_18_0,318.86209761737405,3,19.0,2007,"{""type"":""MultiPoint"",""coordinates"":[]}"
22_18_1,20.90525835040334,11,19.0,2007,"{""type"":""MultiPoint"",""coordinates"":[]}"
22_18_2,52.54702061389113,13,19.0,2007,"{""type"":""MultiPoint"",""coordinates"":[]}"
22_18_3,0.2860145910644525,15,19.0,2007,"{""type"":""MultiPoint"",""coordinates"":[]}"
22_18_4,9.996344935547208,18,19.0,2007,"{""type"":""MultiPoint"",""coordinates"":[]}"
22_18_5,55.47209229803623,21,19.0,2007,"{""type"":""MultiPoint"",""coordinates"":[]}"
22_18_6,0.27529225628662085,24,19.0,2007,"{""type"":""MultiPoint"",""coordinates"":[]}"
22_18_7,0.02234563360595703,25,19.0,2007,"{""type"":""MultiPoint"",""coordinates"":[]}"
22_18_8,0.053631939392089836,27,19.0,2007,"{""type"":""MultiPoint"",""coordinates"":[]}"
22_18_9,41.67695781524833,33,19.0,2007,"{""type"":""MultiPoint"",""coordinates"":[]}"
22_19_0,123.56185149139627,3,20.0,2007,"{""type"":""MultiPoint"",""coordinates"":[]}"
22_19_1,20.123362977966625,6,20.0,2007,"{""type"":""MultiPoint"",""coordinates"":[]}"
22_19_2,0.2590116164550783,11,20.0,2007,"{""type"":""MultiPoint"",""coordinates"":[]}"
22_19_3,68.10239268914552,13,20.0,2007,"{""type"":""MultiPoint"",""coordinates"":[]}"
22_19_4,60.051417603880665,15,20.0,2007,"{""type"":""MultiPoint"",""coordinates"":[]}"
22_19_5,0.34743075225830133,18,20.0,2007,"{""type"":""MultiPoint"",""coordinates"":[]}"
22_19_6,11.075681062500008,21,20.0,2007,"{""type"":""MultiPoint"",""coordinates"":[]}"
22_19_7,0.035723277160644544,23,20.0,2007,"{""type"":""MultiPoint"",""coordinates"":[]}"
22_19_8,0.2670502230224606,25,20.0,2007,"{""type"":""MultiPoint"",""coordinates"":[]}"
22_19_9,0.49834189947509683,33,20.0,2007,"{""type"":""MultiPoint"",""coordinates"":[]}"
22_20_0,47.32708168805144,3,21.0,2007,"{""type"":""MultiPoint"",""coordinates"":[]}"
22_20_1,0.0026798463134765625,6,21.0,2007,"{""type"":""MultiPoint"",""coordinates"":[]}"
22_20_2,0.003572947448730469,13,21.0,2007,"{""type"":""MultiPoint"",""coordinates"":[]}"
22_20_3,21.2351537179567,15,21.0,2007,"{""type"":""MultiPoint"",""coordinates"":[]}"
22_20_4,2.217928911926279,21,21.0,2007,"{""type"":""MultiPoint"",""coordinates"":[]}"
22_21_0,9920.600250184161,3,22.0,2007,"{""type"":""MultiPoint"",""coordinates"":[]}"
22_21_1,863.1579805234655,6,22.0,2007,"{""type"":""MultiPoint"",""coordinates"":[]}"
22_21_2,4.834643015991199,11,22.0,2007,"{""type"":""MultiPoint"",""coordinates"":[]}"
22_21_3,25.393685482299816,13,22.0,2007,"{""type"":""MultiPoint"",""coordinates"":[]}"
22_21_4,38.88345306945787,18,22.0,2007,"{""type"":""MultiPoint"",""coordinates"":[]}"
22_21_5,2.129528573181153,21,22.0,2007,"{""type"":""MultiPoint"",""coordinates"":[]}"
22_21_6,1.0807036543579083,23,22.0,2007,"{""type"":""MultiPoint"",""coordinates"":[]}"
22_21_7,0.21523173284912114,24,22.0,2007,"{""type"":""MultiPoint"",""coordinates"":[]}"
22_21_8,1.773166318725586,25,22.0,2007,"{""type"":""MultiPoint"",""coordinates"":[]}"
22_21_9,23.10257822405998,29,22.0,2007,"{""type"":""MultiPoint"",""coordinates"":[]}"
22_21_10,0.035741173950195305,30,22.0,2007,"{""type"":""MultiPoint"",""coordinates"":[]}"
22_21_11,80.66295975079352,33,22.0,2007,"{""type"":""MultiPoint"",""coordinates"":[]}"
22_21_12,2.2285584273071306,68,22.0,2007,"{""type"":""MultiPoint"",""coordinates"":[]}"
22_22_0,7928.708146662635,3,23.0,2007,"{""type"":""MultiPoint"",""coordinates"":[]}"
22_22_1,503.94713961492687,6,23.0,2007,"{""type"":""MultiPoint"",""coordinates"":[]}"
22_22_2,0.09025247912597657,11,23.0,2007,"{""type"":""MultiPoint"",""coordinates"":[]}"
22_22_3,206.68194809124353,13,23.0,2007,"{""type"":""MultiPoint"",""coordinates"":[]}"
22_22_4,65.0471818449706,15,23.0,2007,"{""type"":""MultiPoint"",""coordinates"":[]}"
22_22_5,8.551617526245128,18,23.0,2007,"{""type"":""MultiPoint"",""coordinates"":[]}"
22_22_6,16.866747169189413,21,23.0,2007,"{""type"":""MultiPoint"",""coordinates"":[]}"
22_22_7,0.19296560650634778,23,23.0,2007,"{""type"":""MultiPoint"",""coordinates"":[]}"
22_22_8,0.03305974188232422,24,23.0,2007,"{""type"":""MultiPoint"",""coordinates"":[]}"
22_22_9,0.07057730926513671,25,23.0,2007,"{""type"":""MultiPoint"",""coordinates"":[]}"
22_22_10,43.1393744628908,33,23.0,2007,"{""type"":""MultiPoint"",""coordinates"":[]}"
22_22_11,0.9525397520141619,68,23.0,2007,"{""type"":""MultiPoint"",""coordinates"":[]}"
22_23_0,105.02052382299814,3,25.0,2007,"{""type"":""MultiPoint"",""coordinates"":[]}"
22_23_1,0.016090452087402347,15,25.0,2007,"{""type"":""MultiPoint"",""coordinates"":[]}"
22_23_2,0.03754398120117187,18,25.0,2007,"{""type"":""MultiPoint"",""coordinates"":[]}"
22_23_3,0.07687637768554685,21,25.0,2007,"{""type"":""MultiPoint"",""coordinates"":[]}"
22_23_4,0.42013370385742177,33,25.0,2007,"{""type"":""MultiPoint"",""coordinates"":[]}"
23_0_0,22.830096448120006,3,1.0,2008,"{""type"":""MultiPoint"",""coordinates"":[]}"
23_0_1,0.008936511352539063,25,1.0,2008,"{""type"":""MultiPoint"",""coordinates"":[]}"
23_0_2,8.936422729492187E-4,33,1.0,2008,"{""type"":""MultiPoint"",""coordinates"":[]}"
23_1_0,8803.061437923969,3,2.0,2008,"{""type"":""MultiPoint"",""coordinates"":[]}"
23_1_1,868.082780610357,6,2.0,2008,"{""type"":""MultiPoint"",""coordinates"":[]}"
23_1_2,8.865982504577634,11,2.0,2008,"{""type"":""MultiPoint"",""coordinates"":[]}"
23_1_3,2.785813328369145,13,2.0,2008,"{""type"":""MultiPoint"",""coordinates"":[]}"
23_1_4,0.15635840582275395,18,2.0,2008,"{""type"":""MultiPoint"",""coordinates"":[]}"
23_1_5,0.08398782568359375,21,2.0,2008,"{""type"":""MultiPoint"",""coordinates"":[]}"
23_1_6,0.28230392779541025,24,2.0,2008,"{""type"":""MultiPoint"",""coordinates"":[]}"
23_1_7,0.06790388085937499,25,2.0,2008,"{""type"":""MultiPoint"",""coordinates"":[]}"
23_1_8,25.779600340331985,33,2.0,2008,"{""type"":""MultiPoint"",""coordinates"":[]}"
23_2_0,9456.481394033659,3,3.0,2008,"{""type"":""MultiPoint"",""coordinates"":[]}"
23_2_1,769.4188382531106,6,3.0,2008,"{""type"":""MultiPoint"",""coordinates"":[]}"
23_2_2,65.5782985109252,11,3.0,2008,"{""type"":""MultiPoint"",""coordinates"":[]}"
23_2_3,6.935664364013665,13,3.0,2008,"{""type"":""MultiPoint"",""coordinates"":[]}"
23_2_4,25.2605495795898,18,3.0,2008,"{""type"":""MultiPoint"",""coordinates"":[]}"
23_2_5,1.8914677477416997,21,3.0,2008,"{""type"":""MultiPoint"",""coordinates"":[]}"
23_2_6,0.125141274230957,23,3.0,2008,"{""type"":""MultiPoint"",""coordinates"":[]}"
23_2_7,0.3289587514038083,25,3.0,2008,"{""type"":""MultiPoint"",""coordinates"":[]}"
23_2_8,220.58409838788108,33,3.0,2008,"{""type"":""MultiPoint"",""coordinates"":[]}"
23_3_0,4823.422900430247,3,4.0,2008,"{""type"":""MultiPoint"",""coordinates"":[]}"
23_3_1,588.408001330146,6,4.0,2008,"{""type"":""MultiPoint"",""coordinates"":[]}"
23_3_2,67.38810486975055,11,4.0,2008,"{""type"":""MultiPoint"",""coordinates"":[]}"
23_3_3,0.47634990722656234,13,4.0,2008,"{""type"":""MultiPoint"",""coordinates"":[]}"
23_3_4,2.5839298310546877,18,4.0,2008,"{""type"":""MultiPoint"",""coordinates"":[]}"
23_3_5,0.053624763732910155,21,4.0,2008,"{""type"":""MultiPoint"",""coordinates"":[]}"
23_3_6,0.06434709851074219,23,4.0,2008,"{""type"":""MultiPoint"",""coordinates"":[]}"
23_3_7,0.07775716607666014,24,4.0,2008,"{""type"":""MultiPoint"",""coordinates"":[]}"
23_3_8,0.051834476013183604,25,4.0,2008,"{""type"":""MultiPoint"",""coordinates"":[]}"
23_3_9,112.17219391082736,33,4.0,2008,"{""type"":""MultiPoint"",""coordinates"":[]}"
23_4_0,1776.7079140837375,3,5.0,2008,"{""type"":""MultiPoint"",""coordinates"":[]}"
23_4_1,56.49698722711143,6,5.0,2008,"{""type"":""MultiPoint"",""coordinates"":[]}"
23_4_2,0.02947263977050782,11,5.0,2008,"{""type"":""MultiPoint"",""coordinates"":[]}"
23_4_3,0.11433908172607413,12,5.0,2008,"{""type"":""MultiPoint"",""coordinates"":[]}"
23_4_4,219.19952776159073,15,5.0,2008,"{""type"":""MultiPoint"",""coordinates"":[]}"
23_4_5,0.135773137878418,18,5.0,2008,"{""type"":""MultiPoint"",""coordinates"":[]}"
23_4_6,14.679490946838358,21,5.0,2008,"{""type"":""MultiPoint"",""coordinates"":[]}"
23_4_7,4.337832643615716,23,5.0,2008,"{""type"":""MultiPoint"",""coordinates"":[]}"
23_4_8,0.26440558123779273,25,5.0,2008,"{""type"":""MultiPoint"",""coordinates"":[]}"
23_4_9,17.614943790649313,33,5.0,2008,"{""type"":""MultiPoint"",""coordinates"":[]}"
23_5_0,2551.6677868585293,3,6.0,2008,"{""type"":""MultiPoint"",""coordinates"":[]}"
23_5_1,113.51069922289906,6,6.0,2008,"{""type"":""MultiPoint"",""coordinates"":[]}"
23_5_2,2.7505316514892604,11,6.0,2008,"{""type"":""MultiPoint"",""coordinates"":[]}"
23_5_3,0.2444786303710938,13,6.0,2008,"{""type"":""MultiPoint"",""coordinates"":[]}"
23_5_4,7.506984158630309,18,6.0,2008,"{""type"":""MultiPoint"",""coordinates"":[]}"
23_5_5,0.03749104455566406,21,6.0,2008,"{""type"":""MultiPoint"",""coordinates"":[]}"
23_5_6,0.07408505584716797,25,6.0,2008,"{""type"":""MultiPoint"",""coordinates"":[]}"
23_5_7,5.564217992553703,33,6.0,2008,"{""type"":""MultiPoint"",""coordinates"":[]}"
23_6_0,935.9263178263867,3,7.0,2008,"{""type"":""MultiPoint"",""coordinates"":[]}"
23_6_1,0.03217736737060546,15,7.0,2008,"{""type"":""MultiPoint"",""coordinates"":[]}"
23_6_2,1.232539758361816,21,7.0,2008,"{""type"":""MultiPoint"",""coordinates"":[]}"
23_6_3,0.5961601658935541,23,7.0,2008,"{""type"":""MultiPoint"",""coordinates"":[]}"
23_6_4,0.2583029583740235,25,7.0,2008,"{""type"":""MultiPoint"",""coordinates"":[]}"
23_6_5,3.4874963767089833,33,7.0,2008,"{""type"":""MultiPoint"",""coordinates"":[]}"
23_7_0,3879.1757445285584,3,8.0,2008,"{""type"":""MultiPoint"",""coordinates"":[]}"
23_7_1,402.0523446358435,6,8.0,2008,"{""type"":""MultiPoint"",""coordinates"":[]}"
23_7_2,42.87412579565237,11,8.0,2008,"{""type"":""MultiPoint"",""coordinates"":[]}"
23_7_3,0.9520833426513903,13,8.0,2008,"{""type"":""MultiPoint"",""coordinates"":[]}"
23_7_4,63.91123470947216,15,8.0,2008,"{""type"":""MultiPoint"",""coordinates"":[]}"
23_7_5,0.05095652081298831,18,8.0,2008,"{""type"":""MultiPoint"",""coordinates"":[]}"
23_7_6,8.363082122070265,21,8.0,2008,"{""type"":""MultiPoint"",""coordinates"":[]}"
23_7_7,0.25120654730224645,23,8.0,2008,"{""type"":""MultiPoint"",""coordinates"":[]}"
23_7_8,1.198819249450689,25,8.0,2008,"{""type"":""MultiPoint"",""coordinates"":[]}"
23_7_9,10.4558383333742,33,8.0,2008,"{""type"":""MultiPoint"",""coordinates"":[]}"
23_8_0,16.326936702453814,3,9.0,2008,"{""type"":""MultiPoint"",""coordinates"":[]}"
23_8_1,0.030378329589843742,11,9.0,2008,"{""type"":""MultiPoint"",""coordinates"":[]}"
23_8_2,13.798374090210011,13,9.0,2008,"{""type"":""MultiPoint"",""coordinates"":[]}"
23_8_3,0.30200514147949237,33,9.0,2008,"{""type"":""MultiPoint"",""coordinates"":[]}"
23_9_0,38015.240482682355,3,10.0,2008,"{""type"":""MultiPoint"",""coordinates"":[]}"
23_9_1,2926.3824309338697,6,10.0,2008,"{""type"":""MultiPoint"",""coordinates"":[]}"
23_9_2,11.716974026916525,11,10.0,2008,"{""type"":""MultiPoint"",""coordinates"":[]}"
23_9_3,17.48024644195543,12,10.0,2008,"{""type"":""MultiPoint"",""coordinates"":[]}"
23_9_4,1430.5078272578992,13,10.0,2008,"{""type"":""MultiPoint"",""coordinates"":[]}"
23_9_5,5.1451180057373,15,10.0,2008,"{""type"":""MultiPoint"",""coordinates"":[]}"
23_9_6,7.033772794311528,18,10.0,2008,"{""type"":""MultiPoint"",""coordinates"":[]}"
23_9_7,4.483266670898438,21,10.0,2008,"{""type"":""MultiPoint"",""coordinates"":[]}"
23_9_8,27.196528428955062,23,10.0,2008,"{""type"":""MultiPoint"",""coordinates"":[]}"
23_9_9,0.18415780047607422,24,10.0,2008,"{""type"":""MultiPoint"",""coordinates"":[]}"
23_9_10,0.41835632043456983,25,10.0,2008,"{""type"":""MultiPoint"",""coordinates"":[]}"
23_9_11,248.76193094311483,33,10.0,2008,"{""type"":""MultiPoint"",""coordinates"":[]}"
23_10_0,5277.842307674711,3,11.0,2008,"{""type"":""MultiPoint"",""coordinates"":[]}"
23_10_1,346.99150998932447,6,11.0,2008,"{""type"":""MultiPoint"",""coordinates"":[]}"
23_10_2,1.3290652623901384,11,11.0,2008,"{""type"":""MultiPoint"",""coordinates"":[]}"
23_10_3,76.83668651550023,12,11.0,2008,"{""type"":""MultiPoint"",""coordinates"":[]}"
23_10_4,112.26708504229528,13,11.0,2008,"{""type"":""MultiPoint"",""coordinates"":[]}"
23_10_5,278.63545969903095,15,11.0,2008,"{""type"":""MultiPoint"",""coordinates"":[]}"
23_10_6,0.4912464652709961,18,11.0,2008,"{""type"":""MultiPoint"",""coordinates"":[]}"
23_10_7,88.74367816705245,21,11.0,2008,"{""type"":""MultiPoint"",""coordinates"":[]}"
23_10_8,2.631203760803221,23,11.0,2008,"{""type"":""MultiPoint"",""coordinates"":[]}"
23_10_9,0.015184517089843749,24,11.0,2008,"{""type"":""MultiPoint"",""coordinates"":[]}"
23_10_10,0.6894914478759769,25,11.0,2008,"{""type"":""MultiPoint"",""coordinates"":[]}"
23_10_11,32.657526078369045,33,11.0,2008,"{""type"":""MultiPoint"",""coordinates"":[]}"
23_11_0,562.3285463656812,3,12.0,2008,"{""type"":""MultiPoint"",""coordinates"":[]}"
23_11_1,0.10634106488037098,11,12.0,2008,"{""type"":""MultiPoint"",""coordinates"":[]}"
23_11_2,23.050622567748817,13,12.0,2008,"{""type"":""MultiPoint"",""coordinates"":[]}"
23_11_3,0.008042997314453125,15,12.0,2008,"{""type"":""MultiPoint"",""coordinates"":[]}"
23_11_4,0.45040797473144556,21,12.0,2008,"{""type"":""MultiPoint"",""coordinates"":[]}"
23_11_5,0.0071495642089843756,23,12.0,2008,"{""type"":""MultiPoint"",""coordinates"":[]}"
23_11_6,0.02680958917236328,25,12.0,2008,"{""type"":""MultiPoint"",""coordinates"":[]}"
23_11_7,0.3923292568359372,33,12.0,2008,"{""type"":""MultiPoint"",""coordinates"":[]}"
23_11_8,0.35121545434570317,68,12.0,2008,"{""type"":""MultiPoint"",""coordinates"":[]}"
23_12_0,0.9832595767212017,11,13.0,2008,"{""type"":""MultiPoint"",""coordinates"":[]}"
23_12_1,0.1309229710083005,12,13.0,2008,"{""type"":""MultiPoint"",""coordinates"":[]}"
23_12_2,0.00712505517578125,68,13.0,2008,"{""type"":""MultiPoint"",""coordinates"":[]}"
23_13_0,894.4750866583277,3,14.0,2008,"{""type"":""MultiPoint"",""coordinates"":[]}"
23_13_1,619.9059228175715,13,14.0,2008,"{""type"":""MultiPoint"",""coordinates"":[]}"
23_13_2,4.661599262756346,15,14.0,2008,"{""type"":""MultiPoint"",""coordinates"":[]}"
23_13_3,0.2711656625366212,18,14.0,2008,"{""type"":""MultiPoint"",""coordinates"":[]}"
23_13_4,12.714936292175112,21,14.0,2008,"{""type"":""MultiPoint"",""coordinates"":[]}"
23_13_5,0.07939222125244143,23,14.0,2008,"{""type"":""MultiPoint"",""coordinates"":[]}"
23_13_6,0.006244062744140625,25,14.0,2008,"{""type"":""MultiPoint"",""coordinates"":[]}"
23_13_7,6.201666607727037,33,14.0,2008,"{""type"":""MultiPoint"",""coordinates"":[]}"
23_13_8,0.9838287779541008,68,14.0,2008,"{""type"":""MultiPoint"",""coordinates"":[]}"
23_14_0,754.829901359149,3,15.0,2008,"{""type"":""MultiPoint"",""coordinates"":[]}"
23_14_1,1.0125751755371093,15,15.0,2008,"{""type"":""MultiPoint"",""coordinates"":[]}"
23_14_2,7.73238748382569,21,15.0,2008,"{""type"":""MultiPoint"",""coordinates"":[]}"
23_14_3,0.1278022572631836,23,15.0,2008,"{""type"":""MultiPoint"",""coordinates"":[]}"
23_14_4,0.2287815677490233,25,15.0,2008,"{""type"":""MultiPoint"",""coordinates"":[]}"
23_14_5,0.009830694030761719,30,15.0,2008,"{""type"":""MultiPoint"",""coordinates"":[]}"
23_14_6,0.24219815100097652,33,15.0,2008,"{""type"":""MultiPoint"",""coordinates"":[]}"
23_15_0,2740.1863717883507,3,16.0,2008,"{""type"":""MultiPoint"",""coordinates"":[]}"
23_15_1,5.271744905761709,6,16.0,2008,"{""type"":""MultiPoint"",""coordinates"":[]}"
23_15_2,25.1505295070192,13,16.0,2008,"{""type"":""MultiPoint"",""coordinates"":[]}"
23_15_3,90.068243678099,15,16.0,2008,"{""type"":""MultiPoint"",""coordinates"":[]}"
23_15_4,8.92888671875E-4,18,16.0,2008,"{""type"":""MultiPoint"",""coordinates"":[]}"
23_15_5,11.059812090576106,21,16.0,2008,"{""type"":""MultiPoint"",""coordinates"":[]}"
23_15_6,3.1269084799804676,23,16.0,2008,"{""type"":""MultiPoint"",""coordinates"":[]}"
23_15_7,0.027683209960937497,25,16.0,2008,"{""type"":""MultiPoint"",""coordinates"":[]}"
23_15_8,6.753987985534682,33,16.0,2008,"{""type"":""MultiPoint"",""coordinates"":[]}"
23_15_9,0.10715857623290996,68,16.0,2008,"{""type"":""MultiPoint"",""coordinates"":[]}"
23_16_0,0.280652548156739,3,17.0,2008,"{""type"":""MultiPoint"",""coordinates"":[]}"
23_17_0,346.8383080071728,3,18.0,2008,"{""type"":""MultiPoint"",""coordinates"":[]}"
23_17_1,6.578978318054123,13,18.0,2008,"{""type"":""MultiPoint"",""coordinates"":[]}"
23_17_2,3.658233885864253,15,18.0,2008,"{""type"":""MultiPoint"",""coordinates"":[]}"
23_17_3,18.490389535644475,21,18.0,2008,"{""type"":""MultiPoint"",""coordinates"":[]}"
23_17_4,0.4647615014648446,23,18.0,2008,"{""type"":""MultiPoint"",""coordinates"":[]}"
23_17_5,0.436158393310547,25,18.0,2008,"{""type"":""MultiPoint"",""coordinates"":[]}"
23_17_6,0.31639567718505873,33,18.0,2008,"{""type"":""MultiPoint"",""coordinates"":[]}"
23_17_7,1.0734137175292953,68,18.0,2008,"{""type"":""MultiPoint"",""coordinates"":[]}"
23_18_0,320.0821655219137,3,19.0,2008,"{""type"":""MultiPoint"",""coordinates"":[]}"
23_18_1,20.976765740051768,11,19.0,2008,"{""type"":""MultiPoint"",""coordinates"":[]}"
23_18_2,51.54772697216755,13,19.0,2008,"{""type"":""MultiPoint"",""coordinates"":[]}"
23_18_3,0.266351197021484,15,19.0,2008,"{""type"":""MultiPoint"",""coordinates"":[]}"
23_18_4,7.001193696777443,18,19.0,2008,"{""type"":""MultiPoint"",""coordinates"":[]}"
23_18_5,58.04088925878931,21,19.0,2008,"{""type"":""MultiPoint"",""coordinates"":[]}"
23_18_6,0.28154895361328103,24,19.0,2008,"{""type"":""MultiPoint"",""coordinates"":[]}"
23_18_7,0.05094828601074219,25,19.0,2008,"{""type"":""MultiPoint"",""coordinates"":[]}"
23_18_8,0.053631939392089836,27,19.0,2008,"{""type"":""MultiPoint"",""coordinates"":[]}"
23_18_9,41.7958344851093,33,19.0,2008,"{""type"":""MultiPoint"",""coordinates"":[]}"
23_19_0,122.03012131421423,3,20.0,2008,"{""type"":""MultiPoint"",""coordinates"":[]}"
23_19_1,20.72532931646761,6,20.0,2008,"{""type"":""MultiPoint"",""coordinates"":[]}"
23_19_2,0.2652634031982424,11,20.0,2008,"{""type"":""MultiPoint"",""coordinates"":[]}"
23_19_3,69.44212448992772,13,20.0,2008,"{""type"":""MultiPoint"",""coordinates"":[]}"
23_19_4,60.88022801733323,15,20.0,2008,"{""type"":""MultiPoint"",""coordinates"":[]}"
23_19_5,0.058948108886718774,18,20.0,2008,"{""type"":""MultiPoint"",""coordinates"":[]}"
23_19_6,10.17004314013671,21,20.0,2008,"{""type"":""MultiPoint"",""coordinates"":[]}"
23_19_7,0.05001257879638672,23,20.0,2008,"{""type"":""MultiPoint"",""coordinates"":[]}"
23_19_8,0.20810255438232417,25,20.0,2008,"{""type"":""MultiPoint"",""coordinates"":[]}"
23_19_9,0.49209066992187406,33,20.0,2008,"{""type"":""MultiPoint"",""coordinates"":[]}"
23_20_0,48.35431628686698,3,21.0,2008,"{""type"":""MultiPoint"",""coordinates"":[]}"
23_20_1,0.0017865641479492189,6,21.0,2008,"{""type"":""MultiPoint"",""coordinates"":[]}"
23_20_2,19.59514799572752,15,21.0,2008,"{""type"":""MultiPoint"",""coordinates"":[]}"
23_20_3,2.8351662649536293,21,21.0,2008,"{""type"":""MultiPoint"",""coordinates"":[]}"
23_21_0,9910.992497042387,3,22.0,2008,"{""type"":""MultiPoint"",""coordinates"":[]}"
23_21_1,871.4341789543005,6,22.0,2008,"{""type"":""MultiPoint"",""coordinates"":[]}"
23_21_2,5.141817979492178,11,22.0,2008,"{""type"":""MultiPoint"",""coordinates"":[]}"
23_21_3,24.587090535583492,13,22.0,2008,"{""type"":""MultiPoint"",""coordinates"":[]}"
23_21_4,40.66615952996805,18,22.0,2008,"{""type"":""MultiPoint"",""coordinates"":[]}"
23_21_5,1.908913271240235,21,22.0,2008,"{""type"":""MultiPoint"",""coordinates"":[]}"
23_21_6,0.3269182541503905,23,22.0,2008,"{""type"":""MultiPoint"",""coordinates"":[]}"
23_21_7,0.2205894927978516,24,22.0,2008,"{""type"":""MultiPoint"",""coordinates"":[]}"
23_21_8,2.4644939712524407,25,22.0,2008,"{""type"":""MultiPoint"",""coordinates"":[]}"
23_21_9,22.725583621032623,29,22.0,2008,"{""type"":""MultiPoint"",""coordinates"":[]}"
23_21_10,0.037528262084960934,30,22.0,2008,"{""type"":""MultiPoint"",""coordinates"":[]}"
23_21_11,80.61827102209476,33,22.0,2008,"{""type"":""MultiPoint"",""coordinates"":[]}"
23_21_12,2.9744381941528317,68,22.0,2008,"{""type"":""MultiPoint"",""coordinates"":[]}"
23_22_0,7912.612088550579,3,23.0,2008,"{""type"":""MultiPoint"",""coordinates"":[]}"
23_22_1,517.7283552851563,6,23.0,2008,"{""type"":""MultiPoint"",""coordinates"":[]}"
23_22_2,0.09203972003173828,11,23.0,2008,"{""type"":""MultiPoint"",""coordinates"":[]}"
23_22_3,206.475576034664,13,23.0,2008,"{""type"":""MultiPoint"",""coordinates"":[]}"
23_22_4,67.15555981335451,15,23.0,2008,"{""type"":""MultiPoint"",""coordinates"":[]}"
23_22_5,8.984056365417553,18,23.0,2008,"{""type"":""MultiPoint"",""coordinates"":[]}"
23_22_6,17.224984952758746,21,23.0,2008,"{""type"":""MultiPoint"",""coordinates"":[]}"
23_22_7,0.29301854882812506,23,23.0,2008,"{""type"":""MultiPoint"",""coordinates"":[]}"
23_22_8,0.033953254760742166,24,23.0,2008,"{""type"":""MultiPoint"",""coordinates"":[]}"
23_22_9,0.057179926452636726,25,23.0,2008,"{""type"":""MultiPoint"",""coordinates"":[]}"
23_22_10,42.50509664782739,33,23.0,2008,"{""type"":""MultiPoint"",""coordinates"":[]}"
23_22_11,1.1196411611328152,68,23.0,2008,"{""type"":""MultiPoint"",""coordinates"":[]}"
23_23_0,104.83012237237566,3,25.0,2008,"{""type"":""MultiPoint"",""coordinates"":[]}"
23_23_1,0.03128695245361328,15,25.0,2008,"{""type"":""MultiPoint"",""coordinates"":[]}"
23_23_2,0.03664995794677733,18,25.0,2008,"{""type"":""MultiPoint"",""coordinates"":[]}"
23_23_3,0.15732813391113284,21,25.0,2008,"{""type"":""MultiPoint"",""coordinates"":[]}"
23_23_4,0.00983273962402344,25,25.0,2008,"{""type"":""MultiPoint"",""coordinates"":[]}"
23_23_5,0.5059481815185543,33,25.0,2008,"{""type"":""MultiPoint"",""coordinates"":[]}"
24_0_0,22.828309173278704,3,1.0,2009,"{""type"":""MultiPoint"",""coordinates"":[]}"
24_0_1,0.010723786193847657,25,1.0,2009,"{""type"":""MultiPoint"",""coordinates"":[]}"
24_0_2,8.936422729492187E-4,33,1.0,2009,"{""type"":""MultiPoint"",""coordinates"":[]}"
24_1_0,8772.387079313305,3,2.0,2009,"{""type"":""MultiPoint"",""coordinates"":[]}"
24_1_1,898.3944117745574,6,2.0,2009,"{""type"":""MultiPoint"",""coordinates"":[]}"
24_1_2,9.395774617614745,11,2.0,2009,"{""type"":""MultiPoint"",""coordinates"":[]}"
24_1_3,2.716120994934083,13,2.0,2009,"{""type"":""MultiPoint"",""coordinates"":[]}"
24_1_4,0.18852437225341803,18,2.0,2009,"{""type"":""MultiPoint"",""coordinates"":[]}"
24_1_5,0.06343649432373047,21,2.0,2009,"{""type"":""MultiPoint"",""coordinates"":[]}"
24_1_6,0.21262137005615245,24,2.0,2009,"{""type"":""MultiPoint"",""coordinates"":[]}"
24_1_7,0.09201996856689452,25,2.0,2009,"{""type"":""MultiPoint"",""coordinates"":[]}"
24_1_8,25.71617984191889,33,2.0,2009,"{""type"":""MultiPoint"",""coordinates"":[]}"
24_2_0,9432.413791670593,3,3.0,2009,"{""type"":""MultiPoint"",""coordinates"":[]}"
24_2_1,785.9183939958311,6,3.0,2009,"{""type"":""MultiPoint"",""coordinates"":[]}"
24_2_2,67.50465954455562,11,3.0,2009,"{""type"":""MultiPoint"",""coordinates"":[]}"
24_2_3,7.25119938256835,13,3.0,2009,"{""type"":""MultiPoint"",""coordinates"":[]}"
24_2_4,26.741812233642513,18,3.0,2009,"{""type"":""MultiPoint"",""coordinates"":[]}"
24_2_5,1.398024555175781,21,3.0,2009,"{""type"":""MultiPoint"",""coordinates"":[]}"
24_2_6,0.04737941296386719,23,3.0,2009,"{""type"":""MultiPoint"",""coordinates"":[]}"
24_2_7,0.2172166091918945,25,3.0,2009,"{""type"":""MultiPoint"",""coordinates"":[]}"
24_2_8,221.18211814074945,33,3.0,2009,"{""type"":""MultiPoint"",""coordinates"":[]}"
24_2_9,3.9298153571776093,68,3.0,2009,"{""type"":""MultiPoint"",""coordinates"":[]}"
24_3_0,4876.840753351378,3,4.0,2009,"{""type"":""MultiPoint"",""coordinates"":[]}"
24_3_1,533.6781850751172,6,4.0,2009,"{""type"":""MultiPoint"",""coordinates"":[]}"
24_3_2,68.54188526135236,11,4.0,2009,"{""type"":""MultiPoint"",""coordinates"":[]}"
24_3_3,0.6390159211425787,13,4.0,2009,"{""type"":""MultiPoint"",""coordinates"":[]}"
24_3_4,2.457007595886231,18,4.0,2009,"{""type"":""MultiPoint"",""coordinates"":[]}"
24_3_5,0.03664414141845704,21,4.0,2009,"{""type"":""MultiPoint"",""coordinates"":[]}"
24_3_6,0.1537178961791992,23,4.0,2009,"{""type"":""MultiPoint"",""coordinates"":[]}"
24_3_7,0.07328835693359373,24,4.0,2009,"{""type"":""MultiPoint"",""coordinates"":[]}"
24_3_8,8.937020263671875E-4,25,4.0,2009,"{""type"":""MultiPoint"",""coordinates"":[]}"
24_3_9,112.27765248223845,33,4.0,2009,"{""type"":""MultiPoint"",""coordinates"":[]}"
24_4_0,1755.0931694990284,3,5.0,2009,"{""type"":""MultiPoint"",""coordinates"":[]}"
24_4_1,52.99864014971841,6,5.0,2009,"{""type"":""MultiPoint"",""coordinates"":[]}"
24_4_2,0.02947264086914063,11,5.0,2009,"{""type"":""MultiPoint"",""coordinates"":[]}"
24_4_3,0.11165925109863267,12,5.0,2009,"{""type"":""MultiPoint"",""coordinates"":[]}"
24_4_4,251.49834631708146,15,5.0,2009,"{""type"":""MultiPoint"",""coordinates"":[]}"
24_4_5,0.11343348779296876,18,5.0,2009,"{""type"":""MultiPoint"",""coordinates"":[]}"
24_4_6,7.531302502868642,21,5.0,2009,"{""type"":""MultiPoint"",""coordinates"":[]}"
24_4_7,4.285079516906725,23,5.0,2009,"{""type"":""MultiPoint"",""coordinates"":[]}"
24_4_8,0.2804838235473632,25,5.0,2009,"{""type"":""MultiPoint"",""coordinates"":[]}"
24_4_9,17.63909970532213,33,5.0,2009,"{""type"":""MultiPoint"",""coordinates"":[]}"
24_5_0,2546.13949653714,3,6.0,2009,"{""type"":""MultiPoint"",""coordinates"":[]}"
24_5_1,118.68202462359571,6,6.0,2009,"{""type"":""MultiPoint"",""coordinates"":[]}"
24_5_2,2.871891190673832,11,6.0,2009,"{""type"":""MultiPoint"",""coordinates"":[]}"
24_5_3,0.14455111279296873,13,6.0,2009,"{""type"":""MultiPoint"",""coordinates"":[]}"
24_5_4,7.523956873352039,18,6.0,2009,"{""type"":""MultiPoint"",""coordinates"":[]}"
24_5_5,0.013389960632324218,21,6.0,2009,"{""type"":""MultiPoint"",""coordinates"":[]}"
24_5_6,0.010707979736328126,25,6.0,2009,"{""type"":""MultiPoint"",""coordinates"":[]}"
24_5_7,5.970256336853024,33,6.0,2009,"{""type"":""MultiPoint"",""coordinates"":[]}"
24_6_0,935.9352603272987,3,7.0,2009,"{""type"":""MultiPoint"",""coordinates"":[]}"
24_6_1,0.05094681555175784,15,7.0,2009,"{""type"":""MultiPoint"",""coordinates"":[]}"
24_6_2,1.0502081082153314,21,7.0,2009,"{""type"":""MultiPoint"",""coordinates"":[]}"
24_6_3,0.5362759508056637,23,7.0,2009,"{""type"":""MultiPoint"",""coordinates"":[]}"
24_6_4,0.4406312238769531,25,7.0,2009,"{""type"":""MultiPoint"",""coordinates"":[]}"
24_6_5,3.5196720273437494,33,7.0,2009,"{""type"":""MultiPoint"",""coordinates"":[]}"
24_7_0,3863.7806427931664,3,8.0,2009,"{""type"":""MultiPoint"",""coordinates"":[]}"
24_7_1,411.4605393634373,6,8.0,2009,"{""type"":""MultiPoint"",""coordinates"":[]}"
24_7_2,44.032715178154895,11,8.0,2009,"{""type"":""MultiPoint"",""coordinates"":[]}"
24_7_3,0.8653677764892764,13,8.0,2009,"{""type"":""MultiPoint"",""coordinates"":[]}"
24_7_4,68.78157126660051,15,8.0,2009,"{""type"":""MultiPoint"",""coordinates"":[]}"
24_7_5,0.07688177636718753,18,8.0,2009,"{""type"":""MultiPoint"",""coordinates"":[]}"
24_7_6,8.729611260192868,21,8.0,2009,"{""type"":""MultiPoint"",""coordinates"":[]}"
24_7_7,0.048274562500000014,23,8.0,2009,"{""type"":""MultiPoint"",""coordinates"":[]}"
24_7_8,0.4228493548583968,25,8.0,2009,"{""type"":""MultiPoint"",""coordinates"":[]}"
24_7_9,11.086982453918681,33,8.0,2009,"{""type"":""MultiPoint"",""coordinates"":[]}"
24_8_0,16.145555609741454,3,9.0,2009,"{""type"":""MultiPoint"",""coordinates"":[]}"
24_8_1,0.033952243774414054,11,9.0,2009,"{""type"":""MultiPoint"",""coordinates"":[]}"
24_8_2,13.994051334899952,13,9.0,2009,"{""type"":""MultiPoint"",""coordinates"":[]}"
24_8_3,8.934893188476562E-4,21,9.0,2009,"{""type"":""MultiPoint"",""coordinates"":[]}"
24_8_4,0.2832415859985353,33,9.0,2009,"{""type"":""MultiPoint"",""coordinates"":[]}"
24_9_0,38262.404170671136,3,10.0,2009,"{""type"":""MultiPoint"",""coordinates"":[]}"
24_9_1,2760.694095101095,6,10.0,2009,"{""type"":""MultiPoint"",""coordinates"":[]}"
24_9_2,12.177372223632815,11,10.0,2009,"{""type"":""MultiPoint"",""coordinates"":[]}"
24_9_3,17.049433257934844,12,10.0,2009,"{""type"":""MultiPoint"",""coordinates"":[]}"
24_9_4,1367.2543986593248,13,10.0,2009,"{""type"":""MultiPoint"",""coordinates"":[]}"
24_9_5,4.809995476989743,15,10.0,2009,"{""type"":""MultiPoint"",""coordinates"":[]}"
24_9_6,5.169226562133775,18,10.0,2009,"{""type"":""MultiPoint"",""coordinates"":[]}"
24_9_7,4.2437564603271465,21,10.0,2009,"{""type"":""MultiPoint"",""coordinates"":[]}"
24_9_8,9.372229746398913,23,10.0,2009,"{""type"":""MultiPoint"",""coordinates"":[]}"
24_9_9,0.18415780047607422,24,10.0,2009,"{""type"":""MultiPoint"",""coordinates"":[]}"
24_9_10,0.24492683343505864,25,10.0,2009,"{""type"":""MultiPoint"",""coordinates"":[]}"
24_9_11,250.9473295151364,33,10.0,2009,"{""type"":""MultiPoint"",""coordinates"":[]}"
24_10_0,5272.889931479984,3,11.0,2009,"{""type"":""MultiPoint"",""coordinates"":[]}"
24_10_1,345.2872128498581,6,11.0,2009,"{""type"":""MultiPoint"",""coordinates"":[]}"
24_10_2,1.2468904313964861,11,11.0,2009,"{""type"":""MultiPoint"",""coordinates"":[]}"
24_10_3,73.90852086956849,12,11.0,2009,"{""type"":""MultiPoint"",""coordinates"":[]}"
24_10_4,114.08665107452161,13,11.0,2009,"{""type"":""MultiPoint"",""coordinates"":[]}"
24_10_5,275.19394835754355,15,11.0,2009,"{""type"":""MultiPoint"",""coordinates"":[]}"
24_10_6,0.15182601367187498,18,11.0,2009,"{""type"":""MultiPoint"",""coordinates"":[]}"
24_10_7,101.4206865843496,21,11.0,2009,"{""type"":""MultiPoint"",""coordinates"":[]}"
24_10_8,3.2153260278930635,23,11.0,2009,"{""type"":""MultiPoint"",""coordinates"":[]}"
24_10_9,0.015184517089843749,24,11.0,2009,"{""type"":""MultiPoint"",""coordinates"":[]}"
24_10_10,0.2616186942138672,25,11.0,2009,"{""type"":""MultiPoint"",""coordinates"":[]}"
24_10_11,31.452647719482247,33,11.0,2009,"{""type"":""MultiPoint"",""coordinates"":[]}"
24_11_0,562.444729723897,3,12.0,2009,"{""type"":""MultiPoint"",""coordinates"":[]}"
24_11_1,0.10366014080810534,11,12.0,2009,"{""type"":""MultiPoint"",""coordinates"":[]}"
24_11_2,23.047938611633096,13,12.0,2009,"{""type"":""MultiPoint"",""coordinates"":[]}"
24_11_3,0.006255591796875,15,12.0,2009,"{""type"":""MultiPoint"",""coordinates"":[]}"
24_11_4,0.38606137933349616,21,12.0,2009,"{""type"":""MultiPoint"",""coordinates"":[]}"
24_11_5,0.014298509887695314,23,12.0,2009,"{""type"":""MultiPoint"",""coordinates"":[]}"
24_11_6,0.15996742584228524,25,12.0,2009,"{""type"":""MultiPoint"",""coordinates"":[]}"
24_11_7,0.358369483764648,33,12.0,2009,"{""type"":""MultiPoint"",""coordinates"":[]}"
24_11_8,0.2001839679565429,68,12.0,2009,"{""type"":""MultiPoint"",""coordinates"":[]}"
24_12_0,0.9894939757690538,11,13.0,2009,"{""type"":""MultiPoint"",""coordinates"":[]}"
24_12_1,0.13181362713623013,12,13.0,2009,"{""type"":""MultiPoint"",""coordinates"":[]}"
24_13_0,893.5609390438367,3,14.0,2009,"{""type"":""MultiPoint"",""coordinates"":[]}"
24_13_1,620.9789569851309,13,14.0,2009,"{""type"":""MultiPoint"",""coordinates"":[]}"
24_13_2,4.646439232666007,15,14.0,2009,"{""type"":""MultiPoint"",""coordinates"":[]}"
24_13_3,0.2185299046630859,18,14.0,2009,"{""type"":""MultiPoint"",""coordinates"":[]}"
24_13_4,12.36248501776107,21,14.0,2009,"{""type"":""MultiPoint"",""coordinates"":[]}"
24_13_5,0.05887289782714844,23,14.0,2009,"{""type"":""MultiPoint"",""coordinates"":[]}"
24_13_6,6.315845602111815,33,14.0,2009,"{""type"":""MultiPoint"",""coordinates"":[]}"
24_13_7,1.1577736790771487,68,14.0,2009,"{""type"":""MultiPoint"",""coordinates"":[]}"
24_14_0,755.0551194121683,3,15.0,2009,"{""type"":""MultiPoint"",""coordinates"":[]}"
24_14_1,1.0089997797851555,15,15.0,2009,"{""type"":""MultiPoint"",""coordinates"":[]}"
24_14_2,7.236374083679166,21,15.0,2009,"{""type"":""MultiPoint"",""coordinates"":[]}"
24_14_3,0.09741650024414061,23,15.0,2009,"{""type"":""MultiPoint"",""coordinates"":[]}"
24_14_4,0.4933210783691409,25,15.0,2009,"{""type"":""MultiPoint"",""coordinates"":[]}"
24_14_5,0.03574797564697267,30,15.0,2009,"{""type"":""MultiPoint"",""coordinates"":[]}"
24_14_6,0.2564978586425781,33,15.0,2009,"{""type"":""MultiPoint"",""coordinates"":[]}"
24_15_0,2732.4829471553435,3,16.0,2009,"{""type"":""MultiPoint"",""coordinates"":[]}"
24_15_1,5.110990739074694,6,16.0,2009,"{""type"":""MultiPoint"",""coordinates"":[]}"
24_15_2,25.18892127648945,13,16.0,2009,"{""type"":""MultiPoint"",""coordinates"":[]}"
24_15_3,100.21337918567018,15,16.0,2009,"{""type"":""MultiPoint"",""coordinates"":[]}"
24_15_4,8.487775783142066,21,16.0,2009,"{""type"":""MultiPoint"",""coordinates"":[]}"
24_15_5,3.874256606384276,23,16.0,2009,"{""type"":""MultiPoint"",""coordinates"":[]}"
24_15_6,0.02679185369873047,25,16.0,2009,"{""type"":""MultiPoint"",""coordinates"":[]}"
24_15_7,6.260218943542487,33,16.0,2009,"{""type"":""MultiPoint"",""coordinates"":[]}"
24_15_8,0.1080515668334959,68,16.0,2009,"{""type"":""MultiPoint"",""coordinates"":[]}"
24_16_0,0.280652548156739,3,17.0,2009,"{""type"":""MultiPoint"",""coordinates"":[]}"
24_17_0,349.6626257505982,3,18.0,2009,"{""type"":""MultiPoint"",""coordinates"":[]}"
24_17_1,6.460110969482352,13,18.0,2009,"{""type"":""MultiPoint"",""coordinates"":[]}"
24_17_2,3.329327080627442,15,18.0,2009,"{""type"":""MultiPoint"",""coordinates"":[]}"
24_17_3,15.981566914306672,21,18.0,2009,"{""type"":""MultiPoint"",""coordinates"":[]}"
24_17_4,0.492466481872559,23,18.0,2009,"{""type"":""MultiPoint"",""coordinates"":[]}"
24_17_5,0.7257388032226565,25,18.0,2009,"{""type"":""MultiPoint"",""coordinates"":[]}"
24_17_6,0.41202958544921886,33,18.0,2009,"{""type"":""MultiPoint"",""coordinates"":[]}"
24_17_7,0.7927734506835943,68,18.0,2009,"{""type"":""MultiPoint"",""coordinates"":[]}"
24_18_0,321.4819017584315,3,19.0,2009,"{""type"":""MultiPoint"",""coordinates"":[]}"
24_18_1,20.837325532654145,11,19.0,2009,"{""type"":""MultiPoint"",""coordinates"":[]}"
24_18_2,50.585077457213586,13,19.0,2009,"{""type"":""MultiPoint"",""coordinates"":[]}"
24_18_3,0.17250171093749986,15,19.0,2009,"{""type"":""MultiPoint"",""coordinates"":[]}"
24_18_4,8.593080914611916,18,19.0,2009,"{""type"":""MultiPoint"",""coordinates"":[]}"
24_18_5,56.08521004553338,21,19.0,2009,"{""type"":""MultiPoint"",""coordinates"":[]}"
24_18_6,0.28154895361328103,24,19.0,2009,"{""type"":""MultiPoint"",""coordinates"":[]}"
24_18_7,0.08401976770019533,25,19.0,2009,"{""type"":""MultiPoint"",""coordinates"":[]}"
24_18_8,0.053631939392089836,27,19.0,2009,"{""type"":""MultiPoint"",""coordinates"":[]}"
24_18_9,41.92275797076645,33,19.0,2009,"{""type"":""MultiPoint"",""coordinates"":[]}"
24_19_0,121.11464787305235,3,20.0,2009,"{""type"":""MultiPoint"",""coordinates"":[]}"
24_19_1,20.472565669800126,6,20.0,2009,"{""type"":""MultiPoint"",""coordinates"":[]}"
24_19_2,0.26258402954101573,11,20.0,2009,"{""type"":""MultiPoint"",""coordinates"":[]}"
24_19_3,70.82026173077226,13,20.0,2009,"{""type"":""MultiPoint"",""coordinates"":[]}"
24_19_4,61.67956829144238,15,20.0,2009,"{""type"":""MultiPoint"",""coordinates"":[]}"
24_19_5,0.014290534362792968,18,20.0,2009,"{""type"":""MultiPoint"",""coordinates"":[]}"
24_19_6,9.248327177612303,21,20.0,2009,"{""type"":""MultiPoint"",""coordinates"":[]}"
24_19_7,0.03393706439208985,23,20.0,2009,"{""type"":""MultiPoint"",""coordinates"":[]}"
24_19_8,0.22239299114990255,25,20.0,2009,"{""type"":""MultiPoint"",""coordinates"":[]}"
24_19_9,0.4536882311401359,33,20.0,2009,"{""type"":""MultiPoint"",""coordinates"":[]}"
24_20_0,49.295812739625646,3,21.0,2009,"{""type"":""MultiPoint"",""coordinates"":[]}"
24_20_1,19.152086819641116,15,21.0,2009,"{""type"":""MultiPoint"",""coordinates"":[]}"
24_20_2,2.338517552429208,21,21.0,2009,"{""type"":""MultiPoint"",""coordinates"":[]}"
24_21_0,9919.693648839755,3,22.0,2009,"{""type"":""MultiPoint"",""coordinates"":[]}"
24_21_1,863.0224307163779,6,22.0,2009,"{""type"":""MultiPoint"",""coordinates"":[]}"
24_21_2,5.03470645526122,11,22.0,2009,"{""type"":""MultiPoint"",""coordinates"":[]}"
24_21_3,22.467116515564015,13,22.0,2009,"{""type"":""MultiPoint"",""coordinates"":[]}"
24_21_4,41.81341559320049,18,22.0,2009,"{""type"":""MultiPoint"",""coordinates"":[]}"
24_21_5,1.7784925896606445,21,22.0,2009,"{""type"":""MultiPoint"",""coordinates"":[]}"
24_21_6,0.2750978392333982,23,22.0,2009,"{""type"":""MultiPoint"",""coordinates"":[]}"
24_21_7,0.22505457641601562,24,22.0,2009,"{""type"":""MultiPoint"",""coordinates"":[]}"
24_21_8,2.243945288574219,25,22.0,2009,"{""type"":""MultiPoint"",""coordinates"":[]}"
24_21_9,22.778316053893978,29,22.0,2009,"{""type"":""MultiPoint"",""coordinates"":[]}"
24_21_10,0.05897300445556639,30,22.0,2009,"{""type"":""MultiPoint"",""coordinates"":[]}"
24_21_11,80.7519641342774,33,22.0,2009,"{""type"":""MultiPoint"",""coordinates"":[]}"
24_21_12,3.955318523925781,68,22.0,2009,"{""type"":""MultiPoint"",""coordinates"":[]}"
24_22_0,7920.453554187259,3,23.0,2009,"{""type"":""MultiPoint"",""coordinates"":[]}"
24_22_1,520.649875367004,6,23.0,2009,"{""type"":""MultiPoint"",""coordinates"":[]}"
24_22_2,0.09293333953857422,11,23.0,2009,"{""type"":""MultiPoint"",""coordinates"":[]}"
24_22_3,199.6951759829694,13,23.0,2009,"{""type"":""MultiPoint"",""coordinates"":[]}"
24_22_4,62.01984402502435,15,23.0,2009,"{""type"":""MultiPoint"",""coordinates"":[]}"
24_22_5,8.333590584594777,18,23.0,2009,"{""type"":""MultiPoint"",""coordinates"":[]}"
24_22_6,19.091118774169896,21,23.0,2009,"{""type"":""MultiPoint"",""coordinates"":[]}"
24_22_7,0.2099389169311525,23,23.0,2009,"{""type"":""MultiPoint"",""coordinates"":[]}"
24_22_8,0.05003637011718748,24,23.0,2009,"{""type"":""MultiPoint"",""coordinates"":[]}"
24_22_9,0.07594378472900393,25,23.0,2009,"{""type"":""MultiPoint"",""coordinates"":[]}"
24_22_10,42.4577369127199,33,23.0,2009,"{""type"":""MultiPoint"",""coordinates"":[]}"
24_22_11,1.1518020159301778,68,23.0,2009,"{""type"":""MultiPoint"",""coordinates"":[]}"
24_23_0,104.58608567504905,3,25.0,2009,"{""type"":""MultiPoint"",""coordinates"":[]}"
24_23_1,0.06972519018554686,15,25.0,2009,"{""type"":""MultiPoint"",""coordinates"":[]}"
24_23_2,0.0688306584472656,18,25.0,2009,"{""type"":""MultiPoint"",""coordinates"":[]}"
24_23_3,0.2681727571411133,21,25.0,2009,"{""type"":""MultiPoint"",""coordinates"":[]}"
24_23_4,0.008938854064941408,25,25.0,2009,"{""type"":""MultiPoint"",""coordinates"":[]}"
24_23_5,0.5694152029418942,33,25.0,2009,"{""type"":""MultiPoint"",""coordinates"":[]}"
25_0_0,22.828309173278704,3,1.0,2010,"{""type"":""MultiPoint"",""coordinates"":[]}"
25_0_1,0.010723786193847657,25,1.0,2010,"{""type"":""MultiPoint"",""coordinates"":[]}"
25_0_2,8.936422729492187E-4,33,1.0,2010,"{""type"":""MultiPoint"",""coordinates"":[]}"
25_1_0,8781.383729664025,3,2.0,2010,"{""type"":""MultiPoint"",""coordinates"":[]}"
25_1_1,889.4808818631765,6,2.0,2010,"{""type"":""MultiPoint"",""coordinates"":[]}"
25_1_2,9.493138927612302,11,2.0,2010,"{""type"":""MultiPoint"",""coordinates"":[]}"
25_1_3,2.50079581933594,13,2.0,2010,"{""type"":""MultiPoint"",""coordinates"":[]}"
25_1_4,0.11347135382080079,18,2.0,2010,"{""type"":""MultiPoint"",""coordinates"":[]}"
25_1_5,0.11257723785400396,21,2.0,2010,"{""type"":""MultiPoint"",""coordinates"":[]}"
25_1_6,0.16973966210937513,24,2.0,2010,"{""type"":""MultiPoint"",""coordinates"":[]}"
25_1_7,0.0017867322998046874,25,2.0,2010,"{""type"":""MultiPoint"",""coordinates"":[]}"
25_1_8,25.91004748730465,33,2.0,2010,"{""type"":""MultiPoint"",""coordinates"":[]}"
25_2_0,9439.892541150768,3,3.0,2010,"{""type"":""MultiPoint"",""coordinates"":[]}"
25_2_1,776.0653644087502,6,3.0,2010,"{""type"":""MultiPoint"",""coordinates"":[]}"
25_2_2,68.53443035241689,11,3.0,2010,"{""type"":""MultiPoint"",""coordinates"":[]}"
25_2_3,10.923577717590174,13,3.0,2010,"{""type"":""MultiPoint"",""coordinates"":[]}"
25_2_4,27.573162429321144,18,3.0,2010,"{""type"":""MultiPoint"",""coordinates"":[]}"
25_2_5,1.6617484111328125,21,3.0,2010,"{""type"":""MultiPoint"",""coordinates"":[]}"
25_2_6,0.0572071187133789,23,3.0,2010,"{""type"":""MultiPoint"",""coordinates"":[]}"
25_2_7,0.16894985498046872,25,3.0,2010,"{""type"":""MultiPoint"",""coordinates"":[]}"
25_2_8,221.72742945886452,33,3.0,2010,"{""type"":""MultiPoint"",""coordinates"":[]}"
25_3_0,4862.209289201963,3,4.0,2010,"{""type"":""MultiPoint"",""coordinates"":[]}"
25_3_1,545.6794630792124,6,4.0,2010,"{""type"":""MultiPoint"",""coordinates"":[]}"
25_3_2,70.89499645751881,11,4.0,2010,"{""type"":""MultiPoint"",""coordinates"":[]}"
25_3_3,0.5907584746704098,13,4.0,2010,"{""type"":""MultiPoint"",""coordinates"":[]}"
25_3_4,2.464162388671876,18,4.0,2010,"{""type"":""MultiPoint"",""coordinates"":[]}"
25_3_5,0.012512245239257813,21,4.0,2010,"{""type"":""MultiPoint"",""coordinates"":[]}"
25_3_6,0.6220190467529295,23,4.0,2010,"{""type"":""MultiPoint"",""coordinates"":[]}"
25_3_7,0.06256321667480469,24,4.0,2010,"{""type"":""MultiPoint"",""coordinates"":[]}"
25_3_8,8.937020263671875E-4,25,4.0,2010,"{""type"":""MultiPoint"",""coordinates"":[]}"
25_3_9,112.09445773309295,33,4.0,2010,"{""type"":""MultiPoint"",""coordinates"":[]}"
25_3_10,0.06792823779296875,68,4.0,2010,"{""type"":""MultiPoint"",""coordinates"":[]}"
25_4_0,1746.704260727631,3,5.0,2010,"{""type"":""MultiPoint"",""coordinates"":[]}"
25_4_1,52.74858620172102,6,5.0,2010,"{""type"":""MultiPoint"",""coordinates"":[]}"
25_4_2,0.011610437316894531,11,5.0,2010,"{""type"":""MultiPoint"",""coordinates"":[]}"
25_4_3,0.08843414514160147,12,5.0,2010,"{""type"":""MultiPoint"",""coordinates"":[]}"
25_4_4,259.3923604755291,15,5.0,2010,"{""type"":""MultiPoint"",""coordinates"":[]}"
25_4_5,0.12147131268310546,18,5.0,2010,"{""type"":""MultiPoint"",""coordinates"":[]}"
25_4_6,9.576634694580093,21,5.0,2010,"{""type"":""MultiPoint"",""coordinates"":[]}"
25_4_7,3.0160086177368126,23,5.0,2010,"{""type"":""MultiPoint"",""coordinates"":[]}"
25_4_8,0.07324811413574217,25,5.0,2010,"{""type"":""MultiPoint"",""coordinates"":[]}"
25_4_9,17.84807216778555,33,5.0,2010,"{""type"":""MultiPoint"",""coordinates"":[]}"
25_5_0,2540.8161472163747,3,6.0,2010,"{""type"":""MultiPoint"",""coordinates"":[]}"
25_5_1,123.71006258599776,6,6.0,2010,"{""type"":""MultiPoint"",""coordinates"":[]}"
25_5_2,2.9754047937622117,11,6.0,2010,"{""type"":""MultiPoint"",""coordinates"":[]}"
25_5_3,0.2186141424560546,13,6.0,2010,"{""type"":""MultiPoint"",""coordinates"":[]}"
25_5_4,7.785336053527787,18,6.0,2010,"{""type"":""MultiPoint"",""coordinates"":[]}"
25_5_5,0.041953683715820304,21,6.0,2010,"{""type"":""MultiPoint"",""coordinates"":[]}"
25_5_6,0.03568931311035158,25,6.0,2010,"{""type"":""MultiPoint"",""coordinates"":[]}"
25_5_7,5.773066825866695,33,6.0,2010,"{""type"":""MultiPoint"",""coordinates"":[]}"
25_6_0,935.7439900653886,3,7.0,2010,"{""type"":""MultiPoint"",""coordinates"":[]}"
25_6_1,0.07150422021484375,15,7.0,2010,"{""type"":""MultiPoint"",""coordinates"":[]}"
25_6_2,1.0859596031494134,21,7.0,2010,"{""type"":""MultiPoint"",""coordinates"":[]}"
25_6_3,0.45851637561035125,23,7.0,2010,"{""type"":""MultiPoint"",""coordinates"":[]}"
25_6_4,0.7051912093505867,25,7.0,2010,"{""type"":""MultiPoint"",""coordinates"":[]}"
25_6_5,3.467832979370116,33,7.0,2010,"{""type"":""MultiPoint"",""coordinates"":[]}"
25_7_0,3867.4387830534492,3,8.0,2010,"{""type"":""MultiPoint"",""coordinates"":[]}"
25_7_1,407.20702308242403,6,8.0,2010,"{""type"":""MultiPoint"",""coordinates"":[]}"
25_7_2,45.600744097033,11,8.0,2010,"{""type"":""MultiPoint"",""coordinates"":[]}"
25_7_3,1.136242189819353,13,8.0,2010,"{""type"":""MultiPoint"",""coordinates"":[]}"
25_7_4,71.05225091491559,15,8.0,2010,"{""type"":""MultiPoint"",""coordinates"":[]}"
25_7_5,0.026819206115722666,18,8.0,2010,"{""type"":""MultiPoint"",""coordinates"":[]}"
25_7_6,7.501296493286086,21,8.0,2010,"{""type"":""MultiPoint"",""coordinates"":[]}"
25_7_7,0.23332711914062532,23,8.0,2010,"{""type"":""MultiPoint"",""coordinates"":[]}"
25_7_8,0.1439287533569335,25,8.0,2010,"{""type"":""MultiPoint"",""coordinates"":[]}"
25_7_9,8.945020876037582,33,8.0,2010,"{""type"":""MultiPoint"",""coordinates"":[]}"
25_8_0,16.128579062683386,3,9.0,2010,"{""type"":""MultiPoint"",""coordinates"":[]}"
25_8_1,0.03127177539062499,11,9.0,2010,"{""type"":""MultiPoint"",""coordinates"":[]}"
25_8_2,14.021749888855034,13,9.0,2010,"{""type"":""MultiPoint"",""coordinates"":[]}"
25_8_3,0.00536092822265625,21,9.0,2010,"{""type"":""MultiPoint"",""coordinates"":[]}"
25_8_4,0.27073260858154297,33,9.0,2010,"{""type"":""MultiPoint"",""coordinates"":[]}"
25_9_0,38239.31116943285,3,10.0,2010,"{""type"":""MultiPoint"",""coordinates"":[]}"
25_9_1,2812.4888755313045,6,10.0,2010,"{""type"":""MultiPoint"",""coordinates"":[]}"
25_9_2,12.119309354492176,11,10.0,2010,"{""type"":""MultiPoint"",""coordinates"":[]}"
25_9_3,16.514035896789682,12,10.0,2010,"{""type"":""MultiPoint"",""coordinates"":[]}"
25_9_4,1344.1305485369187,13,10.0,2010,"{""type"":""MultiPoint"",""coordinates"":[]}"
25_9_5,4.704562118896477,15,10.0,2010,"{""type"":""MultiPoint"",""coordinates"":[]}"
25_9_6,5.626027423522934,18,10.0,2010,"{""type"":""MultiPoint"",""coordinates"":[]}"
25_9_7,3.829844582885741,21,10.0,2010,"{""type"":""MultiPoint"",""coordinates"":[]}"
25_9_8,11.134764056152353,23,10.0,2010,"{""type"":""MultiPoint"",""coordinates"":[]}"
25_9_9,0.18505177545166018,24,10.0,2010,"{""type"":""MultiPoint"",""coordinates"":[]}"
25_9_10,0.2484968779296876,25,10.0,2010,"{""type"":""MultiPoint"",""coordinates"":[]}"
25_9_11,244.2584067205805,33,10.0,2010,"{""type"":""MultiPoint"",""coordinates"":[]}"
25_10_0,5261.588062428233,3,11.0,2010,"{""type"":""MultiPoint"",""coordinates"":[]}"
25_10_1,346.7162985079993,6,11.0,2010,"{""type"":""MultiPoint"",""coordinates"":[]}"
25_10_2,1.2102710426635763,11,11.0,2010,"{""type"":""MultiPoint"",""coordinates"":[]}"
25_10_3,71.0840374855364,12,11.0,2010,"{""type"":""MultiPoint"",""coordinates"":[]}"
25_10_4,114.70459725482159,13,11.0,2010,"{""type"":""MultiPoint"",""coordinates"":[]}"
25_10_5,296.3242467263192,15,11.0,2010,"{""type"":""MultiPoint"",""coordinates"":[]}"
25_10_6,0.17327952453613277,18,11.0,2010,"{""type"":""MultiPoint"",""coordinates"":[]}"
25_10_7,92.54216206414698,21,11.0,2010,"{""type"":""MultiPoint"",""coordinates"":[]}"
25_10_8,3.7468701324462983,23,11.0,2010,"{""type"":""MultiPoint"",""coordinates"":[]}"
25_10_9,0.015184517089843749,24,11.0,2010,"{""type"":""MultiPoint"",""coordinates"":[]}"
25_10_10,1.0153849209594727,25,11.0,2010,"{""type"":""MultiPoint"",""coordinates"":[]}"
25_10_11,30.0100500148924,33,11.0,2010,"{""type"":""MultiPoint"",""coordinates"":[]}"
25_11_0,562.7235555404264,3,12.0,2010,"{""type"":""MultiPoint"",""coordinates"":[]}"
25_11_1,0.10097921545410145,11,12.0,2010,"{""type"":""MultiPoint"",""coordinates"":[]}"
25_11_2,22.914782562316766,13,12.0,2010,"{""type"":""MultiPoint"",""coordinates"":[]}"
25_11_3,0.4146586390991213,21,12.0,2010,"{""type"":""MultiPoint"",""coordinates"":[]}"
25_11_4,0.014298709899902342,23,12.0,2010,"{""type"":""MultiPoint"",""coordinates"":[]}"
25_11_5,0.1456675430297853,25,12.0,2010,"{""type"":""MultiPoint"",""coordinates"":[]}"
25_11_6,0.3360274285888669,33,12.0,2010,"{""type"":""MultiPoint"",""coordinates"":[]}"
25_11_7,0.07149519610595706,68,12.0,2010,"{""type"":""MultiPoint"",""coordinates"":[]}"
25_12_0,1.0117597849121225,11,13.0,2010,"{""type"":""MultiPoint"",""coordinates"":[]}"
25_12_1,0.10954781799316385,12,13.0,2010,"{""type"":""MultiPoint"",""coordinates"":[]}"
25_13_0,891.5327619451965,3,14.0,2010,"{""type"":""MultiPoint"",""coordinates"":[]}"
25_13_1,622.5129711826887,13,14.0,2010,"{""type"":""MultiPoint"",""coordinates"":[]}"
25_13_2,4.658036302551274,15,14.0,2010,"{""type"":""MultiPoint"",""coordinates"":[]}"
25_13_3,0.027649922363281242,18,14.0,2010,"{""type"":""MultiPoint"",""coordinates"":[]}"
25_13_4,12.68273001153546,21,14.0,2010,"{""type"":""MultiPoint"",""coordinates"":[]}"
25_13_5,0.04995385070800781,23,14.0,2010,"{""type"":""MultiPoint"",""coordinates"":[]}"
25_13_6,6.1829556225585875,33,14.0,2010,"{""type"":""MultiPoint"",""coordinates"":[]}"
25_13_7,1.6527835254516612,68,14.0,2010,"{""type"":""MultiPoint"",""coordinates"":[]}"
25_14_0,754.74678703242,3,15.0,2010,"{""type"":""MultiPoint"",""coordinates"":[]}"
25_14_1,1.051896766357421,15,15.0,2010,"{""type"":""MultiPoint"",""coordinates"":[]}"
25_14_2,7.4017126446532995,21,15.0,2010,"{""type"":""MultiPoint"",""coordinates"":[]}"
25_14_3,0.058093049743652335,23,15.0,2010,"{""type"":""MultiPoint"",""coordinates"":[]}"
25_14_4,0.6559782727661136,25,15.0,2010,"{""type"":""MultiPoint"",""coordinates"":[]}"
25_14_5,0.037535374389648456,30,15.0,2010,"{""type"":""MultiPoint"",""coordinates"":[]}"
25_14_6,0.23147354821777327,33,15.0,2010,"{""type"":""MultiPoint"",""coordinates"":[]}"
25_15_0,2730.761825472566,3,16.0,2010,"{""type"":""MultiPoint"",""coordinates"":[]}"
25_15_1,5.194938356689446,6,16.0,2010,"{""type"":""MultiPoint"",""coordinates"":[]}"
25_15_2,24.879102583679078,13,16.0,2010,"{""type"":""MultiPoint"",""coordinates"":[]}"
25_15_3,102.9041174692396,15,16.0,2010,"{""type"":""MultiPoint"",""coordinates"":[]}"
25_15_4,8.867300834777808,21,16.0,2010,"{""type"":""MultiPoint"",""coordinates"":[]}"
25_15_5,2.593843798889158,23,16.0,2010,"{""type"":""MultiPoint"",""coordinates"":[]}"
25_15_6,0.0026786429443359377,25,16.0,2010,"{""type"":""MultiPoint"",""coordinates"":[]}"
25_15_7,6.4530832362671,33,16.0,2010,"{""type"":""MultiPoint"",""coordinates"":[]}"
25_15_8,0.09644271514892566,68,16.0,2010,"{""type"":""MultiPoint"",""coordinates"":[]}"
25_16_0,0.280652548156739,3,17.0,2010,"{""type"":""MultiPoint"",""coordinates"":[]}"
25_17_0,350.2355314464661,3,18.0,2010,"{""type"":""MultiPoint"",""coordinates"":[]}"
25_17_1,6.46904941949458,13,18.0,2010,"{""type"":""MultiPoint"",""coordinates"":[]}"
25_17_2,3.439262552124015,15,18.0,2010,"{""type"":""MultiPoint"",""coordinates"":[]}"
25_17_3,15.320174279846192,21,18.0,2010,"{""type"":""MultiPoint"",""coordinates"":[]}"
25_17_4,0.528218085327149,23,18.0,2010,"{""type"":""MultiPoint"",""coordinates"":[]}"
25_17_5,0.7409330579223632,25,18.0,2010,"{""type"":""MultiPoint"",""coordinates"":[]}"
25_17_6,0.42454206463623045,33,18.0,2010,"{""type"":""MultiPoint"",""coordinates"":[]}"
25_17_7,0.6989281304321281,68,18.0,2010,"{""type"":""MultiPoint"",""coordinates"":[]}"
25_18_0,321.6097220377309,3,19.0,2010,"{""type"":""MultiPoint"",""coordinates"":[]}"
25_18_1,20.854310075562097,11,19.0,2010,"{""type"":""MultiPoint"",""coordinates"":[]}"
25_18_2,50.50641066931082,13,19.0,2010,"{""type"":""MultiPoint"",""coordinates"":[]}"
25_18_3,0.16982073413085924,15,19.0,2010,"{""type"":""MultiPoint"",""coordinates"":[]}"
25_18_4,10.884792467163447,18,19.0,2010,"{""type"":""MultiPoint"",""coordinates"":[]}"
25_18_5,53.96422207342574,21,19.0,2010,"{""type"":""MultiPoint"",""coordinates"":[]}"
25_18_6,0.28691173339843723,24,19.0,2010,"{""type"":""MultiPoint"",""coordinates"":[]}"
25_18_7,0.09653352593994148,25,19.0,2010,"{""type"":""MultiPoint"",""coordinates"":[]}"
25_18_8,0.053631939392089836,27,19.0,2010,"{""type"":""MultiPoint"",""coordinates"":[]}"
25_18_9,41.6707007948013,33,19.0,2010,"{""type"":""MultiPoint"",""coordinates"":[]}"
25_19_0,120.97441443488005,3,20.0,2010,"{""type"":""MultiPoint"",""coordinates"":[]}"
25_19_1,19.911678846008584,6,20.0,2010,"{""type"":""MultiPoint"",""coordinates"":[]}"
25_19_2,0.26526375775146505,11,20.0,2010,"{""type"":""MultiPoint"",""coordinates"":[]}"
25_19_3,72.0822817874114,13,20.0,2010,"{""type"":""MultiPoint"",""coordinates"":[]}"
25_19_4,61.92961688830489,15,20.0,2010,"{""type"":""MultiPoint"",""coordinates"":[]}"
25_19_5,0.030367351318359374,18,20.0,2010,"{""type"":""MultiPoint"",""coordinates"":[]}"
25_19_6,8.415943919799815,21,20.0,2010,"{""type"":""MultiPoint"",""coordinates"":[]}"
25_19_7,0.0625155822753906,23,20.0,2010,"{""type"":""MultiPoint"",""coordinates"":[]}"
25_19_8,0.20988868865966803,25,20.0,2010,"{""type"":""MultiPoint"",""coordinates"":[]}"
25_19_9,0.44029233685302643,33,20.0,2010,"{""type"":""MultiPoint"",""coordinates"":[]}"
25_20_0,49.67635210241887,3,21.0,2010,"{""type"":""MultiPoint"",""coordinates"":[]}"
25_20_1,18.980566894775542,15,21.0,2010,"{""type"":""MultiPoint"",""coordinates"":[]}"
25_20_2,2.125925045654303,21,21.0,2010,"{""type"":""MultiPoint"",""coordinates"":[]}"
25_20_3,0.00357306884765625,33,21.0,2010,"{""type"":""MultiPoint"",""coordinates"":[]}"
25_21_0,9924.679417910982,3,22.0,2010,"{""type"":""MultiPoint"",""coordinates"":[]}"
25_21_1,859.749269229441,6,22.0,2010,"{""type"":""MultiPoint"",""coordinates"":[]}"
25_21_2,4.674878300964344,11,22.0,2010,"{""type"":""MultiPoint"",""coordinates"":[]}"
25_21_3,20.79026719183358,13,22.0,2010,"{""type"":""MultiPoint"",""coordinates"":[]}"
25_21_4,42.352168196349886,18,22.0,2010,"{""type"":""MultiPoint"",""coordinates"":[]}"
25_21_5,1.7115030664062498,21,22.0,2010,"{""type"":""MultiPoint"",""coordinates"":[]}"
25_21_6,0.23224501879882797,23,22.0,2010,"{""type"":""MultiPoint"",""coordinates"":[]}"
25_21_7,0.28133718072509756,24,22.0,2010,"{""type"":""MultiPoint"",""coordinates"":[]}"
25_21_8,2.1340930991821283,25,22.0,2010,"{""type"":""MultiPoint"",""coordinates"":[]}"
25_21_9,22.86942794970696,29,22.0,2010,"{""type"":""MultiPoint"",""coordinates"":[]}"
25_21_10,0.06612136242675783,30,22.0,2010,"{""type"":""MultiPoint"",""coordinates"":[]}"
25_21_11,81.1983273004762,33,22.0,2010,"{""type"":""MultiPoint"",""coordinates"":[]}"
25_21_12,3.3594243232421888,68,22.0,2010,"{""type"":""MultiPoint"",""coordinates"":[]}"
25_22_0,7921.046436409125,3,23.0,2010,"{""type"":""MultiPoint"",""coordinates"":[]}"
25_22_1,525.9355700159313,6,23.0,2010,"{""type"":""MultiPoint"",""coordinates"":[]}"
25_22_2,0.09293333953857422,11,23.0,2010,"{""type"":""MultiPoint"",""coordinates"":[]}"
25_22_3,197.10235061370668,13,23.0,2010,"{""type"":""MultiPoint"",""coordinates"":[]}"
25_22_4,58.84057775128198,15,23.0,2010,"{""type"":""MultiPoint"",""coordinates"":[]}"
25_22_5,8.298743080566476,18,23.0,2010,"{""type"":""MultiPoint"",""coordinates"":[]}"
25_22_6,19.608239989318825,21,23.0,2010,"{""type"":""MultiPoint"",""coordinates"":[]}"
25_22_7,0.25817603454589855,23,23.0,2010,"{""type"":""MultiPoint"",""coordinates"":[]}"
25_22_8,0.04914286358642576,24,23.0,2010,"{""type"":""MultiPoint"",""coordinates"":[]}"
25_22_9,0.1768932668457031,25,23.0,2010,"{""type"":""MultiPoint"",""coordinates"":[]}"
25_22_10,41.636685235534884,33,23.0,2010,"{""type"":""MultiPoint"",""coordinates"":[]}"
25_22_11,1.2358016608886746,68,23.0,2010,"{""type"":""MultiPoint"",""coordinates"":[]}"
25_23_0,104.59591860076924,3,25.0,2010,"{""type"":""MultiPoint"",""coordinates"":[]}"
25_23_1,0.07151301391601561,15,25.0,2010,"{""type"":""MultiPoint"",""coordinates"":[]}"
25_23_2,0.06525504565429686,18,25.0,2010,"{""type"":""MultiPoint"",""coordinates"":[]}"
25_23_3,0.267278820678711,21,25.0,2010,"{""type"":""MultiPoint"",""coordinates"":[]}"
25_23_4,0.008938854064941408,25,25.0,2010,"{""type"":""MultiPoint"",""coordinates"":[]}"
25_23_5,0.5622640027465817,33,25.0,2010,"{""type"":""MultiPoint"",""coordinates"":[]}"
26_0_0,22.828309173278704,3,1.0,2011,"{""type"":""MultiPoint"",""coordinates"":[]}"
26_0_1,0.010723786193847657,25,1.0,2011,"{""type"":""MultiPoint"",""coordinates"":[]}"
26_0_2,8.936422729492187E-4,33,1.0,2011,"{""type"":""MultiPoint"",""coordinates"":[]}"
26_1_0,8831.2770914742,3,2.0,2011,"{""type"":""MultiPoint"",""coordinates"":[]}"
26_1_1,841.4529765673799,6,2.0,2011,"{""type"":""MultiPoint"",""coordinates"":[]}"
26_1_2,8.404964182250973,11,2.0,2011,"{""type"":""MultiPoint"",""coordinates"":[]}"
26_1_3,1.8289341942749044,13,2.0,2011,"{""type"":""MultiPoint"",""coordinates"":[]}"
26_1_4,0.11615160864257815,18,2.0,2011,"{""type"":""MultiPoint"",""coordinates"":[]}"
26_1_5,0.07326550433349607,21,2.0,2011,"{""type"":""MultiPoint"",""coordinates"":[]}"
26_1_6,0.12864495056152356,24,2.0,2011,"{""type"":""MultiPoint"",""coordinates"":[]}"
26_1_7,0.009827091430664063,25,2.0,2011,"{""type"":""MultiPoint"",""coordinates"":[]}"
26_1_8,25.874313174682573,33,2.0,2011,"{""type"":""MultiPoint"",""coordinates"":[]}"
26_2_0,9430.075370298222,3,3.0,2011,"{""type"":""MultiPoint"",""coordinates"":[]}"
26_2_1,787.1347340492356,6,3.0,2011,"{""type"":""MultiPoint"",""coordinates"":[]}"
26_2_2,66.73689974890137,11,3.0,2011,"{""type"":""MultiPoint"",""coordinates"":[]}"
26_2_3,11.480490780944681,13,3.0,2011,"{""type"":""MultiPoint"",""coordinates"":[]}"
26_2_4,28.598554835326993,18,3.0,2011,"{""type"":""MultiPoint"",""coordinates"":[]}"
26_2_5,1.415022706481934,21,3.0,2011,"{""type"":""MultiPoint"",""coordinates"":[]}"
26_2_6,0.05363637316894532,23,3.0,2011,"{""type"":""MultiPoint"",""coordinates"":[]}"
26_2_7,0.22884003851318357,25,3.0,2011,"{""type"":""MultiPoint"",""coordinates"":[]}"
26_2_8,220.85940859222603,33,3.0,2011,"{""type"":""MultiPoint"",""coordinates"":[]}"
26_2_9,0.02145347943115234,68,3.0,2011,"{""type"":""MultiPoint"",""coordinates"":[]}"
26_3_0,4858.424407940738,3,4.0,2011,"{""type"":""MultiPoint"",""coordinates"":[]}"
26_3_1,538.0774436208337,6,4.0,2011,"{""type"":""MultiPoint"",""coordinates"":[]}"
26_3_2,81.90028525335673,11,4.0,2011,"{""type"":""MultiPoint"",""coordinates"":[]}"
26_3_3,0.6211409331054686,13,4.0,2011,"{""type"":""MultiPoint"",""coordinates"":[]}"
26_3_4,2.4400316644287106,18,4.0,2011,"{""type"":""MultiPoint"",""coordinates"":[]}"
26_3_5,0.012511956176757811,21,4.0,2011,"{""type"":""MultiPoint"",""coordinates"":[]}"
26_3_6,0.12780182501220702,23,4.0,2011,"{""type"":""MultiPoint"",""coordinates"":[]}"
26_3_7,0.06256321667480469,24,4.0,2011,"{""type"":""MultiPoint"",""coordinates"":[]}"
26_3_8,113.03285737335189,33,4.0,2011,"{""type"":""MultiPoint"",""coordinates"":[]}"
26_4_0,1736.8653970046378,3,5.0,2011,"{""type"":""MultiPoint"",""coordinates"":[]}"
26_4_1,52.670013924499294,6,5.0,2011,"{""type"":""MultiPoint"",""coordinates"":[]}"
26_4_2,0.010717327331542969,11,5.0,2011,"{""type"":""MultiPoint"",""coordinates"":[]}"
26_4_3,0.07503503936767572,12,5.0,2011,"{""type"":""MultiPoint"",""coordinates"":[]}"
26_4_4,268.6148266727341,15,5.0,2011,"{""type"":""MultiPoint"",""coordinates"":[]}"
26_4_5,0.19113290307617198,18,5.0,2011,"{""type"":""MultiPoint"",""coordinates"":[]}"
26_4_6,10.461827825439459,21,5.0,2011,"{""type"":""MultiPoint"",""coordinates"":[]}"
26_4_7,3.838553211059563,23,5.0,2011,"{""type"":""MultiPoint"",""coordinates"":[]}"
26_4_8,0.031264926452636725,25,5.0,2011,"{""type"":""MultiPoint"",""coordinates"":[]}"
26_4_9,16.821918059570297,33,5.0,2011,"{""type"":""MultiPoint"",""coordinates"":[]}"
26_5_0,2547.1942585043635,3,6.0,2011,"{""type"":""MultiPoint"",""coordinates"":[]}"
26_5_1,117.5007192500602,6,6.0,2011,"{""type"":""MultiPoint"",""coordinates"":[]}"
26_5_2,2.6916444832153346,11,6.0,2011,"{""type"":""MultiPoint"",""coordinates"":[]}"
26_5_3,0.3301347875976568,13,6.0,2011,"{""type"":""MultiPoint"",""coordinates"":[]}"
26_5_4,7.855745007507289,18,6.0,2011,"{""type"":""MultiPoint"",""coordinates"":[]}"
26_5_5,0.007141964416503907,21,6.0,2011,"{""type"":""MultiPoint"",""coordinates"":[]}"
26_5_6,0.015169634887695314,25,6.0,2011,"{""type"":""MultiPoint"",""coordinates"":[]}"
26_5_7,5.761460982971187,33,6.0,2011,"{""type"":""MultiPoint"",""coordinates"":[]}"
26_6_0,935.6617611341153,3,7.0,2011,"{""type"":""MultiPoint"",""coordinates"":[]}"
26_6_1,0.09474280718994138,15,7.0,2011,"{""type"":""MultiPoint"",""coordinates"":[]}"
26_6_2,1.179806351989745,21,7.0,2011,"{""type"":""MultiPoint"",""coordinates"":[]}"
26_6_3,0.2842274220581053,23,7.0,2011,"{""type"":""MultiPoint"",""coordinates"":[]}"
26_6_4,0.8589231115722671,25,7.0,2011,"{""type"":""MultiPoint"",""coordinates"":[]}"
26_6_5,3.453533626159667,33,7.0,2011,"{""type"":""MultiPoint"",""coordinates"":[]}"
26_7_0,3869.33222581566,3,8.0,2011,"{""type"":""MultiPoint"",""coordinates"":[]}"
26_7_1,404.9738698370432,6,8.0,2011,"{""type"":""MultiPoint"",""coordinates"":[]}"
26_7_2,45.861786301618885,11,8.0,2011,"{""type"":""MultiPoint"",""coordinates"":[]}"
26_7_3,1.1800469658203248,13,8.0,2011,"{""type"":""MultiPoint"",""coordinates"":[]}"
26_7_4,72.77493459252798,15,8.0,2011,"{""type"":""MultiPoint"",""coordinates"":[]}"
26_7_5,0.028607149963378913,18,8.0,2011,"{""type"":""MultiPoint"",""coordinates"":[]}"
26_7_6,6.456242410522444,21,8.0,2011,"{""type"":""MultiPoint"",""coordinates"":[]}"
26_7_7,0.14929357104492166,23,8.0,2011,"{""type"":""MultiPoint"",""coordinates"":[]}"
26_7_8,0.04559223565673827,25,8.0,2011,"{""type"":""MultiPoint"",""coordinates"":[]}"
26_7_9,8.48283690570063,33,8.0,2011,"{""type"":""MultiPoint"",""coordinates"":[]}"
26_8_0,16.12857909930448,3,9.0,2011,"{""type"":""MultiPoint"",""coordinates"":[]}"
26_8_1,0.030378307617187496,11,9.0,2011,"{""type"":""MultiPoint"",""coordinates"":[]}"
26_8_2,14.022643320007377,13,9.0,2011,"{""type"":""MultiPoint"",""coordinates"":[]}"
26_8_3,0.00536092822265625,21,9.0,2011,"{""type"":""MultiPoint"",""coordinates"":[]}"
26_8_4,0.27073260858154297,33,9.0,2011,"{""type"":""MultiPoint"",""coordinates"":[]}"
26_9_0,38273.11649158381,3,10.0,2011,"{""type"":""MultiPoint"",""coordinates"":[]}"
26_9_1,2804.1271492716924,6,10.0,2011,"{""type"":""MultiPoint"",""coordinates"":[]}"
26_9_2,11.565054282714872,11,10.0,2011,"{""type"":""MultiPoint"",""coordinates"":[]}"
26_9_3,17.026190129882963,12,10.0,2011,"{""type"":""MultiPoint"",""coordinates"":[]}"
26_9_4,1316.4796746549732,13,10.0,2011,"{""type"":""MultiPoint"",""coordinates"":[]}"
26_9_5,4.978865254882797,15,10.0,2011,"{""type"":""MultiPoint"",""coordinates"":[]}"
26_9_6,5.643904619750962,18,10.0,2011,"{""type"":""MultiPoint"",""coordinates"":[]}"
26_9_7,4.206108722412109,21,10.0,2011,"{""type"":""MultiPoint"",""coordinates"":[]}"
26_9_8,16.517652940917944,23,10.0,2011,"{""type"":""MultiPoint"",""coordinates"":[]}"
26_9_9,0.18505177545166018,24,10.0,2011,"{""type"":""MultiPoint"",""coordinates"":[]}"
26_9_10,0.27798930944824235,25,10.0,2011,"{""type"":""MultiPoint"",""coordinates"":[]}"
26_9_11,240.42695976190114,33,10.0,2011,"{""type"":""MultiPoint"",""coordinates"":[]}"
26_10_0,5256.413494790985,3,11.0,2011,"{""type"":""MultiPoint"",""coordinates"":[]}"
26_10_1,348.50810164087045,6,11.0,2011,"{""type"":""MultiPoint"",""coordinates"":[]}"
26_10_2,1.2325962574462914,11,11.0,2011,"{""type"":""MultiPoint"",""coordinates"":[]}"
26_10_3,69.23055920123426,12,11.0,2011,"{""type"":""MultiPoint"",""coordinates"":[]}"
26_10_4,114.59026049084409,13,11.0,2011,"{""type"":""MultiPoint"",""coordinates"":[]}"
26_10_5,312.89329873705645,15,11.0,2011,"{""type"":""MultiPoint"",""coordinates"":[]}"
26_10_6,0.20987112109375003,18,11.0,2011,"{""type"":""MultiPoint"",""coordinates"":[]}"
26_10_7,81.35834990130627,21,11.0,2011,"{""type"":""MultiPoint"",""coordinates"":[]}"
26_10_8,3.369956913085941,23,11.0,2011,"{""type"":""MultiPoint"",""coordinates"":[]}"
26_10_9,0.015184517089843749,24,11.0,2011,"{""type"":""MultiPoint"",""coordinates"":[]}"
26_10_10,0.47689891503906234,25,11.0,2011,"{""type"":""MultiPoint"",""coordinates"":[]}"
26_10_11,30.831872133544728,33,11.0,2011,"{""type"":""MultiPoint"",""coordinates"":[]}"
26_11_0,562.3768181217241,3,12.0,2011,"{""type"":""MultiPoint"",""coordinates"":[]}"
26_11_1,0.10097921545410145,11,12.0,2011,"{""type"":""MultiPoint"",""coordinates"":[]}"
26_11_2,22.8683140569457,13,12.0,2011,"{""type"":""MultiPoint"",""coordinates"":[]}"
26_11_3,0.009830158142089842,15,12.0,2011,"{""type"":""MultiPoint"",""coordinates"":[]}"
26_11_4,0.7855228396606445,21,12.0,2011,"{""type"":""MultiPoint"",""coordinates"":[]}"
26_11_5,0.014298709899902342,23,12.0,2011,"{""type"":""MultiPoint"",""coordinates"":[]}"
26_11_6,0.13851805603027356,25,12.0,2011,"{""type"":""MultiPoint"",""coordinates"":[]}"
26_11_7,0.3199410823974606,33,12.0,2011,"{""type"":""MultiPoint"",""coordinates"":[]}"
26_11_8,0.10724259466552737,68,12.0,2011,"{""type"":""MultiPoint"",""coordinates"":[]}"
26_12_0,0.9342745857544054,11,13.0,2011,"{""type"":""MultiPoint"",""coordinates"":[]}"
26_12_1,0.18525173980712903,12,13.0,2011,"{""type"":""MultiPoint"",""coordinates"":[]}"
26_12_2,0.00178127734375,68,13.0,2011,"{""type"":""MultiPoint"",""coordinates"":[]}"
26_13_0,891.5085412230765,3,14.0,2011,"{""type"":""MultiPoint"",""coordinates"":[]}"
26_13_1,621.4390955319767,13,14.0,2011,"{""type"":""MultiPoint"",""coordinates"":[]}"
26_13_2,4.530480559875494,15,14.0,2011,"{""type"":""MultiPoint"",""coordinates"":[]}"
26_13_3,0.1284448676757813,18,14.0,2011,"{""type"":""MultiPoint"",""coordinates"":[]}"
26_13_4,13.56585174121074,21,14.0,2011,"{""type"":""MultiPoint"",""coordinates"":[]}"
26_13_5,0.06511404376220704,23,14.0,2011,"{""type"":""MultiPoint"",""coordinates"":[]}"
26_13_6,0.007136070739746093,25,14.0,2011,"{""type"":""MultiPoint"",""coordinates"":[]}"
26_13_7,6.489772572082517,33,14.0,2011,"{""type"":""MultiPoint"",""coordinates"":[]}"
26_13_8,1.565405752624512,68,14.0,2011,"{""type"":""MultiPoint"",""coordinates"":[]}"
26_14_0,754.0782916093282,3,15.0,2011,"{""type"":""MultiPoint"",""coordinates"":[]}"
26_14_1,1.1797011680297853,15,15.0,2011,"{""type"":""MultiPoint"",""coordinates"":[]}"
26_14_2,7.864647181152348,21,15.0,2011,"{""type"":""MultiPoint"",""coordinates"":[]}"
26_14_3,0.03485571704101562,23,15.0,2011,"{""type"":""MultiPoint"",""coordinates"":[]}"
26_14_4,0.7659105831909179,25,15.0,2011,"{""type"":""MultiPoint"",""coordinates"":[]}"
26_14_5,0.038429073913574245,30,15.0,2011,"{""type"":""MultiPoint"",""coordinates"":[]}"
26_14_6,0.22164135589599585,33,15.0,2011,"{""type"":""MultiPoint"",""coordinates"":[]}"
26_15_0,2729.5480918882026,3,16.0,2011,"{""type"":""MultiPoint"",""coordinates"":[]}"
26_15_1,5.249413572082509,6,16.0,2011,"{""type"":""MultiPoint"",""coordinates"":[]}"
26_15_2,24.952318267700157,13,16.0,2011,"{""type"":""MultiPoint"",""coordinates"":[]}"
26_15_3,103.94006994384904,15,16.0,2011,"{""type"":""MultiPoint"",""coordinates"":[]}"
26_15_4,9.50136640319821,21,16.0,2011,"{""type"":""MultiPoint"",""coordinates"":[]}"
26_15_5,2.936677664978021,23,16.0,2011,"{""type"":""MultiPoint"",""coordinates"":[]}"
26_15_6,5.520022785156252,33,16.0,2011,"{""type"":""MultiPoint"",""coordinates"":[]}"
26_15_7,0.10537258502197253,68,16.0,2011,"{""type"":""MultiPoint"",""coordinates"":[]}"
26_16_0,0.2779711723632819,3,17.0,2011,"{""type"":""MultiPoint"",""coordinates"":[]}"
26_16_1,0.002681375793457031,21,17.0,2011,"{""type"":""MultiPoint"",""coordinates"":[]}"
26_17_0,349.9682862195946,3,18.0,2011,"{""type"":""MultiPoint"",""coordinates"":[]}"
26_17_1,6.399335538818314,13,18.0,2011,"{""type"":""MultiPoint"",""coordinates"":[]}"
26_17_2,3.407085989257803,15,18.0,2011,"{""type"":""MultiPoint"",""coordinates"":[]}"
26_17_3,15.77689848016357,21,18.0,2011,"{""type"":""MultiPoint"",""coordinates"":[]}"
26_17_4,0.3458898861083985,23,18.0,2011,"{""type"":""MultiPoint"",""coordinates"":[]}"
26_17_5,0.8374600707397457,25,18.0,2011,"{""type"":""MultiPoint"",""coordinates"":[]}"
26_17_6,0.44152385052490234,33,18.0,2011,"{""type"":""MultiPoint"",""coordinates"":[]}"
26_17_7,0.680159001037596,68,18.0,2011,"{""type"":""MultiPoint"",""coordinates"":[]}"
26_18_0,322.0110574921408,3,19.0,2011,"{""type"":""MultiPoint"",""coordinates"":[]}"
26_18_1,21.122464795654547,11,19.0,2011,"{""type"":""MultiPoint"",""coordinates"":[]}"
26_18_2,49.950435675414326,13,19.0,2011,"{""type"":""MultiPoint"",""coordinates"":[]}"
26_18_3,0.13764430499267566,15,19.0,2011,"{""type"":""MultiPoint"",""coordinates"":[]}"
26_18_4,11.464001923645323,18,19.0,2011,"{""type"":""MultiPoint"",""coordinates"":[]}"
26_18_5,53.32691289941354,21,19.0,2011,"{""type"":""MultiPoint"",""coordinates"":[]}"
26_18_6,0.28691173339843723,24,19.0,2011,"{""type"":""MultiPoint"",""coordinates"":[]}"
26_18_7,0.09385215026855476,25,19.0,2011,"{""type"":""MultiPoint"",""coordinates"":[]}"
26_18_8,0.053631939392089836,27,19.0,2011,"{""type"":""MultiPoint"",""coordinates"":[]}"
26_18_9,41.650143136537146,33,19.0,2011,"{""type"":""MultiPoint"",""coordinates"":[]}"
26_19_0,118.7594223616951,3,20.0,2011,"{""type"":""MultiPoint"",""coordinates"":[]}"
26_19_1,19.19270982940719,6,20.0,2011,"{""type"":""MultiPoint"",""coordinates"":[]}"
26_19_2,0.27955408007812554,11,20.0,2011,"{""type"":""MultiPoint"",""coordinates"":[]}"
26_19_3,75.2922546521583,13,20.0,2011,"{""type"":""MultiPoint"",""coordinates"":[]}"
26_19_4,62.134097460875545,15,20.0,2011,"{""type"":""MultiPoint"",""coordinates"":[]}"
26_19_5,0.021435873291015622,18,20.0,2011,"{""type"":""MultiPoint"",""coordinates"":[]}"
26_19_6,8.021191227905257,21,20.0,2011,"{""type"":""MultiPoint"",""coordinates"":[]}"
26_19_7,0.028578569641113275,23,20.0,2011,"{""type"":""MultiPoint"",""coordinates"":[]}"
26_19_8,0.1571928261108399,25,20.0,2011,"{""type"":""MultiPoint"",""coordinates"":[]}"
26_19_9,0.4358267120971672,33,20.0,2011,"{""type"":""MultiPoint"",""coordinates"":[]}"
26_20_0,49.8978820755024,3,21.0,2011,"{""type"":""MultiPoint"",""coordinates"":[]}"
26_20_1,18.791195104614463,15,21.0,2011,"{""type"":""MultiPoint"",""coordinates"":[]}"
26_20_2,2.0973399315795964,21,21.0,2011,"{""type"":""MultiPoint"",""coordinates"":[]}"
26_21_0,9910.95340503023,3,22.0,2011,"{""type"":""MultiPoint"",""coordinates"":[]}"
26_21_1,876.3372164183446,6,22.0,2011,"{""type"":""MultiPoint"",""coordinates"":[]}"
26_21_2,4.234712271484372,11,22.0,2011,"{""type"":""MultiPoint"",""coordinates"":[]}"
26_21_3,20.68679561071783,13,22.0,2011,"{""type"":""MultiPoint"",""coordinates"":[]}"
26_21_4,41.94850547082498,18,22.0,2011,"{""type"":""MultiPoint"",""coordinates"":[]}"
26_21_5,1.6409493259887697,21,22.0,2011,"{""type"":""MultiPoint"",""coordinates"":[]}"
26_21_6,0.23581499468994135,23,22.0,2011,"{""type"":""MultiPoint"",""coordinates"":[]}"
26_21_7,0.2884809114379882,24,22.0,2011,"{""type"":""MultiPoint"",""coordinates"":[]}"
26_21_8,2.0688604299926765,25,22.0,2011,"{""type"":""MultiPoint"",""coordinates"":[]}"
26_21_9,22.655878518310452,29,22.0,2011,"{""type"":""MultiPoint"",""coordinates"":[]}"
26_21_10,0.061653456054687514,30,22.0,2011,"{""type"":""MultiPoint"",""coordinates"":[]}"
26_21_11,79.9250970197144,33,22.0,2011,"{""type"":""MultiPoint"",""coordinates"":[]}"
26_21_12,3.0611106727294937,68,22.0,2011,"{""type"":""MultiPoint"",""coordinates"":[]}"
26_22_0,7921.440027351721,3,23.0,2011,"{""type"":""MultiPoint"",""coordinates"":[]}"
26_22_1,525.8689656208473,6,23.0,2011,"{""type"":""MultiPoint"",""coordinates"":[]}"
26_22_2,0.09114609777832032,11,23.0,2011,"{""type"":""MultiPoint"",""coordinates"":[]}"
26_22_3,195.48168583630206,13,23.0,2011,"{""type"":""MultiPoint"",""coordinates"":[]}"
26_22_4,59.172081793945495,15,23.0,2011,"{""type"":""MultiPoint"",""coordinates"":[]}"
26_22_5,7.960983476867726,18,23.0,2011,"{""type"":""MultiPoint"",""coordinates"":[]}"
26_22_6,20.535682926635744,21,23.0,2011,"{""type"":""MultiPoint"",""coordinates"":[]}"
26_22_7,0.13579396551513684,23,23.0,2011,"{""type"":""MultiPoint"",""coordinates"":[]}"
26_22_8,0.04378182385253902,24,23.0,2011,"{""type"":""MultiPoint"",""coordinates"":[]}"
26_22_9,0.15278752868652345,25,23.0,2011,"{""type"":""MultiPoint"",""coordinates"":[]}"
26_22_10,42.00109118444843,33,23.0,2011,"{""type"":""MultiPoint"",""coordinates"":[]}"
26_22_11,1.3975226542968753,68,23.0,2011,"{""type"":""MultiPoint"",""coordinates"":[]}"
26_23_0,104.58787332153335,3,25.0,2011,"{""type"":""MultiPoint"",""coordinates"":[]}"
26_23_1,0.07061910131835936,15,25.0,2011,"{""type"":""MultiPoint"",""coordinates"":[]}"
26_23_2,0.05899783306884762,18,25.0,2011,"{""type"":""MultiPoint"",""coordinates"":[]}"
26_23_3,0.28962634161376954,21,25.0,2011,"{""type"":""MultiPoint"",""coordinates"":[]}"
26_23_4,0.00893885369873047,25,25.0,2011,"{""type"":""MultiPoint"",""coordinates"":[]}"
26_23_5,0.5551128865966795,33,25.0,2011,"{""type"":""MultiPoint"",""coordinates"":[]}"
27_0_0,22.828309173278704,3,1.0,2012,"{""type"":""MultiPoint"",""coordinates"":[]}"
27_0_1,0.010723786193847657,25,1.0,2012,"{""type"":""MultiPoint"",""coordinates"":[]}"
27_0_2,8.936422729492187E-4,33,1.0,2012,"{""type"":""MultiPoint"",""coordinates"":[]}"
27_1_0,8828.109007960991,3,2.0,2012,"{""type"":""MultiPoint"",""coordinates"":[]}"
27_1_1,844.5611874313241,6,2.0,2012,"{""type"":""MultiPoint"",""coordinates"":[]}"
27_1_2,8.439820961975096,11,2.0,2012,"{""type"":""MultiPoint"",""coordinates"":[]}"
27_1_3,1.8834362262573257,13,2.0,2012,"{""type"":""MultiPoint"",""coordinates"":[]}"
27_1_4,0.10096282812500004,18,2.0,2012,"{""type"":""MultiPoint"",""coordinates"":[]}"
27_1_5,0.07505214550781246,21,2.0,2012,"{""type"":""MultiPoint"",""coordinates"":[]}"
27_1_6,0.12953832849121102,24,2.0,2012,"{""type"":""MultiPoint"",""coordinates"":[]}"
27_1_7,0.17063618359375005,25,2.0,2012,"{""type"":""MultiPoint"",""coordinates"":[]}"
27_1_8,25.69652668151853,33,2.0,2012,"{""type"":""MultiPoint"",""coordinates"":[]}"
27_2_0,9423.939995135537,3,3.0,2012,"{""type"":""MultiPoint"",""coordinates"":[]}"
27_2_1,791.0630229000849,6,3.0,2012,"{""type"":""MultiPoint"",""coordinates"":[]}"
27_2_2,67.98298152679429,11,3.0,2012,"{""type"":""MultiPoint"",""coordinates"":[]}"
27_2_3,11.79516801434314,13,3.0,2012,"{""type"":""MultiPoint"",""coordinates"":[]}"
27_2_4,29.427236775756686,18,3.0,2012,"{""type"":""MultiPoint"",""coordinates"":[]}"
27_2_5,1.245192934326172,21,3.0,2012,"{""type"":""MultiPoint"",""coordinates"":[]}"
27_2_6,0.08492259008789066,23,3.0,2012,"{""type"":""MultiPoint"",""coordinates"":[]}"
27_2_7,0.23598213293457038,25,3.0,2012,"{""type"":""MultiPoint"",""coordinates"":[]}"
27_2_8,220.79325918322968,33,3.0,2012,"{""type"":""MultiPoint"",""coordinates"":[]}"
27_2_9,0.0366497095336914,68,3.0,2012,"{""type"":""MultiPoint"",""coordinates"":[]}"
27_3_0,4852.519577894081,3,4.0,2012,"{""type"":""MultiPoint"",""coordinates"":[]}"
27_3_1,548.7289097039028,6,4.0,2012,"{""type"":""MultiPoint"",""coordinates"":[]}"
27_3_2,77.45308595703123,11,4.0,2012,"{""type"":""MultiPoint"",""coordinates"":[]}"
27_3_3,0.5398171484375001,13,4.0,2012,"{""type"":""MultiPoint"",""coordinates"":[]}"
27_3_4,2.1853001781616217,18,4.0,2012,"{""type"":""MultiPoint"",""coordinates"":[]}"
27_3_5,0.008937140991210938,21,4.0,2012,"{""type"":""MultiPoint"",""coordinates"":[]}"
27_3_6,2.358558528137204,23,4.0,2012,"{""type"":""MultiPoint"",""coordinates"":[]}"
27_3_7,0.06256321783447266,24,4.0,2012,"{""type"":""MultiPoint"",""coordinates"":[]}"
27_3_8,0.04647613543701172,25,4.0,2012,"{""type"":""MultiPoint"",""coordinates"":[]}"
27_3_9,110.26049538574175,33,4.0,2012,"{""type"":""MultiPoint"",""coordinates"":[]}"
27_3_10,0.5353224939575203,68,4.0,2012,"{""type"":""MultiPoint"",""coordinates"":[]}"
27_4_0,1721.7993601300464,3,5.0,2012,"{""type"":""MultiPoint"",""coordinates"":[]}"
27_4_1,51.88944672729424,6,5.0,2012,"{""type"":""MultiPoint"",""coordinates"":[]}"
27_4_2,0.025007094421386725,11,5.0,2012,"{""type"":""MultiPoint"",""coordinates"":[]}"
27_4_3,0.07324849548339837,12,5.0,2012,"{""type"":""MultiPoint"",""coordinates"":[]}"
27_4_4,284.9686917375503,15,5.0,2012,"{""type"":""MultiPoint"",""coordinates"":[]}"
27_4_5,0.15808968408203128,18,5.0,2012,"{""type"":""MultiPoint"",""coordinates"":[]}"
27_4_6,9.133675497253408,21,5.0,2012,"{""type"":""MultiPoint"",""coordinates"":[]}"
27_4_7,3.6625872753295794,23,5.0,2012,"{""type"":""MultiPoint"",""coordinates"":[]}"
27_4_8,0.559188386291504,25,5.0,2012,"{""type"":""MultiPoint"",""coordinates"":[]}"
27_4_9,17.311391866393915,33,5.0,2012,"{""type"":""MultiPoint"",""coordinates"":[]}"
27_5_0,2544.719757207924,3,6.0,2012,"{""type"":""MultiPoint"",""coordinates"":[]}"
27_5_1,120.02955350353953,6,6.0,2012,"{""type"":""MultiPoint"",""coordinates"":[]}"
27_5_2,2.7166604718017613,11,6.0,2012,"{""type"":""MultiPoint"",""coordinates"":[]}"
27_5_3,0.1945258083496092,13,6.0,2012,"{""type"":""MultiPoint"",""coordinates"":[]}"
27_5_4,7.547062358886669,18,6.0,2012,"{""type"":""MultiPoint"",""coordinates"":[]}"
27_5_5,0.022317131469726564,21,6.0,2012,"{""type"":""MultiPoint"",""coordinates"":[]}"
27_5_6,0.016954593505859376,25,6.0,2012,"{""type"":""MultiPoint"",""coordinates"":[]}"
27_5_7,6.109443539550778,33,6.0,2012,"{""type"":""MultiPoint"",""coordinates"":[]}"
27_6_0,935.4999820835731,3,7.0,2012,"{""type"":""MultiPoint"",""coordinates"":[]}"
27_6_1,0.1519454857177735,15,7.0,2012,"{""type"":""MultiPoint"",""coordinates"":[]}"
27_6_2,1.3326448432006839,21,7.0,2012,"{""type"":""MultiPoint"",""coordinates"":[]}"
27_6_3,0.3181908225708004,23,7.0,2012,"{""type"":""MultiPoint"",""coordinates"":[]}"
27_6_4,0.7373707074584981,25,7.0,2012,"{""type"":""MultiPoint"",""coordinates"":[]}"
27_6_5,3.4928605105590833,33,7.0,2012,"{""type"":""MultiPoint"",""coordinates"":[]}"
27_7_0,3883.3649352458683,3,8.0,2012,"{""type"":""MultiPoint"",""coordinates"":[]}"
27_7_1,391.3050147933004,6,8.0,2012,"{""type"":""MultiPoint"",""coordinates"":[]}"
27_7_2,46.59395380246956,11,8.0,2012,"{""type"":""MultiPoint"",""coordinates"":[]}"
27_7_3,1.2721263621215808,13,8.0,2012,"{""type"":""MultiPoint"",""coordinates"":[]}"
27_7_4,72.54607377618292,15,8.0,2012,"{""type"":""MultiPoint"",""coordinates"":[]}"
27_7_5,0.12158040911865226,18,8.0,2012,"{""type"":""MultiPoint"",""coordinates"":[]}"
27_7_6,5.8697876074829445,21,8.0,2012,"{""type"":""MultiPoint"",""coordinates"":[]}"
27_7_7,0.005363841186523438,23,8.0,2012,"{""type"":""MultiPoint"",""coordinates"":[]}"
27_7_8,0.23421974395751977,25,8.0,2012,"{""type"":""MultiPoint"",""coordinates"":[]}"
27_7_9,7.972380203430129,33,8.0,2012,"{""type"":""MultiPoint"",""coordinates"":[]}"
27_8_0,16.05084499261504,3,9.0,2012,"{""type"":""MultiPoint"",""coordinates"":[]}"
27_8_1,0.036632644775390626,11,9.0,2012,"{""type"":""MultiPoint"",""coordinates"":[]}"
27_8_2,14.098590667663617,13,9.0,2012,"{""type"":""MultiPoint"",""coordinates"":[]}"
27_8_3,0.00536092822265625,21,9.0,2012,"{""type"":""MultiPoint"",""coordinates"":[]}"
27_8_4,0.2662650304565429,33,9.0,2012,"{""type"":""MultiPoint"",""coordinates"":[]}"
27_9_0,38253.070152960594,3,10.0,2012,"{""type"":""MultiPoint"",""coordinates"":[]}"
27_9_1,2830.130321871854,6,10.0,2012,"{""type"":""MultiPoint"",""coordinates"":[]}"
27_9_2,12.359777307312061,11,10.0,2012,"{""type"":""MultiPoint"",""coordinates"":[]}"
27_9_3,14.579831006042506,12,10.0,2012,"{""type"":""MultiPoint"",""coordinates"":[]}"
27_9_4,1307.1903931526858,13,10.0,2012,"{""type"":""MultiPoint"",""coordinates"":[]}"
27_9_5,5.018151323486308,15,10.0,2012,"{""type"":""MultiPoint"",""coordinates"":[]}"
27_9_6,5.483921266845693,18,10.0,2012,"{""type"":""MultiPoint"",""coordinates"":[]}"
27_9_7,5.426153457214352,21,10.0,2012,"{""type"":""MultiPoint"",""coordinates"":[]}"
27_9_8,16.08243531005881,23,10.0,2012,"{""type"":""MultiPoint"",""coordinates"":[]}"
27_9_9,0.18505177545166018,24,10.0,2012,"{""type"":""MultiPoint"",""coordinates"":[]}"
27_9_10,0.23955622906494156,25,10.0,2012,"{""type"":""MultiPoint"",""coordinates"":[]}"
27_9_11,244.78534664703304,33,10.0,2012,"{""type"":""MultiPoint"",""coordinates"":[]}"
27_10_0,5256.145470436382,3,11.0,2012,"{""type"":""MultiPoint"",""coordinates"":[]}"
27_10_1,349.6433910726948,6,11.0,2012,"{""type"":""MultiPoint"",""coordinates"":[]}"
27_10_2,1.2692185237426779,11,11.0,2012,"{""type"":""MultiPoint"",""coordinates"":[]}"
27_10_3,67.2887033352679,12,11.0,2012,"{""type"":""MultiPoint"",""coordinates"":[]}"
27_10_4,114.96185226397577,13,11.0,2012,"{""type"":""MultiPoint"",""coordinates"":[]}"
27_10_5,310.8925344943252,15,11.0,2012,"{""type"":""MultiPoint"",""coordinates"":[]}"
27_10_6,0.13665735443115237,18,11.0,2012,"{""type"":""MultiPoint"",""coordinates"":[]}"
27_10_7,82.27935392315725,21,11.0,2012,"{""type"":""MultiPoint"",""coordinates"":[]}"
27_10_8,0.8340731339721673,23,11.0,2012,"{""type"":""MultiPoint"",""coordinates"":[]}"
27_10_9,0.015184517089843749,24,11.0,2012,"{""type"":""MultiPoint"",""coordinates"":[]}"
27_10_10,0.5251571804199219,25,11.0,2012,"{""type"":""MultiPoint"",""coordinates"":[]}"
27_10_11,35.13884838415518,33,11.0,2012,"{""type"":""MultiPoint"",""coordinates"":[]}"
27_11_0,561.8799600627045,3,12.0,2012,"{""type"":""MultiPoint"",""coordinates"":[]}"
27_11_1,0.09651108190917959,11,12.0,2012,"{""type"":""MultiPoint"",""coordinates"":[]}"
27_11_2,23.089927718322578,13,12.0,2012,"{""type"":""MultiPoint"",""coordinates"":[]}"
27_11_3,0.009830158142089842,15,12.0,2012,"{""type"":""MultiPoint"",""coordinates"":[]}"
27_11_4,1.0956205994262689,21,12.0,2012,"{""type"":""MultiPoint"",""coordinates"":[]}"
27_11_5,0.008043037841796875,23,12.0,2012,"{""type"":""MultiPoint"",""coordinates"":[]}"
27_11_6,0.13404978015136731,25,12.0,2012,"{""type"":""MultiPoint"",""coordinates"":[]}"
27_11_7,0.310110562194824,33,12.0,2012,"{""type"":""MultiPoint"",""coordinates"":[]}"
27_11_8,0.09741183422851565,68,12.0,2012,"{""type"":""MultiPoint"",""coordinates"":[]}"
27_12_0,0.8621331868286202,11,13.0,2012,"{""type"":""MultiPoint"",""coordinates"":[]}"
27_12_1,0.2556118649902342,12,13.0,2012,"{""type"":""MultiPoint"",""coordinates"":[]}"
27_12_2,0.003562551086425781,33,13.0,2012,"{""type"":""MultiPoint"",""coordinates"":[]}"
27_13_0,888.677563710934,3,14.0,2012,"{""type"":""MultiPoint"",""coordinates"":[]}"
27_13_1,623.6741666919474,13,14.0,2012,"{""type"":""MultiPoint"",""coordinates"":[]}"
27_13_2,4.395790886718765,15,14.0,2012,"{""type"":""MultiPoint"",""coordinates"":[]}"
27_13_3,0.17215282031250007,18,14.0,2012,"{""type"":""MultiPoint"",""coordinates"":[]}"
27_13_4,14.307151951110688,21,14.0,2012,"{""type"":""MultiPoint"",""coordinates"":[]}"
27_13_5,0.0749277889404297,23,14.0,2012,"{""type"":""MultiPoint"",""coordinates"":[]}"
27_13_6,0.007136070739746093,25,14.0,2012,"{""type"":""MultiPoint"",""coordinates"":[]}"
27_13_7,6.471038072387694,33,14.0,2012,"{""type"":""MultiPoint"",""coordinates"":[]}"
27_13_8,1.5199143699340811,68,14.0,2012,"{""type"":""MultiPoint"",""coordinates"":[]}"
27_14_0,754.052370704543,3,15.0,2012,"{""type"":""MultiPoint"",""coordinates"":[]}"
27_14_1,1.3066102870483394,15,15.0,2012,"{""type"":""MultiPoint"",""coordinates"":[]}"
27_14_2,7.833365718200682,21,15.0,2012,"{""type"":""MultiPoint"",""coordinates"":[]}"
27_14_3,0.0723927844848633,23,15.0,2012,"{""type"":""MultiPoint"",""coordinates"":[]}"
27_14_4,0.6524106673583986,25,15.0,2012,"{""type"":""MultiPoint"",""coordinates"":[]}"
27_14_5,0.03753537469482424,30,15.0,2012,"{""type"":""MultiPoint"",""coordinates"":[]}"
27_14_6,0.22879115222167945,33,15.0,2012,"{""type"":""MultiPoint"",""coordinates"":[]}"
27_15_0,2724.588973264288,3,16.0,2012,"{""type"":""MultiPoint"",""coordinates"":[]}"
27_15_1,5.2011877061157055,6,16.0,2012,"{""type"":""MultiPoint"",""coordinates"":[]}"
27_15_2,24.945175468994147,13,16.0,2012,"{""type"":""MultiPoint"",""coordinates"":[]}"
27_15_3,109.06976375048664,15,16.0,2012,"{""type"":""MultiPoint"",""coordinates"":[]}"
27_15_4,9.426350913879354,21,16.0,2012,"{""type"":""MultiPoint"",""coordinates"":[]}"
27_15_5,3.299202276184079,23,16.0,2012,"{""type"":""MultiPoint"",""coordinates"":[]}"
27_15_6,0.008930073608398438,25,16.0,2012,"{""type"":""MultiPoint"",""coordinates"":[]}"
27_15_7,5.116413969116215,33,16.0,2012,"{""type"":""MultiPoint"",""coordinates"":[]}"
27_15_8,0.09733568749999992,68,16.0,2012,"{""type"":""MultiPoint"",""coordinates"":[]}"
27_16_0,0.280652548156739,3,17.0,2012,"{""type"":""MultiPoint"",""coordinates"":[]}"
27_17_0,349.74484019078,3,18.0,2012,"{""type"":""MultiPoint"",""coordinates"":[]}"
27_17_1,6.354646567687951,13,18.0,2012,"{""type"":""MultiPoint"",""coordinates"":[]}"
27_17_2,3.250672891174315,15,18.0,2012,"{""type"":""MultiPoint"",""coordinates"":[]}"
27_17_3,16.257753287231477,21,18.0,2012,"{""type"":""MultiPoint"",""coordinates"":[]}"
27_17_4,0.3172893068847658,23,18.0,2012,"{""type"":""MultiPoint"",""coordinates"":[]}"
27_17_5,0.8088600336914062,25,18.0,2012,"{""type"":""MultiPoint"",""coordinates"":[]}"
27_17_6,0.46386829113769545,33,18.0,2012,"{""type"":""MultiPoint"",""coordinates"":[]}"
27_17_7,0.6587084676513653,68,18.0,2012,"{""type"":""MultiPoint"",""coordinates"":[]}"
27_18_0,321.052889036692,3,19.0,2012,"{""type"":""MultiPoint"",""coordinates"":[]}"
27_18_1,21.091179414612117,11,19.0,2012,"{""type"":""MultiPoint"",""coordinates"":[]}"
27_18_2,49.84227287963793,13,19.0,2012,"{""type"":""MultiPoint"",""coordinates"":[]}"
27_18_3,0.15373258172607404,15,19.0,2012,"{""type"":""MultiPoint"",""coordinates"":[]}"
27_18_4,10.66403467498812,18,19.0,2012,"{""type"":""MultiPoint"",""coordinates"":[]}"
27_18_5,55.27276270385713,21,19.0,2012,"{""type"":""MultiPoint"",""coordinates"":[]}"
27_18_6,0.28780553497314426,24,19.0,2012,"{""type"":""MultiPoint"",""coordinates"":[]}"
27_18_7,0.08759546069335944,25,19.0,2012,"{""type"":""MultiPoint"",""coordinates"":[]}"
27_18_8,0.053631939392089836,27,19.0,2012,"{""type"":""MultiPoint"",""coordinates"":[]}"
27_18_9,41.59115182428127,33,19.0,2012,"{""type"":""MultiPoint"",""coordinates"":[]}"
27_19_0,120.53143802587991,3,20.0,2012,"{""type"":""MultiPoint"",""coordinates"":[]}"
27_19_1,19.30166772747836,6,20.0,2012,"{""type"":""MultiPoint"",""coordinates"":[]}"
27_19_2,0.29652431030273446,11,20.0,2012,"{""type"":""MultiPoint"",""coordinates"":[]}"
27_19_3,73.58188640222109,13,20.0,2012,"{""type"":""MultiPoint"",""coordinates"":[]}"
27_19_4,62.23231833062657,15,20.0,2012,"{""type"":""MultiPoint"",""coordinates"":[]}"
27_19_5,0.03661872613525391,18,20.0,2012,"{""type"":""MultiPoint"",""coordinates"":[]}"
27_19_6,7.810420444824232,21,20.0,2012,"{""type"":""MultiPoint"",""coordinates"":[]}"
27_19_7,0.06162553454589849,25,20.0,2012,"{""type"":""MultiPoint"",""coordinates"":[]}"
27_19_8,0.4697640912475576,33,20.0,2012,"{""type"":""MultiPoint"",""coordinates"":[]}"
27_20_0,49.7076118093281,3,21.0,2012,"{""type"":""MultiPoint"",""coordinates"":[]}"
27_20_1,19.232465164795016,15,21.0,2012,"{""type"":""MultiPoint"",""coordinates"":[]}"
27_20_2,1.8463401375732482,21,21.0,2012,"{""type"":""MultiPoint"",""coordinates"":[]}"
27_21_0,9906.575508759377,3,22.0,2012,"{""type"":""MultiPoint"",""coordinates"":[]}"
27_21_1,886.5573524371048,6,22.0,2012,"{""type"":""MultiPoint"",""coordinates"":[]}"
27_21_2,4.486492193237302,11,22.0,2012,"{""type"":""MultiPoint"",""coordinates"":[]}"
27_21_3,19.664688130432165,13,22.0,2012,"{""type"":""MultiPoint"",""coordinates"":[]}"
27_21_4,40.2772400112913,18,22.0,2012,"{""type"":""MultiPoint"",""coordinates"":[]}"
27_21_5,1.578418000610351,21,22.0,2012,"{""type"":""MultiPoint"",""coordinates"":[]}"
27_21_6,0.3920907592773435,23,22.0,2012,"{""type"":""MultiPoint"",""coordinates"":[]}"
27_21_7,0.2938386602783202,24,22.0,2012,"{""type"":""MultiPoint"",""coordinates"":[]}"
27_21_8,2.1188716940917955,25,22.0,2012,"{""type"":""MultiPoint"",""coordinates"":[]}"
27_21_9,22.405717854980388,29,22.0,2012,"{""type"":""MultiPoint"",""coordinates"":[]}"
27_21_10,0.1009675841064453,30,22.0,2012,"{""type"":""MultiPoint"",""coordinates"":[]}"
27_21_11,76.90864187805175,33,22.0,2012,"{""type"":""MultiPoint"",""coordinates"":[]}"
27_21_12,2.738652167785642,68,22.0,2012,"{""type"":""MultiPoint"",""coordinates"":[]}"
27_22_0,7919.719135074823,3,23.0,2012,"{""type"":""MultiPoint"",""coordinates"":[]}"
27_22_1,526.0628644670401,6,23.0,2012,"{""type"":""MultiPoint"",""coordinates"":[]}"
27_22_2,0.09025247656250002,11,23.0,2012,"{""type"":""MultiPoint"",""coordinates"":[]}"
27_22_3,196.11080742376586,13,23.0,2012,"{""type"":""MultiPoint"",""coordinates"":[]}"
27_22_4,61.16702329821782,15,23.0,2012,"{""type"":""MultiPoint"",""coordinates"":[]}"
27_22_5,6.926318333129849,18,23.0,2012,"{""type"":""MultiPoint"",""coordinates"":[]}"
27_22_6,19.017025473815885,21,23.0,2012,"{""type"":""MultiPoint"",""coordinates"":[]}"
27_22_7,0.19475407104492198,23,23.0,2012,"{""type"":""MultiPoint"",""coordinates"":[]}"
27_22_8,0.04824935180664057,24,23.0,2012,"{""type"":""MultiPoint"",""coordinates"":[]}"
27_22_9,0.31005847039794915,25,23.0,2012,"{""type"":""MultiPoint"",""coordinates"":[]}"
27_22_10,43.00703597094744,33,23.0,2012,"{""type"":""MultiPoint"",""coordinates"":[]}"
27_22_11,1.6280258493042006,68,23.0,2012,"{""type"":""MultiPoint"",""coordinates"":[]}"
27_23_0,104.57267693188493,3,25.0,2012,"{""type"":""MultiPoint"",""coordinates"":[]}"
27_23_1,0.06972518835449217,15,25.0,2012,"{""type"":""MultiPoint"",""coordinates"":[]}"
27_23_2,0.05899783306884762,18,25.0,2012,"{""type"":""MultiPoint"",""coordinates"":[]}"
27_23_3,0.2967776247558594,21,25.0,2012,"{""type"":""MultiPoint"",""coordinates"":[]}"
27_23_4,0.00893885369873047,25,25.0,2012,"{""type"":""MultiPoint"",""coordinates"":[]}"
27_23_5,0.5640519060668944,33,25.0,2012,"{""type"":""MultiPoint"",""coordinates"":[]}"
28_0_0,22.83188379034413,3,1.0,2013,"{""type"":""MultiPoint"",""coordinates"":[]}"
28_0_1,0.007149169128417969,25,1.0,2013,"{""type"":""MultiPoint"",""coordinates"":[]}"
28_0_2,8.936422729492187E-4,33,1.0,2013,"{""type"":""MultiPoint"",""coordinates"":[]}"
28_1_0,8791.615599861372,3,2.0,2013,"{""type"":""MultiPoint"",""coordinates"":[]}"
28_1_1,881.3879400081827,6,2.0,2013,"{""type"":""MultiPoint"",""coordinates"":[]}"
28_1_2,8.314648446411127,11,2.0,2013,"{""type"":""MultiPoint"",""coordinates"":[]}"
28_1_3,1.715468581420898,13,2.0,2013,"{""type"":""MultiPoint"",""coordinates"":[]}"
28_1_4,0.10900371905517582,18,2.0,2013,"{""type"":""MultiPoint"",""coordinates"":[]}"
28_1_5,0.05092823852539058,21,2.0,2013,"{""type"":""MultiPoint"",""coordinates"":[]}"
28_1_6,0.11881793621826188,24,2.0,2013,"{""type"":""MultiPoint"",""coordinates"":[]}"
28_1_7,0.05002947918701171,25,2.0,2013,"{""type"":""MultiPoint"",""coordinates"":[]}"
28_1_8,25.80373247729486,33,2.0,2013,"{""type"":""MultiPoint"",""coordinates"":[]}"
28_2_0,9427.185429904612,3,3.0,2013,"{""type"":""MultiPoint"",""coordinates"":[]}"
28_2_1,788.7196385053114,6,3.0,2013,"{""type"":""MultiPoint"",""coordinates"":[]}"
28_2_2,67.37058338940425,11,3.0,2013,"{""type"":""MultiPoint"",""coordinates"":[]}"
28_2_3,10.332713214233255,13,3.0,2013,"{""type"":""MultiPoint"",""coordinates"":[]}"
28_2_4,31.399213656249888,18,3.0,2013,"{""type"":""MultiPoint"",""coordinates"":[]}"
28_2_5,1.0619290294189454,21,3.0,2013,"{""type"":""MultiPoint"",""coordinates"":[]}"
28_2_6,0.10101802032470704,23,3.0,2013,"{""type"":""MultiPoint"",""coordinates"":[]}"
28_2_7,0.13139950347900387,25,3.0,2013,"{""type"":""MultiPoint"",""coordinates"":[]}"
28_2_8,220.30248567956784,33,3.0,2013,"{""type"":""MultiPoint"",""coordinates"":[]}"
28_3_0,4862.534428593909,3,4.0,2013,"{""type"":""MultiPoint"",""coordinates"":[]}"
28_3_1,541.1520994446304,6,4.0,2013,"{""type"":""MultiPoint"",""coordinates"":[]}"
28_3_2,75.95704272735594,11,4.0,2013,"{""type"":""MultiPoint"",""coordinates"":[]}"
28_3_3,0.40933084783935514,13,4.0,2013,"{""type"":""MultiPoint"",""coordinates"":[]}"
28_3_4,1.840297743408202,18,4.0,2013,"{""type"":""MultiPoint"",""coordinates"":[]}"
28_3_5,0.008937041198730468,21,4.0,2013,"{""type"":""MultiPoint"",""coordinates"":[]}"
28_3_6,0.1957206640014651,23,4.0,2013,"{""type"":""MultiPoint"",""coordinates"":[]}"
28_3_7,0.058988173034667975,24,4.0,2013,"{""type"":""MultiPoint"",""coordinates"":[]}"
28_3_8,0.001787383056640625,25,4.0,2013,"{""type"":""MultiPoint"",""coordinates"":[]}"
28_3_9,112.44031745812958,33,4.0,2013,"{""type"":""MultiPoint"",""coordinates"":[]}"
28_3_10,0.10009370715332054,68,4.0,2013,"{""type"":""MultiPoint"",""coordinates"":[]}"
28_4_0,1705.325140172276,3,5.0,2013,"{""type"":""MultiPoint"",""coordinates"":[]}"
28_4_1,51.56440334735133,6,5.0,2013,"{""type"":""MultiPoint"",""coordinates"":[]}"
28_4_2,0.025900204772949225,11,5.0,2013,"{""type"":""MultiPoint"",""coordinates"":[]}"
28_4_3,0.049130096252441434,12,5.0,2013,"{""type"":""MultiPoint"",""coordinates"":[]}"
28_4_4,302.7989259366535,15,5.0,2013,"{""type"":""MultiPoint"",""coordinates"":[]}"
28_4_5,0.15451823651123048,18,5.0,2013,"{""type"":""MultiPoint"",""coordinates"":[]}"
28_4_6,7.202491294494624,21,5.0,2013,"{""type"":""MultiPoint"",""coordinates"":[]}"
28_4_7,3.249056582153308,23,5.0,2013,"{""type"":""MultiPoint"",""coordinates"":[]}"
28_4_8,0.6109800584716791,25,5.0,2013,"{""type"":""MultiPoint"",""coordinates"":[]}"
28_4_9,18.60014096520991,33,5.0,2013,"{""type"":""MultiPoint"",""coordinates"":[]}"
28_5_0,2536.742836374115,3,6.0,2013,"{""type"":""MultiPoint"",""coordinates"":[]}"
28_5_1,127.5925298548573,6,6.0,2013,"{""type"":""MultiPoint"",""coordinates"":[]}"
28_5_2,2.5006958146972678,11,6.0,2013,"{""type"":""MultiPoint"",""coordinates"":[]}"
28_5_3,0.4568479428100588,13,6.0,2013,"{""type"":""MultiPoint"",""coordinates"":[]}"
28_5_4,7.822737604553203,18,6.0,2013,"{""type"":""MultiPoint"",""coordinates"":[]}"
28_5_5,0.08122601354980469,21,6.0,2013,"{""type"":""MultiPoint"",""coordinates"":[]}"
28_5_6,0.014277257568359373,25,6.0,2013,"{""type"":""MultiPoint"",""coordinates"":[]}"
28_5_7,6.145123752746575,33,6.0,2013,"{""type"":""MultiPoint"",""coordinates"":[]}"
28_6_0,935.5303653828298,3,7.0,2013,"{""type"":""MultiPoint"",""coordinates"":[]}"
28_6_1,0.24132429724121104,15,7.0,2013,"{""type"":""MultiPoint"",""coordinates"":[]}"
28_6_2,1.5373245733642593,21,7.0,2013,"{""type"":""MultiPoint"",""coordinates"":[]}"
28_6_3,0.2520494060668946,23,7.0,2013,"{""type"":""MultiPoint"",""coordinates"":[]}"
28_6_4,0.47728134570312564,25,7.0,2013,"{""type"":""MultiPoint"",""coordinates"":[]}"
28_6_5,3.4946494478759775,33,7.0,2013,"{""type"":""MultiPoint"",""coordinates"":[]}"
28_7_0,3879.5727507404754,3,8.0,2013,"{""type"":""MultiPoint"",""coordinates"":[]}"
28_7_1,393.1930762584536,6,8.0,2013,"{""type"":""MultiPoint"",""coordinates"":[]}"
28_7_2,47.50491199857174,11,8.0,2013,"{""type"":""MultiPoint"",""coordinates"":[]}"
28_7_3,0.9789025902099839,13,8.0,2013,"{""type"":""MultiPoint"",""coordinates"":[]}"
28_7_4,75.46395572448603,15,8.0,2013,"{""type"":""MultiPoint"",""coordinates"":[]}"
28_7_5,0.09923099169921867,18,8.0,2013,"{""type"":""MultiPoint"",""coordinates"":[]}"
28_7_6,3.819920327941907,21,8.0,2013,"{""type"":""MultiPoint"",""coordinates"":[]}"
28_7_7,0.14571768438720678,23,8.0,2013,"{""type"":""MultiPoint"",""coordinates"":[]}"
28_7_8,0.36831116766357447,25,8.0,2013,"{""type"":""MultiPoint"",""coordinates"":[]}"
28_7_9,8.138658301330526,33,8.0,2013,"{""type"":""MultiPoint"",""coordinates"":[]}"
28_8_0,16.424332229431176,3,9.0,2013,"{""type"":""MultiPoint"",""coordinates"":[]}"
28_8_1,0.03931307995605468,11,9.0,2013,"{""type"":""MultiPoint"",""coordinates"":[]}"
28_8_2,13.767098778076175,13,9.0,2013,"{""type"":""MultiPoint"",""coordinates"":[]}"
28_8_3,0.005360926452636718,21,9.0,2013,"{""type"":""MultiPoint"",""coordinates"":[]}"
28_8_4,0.2215892498168948,33,9.0,2013,"{""type"":""MultiPoint"",""coordinates"":[]}"
28_9_0,38250.8058415789,3,10.0,2013,"{""type"":""MultiPoint"",""coordinates"":[]}"
28_9_1,2818.778110216765,6,10.0,2013,"{""type"":""MultiPoint"",""coordinates"":[]}"
28_9_2,14.230795521484382,11,10.0,2013,"{""type"":""MultiPoint"",""coordinates"":[]}"
28_9_3,14.317055647400041,12,10.0,2013,"{""type"":""MultiPoint"",""coordinates"":[]}"
28_9_4,1318.8485178175645,13,10.0,2013,"{""type"":""MultiPoint"",""coordinates"":[]}"
28_9_5,4.822462192993155,15,10.0,2013,"{""type"":""MultiPoint"",""coordinates"":[]}"
28_9_6,4.521210673950194,18,10.0,2013,"{""type"":""MultiPoint"",""coordinates"":[]}"
28_9_7,6.134985514770501,21,10.0,2013,"{""type"":""MultiPoint"",""coordinates"":[]}"
28_9_8,13.27181772406002,23,10.0,2013,"{""type"":""MultiPoint"",""coordinates"":[]}"
28_9_9,0.18505177545166018,24,10.0,2013,"{""type"":""MultiPoint"",""coordinates"":[]}"
28_9_10,0.19039115240478516,25,10.0,2013,"{""type"":""MultiPoint"",""coordinates"":[]}"
28_9_11,248.44485249133234,33,10.0,2013,"{""type"":""MultiPoint"",""coordinates"":[]}"
28_10_0,5258.10173299302,3,11.0,2013,"{""type"":""MultiPoint"",""coordinates"":[]}"
28_10_1,352.0425801786505,6,11.0,2013,"{""type"":""MultiPoint"",""coordinates"":[]}"
28_10_2,1.3433536900024423,11,11.0,2013,"{""type"":""MultiPoint"",""coordinates"":[]}"
28_10_3,64.11764155206488,12,11.0,2013,"{""type"":""MultiPoint"",""coordinates"":[]}"
28_10_4,112.95849921996992,13,11.0,2013,"{""type"":""MultiPoint"",""coordinates"":[]}"
28_10_5,307.59464595520103,15,11.0,2013,"{""type"":""MultiPoint"",""coordinates"":[]}"
28_10_6,0.8100592621459962,18,11.0,2013,"{""type"":""MultiPoint"",""coordinates"":[]}"
28_10_7,84.46700494042962,21,11.0,2013,"{""type"":""MultiPoint"",""coordinates"":[]}"
28_10_8,0.5723302448730462,23,11.0,2013,"{""type"":""MultiPoint"",""coordinates"":[]}"
28_10_9,0.016970929626464844,24,11.0,2013,"{""type"":""MultiPoint"",""coordinates"":[]}"
28_10_10,0.991347806762698,25,11.0,2013,"{""type"":""MultiPoint"",""coordinates"":[]}"
28_10_11,36.11427784698475,33,11.0,2013,"{""type"":""MultiPoint"",""coordinates"":[]}"
28_11_0,561.5260861521816,3,12.0,2013,"{""type"":""MultiPoint"",""coordinates"":[]}"
28_11_1,0.09919212310791006,11,12.0,2013,"{""type"":""MultiPoint"",""coordinates"":[]}"
28_11_2,23.337456047546116,13,12.0,2013,"{""type"":""MultiPoint"",""coordinates"":[]}"
28_11_3,0.009830158142089842,15,12.0,2013,"{""type"":""MultiPoint"",""coordinates"":[]}"
28_11_4,1.1680067898559567,21,12.0,2013,"{""type"":""MultiPoint"",""coordinates"":[]}"
28_11_5,0.00983036737060547,23,12.0,2013,"{""type"":""MultiPoint"",""coordinates"":[]}"
28_11_6,0.12868764404296884,25,12.0,2013,"{""type"":""MultiPoint"",""coordinates"":[]}"
28_11_7,0.3565816314086911,33,12.0,2013,"{""type"":""MultiPoint"",""coordinates"":[]}"
28_11_8,0.08579392126464845,68,12.0,2013,"{""type"":""MultiPoint"",""coordinates"":[]}"
28_12_0,0.8550081300659256,11,13.0,2013,"{""type"":""MultiPoint"",""coordinates"":[]}"
28_12_1,0.2627369217529292,12,13.0,2013,"{""type"":""MultiPoint"",""coordinates"":[]}"
28_12_2,0.003562551086425781,33,13.0,2013,"{""type"":""MultiPoint"",""coordinates"":[]}"
28_13_0,889.1227365186184,3,14.0,2013,"{""type"":""MultiPoint"",""coordinates"":[]}"
28_13_1,623.282491744121,13,14.0,2013,"{""type"":""MultiPoint"",""coordinates"":[]}"
28_13_2,4.889050195251465,15,14.0,2013,"{""type"":""MultiPoint"",""coordinates"":[]}"
28_13_3,0.3550081768798831,18,14.0,2013,"{""type"":""MultiPoint"",""coordinates"":[]}"
28_13_4,13.592689008727831,21,14.0,2013,"{""type"":""MultiPoint"",""coordinates"":[]}"
28_13_5,0.06511540856933595,23,14.0,2013,"{""type"":""MultiPoint"",""coordinates"":[]}"
28_13_6,0.007136070739746093,25,14.0,2013,"{""type"":""MultiPoint"",""coordinates"":[]}"
28_13_7,6.525459750976554,33,14.0,2013,"{""type"":""MultiPoint"",""coordinates"":[]}"
28_13_8,1.4601554891357424,68,14.0,2013,"{""type"":""MultiPoint"",""coordinates"":[]}"
28_14_0,754.3062014453285,3,15.0,2013,"{""type"":""MultiPoint"",""coordinates"":[]}"
28_14_1,1.3834697492065429,15,15.0,2013,"{""type"":""MultiPoint"",""coordinates"":[]}"
28_14_2,7.785991368652328,21,15.0,2013,"{""type"":""MultiPoint"",""coordinates"":[]}"
28_14_3,0.05183659661865234,23,15.0,2013,"{""type"":""MultiPoint"",""coordinates"":[]}"
28_14_4,0.3744578303833006,25,15.0,2013,"{""type"":""MultiPoint"",""coordinates"":[]}"
28_14_5,0.03664167523193361,30,15.0,2013,"{""type"":""MultiPoint"",""coordinates"":[]}"
28_14_6,0.24487802313232412,33,15.0,2013,"{""type"":""MultiPoint"",""coordinates"":[]}"
28_15_0,2716.5571306678644,3,16.0,2013,"{""type"":""MultiPoint"",""coordinates"":[]}"
28_15_1,4.847545980407707,6,16.0,2013,"{""type"":""MultiPoint"",""coordinates"":[]}"
28_15_2,24.967495221618663,13,16.0,2013,"{""type"":""MultiPoint"",""coordinates"":[]}"
28_15_3,116.50268322973824,15,16.0,2013,"{""type"":""MultiPoint"",""coordinates"":[]}"
28_15_4,8.907446979614239,21,16.0,2013,"{""type"":""MultiPoint"",""coordinates"":[]}"
28_15_5,4.721551539733891,23,16.0,2013,"{""type"":""MultiPoint"",""coordinates"":[]}"
28_15_6,0.20718750433349617,25,16.0,2013,"{""type"":""MultiPoint"",""coordinates"":[]}"
28_15_7,4.960137086059571,33,16.0,2013,"{""type"":""MultiPoint"",""coordinates"":[]}"
28_15_8,0.08215490087890623,68,16.0,2013,"{""type"":""MultiPoint"",""coordinates"":[]}"
28_16_0,0.280652548156739,3,17.0,2013,"{""type"":""MultiPoint"",""coordinates"":[]}"
28_17_0,349.23181912181,3,18.0,2013,"{""type"":""MultiPoint"",""coordinates"":[]}"
28_17_1,6.354646615600548,13,18.0,2013,"{""type"":""MultiPoint"",""coordinates"":[]}"
28_17_2,3.18095929022217,15,18.0,2013,"{""type"":""MultiPoint"",""coordinates"":[]}"
28_17_3,17.043373788818332,21,18.0,2013,"{""type"":""MultiPoint"",""coordinates"":[]}"
28_17_4,0.3155017233276368,23,18.0,2013,"{""type"":""MultiPoint"",""coordinates"":[]}"
28_17_5,0.7096517283935547,25,18.0,2013,"{""type"":""MultiPoint"",""coordinates"":[]}"
28_17_6,0.4808501493530278,33,18.0,2013,"{""type"":""MultiPoint"",""coordinates"":[]}"
28_17_7,0.5398366187133783,68,18.0,2013,"{""type"":""MultiPoint"",""coordinates"":[]}"
28_18_0,321.62045351722855,3,19.0,2013,"{""type"":""MultiPoint"",""coordinates"":[]}"
28_18_1,20.861460193359928,11,19.0,2013,"{""type"":""MultiPoint"",""coordinates"":[]}"
28_18_2,50.280252785216554,13,19.0,2013,"{""type"":""MultiPoint"",""coordinates"":[]}"
28_18_3,0.19574074139404252,15,19.0,2013,"{""type"":""MultiPoint"",""coordinates"":[]}"
28_18_4,10.506729653137484,18,19.0,2013,"{""type"":""MultiPoint"",""coordinates"":[]}"
28_18_5,54.672119729431515,21,19.0,2013,"{""type"":""MultiPoint"",""coordinates"":[]}"
28_18_6,0.288699331726074,24,19.0,2013,"{""type"":""MultiPoint"",""coordinates"":[]}"
28_18_7,0.050055017456054694,25,19.0,2013,"{""type"":""MultiPoint"",""coordinates"":[]}"
28_18_8,0.053631939392089836,27,19.0,2013,"{""type"":""MultiPoint"",""coordinates"":[]}"
28_18_9,41.5679131425186,33,19.0,2013,"{""type"":""MultiPoint"",""coordinates"":[]}"
28_19_0,122.35345514429359,3,20.0,2013,"{""type"":""MultiPoint"",""coordinates"":[]}"
28_19_1,20.10458715728778,6,20.0,2013,"{""type"":""MultiPoint"",""coordinates"":[]}"
28_19_2,0.3322502873535158,11,20.0,2013,"{""type"":""MultiPoint"",""coordinates"":[]}"
28_19_3,71.79739025695488,13,20.0,2013,"{""type"":""MultiPoint"",""coordinates"":[]}"
28_19_4,60.90510970892314,15,20.0,2013,"{""type"":""MultiPoint"",""coordinates"":[]}"
28_19_5,0.030367179809570308,18,20.0,2013,"{""type"":""MultiPoint"",""coordinates"":[]}"
28_19_6,8.222164263427734,21,20.0,2013,"{""type"":""MultiPoint"",""coordinates"":[]}"
28_19_7,0.00267923876953125,23,20.0,2013,"{""type"":""MultiPoint"",""coordinates"":[]}"
28_19_8,0.09288592260742189,25,20.0,2013,"{""type"":""MultiPoint"",""coordinates"":[]}"
28_19_9,0.4813744338378896,33,20.0,2013,"{""type"":""MultiPoint"",""coordinates"":[]}"
28_20_0,50.2087229017966,3,21.0,2013,"{""type"":""MultiPoint"",""coordinates"":[]}"
28_20_1,18.3052710926516,15,21.0,2013,"{""type"":""MultiPoint"",""coordinates"":[]}"
28_20_2,2.27242311724854,21,21.0,2013,"{""type"":""MultiPoint"",""coordinates"":[]}"
28_21_0,9897.589384454914,3,22.0,2013,"{""type"":""MultiPoint"",""coordinates"":[]}"
28_21_1,897.207929573025,6,22.0,2013,"{""type"":""MultiPoint"",""coordinates"":[]}"
28_21_2,4.5444847243652235,11,22.0,2013,"{""type"":""MultiPoint"",""coordinates"":[]}"
28_21_3,19.844197337036135,13,22.0,2013,"{""type"":""MultiPoint"",""coordinates"":[]}"
28_21_4,38.76439471270731,18,22.0,2013,"{""type"":""MultiPoint"",""coordinates"":[]}"
28_21_5,1.5962881658935542,21,22.0,2013,"{""type"":""MultiPoint"",""coordinates"":[]}"
28_21_6,0.2545648333129881,23,22.0,2013,"{""type"":""MultiPoint"",""coordinates"":[]}"
28_21_7,0.30366137225341777,24,22.0,2013,"{""type"":""MultiPoint"",""coordinates"":[]}"
28_21_8,1.994745987182617,25,22.0,2013,"{""type"":""MultiPoint"",""coordinates"":[]}"
28_21_9,21.82505530523676,29,22.0,2013,"{""type"":""MultiPoint"",""coordinates"":[]}"
28_21_10,0.10096742279052731,30,22.0,2013,"{""type"":""MultiPoint"",""coordinates"":[]}"
28_21_11,77.32968536322022,33,22.0,2013,"{""type"":""MultiPoint"",""coordinates"":[]}"
28_21_12,2.7431208784790013,68,22.0,2013,"{""type"":""MultiPoint"",""coordinates"":[]}"
28_22_0,7919.964926607493,3,23.0,2013,"{""type"":""MultiPoint"",""coordinates"":[]}"
28_22_1,523.0394697167945,6,23.0,2013,"{""type"":""MultiPoint"",""coordinates"":[]}"
28_22_2,0.09293333776855468,11,23.0,2013,"{""type"":""MultiPoint"",""coordinates"":[]}"
28_22_3,199.39911806768419,13,23.0,2013,"{""type"":""MultiPoint"",""coordinates"":[]}"
28_22_4,60.54883399414074,15,23.0,2013,"{""type"":""MultiPoint"",""coordinates"":[]}"
28_22_5,6.600201822204553,18,23.0,2013,"{""type"":""MultiPoint"",""coordinates"":[]}"
28_22_6,19.174506013610788,21,23.0,2013,"{""type"":""MultiPoint"",""coordinates"":[]}"
28_22_7,0.19028902813720716,23,23.0,2013,"{""type"":""MultiPoint"",""coordinates"":[]}"
28_22_8,0.051823379028320266,24,23.0,2013,"{""type"":""MultiPoint"",""coordinates"":[]}"
28_22_9,0.31628934692382815,25,23.0,2013,"{""type"":""MultiPoint"",""coordinates"":[]}"
28_22_10,42.68183971789572,33,23.0,2013,"{""type"":""MultiPoint"",""coordinates"":[]}"
28_22_11,2.2213192291259753,68,23.0,2013,"{""type"":""MultiPoint"",""coordinates"":[]}"
28_23_0,104.57982828625505,3,25.0,2013,"{""type"":""MultiPoint"",""coordinates"":[]}"
28_23_1,0.03575649938964843,15,25.0,2013,"{""type"":""MultiPoint"",""coordinates"":[]}"
28_23_2,0.12425309613037111,18,25.0,2013,"{""type"":""MultiPoint"",""coordinates"":[]}"
28_23_3,0.26370310949707026,21,25.0,2013,"{""type"":""MultiPoint"",""coordinates"":[]}"
28_23_4,0.008044968444824219,25,25.0,2013,"{""type"":""MultiPoint"",""coordinates"":[]}"
28_23_5,0.5595823781127927,33,25.0,2013,"{""type"":""MultiPoint"",""coordinates"":[]}"
29_0_0,22.83188379034413,3,1.0,2014,"{""type"":""MultiPoint"",""coordinates"":[]}"
29_0_1,0.007149169128417969,25,1.0,2014,"{""type"":""MultiPoint"",""coordinates"":[]}"
29_0_2,8.936422729492187E-4,33,1.0,2014,"{""type"":""MultiPoint"",""coordinates"":[]}"
29_1_0,8819.142852190924,3,2.0,2014,"{""type"":""MultiPoint"",""coordinates"":[]}"
29_1_1,854.6433719828453,6,2.0,2014,"{""type"":""MultiPoint"",""coordinates"":[]}"
29_1_2,8.05284998529052,11,2.0,2014,"{""type"":""MultiPoint"",""coordinates"":[]}"
29_1_3,1.1874349414672833,13,2.0,2014,"{""type"":""MultiPoint"",""coordinates"":[]}"
29_1_4,0.09202777124023438,18,2.0,2014,"{""type"":""MultiPoint"",""coordinates"":[]}"
29_1_5,0.05092806829833986,21,2.0,2014,"{""type"":""MultiPoint"",""coordinates"":[]}"
29_1_6,0.07325625695800779,24,2.0,2014,"{""type"":""MultiPoint"",""coordinates"":[]}"
29_1_7,25.923447550659134,33,2.0,2014,"{""type"":""MultiPoint"",""coordinates"":[]}"
29_2_0,9435.9253395038,3,3.0,2014,"{""type"":""MultiPoint"",""coordinates"":[]}"
29_2_1,777.7156297545738,6,3.0,2014,"{""type"":""MultiPoint"",""coordinates"":[]}"
29_2_2,68.69789804614238,11,3.0,2014,"{""type"":""MultiPoint"",""coordinates"":[]}"
29_2_3,10.723352198486182,13,3.0,2014,"{""type"":""MultiPoint"",""coordinates"":[]}"
29_2_4,32.50495710546866,18,3.0,2014,"{""type"":""MultiPoint"",""coordinates"":[]}"
29_2_5,1.0592636266479498,21,3.0,2014,"{""type"":""MultiPoint"",""coordinates"":[]}"
29_2_6,0.0679420884399414,23,3.0,2014,"{""type"":""MultiPoint"",""coordinates"":[]}"
29_2_7,0.07866134985351564,25,3.0,2014,"{""type"":""MultiPoint"",""coordinates"":[]}"
29_2_8,219.8313672290675,33,3.0,2014,"{""type"":""MultiPoint"",""coordinates"":[]}"
29_3_0,4870.204123152341,3,4.0,2014,"{""type"":""MultiPoint"",""coordinates"":[]}"
29_3_1,542.2355225593735,6,4.0,2014,"{""type"":""MultiPoint"",""coordinates"":[]}"
29_3_2,67.22538221453792,11,4.0,2014,"{""type"":""MultiPoint"",""coordinates"":[]}"
29_3_3,0.6148791896972654,13,4.0,2014,"{""type"":""MultiPoint"",""coordinates"":[]}"
29_3_4,1.8072263206176744,18,4.0,2014,"{""type"":""MultiPoint"",""coordinates"":[]}"
29_3_5,1.1028775623168936,23,4.0,2014,"{""type"":""MultiPoint"",""coordinates"":[]}"
29_3_6,0.05988193511962891,24,4.0,2014,"{""type"":""MultiPoint"",""coordinates"":[]}"
29_3_7,0.033065770019531246,25,4.0,2014,"{""type"":""MultiPoint"",""coordinates"":[]}"
29_3_8,111.41608507965061,33,4.0,2014,"{""type"":""MultiPoint"",""coordinates"":[]}"
29_4_0,1682.8467118176616,3,5.0,2014,"{""type"":""MultiPoint"",""coordinates"":[]}"
29_4_1,51.345617180969484,6,5.0,2014,"{""type"":""MultiPoint"",""coordinates"":[]}"
29_4_2,0.02054154284667969,11,5.0,2014,"{""type"":""MultiPoint"",""coordinates"":[]}"
29_4_3,0.011612589477539062,12,5.0,2014,"{""type"":""MultiPoint"",""coordinates"":[]}"
29_4_4,326.77704794214765,15,5.0,2014,"{""type"":""MultiPoint"",""coordinates"":[]}"
29_4_5,0.25633557403564455,18,5.0,2014,"{""type"":""MultiPoint"",""coordinates"":[]}"
29_4_6,5.723355402038552,21,5.0,2014,"{""type"":""MultiPoint"",""coordinates"":[]}"
29_4_7,4.434232018188457,23,5.0,2014,"{""type"":""MultiPoint"",""coordinates"":[]}"
29_4_8,0.4608994997558592,25,5.0,2014,"{""type"":""MultiPoint"",""coordinates"":[]}"
29_4_9,17.70433332714836,33,5.0,2014,"{""type"":""MultiPoint"",""coordinates"":[]}"
29_5_0,2540.7010256556537,3,6.0,2014,"{""type"":""MultiPoint"",""coordinates"":[]}"
29_5_1,124.11172318048037,6,6.0,2014,"{""type"":""MultiPoint"",""coordinates"":[]}"
29_5_2,2.3096889077758815,11,6.0,2014,"{""type"":""MultiPoint"",""coordinates"":[]}"
29_5_3,0.3854834710083009,13,6.0,2014,"{""type"":""MultiPoint"",""coordinates"":[]}"
29_5_4,7.725488138244602,18,6.0,2014,"{""type"":""MultiPoint"",""coordinates"":[]}"
29_5_5,0.10086027081298841,21,6.0,2014,"{""type"":""MultiPoint"",""coordinates"":[]}"
29_5_6,0.008030974304199218,25,6.0,2014,"{""type"":""MultiPoint"",""coordinates"":[]}"
29_5_7,6.013974016662592,33,6.0,2014,"{""type"":""MultiPoint"",""coordinates"":[]}"
29_6_0,934.8716449955498,3,7.0,2014,"{""type"":""MultiPoint"",""coordinates"":[]}"
29_6_1,0.3458979694824218,15,7.0,2014,"{""type"":""MultiPoint"",""coordinates"":[]}"
29_6_2,2.2907862565917934,21,7.0,2014,"{""type"":""MultiPoint"",""coordinates"":[]}"
29_6_3,0.16177568389892583,23,7.0,2014,"{""type"":""MultiPoint"",""coordinates"":[]}"
29_6_4,0.4048850053100586,25,7.0,2014,"{""type"":""MultiPoint"",""coordinates"":[]}"
29_6_5,3.4580045422363295,33,7.0,2014,"{""type"":""MultiPoint"",""coordinates"":[]}"
29_7_0,3878.6968034247448,3,8.0,2014,"{""type"":""MultiPoint"",""coordinates"":[]}"
29_7_1,388.02413264006015,6,8.0,2014,"{""type"":""MultiPoint"",""coordinates"":[]}"
29_7_2,46.1290865796301,11,8.0,2014,"{""type"":""MultiPoint"",""coordinates"":[]}"
29_7_3,1.1085289692993343,13,8.0,2014,"{""type"":""MultiPoint"",""coordinates"":[]}"
29_7_4,74.96332904394491,15,8.0,2014,"{""type"":""MultiPoint"",""coordinates"":[]}"
29_7_5,8.020581325622528,18,8.0,2014,"{""type"":""MultiPoint"",""coordinates"":[]}"
29_7_6,2.182171288513182,21,8.0,2014,"{""type"":""MultiPoint"",""coordinates"":[]}"
29_7_7,0.03575894274902344,23,8.0,2014,"{""type"":""MultiPoint"",""coordinates"":[]}"
29_7_8,1.0512919756469736,25,8.0,2014,"{""type"":""MultiPoint"",""coordinates"":[]}"
29_7_9,9.073751594848556,33,8.0,2014,"{""type"":""MultiPoint"",""coordinates"":[]}"
29_8_0,16.38769867303469,3,9.0,2014,"{""type"":""MultiPoint"",""coordinates"":[]}"
29_8_1,0.03752611254882812,11,9.0,2014,"{""type"":""MultiPoint"",""coordinates"":[]}"
29_8_2,13.805519301879903,13,9.0,2014,"{""type"":""MultiPoint"",""coordinates"":[]}"
29_8_3,0.005360926452636718,21,9.0,2014,"{""type"":""MultiPoint"",""coordinates"":[]}"
29_8_4,0.2215892498168948,33,9.0,2014,"{""type"":""MultiPoint"",""coordinates"":[]}"
29_9_0,38113.3691538189,3,10.0,2014,"{""type"":""MultiPoint"",""coordinates"":[]}"
29_9_1,2940.1533808588365,6,10.0,2014,"{""type"":""MultiPoint"",""coordinates"":[]}"
29_9_2,16.367328197143568,11,10.0,2014,"{""type"":""MultiPoint"",""coordinates"":[]}"
29_9_3,14.762185447875854,12,10.0,2014,"{""type"":""MultiPoint"",""coordinates"":[]}"
29_9_4,1331.2028648058852,13,10.0,2014,"{""type"":""MultiPoint"",""coordinates"":[]}"
29_9_5,5.2603158985595755,15,10.0,2014,"{""type"":""MultiPoint"",""coordinates"":[]}"
29_9_6,4.72232092022705,18,10.0,2014,"{""type"":""MultiPoint"",""coordinates"":[]}"
29_9_7,5.708292582824704,21,10.0,2014,"{""type"":""MultiPoint"",""coordinates"":[]}"
29_9_8,14.84219100708012,23,10.0,2014,"{""type"":""MultiPoint"",""coordinates"":[]}"
29_9_9,0.18505177545166018,24,10.0,2014,"{""type"":""MultiPoint"",""coordinates"":[]}"
29_9_10,0.25025144885253925,25,10.0,2014,"{""type"":""MultiPoint"",""coordinates"":[]}"
29_9_11,247.7277555457146,33,10.0,2014,"{""type"":""MultiPoint"",""coordinates"":[]}"
29_10_0,5248.134392064094,3,11.0,2014,"{""type"":""MultiPoint"",""coordinates"":[]}"
29_10_1,351.84698792858967,6,11.0,2014,"{""type"":""MultiPoint"",""coordinates"":[]}"
29_10_2,1.4496412871704105,11,11.0,2014,"{""type"":""MultiPoint"",""coordinates"":[]}"
29_10_3,65.26443882775993,12,11.0,2014,"{""type"":""MultiPoint"",""coordinates"":[]}"
29_10_4,109.30520586425713,13,11.0,2014,"{""type"":""MultiPoint"",""coordinates"":[]}"
29_10_5,329.0724236447735,15,11.0,2014,"{""type"":""MultiPoint"",""coordinates"":[]}"
29_10_6,2.5043384332885723,18,11.0,2014,"{""type"":""MultiPoint"",""coordinates"":[]}"
29_10_7,73.24723127215552,21,11.0,2014,"{""type"":""MultiPoint"",""coordinates"":[]}"
29_10_8,1.6754819110717765,23,11.0,2014,"{""type"":""MultiPoint"",""coordinates"":[]}"
29_10_9,0.016970929626464844,24,11.0,2014,"{""type"":""MultiPoint"",""coordinates"":[]}"
29_10_10,1.0412591405029303,25,11.0,2014,"{""type"":""MultiPoint"",""coordinates"":[]}"
29_10_11,35.572073316284026,33,11.0,2014,"{""type"":""MultiPoint"",""coordinates"":[]}"
29_11_0,561.4367218503621,3,12.0,2014,"{""type"":""MultiPoint"",""coordinates"":[]}"
29_11_1,0.10097939361572256,11,12.0,2014,"{""type"":""MultiPoint"",""coordinates"":[]}"
29_11_2,23.47328862408416,13,12.0,2014,"{""type"":""MultiPoint"",""coordinates"":[]}"
29_11_3,0.009830158142089842,15,12.0,2014,"{""type"":""MultiPoint"",""coordinates"":[]}"
29_11_4,1.0857915399780271,21,12.0,2014,"{""type"":""MultiPoint"",""coordinates"":[]}"
29_11_5,0.01876684594726563,23,12.0,2014,"{""type"":""MultiPoint"",""coordinates"":[]}"
29_11_6,0.11975090270996096,25,12.0,2014,"{""type"":""MultiPoint"",""coordinates"":[]}"
29_11_7,0.3887544078369138,33,12.0,2014,"{""type"":""MultiPoint"",""coordinates"":[]}"
29_11_8,0.08758111224365234,68,12.0,2014,"{""type"":""MultiPoint"",""coordinates"":[]}"
29_12_0,0.8478831649780343,11,13.0,2014,"{""type"":""MultiPoint"",""coordinates"":[]}"
29_12_1,0.26986188684081974,12,13.0,2014,"{""type"":""MultiPoint"",""coordinates"":[]}"
29_12_2,0.002671916015625,21,13.0,2014,"{""type"":""MultiPoint"",""coordinates"":[]}"
29_12_3,8.906350708007812E-4,33,13.0,2014,"{""type"":""MultiPoint"",""coordinates"":[]}"
29_13_0,889.5634144145522,3,14.0,2014,"{""type"":""MultiPoint"",""coordinates"":[]}"
29_13_1,623.3797268596109,13,14.0,2014,"{""type"":""MultiPoint"",""coordinates"":[]}"
29_13_2,4.773991118286128,15,14.0,2014,"{""type"":""MultiPoint"",""coordinates"":[]}"
29_13_3,0.4165517797851563,18,14.0,2014,"{""type"":""MultiPoint"",""coordinates"":[]}"
29_13_4,13.051214207336201,21,14.0,2014,"{""type"":""MultiPoint"",""coordinates"":[]}"
29_13_5,0.042815742858886716,23,14.0,2014,"{""type"":""MultiPoint"",""coordinates"":[]}"
29_13_6,0.007136070739746093,25,14.0,2014,"{""type"":""MultiPoint"",""coordinates"":[]}"
29_13_7,6.685121946472168,33,14.0,2014,"{""type"":""MultiPoint"",""coordinates"":[]}"
29_13_8,1.379870223388671,68,14.0,2014,"{""type"":""MultiPoint"",""coordinates"":[]}"
29_14_0,753.2516179001151,3,15.0,2014,"{""type"":""MultiPoint"",""coordinates"":[]}"
29_14_1,1.5675725042114272,15,15.0,2014,"{""type"":""MultiPoint"",""coordinates"":[]}"
29_14_2,8.736908408325197,21,15.0,2014,"{""type"":""MultiPoint"",""coordinates"":[]}"
29_14_3,0.02413113940429687,23,15.0,2014,"{""type"":""MultiPoint"",""coordinates"":[]}"
29_14_4,0.3092150753784181,25,15.0,2014,"{""type"":""MultiPoint"",""coordinates"":[]}"
29_14_5,0.03842907379150393,30,15.0,2014,"{""type"":""MultiPoint"",""coordinates"":[]}"
29_14_6,0.25560258734130853,33,15.0,2014,"{""type"":""MultiPoint"",""coordinates"":[]}"
29_15_0,2710.1404674684873,3,16.0,2014,"{""type"":""MultiPoint"",""coordinates"":[]}"
29_15_1,4.774313353332506,6,16.0,2014,"{""type"":""MultiPoint"",""coordinates"":[]}"
29_15_2,24.76214197479233,13,16.0,2014,"{""type"":""MultiPoint"",""coordinates"":[]}"
29_15_3,123.54259158356015,15,16.0,2014,"{""type"":""MultiPoint"",""coordinates"":[]}"
29_15_4,9.336036143798808,21,16.0,2014,"{""type"":""MultiPoint"",""coordinates"":[]}"
29_15_5,3.783160272888182,23,16.0,2014,"{""type"":""MultiPoint"",""coordinates"":[]}"
29_15_6,0.10984207958984377,25,16.0,2014,"{""type"":""MultiPoint"",""coordinates"":[]}"
29_15_7,5.229769234252931,33,16.0,2014,"{""type"":""MultiPoint"",""coordinates"":[]}"
29_15_8,0.07501099951171875,68,16.0,2014,"{""type"":""MultiPoint"",""coordinates"":[]}"
29_16_0,0.27260842059326235,3,17.0,2014,"{""type"":""MultiPoint"",""coordinates"":[]}"
29_16_1,0.008044127563476562,21,17.0,2014,"{""type"":""MultiPoint"",""coordinates"":[]}"
29_17_0,347.02330044497444,3,18.0,2014,"{""type"":""MultiPoint"",""coordinates"":[]}"
29_17_1,6.376990381103478,13,18.0,2014,"{""type"":""MultiPoint"",""coordinates"":[]}"
29_17_2,3.424062814575194,15,18.0,2014,"{""type"":""MultiPoint"",""coordinates"":[]}"
29_17_3,18.992700979553156,21,18.0,2014,"{""type"":""MultiPoint"",""coordinates"":[]}"
29_17_4,0.42990518029785224,23,18.0,2014,"{""type"":""MultiPoint"",""coordinates"":[]}"
29_17_5,0.530896983581543,25,18.0,2014,"{""type"":""MultiPoint"",""coordinates"":[]}"
29_17_6,0.5371581264038091,33,18.0,2014,"{""type"":""MultiPoint"",""coordinates"":[]}"
29_17_7,0.5416241257324212,68,18.0,2014,"{""type"":""MultiPoint"",""coordinates"":[]}"
29_18_0,321.1512089896263,3,19.0,2014,"{""type"":""MultiPoint"",""coordinates"":[]}"
29_18_1,20.477106580627645,11,19.0,2014,"{""type"":""MultiPoint"",""coordinates"":[]}"
29_18_2,51.242905055907556,13,19.0,2014,"{""type"":""MultiPoint"",""coordinates"":[]}"
29_18_3,0.19842153015136677,15,19.0,2014,"{""type"":""MultiPoint"",""coordinates"":[]}"
29_18_4,6.660642838989405,18,19.0,2014,"{""type"":""MultiPoint"",""coordinates"":[]}"
29_18_5,58.29921526873895,21,19.0,2014,"{""type"":""MultiPoint"",""coordinates"":[]}"
29_18_6,0.30389425207519505,24,19.0,2014,"{""type"":""MultiPoint"",""coordinates"":[]}"
29_18_7,0.05720448175048831,25,19.0,2014,"{""type"":""MultiPoint"",""coordinates"":[]}"
29_18_8,0.053631939392089836,27,19.0,2014,"{""type"":""MultiPoint"",""coordinates"":[]}"
29_18_9,41.65282511358795,33,19.0,2014,"{""type"":""MultiPoint"",""coordinates"":[]}"
29_19_0,120.6993653995361,3,20.0,2014,"{""type"":""MultiPoint"",""coordinates"":[]}"
29_19_1,19.79200306543003,6,20.0,2014,"{""type"":""MultiPoint"",""coordinates"":[]}"
29_19_2,0.43228230596923795,11,20.0,2014,"{""type"":""MultiPoint"",""coordinates"":[]}"
29_19_3,72.86202321148407,13,20.0,2014,"{""type"":""MultiPoint"",""coordinates"":[]}"
29_19_4,62.67435609033084,15,20.0,2014,"{""type"":""MultiPoint"",""coordinates"":[]}"
29_19_5,0.01786279235839844,18,20.0,2014,"{""type"":""MultiPoint"",""coordinates"":[]}"
29_19_6,7.229027466613756,21,20.0,2014,"{""type"":""MultiPoint"",""coordinates"":[]}"
29_19_7,0.00803775744628906,23,20.0,2014,"{""type"":""MultiPoint"",""coordinates"":[]}"
29_19_8,0.1232515261840821,25,20.0,2014,"{""type"":""MultiPoint"",""coordinates"":[]}"
29_19_9,0.48405397790527266,33,20.0,2014,"{""type"":""MultiPoint"",""coordinates"":[]}"
29_20_0,49.95595065600823,3,21.0,2014,"{""type"":""MultiPoint"",""coordinates"":[]}"
29_20_1,18.526767678955203,15,21.0,2014,"{""type"":""MultiPoint"",""coordinates"":[]}"
29_20_2,2.2965531676635798,21,21.0,2014,"{""type"":""MultiPoint"",""coordinates"":[]}"
29_20_3,0.007145609069824219,25,21.0,2014,"{""type"":""MultiPoint"",""coordinates"":[]}"
29_21_0,9899.310153872993,3,22.0,2014,"{""type"":""MultiPoint"",""coordinates"":[]}"
29_21_1,894.6848707709041,6,22.0,2014,"{""type"":""MultiPoint"",""coordinates"":[]}"
29_21_2,4.343553556884758,11,22.0,2014,"{""type"":""MultiPoint"",""coordinates"":[]}"
29_21_3,20.510283239929223,13,22.0,2014,"{""type"":""MultiPoint"",""coordinates"":[]}"
29_21_4,37.26962726678451,18,22.0,2014,"{""type"":""MultiPoint"",""coordinates"":[]}"
29_21_5,1.5006897144165041,21,22.0,2014,"{""type"":""MultiPoint"",""coordinates"":[]}"
29_21_6,0.2733262010498046,23,22.0,2014,"{""type"":""MultiPoint"",""coordinates"":[]}"
29_21_7,0.31794870635986305,24,22.0,2014,"{""type"":""MultiPoint"",""coordinates"":[]}"
29_21_8,2.0412022631225586,25,22.0,2014,"{""type"":""MultiPoint"",""coordinates"":[]}"
29_21_9,21.498964262084915,29,22.0,2014,"{""type"":""MultiPoint"",""coordinates"":[]}"
29_21_10,0.21980307501220706,30,22.0,2014,"{""type"":""MultiPoint"",""coordinates"":[]}"
29_21_11,79.5456728229371,33,22.0,2014,"{""type"":""MultiPoint"",""coordinates"":[]}"
29_21_12,2.5823843779296833,68,22.0,2014,"{""type"":""MultiPoint"",""coordinates"":[]}"
29_22_0,7919.775748705727,3,23.0,2014,"{""type"":""MultiPoint"",""coordinates"":[]}"
29_22_1,517.8995981653434,6,23.0,2014,"{""type"":""MultiPoint"",""coordinates"":[]}"
29_22_2,0.09203971850585937,11,23.0,2014,"{""type"":""MultiPoint"",""coordinates"":[]}"
29_22_3,203.66838433782738,13,23.0,2014,"{""type"":""MultiPoint"",""coordinates"":[]}"
29_22_4,66.4278351623534,15,23.0,2014,"{""type"":""MultiPoint"",""coordinates"":[]}"
29_22_5,6.526929214172333,18,23.0,2014,"{""type"":""MultiPoint"",""coordinates"":[]}"
29_22_6,12.967822331298821,21,23.0,2014,"{""type"":""MultiPoint"",""coordinates"":[]}"
29_22_7,0.17242256829833996,23,23.0,2014,"{""type"":""MultiPoint"",""coordinates"":[]}"
29_22_8,0.0187636435546875,24,23.0,2014,"{""type"":""MultiPoint"",""coordinates"":[]}"
29_22_9,0.1688712769775391,25,23.0,2014,"{""type"":""MultiPoint"",""coordinates"":[]}"
29_22_10,43.97639602569596,33,23.0,2014,"{""type"":""MultiPoint"",""coordinates"":[]}"
29_22_11,2.5867391111450178,68,23.0,2014,"{""type"":""MultiPoint"",""coordinates"":[]}"
29_23_0,104.59681250830096,3,25.0,2014,"{""type"":""MultiPoint"",""coordinates"":[]}"
29_23_1,0.035756520751953125,15,25.0,2014,"{""type"":""MultiPoint"",""coordinates"":[]}"
29_23_2,0.09832979327392584,18,25.0,2014,"{""type"":""MultiPoint"",""coordinates"":[]}"
29_23_3,0.2815812374267578,21,25.0,2014,"{""type"":""MultiPoint"",""coordinates"":[]}"
29_23_4,0.008044968444824219,25,25.0,2014,"{""type"":""MultiPoint"",""coordinates"":[]}"
29_23_5,0.5506433096313474,33,25.0,2014,"{""type"":""MultiPoint"",""coordinates"":[]}"
30_0_0,22.839926601745493,3,1.0,2015,"{""type"":""MultiPoint"",""coordinates"":[]}"
30_1_0,8823.71113478646,3,2.0,2015,"{""type"":""MultiPoint"",""coordinates"":[]}"
30_1_1,850.7639515515816,6,2.0,2015,"{""type"":""MultiPoint"",""coordinates"":[]}"
30_1_2,7.535522689514151,11,2.0,2015,"{""type"":""MultiPoint"",""coordinates"":[]}"
30_1_3,0.9837291594848625,13,2.0,2015,"{""type"":""MultiPoint"",""coordinates"":[]}"
30_1_4,0.08488085162353513,18,2.0,2015,"{""type"":""MultiPoint"",""coordinates"":[]}"
30_1_5,0.09381538220214854,21,2.0,2015,"{""type"":""MultiPoint"",""coordinates"":[]}"
30_1_6,0.06521592803955074,24,2.0,2015,"{""type"":""MultiPoint"",""coordinates"":[]}"
30_1_7,8.933612670898438E-4,25,2.0,2015,"{""type"":""MultiPoint"",""coordinates"":[]}"
30_1_8,25.92702503759761,33,2.0,2015,"{""type"":""MultiPoint"",""coordinates"":[]}"
30_2_0,9451.439589420994,3,3.0,2015,"{""type"":""MultiPoint"",""coordinates"":[]}"
30_2_1,756.1516340940303,6,3.0,2015,"{""type"":""MultiPoint"",""coordinates"":[]}"
30_2_2,73.32897042700176,11,3.0,2015,"{""type"":""MultiPoint"",""coordinates"":[]}"
30_2_3,9.85450271905504,13,3.0,2015,"{""type"":""MultiPoint"",""coordinates"":[]}"
30_2_4,33.6240755025023,18,3.0,2015,"{""type"":""MultiPoint"",""coordinates"":[]}"
30_2_5,2.126594679260253,21,3.0,2015,"{""type"":""MultiPoint"",""coordinates"":[]}"
30_2_6,0.06346504980468749,23,3.0,2015,"{""type"":""MultiPoint"",""coordinates"":[]}"
30_2_7,0.17252444818115228,25,3.0,2015,"{""type"":""MultiPoint"",""coordinates"":[]}"
30_2_8,219.8430545616477,33,3.0,2015,"{""type"":""MultiPoint"",""coordinates"":[]}"
30_3_0,4883.5604424936055,3,4.0,2015,"{""type"":""MultiPoint"",""coordinates"":[]}"
30_3_1,531.2797699210819,6,4.0,2015,"{""type"":""MultiPoint"",""coordinates"":[]}"
30_3_2,65.16980352899134,11,4.0,2015,"{""type"":""MultiPoint"",""coordinates"":[]}"
30_3_3,0.5272934627685547,13,4.0,2015,"{""type"":""MultiPoint"",""coordinates"":[]}"
30_3_4,1.7285719346923822,18,4.0,2015,"{""type"":""MultiPoint"",""coordinates"":[]}"
30_3_5,0.039324524780273436,21,4.0,2015,"{""type"":""MultiPoint"",""coordinates"":[]}"
30_3_6,1.3915090456542967,23,4.0,2015,"{""type"":""MultiPoint"",""coordinates"":[]}"
30_3_7,0.05898817431640625,24,4.0,2015,"{""type"":""MultiPoint"",""coordinates"":[]}"
30_3_8,110.94334069781445,33,4.0,2015,"{""type"":""MultiPoint"",""coordinates"":[]}"
30_4_0,1686.0351732168551,3,5.0,2015,"{""type"":""MultiPoint"",""coordinates"":[]}"
30_4_1,52.18872056610087,6,5.0,2015,"{""type"":""MultiPoint"",""coordinates"":[]}"
30_4_2,0.03125888726806641,11,5.0,2015,"{""type"":""MultiPoint"",""coordinates"":[]}"
30_4_3,0.010719312866210938,12,5.0,2015,"{""type"":""MultiPoint"",""coordinates"":[]}"
30_4_4,320.22926722448994,15,5.0,2015,"{""type"":""MultiPoint"",""coordinates"":[]}"
30_4_5,0.2250765617675781,18,5.0,2015,"{""type"":""MultiPoint"",""coordinates"":[]}"
30_4_6,8.300351223754902,21,5.0,2015,"{""type"":""MultiPoint"",""coordinates"":[]}"
30_4_7,6.505273708801298,23,5.0,2015,"{""type"":""MultiPoint"",""coordinates"":[]}"
30_4_8,0.21883770739746092,25,5.0,2015,"{""type"":""MultiPoint"",""coordinates"":[]}"
30_4_9,15.836008484924385,33,5.0,2015,"{""type"":""MultiPoint"",""coordinates"":[]}"
30_5_0,2552.1143893168964,3,6.0,2015,"{""type"":""MultiPoint"",""coordinates"":[]}"
30_5_1,112.78498383239588,6,6.0,2015,"{""type"":""MultiPoint"",""coordinates"":[]}"
30_5_2,2.1829163963623053,11,6.0,2015,"{""type"":""MultiPoint"",""coordinates"":[]}"
30_5_3,0.18384489996337902,13,6.0,2015,"{""type"":""MultiPoint"",""coordinates"":[]}"
30_5_4,7.792387982360801,18,6.0,2015,"{""type"":""MultiPoint"",""coordinates"":[]}"
30_5_5,0.1338863880004883,21,6.0,2015,"{""type"":""MultiPoint"",""coordinates"":[]}"
30_5_6,0.5289783074340817,23,6.0,2015,"{""type"":""MultiPoint"",""coordinates"":[]}"
30_5_7,0.03569058142089844,25,6.0,2015,"{""type"":""MultiPoint"",""coordinates"":[]}"
30_5_8,5.599196910217282,33,6.0,2015,"{""type"":""MultiPoint"",""coordinates"":[]}"
30_6_0,933.6060278943495,3,7.0,2015,"{""type"":""MultiPoint"",""coordinates"":[]}"
30_6_1,0.4603033934936519,15,7.0,2015,"{""type"":""MultiPoint"",""coordinates"":[]}"
30_6_2,3.6064562531127744,21,7.0,2015,"{""type"":""MultiPoint"",""coordinates"":[]}"
30_6_3,0.0652464716796875,23,7.0,2015,"{""type"":""MultiPoint"",""coordinates"":[]}"
30_6_4,0.28869486236572267,25,7.0,2015,"{""type"":""MultiPoint"",""coordinates"":[]}"
30_6_5,3.5062655780639673,33,7.0,2015,"{""type"":""MultiPoint"",""coordinates"":[]}"
30_7_0,3896.623722738166,3,8.0,2015,"{""type"":""MultiPoint"",""coordinates"":[]}"
30_7_1,365.28058975915235,6,8.0,2015,"{""type"":""MultiPoint"",""coordinates"":[]}"
30_7_2,44.85785636613486,11,8.0,2015,"{""type"":""MultiPoint"",""coordinates"":[]}"
30_7_3,1.1621674683838004,13,8.0,2015,"{""type"":""MultiPoint"",""coordinates"":[]}"
30_7_4,86.3746974810796,15,8.0,2015,"{""type"":""MultiPoint"",""coordinates"":[]}"
30_7_5,2.3984780928955067,18,8.0,2015,"{""type"":""MultiPoint"",""coordinates"":[]}"
30_7_6,2.6085862351074223,21,8.0,2015,"{""type"":""MultiPoint"",""coordinates"":[]}"
30_7_7,0.06347212347412119,23,8.0,2015,"{""type"":""MultiPoint"",""coordinates"":[]}"
30_7_8,0.16269919384765633,25,8.0,2015,"{""type"":""MultiPoint"",""coordinates"":[]}"
30_7_9,9.753166326293904,33,8.0,2015,"{""type"":""MultiPoint"",""coordinates"":[]}"
30_8_0,16.401994727294944,3,9.0,2015,"{""type"":""MultiPoint"",""coordinates"":[]}"
30_8_1,0.03752611254882812,11,9.0,2015,"{""type"":""MultiPoint"",""coordinates"":[]}"
30_8_2,13.791223247619639,13,9.0,2015,"{""type"":""MultiPoint"",""coordinates"":[]}"
30_8_3,0.005360926452636718,21,9.0,2015,"{""type"":""MultiPoint"",""coordinates"":[]}"
30_8_4,0.2215892498168948,33,9.0,2015,"{""type"":""MultiPoint"",""coordinates"":[]}"
30_9_0,38098.89122824241,3,10.0,2015,"{""type"":""MultiPoint"",""coordinates"":[]}"
30_9_1,2959.763354816624,6,10.0,2015,"{""type"":""MultiPoint"",""coordinates"":[]}"
30_9_2,16.438799292358418,11,10.0,2015,"{""type"":""MultiPoint"",""coordinates"":[]}"
30_9_3,13.165818698303234,12,10.0,2015,"{""type"":""MultiPoint"",""coordinates"":[]}"
30_9_4,1333.4893729366431,13,10.0,2015,"{""type"":""MultiPoint"",""coordinates"":[]}"
30_9_5,4.640119461303718,15,10.0,2015,"{""type"":""MultiPoint"",""coordinates"":[]}"
30_9_6,4.615061301757817,18,10.0,2015,"{""type"":""MultiPoint"",""coordinates"":[]}"
30_9_7,6.028959180541993,21,10.0,2015,"{""type"":""MultiPoint"",""coordinates"":[]}"
30_9_8,6.374002839904789,23,10.0,2015,"{""type"":""MultiPoint"",""coordinates"":[]}"
30_9_9,0.18505177545166018,24,10.0,2015,"{""type"":""MultiPoint"",""coordinates"":[]}"
30_9_10,0.24488972827148453,25,10.0,2015,"{""type"":""MultiPoint"",""coordinates"":[]}"
30_9_11,250.71443403423964,33,10.0,2015,"{""type"":""MultiPoint"",""coordinates"":[]}"
30_10_0,5236.106448120712,3,11.0,2015,"{""type"":""MultiPoint"",""coordinates"":[]}"
30_10_1,350.9305632038582,6,11.0,2015,"{""type"":""MultiPoint"",""coordinates"":[]}"
30_10_2,1.5452119063720708,11,11.0,2015,"{""type"":""MultiPoint"",""coordinates"":[]}"
30_10_3,65.6154753004165,12,11.0,2015,"{""type"":""MultiPoint"",""coordinates"":[]}"
30_10_4,107.53472231408502,13,11.0,2015,"{""type"":""MultiPoint"",""coordinates"":[]}"
30_10_5,335.33884197082506,15,11.0,2015,"{""type"":""MultiPoint"",""coordinates"":[]}"
30_10_6,2.3917963527221664,18,11.0,2015,"{""type"":""MultiPoint"",""coordinates"":[]}"
30_10_7,81.19874867108143,21,11.0,2015,"{""type"":""MultiPoint"",""coordinates"":[]}"
30_10_8,2.4846172719116204,23,11.0,2015,"{""type"":""MultiPoint"",""coordinates"":[]}"
30_10_9,0.017864135803222658,24,11.0,2015,"{""type"":""MultiPoint"",""coordinates"":[]}"
30_10_10,1.5541661687622046,25,11.0,2015,"{""type"":""MultiPoint"",""coordinates"":[]}"
30_10_11,34.411989203002754,33,11.0,2015,"{""type"":""MultiPoint"",""coordinates"":[]}"
30_11_0,561.29641145174,3,12.0,2015,"{""type"":""MultiPoint"",""coordinates"":[]}"
30_11_1,0.10187300024414053,11,12.0,2015,"{""type"":""MultiPoint"",""coordinates"":[]}"
30_11_2,23.408949601806324,13,12.0,2015,"{""type"":""MultiPoint"",""coordinates"":[]}"
30_11_3,0.010723795654296873,15,12.0,2015,"{""type"":""MultiPoint"",""coordinates"":[]}"
30_11_4,1.1903504758300774,21,12.0,2015,"{""type"":""MultiPoint"",""coordinates"":[]}"
30_11_5,0.021447860534667976,23,12.0,2015,"{""type"":""MultiPoint"",""coordinates"":[]}"
30_11_6,0.18498854827880867,25,12.0,2015,"{""type"":""MultiPoint"",""coordinates"":[]}"
30_11_7,0.4012660482788083,33,12.0,2015,"{""type"":""MultiPoint"",""coordinates"":[]}"
30_11_8,0.10545405255126947,68,12.0,2015,"{""type"":""MultiPoint"",""coordinates"":[]}"
30_12_0,1.0892448092651574,11,13.0,2015,"{""type"":""MultiPoint"",""coordinates"":[]}"
30_12_1,0.028500242553710933,12,13.0,2015,"{""type"":""MultiPoint"",""coordinates"":[]}"
30_12_2,0.003562551086425781,33,13.0,2015,"{""type"":""MultiPoint"",""coordinates"":[]}"
30_13_0,893.2381214811617,3,14.0,2015,"{""type"":""MultiPoint"",""coordinates"":[]}"
30_13_1,619.3776307259498,13,14.0,2015,"{""type"":""MultiPoint"",""coordinates"":[]}"
30_13_2,4.897109256164551,15,14.0,2015,"{""type"":""MultiPoint"",""coordinates"":[]}"
30_13_3,0.9490672424926789,18,14.0,2015,"{""type"":""MultiPoint"",""coordinates"":[]}"
30_13_4,12.454474882690265,21,14.0,2015,"{""type"":""MultiPoint"",""coordinates"":[]}"
30_13_5,0.07582619635009767,23,14.0,2015,"{""type"":""MultiPoint"",""coordinates"":[]}"
30_13_6,0.007136070739746093,25,14.0,2015,"{""type"":""MultiPoint"",""coordinates"":[]}"
30_13_7,6.803762588623032,33,14.0,2015,"{""type"":""MultiPoint"",""coordinates"":[]}"
30_13_8,1.4967139188842784,68,14.0,2015,"{""type"":""MultiPoint"",""coordinates"":[]}"
30_14_0,751.6688346119147,3,15.0,2015,"{""type"":""MultiPoint"",""coordinates"":[]}"
30_14_1,1.6891180362548845,15,15.0,2015,"{""type"":""MultiPoint"",""coordinates"":[]}"
30_14_2,10.404587374572817,21,15.0,2015,"{""type"":""MultiPoint"",""coordinates"":[]}"
30_14_3,0.010724985168457032,23,15.0,2015,"{""type"":""MultiPoint"",""coordinates"":[]}"
30_14_4,0.1054557645874023,25,15.0,2015,"{""type"":""MultiPoint"",""coordinates"":[]}"
30_14_5,0.03038577911376952,30,15.0,2015,"{""type"":""MultiPoint"",""coordinates"":[]}"
30_14_6,0.27437013690185535,33,15.0,2015,"{""type"":""MultiPoint"",""coordinates"":[]}"
30_15_0,2710.705848257065,3,16.0,2015,"{""type"":""MultiPoint"",""coordinates"":[]}"
30_15_1,5.0449060671386565,6,16.0,2015,"{""type"":""MultiPoint"",""coordinates"":[]}"
30_15_2,24.767502244689787,13,16.0,2015,"{""type"":""MultiPoint"",""coordinates"":[]}"
30_15_3,121.88954036151279,15,16.0,2015,"{""type"":""MultiPoint"",""coordinates"":[]}"
30_15_4,9.677200640563946,21,16.0,2015,"{""type"":""MultiPoint"",""coordinates"":[]}"
30_15_5,5.038577273437512,23,16.0,2015,"{""type"":""MultiPoint"",""coordinates"":[]}"
30_15_6,0.11252009277343752,25,16.0,2015,"{""type"":""MultiPoint"",""coordinates"":[]}"
30_15_7,4.4100795989990225,33,16.0,2015,"{""type"":""MultiPoint"",""coordinates"":[]}"
30_15_8,0.10715857403564437,68,16.0,2015,"{""type"":""MultiPoint"",""coordinates"":[]}"
30_16_0,0.27260842059326235,3,17.0,2015,"{""type"":""MultiPoint"",""coordinates"":[]}"
30_16_1,0.008044127563476562,21,17.0,2015,"{""type"":""MultiPoint"",""coordinates"":[]}"
30_17_0,344.4313465845016,3,18.0,2015,"{""type"":""MultiPoint"",""coordinates"":[]}"
30_17_1,6.370734164245568,13,18.0,2015,"{""type"":""MultiPoint"",""coordinates"":[]}"
30_17_2,3.68236410571288,15,18.0,2015,"{""type"":""MultiPoint"",""coordinates"":[]}"
30_17_3,21.546221622069982,21,18.0,2015,"{""type"":""MultiPoint"",""coordinates"":[]}"
30_17_4,0.40309181188964904,23,18.0,2015,"{""type"":""MultiPoint"",""coordinates"":[]}"
30_17_5,0.505871078979492,25,18.0,2015,"{""type"":""MultiPoint"",""coordinates"":[]}"
30_17_6,0.5452014929809572,33,18.0,2015,"{""type"":""MultiPoint"",""coordinates"":[]}"
30_17_7,0.37180817584228537,68,18.0,2015,"{""type"":""MultiPoint"",""coordinates"":[]}"
30_18_0,321.0054906135868,3,19.0,2015,"{""type"":""MultiPoint"",""coordinates"":[]}"
30_18_1,20.419005608642763,11,19.0,2015,"{""type"":""MultiPoint"",""coordinates"":[]}"
30_18_2,50.38928734722842,13,19.0,2015,"{""type"":""MultiPoint"",""coordinates"":[]}"
30_18_3,0.17428924346923824,15,19.0,2015,"{""type"":""MultiPoint"",""coordinates"":[]}"
30_18_4,7.57413072607428,18,19.0,2015,"{""type"":""MultiPoint"",""coordinates"":[]}"
30_18_5,58.48964070867895,21,19.0,2015,"{""type"":""MultiPoint"",""coordinates"":[]}"
30_18_6,0.3047880554809568,24,19.0,2015,"{""type"":""MultiPoint"",""coordinates"":[]}"
30_18_7,0.029496634643554696,25,19.0,2015,"{""type"":""MultiPoint"",""coordinates"":[]}"
30_18_8,0.053631939392089836,27,19.0,2015,"{""type"":""MultiPoint"",""coordinates"":[]}"
30_18_9,41.65729517364677,33,19.0,2015,"{""type"":""MultiPoint"",""coordinates"":[]}"
30_19_0,120.98072082428267,3,20.0,2015,"{""type"":""MultiPoint"",""coordinates"":[]}"
30_19_1,19.70804753387492,6,20.0,2015,"{""type"":""MultiPoint"",""coordinates"":[]}"
30_19_2,0.44032053009033173,11,20.0,2015,"{""type"":""MultiPoint"",""coordinates"":[]}"
30_19_3,71.4392466312229,13,20.0,2015,"{""type"":""MultiPoint"",""coordinates"":[]}"
30_19_4,61.933072742979846,15,20.0,2015,"{""type"":""MultiPoint"",""coordinates"":[]}"
30_19_5,0.034832022705078125,18,20.0,2015,"{""type"":""MultiPoint"",""coordinates"":[]}"
30_19_6,9.19568693762206,21,20.0,2015,"{""type"":""MultiPoint"",""coordinates"":[]}"
30_19_7,0.0035723659057617183,23,20.0,2015,"{""type"":""MultiPoint"",""coordinates"":[]}"
30_19_8,0.1009239174194336,25,20.0,2015,"{""type"":""MultiPoint"",""coordinates"":[]}"
30_19_9,0.48584008715820215,33,20.0,2015,"{""type"":""MultiPoint"",""coordinates"":[]}"
30_20_0,49.57632464093193,3,21.0,2015,"{""type"":""MultiPoint"",""coordinates"":[]}"
30_20_1,18.27664820379652,15,21.0,2015,"{""type"":""MultiPoint"",""coordinates"":[]}"
30_20_2,2.9334442669677974,21,21.0,2015,"{""type"":""MultiPoint"",""coordinates"":[]}"
30_21_0,9905.899255482924,3,22.0,2015,"{""type"":""MultiPoint"",""coordinates"":[]}"
30_21_1,888.3454769394848,6,22.0,2015,"{""type"":""MultiPoint"",""coordinates"":[]}"
30_21_2,3.852475868713377,11,22.0,2015,"{""type"":""MultiPoint"",""coordinates"":[]}"
30_21_3,21.276058437622137,13,22.0,2015,"{""type"":""MultiPoint"",""coordinates"":[]}"
30_21_4,35.60198048211652,18,22.0,2015,"{""type"":""MultiPoint"",""coordinates"":[]}"
30_21_5,1.3229200596313475,21,22.0,2015,"{""type"":""MultiPoint"",""coordinates"":[]}"
30_21_6,0.20097688134765615,23,22.0,2015,"{""type"":""MultiPoint"",""coordinates"":[]}"
30_21_7,0.3233064507446287,24,22.0,2015,"{""type"":""MultiPoint"",""coordinates"":[]}"
30_21_8,1.7893091216430665,25,22.0,2015,"{""type"":""MultiPoint"",""coordinates"":[]}"
30_21_9,21.79378293591301,29,22.0,2015,"{""type"":""MultiPoint"",""coordinates"":[]}"
30_21_10,0.29932258666992173,30,22.0,2015,"{""type"":""MultiPoint"",""coordinates"":[]}"
30_21_11,81.0622565391236,33,22.0,2015,"{""type"":""MultiPoint"",""coordinates"":[]}"
30_21_12,2.331358344543457,68,22.0,2015,"{""type"":""MultiPoint"",""coordinates"":[]}"
30_22_0,7924.572655725106,3,23.0,2015,"{""type"":""MultiPoint"",""coordinates"":[]}"
30_22_1,511.408620507019,6,23.0,2015,"{""type"":""MultiPoint"",""coordinates"":[]}"
30_22_2,0.10186953186035151,11,23.0,2015,"{""type"":""MultiPoint"",""coordinates"":[]}"
30_22_3,204.65564988433587,13,23.0,2015,"{""type"":""MultiPoint"",""coordinates"":[]}"
30_22_4,58.11192462744147,15,23.0,2015,"{""type"":""MultiPoint"",""coordinates"":[]}"
30_22_5,6.754651513305671,18,23.0,2015,"{""type"":""MultiPoint"",""coordinates"":[]}"
30_22_6,21.325032877624512,21,23.0,2015,"{""type"":""MultiPoint"",""coordinates"":[]}"
30_22_7,0.17510262872314467,23,23.0,2015,"{""type"":""MultiPoint"",""coordinates"":[]}"
30_22_8,0.015189615173339851,24,23.0,2015,"{""type"":""MultiPoint"",""coordinates"":[]}"
30_22_9,0.08308728033447267,25,23.0,2015,"{""type"":""MultiPoint"",""coordinates"":[]}"
30_22_10,44.05145922973646,33,23.0,2015,"{""type"":""MultiPoint"",""coordinates"":[]}"
30_22_11,3.0263068402710003,68,23.0,2015,"{""type"":""MultiPoint"",""coordinates"":[]}"
30_23_0,104.5029518135378,3,25.0,2015,"{""type"":""MultiPoint"",""coordinates"":[]}"
30_23_1,0.03665043231201172,15,25.0,2015,"{""type"":""MultiPoint"",""coordinates"":[]}"
30_23_2,0.09564819042968754,18,25.0,2015,"{""type"":""MultiPoint"",""coordinates"":[]}"
30_23_3,0.3673968805541991,21,25.0,2015,"{""type"":""MultiPoint"",""coordinates"":[]}"
30_23_4,0.01072662420654297,25,25.0,2015,"{""type"":""MultiPoint"",""coordinates"":[]}"
30_23_5,0.5577943967895506,33,25.0,2015,"{""type"":""MultiPoint"",""coordinates"":[]}"
31_0_0,22.833671041564827,3,1.0,2016,"{""type"":""MultiPoint"",""coordinates"":[]}"
31_0_1,0.006255560180664062,25,1.0,2016,"{""type"":""MultiPoint"",""coordinates"":[]}"
31_1_0,8826.24619865039,3,2.0,2016,"{""type"":""MultiPoint"",""coordinates"":[]}"
31_1_1,848.2315856660107,6,2.0,2016,"{""type"":""MultiPoint"",""coordinates"":[]}"
31_1_2,7.360383882446288,11,2.0,2016,"{""type"":""MultiPoint"",""coordinates"":[]}"
31_1_3,1.1284749679565427,13,2.0,2016,"{""type"":""MultiPoint"",""coordinates"":[]}"
31_1_4,0.10275084594726555,18,2.0,2016,"{""type"":""MultiPoint"",""coordinates"":[]}"
31_1_5,0.08845406250000007,21,2.0,2016,"{""type"":""MultiPoint"",""coordinates"":[]}"
31_1_6,0.06789591619873046,24,2.0,2016,"{""type"":""MultiPoint"",""coordinates"":[]}"
31_1_7,0.011613906127929688,25,2.0,2016,"{""type"":""MultiPoint"",""coordinates"":[]}"
31_1_8,25.92881085015866,33,2.0,2016,"{""type"":""MultiPoint"",""coordinates"":[]}"
31_2_0,9443.854743639558,3,3.0,2016,"{""type"":""MultiPoint"",""coordinates"":[]}"
31_2_1,761.4588517675165,6,3.0,2016,"{""type"":""MultiPoint"",""coordinates"":[]}"
31_2_2,74.13881061083971,11,3.0,2016,"{""type"":""MultiPoint"",""coordinates"":[]}"
31_2_3,9.622978276428091,13,3.0,2016,"{""type"":""MultiPoint"",""coordinates"":[]}"
31_2_4,34.67532776232906,18,3.0,2016,"{""type"":""MultiPoint"",""coordinates"":[]}"
31_2_5,2.3706208208618147,21,3.0,2016,"{""type"":""MultiPoint"",""coordinates"":[]}"
31_2_6,0.10637815228271488,23,3.0,2016,"{""type"":""MultiPoint"",""coordinates"":[]}"
31_2_7,0.12067340563964846,25,3.0,2016,"{""type"":""MultiPoint"",""coordinates"":[]}"
31_2_8,220.2560264671043,33,3.0,2016,"{""type"":""MultiPoint"",""coordinates"":[]}"
31_3_0,4884.488802353148,3,4.0,2016,"{""type"":""MultiPoint"",""coordinates"":[]}"
31_3_1,533.2560460427212,6,4.0,2016,"{""type"":""MultiPoint"",""coordinates"":[]}"
31_3_2,61.948790633788384,11,4.0,2016,"{""type"":""MultiPoint"",""coordinates"":[]}"
31_3_3,0.5389068219604494,13,4.0,2016,"{""type"":""MultiPoint"",""coordinates"":[]}"
31_3_4,1.44613149871826,18,4.0,2016,"{""type"":""MultiPoint"",""coordinates"":[]}"
31_3_5,0.025024395996093747,21,4.0,2016,"{""type"":""MultiPoint"",""coordinates"":[]}"
31_3_6,0.19840418621826197,23,4.0,2016,"{""type"":""MultiPoint"",""coordinates"":[]}"
31_3_7,0.06256321911621093,24,4.0,2016,"{""type"":""MultiPoint"",""coordinates"":[]}"
31_3_8,0.006256322326660156,25,4.0,2016,"{""type"":""MultiPoint"",""coordinates"":[]}"
31_3_9,112.49483873852513,33,4.0,2016,"{""type"":""MultiPoint"",""coordinates"":[]}"
31_3_10,0.2332795711669924,68,4.0,2016,"{""type"":""MultiPoint"",""coordinates"":[]}"
31_4_0,1681.108708919944,3,5.0,2016,"{""type"":""MultiPoint"",""coordinates"":[]}"
31_4_1,51.942180998229716,6,5.0,2016,"{""type"":""MultiPoint"",""coordinates"":[]}"
31_4_2,0.04286932257080075,11,5.0,2016,"{""type"":""MultiPoint"",""coordinates"":[]}"
31_4_3,0.03037134539794922,12,5.0,2016,"{""type"":""MultiPoint"",""coordinates"":[]}"
31_4_4,322.6755166463022,15,5.0,2016,"{""type"":""MultiPoint"",""coordinates"":[]}"
31_4_5,0.22060894384765628,18,5.0,2016,"{""type"":""MultiPoint"",""coordinates"":[]}"
31_4_6,9.373969798034668,21,5.0,2016,"{""type"":""MultiPoint"",""coordinates"":[]}"
31_4_7,4.127869306518551,23,5.0,2016,"{""type"":""MultiPoint"",""coordinates"":[]}"
31_4_8,0.24027886810302734,25,5.0,2016,"{""type"":""MultiPoint"",""coordinates"":[]}"
31_4_9,19.81831274530011,33,5.0,2016,"{""type"":""MultiPoint"",""coordinates"":[]}"
31_5_0,2554.8088565840417,3,6.0,2016,"{""type"":""MultiPoint"",""coordinates"":[]}"
31_5_1,110.79540965307399,6,6.0,2016,"{""type"":""MultiPoint"",""coordinates"":[]}"
31_5_2,1.8347838013916016,11,6.0,2016,"{""type"":""MultiPoint"",""coordinates"":[]}"
31_5_3,0.20439820782470663,13,6.0,2016,"{""type"":""MultiPoint"",""coordinates"":[]}"
31_5_4,7.475721294921809,18,6.0,2016,"{""type"":""MultiPoint"",""coordinates"":[]}"
31_5_5,0.1463803035278321,21,6.0,2016,"{""type"":""MultiPoint"",""coordinates"":[]}"
31_5_6,0.5432512321166982,23,6.0,2016,"{""type"":""MultiPoint"",""coordinates"":[]}"
31_5_7,0.008030998962402343,25,6.0,2016,"{""type"":""MultiPoint"",""coordinates"":[]}"
31_5_8,5.53944253936767,33,6.0,2016,"{""type"":""MultiPoint"",""coordinates"":[]}"
31_6_0,933.3879454976222,3,7.0,2016,"{""type"":""MultiPoint"",""coordinates"":[]}"
31_6_1,0.49426734954834006,15,7.0,2016,"{""type"":""MultiPoint"",""coordinates"":[]}"
31_6_2,3.8209636856078903,21,7.0,2016,"{""type"":""MultiPoint"",""coordinates"":[]}"
31_6_3,0.06524642657470706,23,7.0,2016,"{""type"":""MultiPoint"",""coordinates"":[]}"
31_6_4,0.2815430231933594,25,7.0,2016,"{""type"":""MultiPoint"",""coordinates"":[]}"
31_6_5,3.474090410400392,33,7.0,2016,"{""type"":""MultiPoint"",""coordinates"":[]}"
31_6_6,0.008938060119628905,68,7.0,2016,"{""type"":""MultiPoint"",""coordinates"":[]}"
31_7_0,3889.384566132034,3,8.0,2016,"{""type"":""MultiPoint"",""coordinates"":[]}"
31_7_1,359.73438013068215,6,8.0,2016,"{""type"":""MultiPoint"",""coordinates"":[]}"
31_7_2,44.89361598954861,11,8.0,2016,"{""type"":""MultiPoint"",""coordinates"":[]}"
31_7_3,1.3230829617309525,13,8.0,2016,"{""type"":""MultiPoint"",""coordinates"":[]}"
31_7_4,97.78959404791313,15,8.0,2016,"{""type"":""MultiPoint"",""coordinates"":[]}"
31_7_5,3.3550450321655294,18,8.0,2016,"{""type"":""MultiPoint"",""coordinates"":[]}"
31_7_6,3.403314744934082,21,8.0,2016,"{""type"":""MultiPoint"",""coordinates"":[]}"
31_7_7,0.05632033514404305,23,8.0,2016,"{""type"":""MultiPoint"",""coordinates"":[]}"
31_7_8,0.050955641113281235,25,8.0,2016,"{""type"":""MultiPoint"",""coordinates"":[]}"
31_7_9,9.294560769287044,33,8.0,2016,"{""type"":""MultiPoint"",""coordinates"":[]}"
31_8_0,16.49402545428461,3,9.0,2016,"{""type"":""MultiPoint"",""coordinates"":[]}"
31_8_1,0.03573917254638673,11,9.0,2016,"{""type"":""MultiPoint"",""coordinates"":[]}"
31_8_2,13.64915553405756,13,9.0,2016,"{""type"":""MultiPoint"",""coordinates"":[]}"
31_8_3,0.005360926452636718,21,9.0,2016,"{""type"":""MultiPoint"",""coordinates"":[]}"
31_8_4,0.2734131763916016,33,9.0,2016,"{""type"":""MultiPoint"",""coordinates"":[]}"
31_9_0,38081.13277661302,3,10.0,2016,"{""type"":""MultiPoint"",""coordinates"":[]}"
31_9_1,2984.9858695757093,6,10.0,2016,"{""type"":""MultiPoint"",""coordinates"":[]}"
31_9_2,17.895041421813968,11,10.0,2016,"{""type"":""MultiPoint"",""coordinates"":[]}"
31_9_3,13.33564169177243,12,10.0,2016,"{""type"":""MultiPoint"",""coordinates"":[]}"
31_9_4,1318.5845783945465,13,10.0,2016,"{""type"":""MultiPoint"",""coordinates"":[]}"
31_9_5,3.8126849287109463,15,10.0,2016,"{""type"":""MultiPoint"",""coordinates"":[]}"
31_9_6,3.9446382374877955,18,10.0,2016,"{""type"":""MultiPoint"",""coordinates"":[]}"
31_9_7,5.969830484680179,21,10.0,2016,"{""type"":""MultiPoint"",""coordinates"":[]}"
31_9_8,11.282646180786122,23,10.0,2016,"{""type"":""MultiPoint"",""coordinates"":[]}"
31_9_9,0.18505177545166018,24,10.0,2016,"{""type"":""MultiPoint"",""coordinates"":[]}"
31_9_10,0.06794033740234379,25,10.0,2016,"{""type"":""MultiPoint"",""coordinates"":[]}"
31_9_11,253.35439266613716,33,10.0,2016,"{""type"":""MultiPoint"",""coordinates"":[]}"
31_10_0,5219.883155916097,3,11.0,2016,"{""type"":""MultiPoint"",""coordinates"":[]}"
31_10_1,351.41468144134666,6,11.0,2016,"{""type"":""MultiPoint"",""coordinates"":[]}"
31_10_2,1.4889479428100587,11,11.0,2016,"{""type"":""MultiPoint"",""coordinates"":[]}"
31_10_3,61.63790927130105,12,11.0,2016,"{""type"":""MultiPoint"",""coordinates"":[]}"
31_10_4,107.56797395989784,13,11.0,2016,"{""type"":""MultiPoint"",""coordinates"":[]}"
31_10_5,348.14110558007457,15,11.0,2016,"{""type"":""MultiPoint"",""coordinates"":[]}"
31_10_6,0.34208309460449215,18,11.0,2016,"{""type"":""MultiPoint"",""coordinates"":[]}"
31_10_7,89.69510310400453,21,11.0,2016,"{""type"":""MultiPoint"",""coordinates"":[]}"
31_10_8,0.686684962036132,23,11.0,2016,"{""type"":""MultiPoint"",""coordinates"":[]}"
31_10_9,0.018757342529296877,24,11.0,2016,"{""type"":""MultiPoint"",""coordinates"":[]}"
31_10_10,0.6410802976684579,25,11.0,2016,"{""type"":""MultiPoint"",""coordinates"":[]}"
31_10_11,37.61296170727534,33,11.0,2016,"{""type"":""MultiPoint"",""coordinates"":[]}"
31_11_0,560.4304639153025,3,12.0,2016,"{""type"":""MultiPoint"",""coordinates"":[]}"
31_11_1,0.09829863470458973,11,12.0,2016,"{""type"":""MultiPoint"",""coordinates"":[]}"
31_11_2,24.036286594237943,13,12.0,2016,"{""type"":""MultiPoint"",""coordinates"":[]}"
31_11_3,0.0026810568847656247,15,12.0,2016,"{""type"":""MultiPoint"",""coordinates"":[]}"
31_11_4,1.2779309259033211,21,12.0,2016,"{""type"":""MultiPoint"",""coordinates"":[]}"
31_11_5,0.020554278137207036,23,12.0,2016,"{""type"":""MultiPoint"",""coordinates"":[]}"
31_11_6,0.2287785525512698,25,12.0,2016,"{""type"":""MultiPoint"",""coordinates"":[]}"
31_11_7,0.4030529448242184,33,12.0,2016,"{""type"":""MultiPoint"",""coordinates"":[]}"
31_11_8,0.22341793237304708,68,12.0,2016,"{""type"":""MultiPoint"",""coordinates"":[]}"
31_12_0,1.0892448092651574,11,13.0,2016,"{""type"":""MultiPoint"",""coordinates"":[]}"
31_12_1,0.029390877624511716,12,13.0,2016,"{""type"":""MultiPoint"",""coordinates"":[]}"
31_12_2,0.002671916015625,68,13.0,2016,"{""type"":""MultiPoint"",""coordinates"":[]}"
31_13_0,897.9301979745462,3,14.0,2016,"{""type"":""MultiPoint"",""coordinates"":[]}"
31_13_1,613.377688144169,13,14.0,2016,"{""type"":""MultiPoint"",""coordinates"":[]}"
31_13_2,5.433212382141152,15,14.0,2016,"{""type"":""MultiPoint"",""coordinates"":[]}"
31_13_3,0.4870229088134763,18,14.0,2016,"{""type"":""MultiPoint"",""coordinates"":[]}"
31_13_4,13.204810659545753,21,14.0,2016,"{""type"":""MultiPoint"",""coordinates"":[]}"
31_13_5,0.13203117639160156,23,14.0,2016,"{""type"":""MultiPoint"",""coordinates"":[]}"
31_13_6,0.016947939453124998,25,14.0,2016,"{""type"":""MultiPoint"",""coordinates"":[]}"
31_13_7,6.810926333740236,33,14.0,2016,"{""type"":""MultiPoint"",""coordinates"":[]}"
31_13_8,1.9070048442382825,68,14.0,2016,"{""type"":""MultiPoint"",""coordinates"":[]}"
31_14_0,750.3684832139674,3,15.0,2016,"{""type"":""MultiPoint"",""coordinates"":[]}"
31_14_1,1.6435406727294937,15,15.0,2016,"{""type"":""MultiPoint"",""coordinates"":[]}"
31_14_2,11.740685669555777,21,15.0,2016,"{""type"":""MultiPoint"",""coordinates"":[]}"
31_14_3,0.004468597290039063,23,15.0,2016,"{""type"":""MultiPoint"",""coordinates"":[]}"
31_14_4,0.12243655908203131,25,15.0,2016,"{""type"":""MultiPoint"",""coordinates"":[]}"
31_14_5,0.03127947875976562,30,15.0,2016,"{""type"":""MultiPoint"",""coordinates"":[]}"
31_14_6,0.2725824971313476,33,15.0,2016,"{""type"":""MultiPoint"",""coordinates"":[]}"
31_15_0,2712.6508396008476,3,16.0,2016,"{""type"":""MultiPoint"",""coordinates"":[]}"
31_15_1,5.091341371887193,6,16.0,2016,"{""type"":""MultiPoint"",""coordinates"":[]}"
31_15_2,24.679109438415374,13,16.0,2016,"{""type"":""MultiPoint"",""coordinates"":[]}"
31_15_3,120.37849056879087,15,16.0,2016,"{""type"":""MultiPoint"",""coordinates"":[]}"
31_15_4,9.182532417297342,21,16.0,2016,"{""type"":""MultiPoint"",""coordinates"":[]}"
31_15_5,3.846522137207031,23,16.0,2016,"{""type"":""MultiPoint"",""coordinates"":[]}"
31_15_6,0.10180348309326173,25,16.0,2016,"{""type"":""MultiPoint"",""coordinates"":[]}"
31_15_7,5.726251392333988,33,16.0,2016,"{""type"":""MultiPoint"",""coordinates"":[]}"
31_15_8,0.09644270037841793,68,16.0,2016,"{""type"":""MultiPoint"",""coordinates"":[]}"
31_16_0,0.27260842059326235,3,17.0,2016,"{""type"":""MultiPoint"",""coordinates"":[]}"
31_16_1,0.008044127563476562,21,17.0,2016,"{""type"":""MultiPoint"",""coordinates"":[]}"
31_17_0,343.65734546743687,3,18.0,2016,"{""type"":""MultiPoint"",""coordinates"":[]}"
31_17_1,6.127631743652359,13,18.0,2016,"{""type"":""MultiPoint"",""coordinates"":[]}"
31_17_2,3.3525624957885682,15,18.0,2016,"{""type"":""MultiPoint"",""coordinates"":[]}"
31_17_3,22.53919491961639,21,18.0,2016,"{""type"":""MultiPoint"",""coordinates"":[]}"
31_17_4,0.38700209808349634,23,18.0,2016,"{""type"":""MultiPoint"",""coordinates"":[]}"
31_17_5,0.6935628124389653,25,18.0,2016,"{""type"":""MultiPoint"",""coordinates"":[]}"
31_17_6,0.049157837707519525,30,18.0,2016,"{""type"":""MultiPoint"",""coordinates"":[]}"
31_17_7,0.6345782309570316,33,18.0,2016,"{""type"":""MultiPoint"",""coordinates"":[]}"
31_17_8,0.4156034305419927,68,18.0,2016,"{""type"":""MultiPoint"",""coordinates"":[]}"
31_18_0,320.24751864519635,3,19.0,2016,"{""type"":""MultiPoint"",""coordinates"":[]}"
31_18_1,20.248280192078038,11,19.0,2016,"{""type"":""MultiPoint"",""coordinates"":[]}"
31_18_2,51.20000035589551,13,19.0,2016,"{""type"":""MultiPoint"",""coordinates"":[]}"
31_18_3,0.20020925244140592,15,19.0,2016,"{""type"":""MultiPoint"",""coordinates"":[]}"
31_18_4,4.536074263488803,18,19.0,2016,"{""type"":""MultiPoint"",""coordinates"":[]}"
31_18_5,61.70646221130428,21,19.0,2016,"{""type"":""MultiPoint"",""coordinates"":[]}"
31_18_6,0.3137264083862302,24,19.0,2016,"{""type"":""MultiPoint"",""coordinates"":[]}"
31_18_7,0.06971832171630857,25,19.0,2016,"{""type"":""MultiPoint"",""coordinates"":[]}"
31_18_8,0.053631939392089836,27,19.0,2016,"{""type"":""MultiPoint"",""coordinates"":[]}"
31_18_9,41.52143446093904,33,19.0,2016,"{""type"":""MultiPoint"",""coordinates"":[]}"
31_19_0,126.23505924378009,3,20.0,2016,"{""type"":""MultiPoint"",""coordinates"":[]}"
31_19_1,19.516929235901078,6,20.0,2016,"{""type"":""MultiPoint"",""coordinates"":[]}"
31_19_2,0.44835878002929663,11,20.0,2016,"{""type"":""MultiPoint"",""coordinates"":[]}"
31_19_3,66.13397358752296,13,20.0,2016,"{""type"":""MultiPoint"",""coordinates"":[]}"
31_19_4,57.44335600152634,15,20.0,2016,"{""type"":""MultiPoint"",""coordinates"":[]}"
31_19_5,0.03840514208984375,18,20.0,2016,"{""type"":""MultiPoint"",""coordinates"":[]}"
31_19_6,13.89887645660404,21,20.0,2016,"{""type"":""MultiPoint"",""coordinates"":[]}"
31_19_7,0.09109975274658204,25,20.0,2016,"{""type"":""MultiPoint"",""coordinates"":[]}"
31_19_8,0.5162053930664062,33,20.0,2016,"{""type"":""MultiPoint"",""coordinates"":[]}"
31_20_0,49.07700481744587,3,21.0,2016,"{""type"":""MultiPoint"",""coordinates"":[]}"
31_20_1,16.915363026306313,15,21.0,2016,"{""type"":""MultiPoint"",""coordinates"":[]}"
31_20_2,0.012505096679687498,18,21.0,2016,"{""type"":""MultiPoint"",""coordinates"":[]}"
31_20_3,4.781544171264678,21,21.0,2016,"{""type"":""MultiPoint"",""coordinates"":[]}"
31_21_0,9916.608413510965,3,22.0,2016,"{""type"":""MultiPoint"",""coordinates"":[]}"
31_21_1,875.9698628923688,6,22.0,2016,"{""type"":""MultiPoint"",""coordinates"":[]}"
31_21_2,4.198916344360348,11,22.0,2016,"{""type"":""MultiPoint"",""coordinates"":[]}"
31_21_3,22.734309943115278,13,22.0,2016,"{""type"":""MultiPoint"",""coordinates"":[]}"
31_21_4,35.67347962353499,18,22.0,2016,"{""type"":""MultiPoint"",""coordinates"":[]}"
31_21_5,1.3916875076904294,21,22.0,2016,"{""type"":""MultiPoint"",""coordinates"":[]}"
31_21_6,0.30906739550781215,23,22.0,2016,"{""type"":""MultiPoint"",""coordinates"":[]}"
31_21_7,0.33670094085693336,24,22.0,2016,"{""type"":""MultiPoint"",""coordinates"":[]}"
31_21_8,2.07518506652832,25,22.0,2016,"{""type"":""MultiPoint"",""coordinates"":[]}"
31_21_9,21.657141893615655,29,22.0,2016,"{""type"":""MultiPoint"",""coordinates"":[]}"
31_21_10,0.2957486142578124,30,22.0,2016,"{""type"":""MultiPoint"",""coordinates"":[]}"
31_21_11,80.36126894073492,33,22.0,2016,"{""type"":""MultiPoint"",""coordinates"":[]}"
31_21_12,2.486697457031249,68,22.0,2016,"{""type"":""MultiPoint"",""coordinates"":[]}"
31_22_0,7917.388918442342,3,23.0,2016,"{""type"":""MultiPoint"",""coordinates"":[]}"
31_22_1,515.6551959783948,6,23.0,2016,"{""type"":""MultiPoint"",""coordinates"":[]}"
31_22_2,0.10633763171386712,11,23.0,2016,"{""type"":""MultiPoint"",""coordinates"":[]}"
31_22_3,206.99190520574643,13,23.0,2016,"{""type"":""MultiPoint"",""coordinates"":[]}"
31_22_4,52.11841402209481,15,23.0,2016,"{""type"":""MultiPoint"",""coordinates"":[]}"
31_22_5,6.929707383117651,18,23.0,2016,"{""type"":""MultiPoint"",""coordinates"":[]}"
31_22_6,30.033514866699267,21,23.0,2016,"{""type"":""MultiPoint"",""coordinates"":[]}"
31_22_7,0.14562128118896495,23,23.0,2016,"{""type"":""MultiPoint"",""coordinates"":[]}"
31_22_8,0.017870135375976568,24,23.0,2016,"{""type"":""MultiPoint"",""coordinates"":[]}"
31_22_9,0.08309341070556642,25,23.0,2016,"{""type"":""MultiPoint"",""coordinates"":[]}"
31_22_10,44.02195153112814,33,23.0,2016,"{""type"":""MultiPoint"",""coordinates"":[]}"
31_22_11,0.7890203723754898,68,23.0,2016,"{""type"":""MultiPoint"",""coordinates"":[]}"
31_23_0,104.59234295220965,3,25.0,2016,"{""type"":""MultiPoint"",""coordinates"":[]}"
31_23_1,0.020559997192382815,15,25.0,2016,"{""type"":""MultiPoint"",""coordinates"":[]}"
31_23_2,0.06525516931152343,18,25.0,2016,"{""type"":""MultiPoint"",""coordinates"":[]}"
31_23_3,0.3343221303710937,21,25.0,2016,"{""type"":""MultiPoint"",""coordinates"":[]}"
31_23_4,0.01072662420654297,25,25.0,2016,"{""type"":""MultiPoint"",""coordinates"":[]}"
31_23_5,0.5479614645385739,33,25.0,2016,"{""type"":""MultiPoint"",""coordinates"":[]}"
32_0_0,22.833671041564827,3,1.0,2017,"{""type"":""MultiPoint"",""coordinates"":[]}"
32_0_1,0.006255560180664062,25,1.0,2017,"{""type"":""MultiPoint"",""coordinates"":[]}"
32_1_0,8849.057582880174,3,2.0,2017,"{""type"":""MultiPoint"",""coordinates"":[]}"
32_1_1,825.0092045875148,6,2.0,2017,"{""type"":""MultiPoint"",""coordinates"":[]}"
32_1_2,7.296966486206055,11,2.0,2017,"{""type"":""MultiPoint"",""coordinates"":[]}"
32_1_3,1.5626834810791004,13,2.0,2017,"{""type"":""MultiPoint"",""coordinates"":[]}"
32_1_4,0.2037133143310546,18,2.0,2017,"{""type"":""MultiPoint"",""coordinates"":[]}"
32_1_5,0.03037806488037109,21,2.0,2017,"{""type"":""MultiPoint"",""coordinates"":[]}"
32_1_6,0.06521592889404294,24,2.0,2017,"{""type"":""MultiPoint"",""coordinates"":[]}"
32_1_7,0.006253645324707031,25,2.0,2017,"{""type"":""MultiPoint"",""coordinates"":[]}"
32_1_8,25.934170359252896,33,2.0,2017,"{""type"":""MultiPoint"",""coordinates"":[]}"
32_2_0,9429.037930448343,3,3.0,2017,"{""type"":""MultiPoint"",""coordinates"":[]}"
32_2_1,776.7941148056644,6,3.0,2017,"{""type"":""MultiPoint"",""coordinates"":[]}"
32_2_2,74.30333976733382,11,3.0,2017,"{""type"":""MultiPoint"",""coordinates"":[]}"
32_2_3,9.984984655700554,13,3.0,2017,"{""type"":""MultiPoint"",""coordinates"":[]}"
32_2_4,36.008998483581536,18,3.0,2017,"{""type"":""MultiPoint"",""coordinates"":[]}"
32_2_5,0.913561393981934,21,3.0,2017,"{""type"":""MultiPoint"",""coordinates"":[]}"
32_2_6,0.09833204565429687,23,3.0,2017,"{""type"":""MultiPoint"",""coordinates"":[]}"
32_2_7,0.28157521185302736,25,3.0,2017,"{""type"":""MultiPoint"",""coordinates"":[]}"
32_2_8,219.18157409063917,33,3.0,2017,"{""type"":""MultiPoint"",""coordinates"":[]}"
32_3_0,4879.830723269394,3,4.0,2017,"{""type"":""MultiPoint"",""coordinates"":[]}"
32_3_1,531.1646620895306,6,4.0,2017,"{""type"":""MultiPoint"",""coordinates"":[]}"
32_3_2,67.55695181970205,11,4.0,2017,"{""type"":""MultiPoint"",""coordinates"":[]}"
32_3_3,1.488912164672851,13,4.0,2017,"{""type"":""MultiPoint"",""coordinates"":[]}"
32_3_4,1.5703628245239276,18,4.0,2017,"{""type"":""MultiPoint"",""coordinates"":[]}"
32_3_5,0.023237023132324217,21,4.0,2017,"{""type"":""MultiPoint"",""coordinates"":[]}"
32_3_6,0.10098929364013683,23,4.0,2017,"{""type"":""MultiPoint"",""coordinates"":[]}"
32_3_7,0.060775694274902335,24,4.0,2017,"{""type"":""MultiPoint"",""coordinates"":[]}"
32_3_8,0.006255252746582032,25,4.0,2017,"{""type"":""MultiPoint"",""coordinates"":[]}"
32_3_9,112.11499559320042,33,4.0,2017,"{""type"":""MultiPoint"",""coordinates"":[]}"
32_3_10,0.7811787587890616,68,4.0,2017,"{""type"":""MultiPoint"",""coordinates"":[]}"
32_4_0,1663.0110725964983,3,5.0,2017,"{""type"":""MultiPoint"",""coordinates"":[]}"
32_4_1,50.94723885491977,6,5.0,2017,"{""type"":""MultiPoint"",""coordinates"":[]}"
32_4_2,0.03215197613525391,11,5.0,2017,"{""type"":""MultiPoint"",""coordinates"":[]}"
32_4_3,0.02501168731689453,12,5.0,2017,"{""type"":""MultiPoint"",""coordinates"":[]}"
32_4_4,339.5368786272609,15,5.0,2017,"{""type"":""MultiPoint"",""coordinates"":[]}"
32_4_5,0.281335521789551,18,5.0,2017,"{""type"":""MultiPoint"",""coordinates"":[]}"
32_4_6,11.989176197143536,21,5.0,2017,"{""type"":""MultiPoint"",""coordinates"":[]}"
32_4_7,5.321086188598626,23,5.0,2017,"{""type"":""MultiPoint"",""coordinates"":[]}"
32_4_8,0.6582886294555674,25,5.0,2017,"{""type"":""MultiPoint"",""coordinates"":[]}"
32_4_9,17.7784466151122,33,5.0,2017,"{""type"":""MultiPoint"",""coordinates"":[]}"
32_5_0,2551.761956273163,3,6.0,2017,"{""type"":""MultiPoint"",""coordinates"":[]}"
32_5_1,113.06264430767595,6,6.0,2017,"{""type"":""MultiPoint"",""coordinates"":[]}"
32_5_2,1.8454764682617197,11,6.0,2017,"{""type"":""MultiPoint"",""coordinates"":[]}"
32_5_3,0.3712446188964839,13,6.0,2017,"{""type"":""MultiPoint"",""coordinates"":[]}"
32_5_4,8.13319858154293,18,6.0,2017,"{""type"":""MultiPoint"",""coordinates"":[]}"
32_5_5,0.15173376464843755,21,6.0,2017,"{""type"":""MultiPoint"",""coordinates"":[]}"
32_5_6,0.576256748413086,23,6.0,2017,"{""type"":""MultiPoint"",""coordinates"":[]}"
32_5_7,0.008923332763671875,25,6.0,2017,"{""type"":""MultiPoint"",""coordinates"":[]}"
32_5_8,5.44484051983642,33,6.0,2017,"{""type"":""MultiPoint"",""coordinates"":[]}"
32_6_0,933.5103987843645,3,7.0,2017,"{""type"":""MultiPoint"",""coordinates"":[]}"
32_6_1,0.5023118558349611,15,7.0,2017,"{""type"":""MultiPoint"",""coordinates"":[]}"
32_6_2,3.719069780090312,21,7.0,2017,"{""type"":""MultiPoint"",""coordinates"":[]}"
32_6_3,0.020556685546875002,23,7.0,2017,"{""type"":""MultiPoint"",""coordinates"":[]}"
32_6_4,0.2359579077148437,25,7.0,2017,"{""type"":""MultiPoint"",""coordinates"":[]}"
32_6_5,3.500009119018557,33,7.0,2017,"{""type"":""MultiPoint"",""coordinates"":[]}"
32_6_6,0.04469032049560549,68,7.0,2017,"{""type"":""MultiPoint"",""coordinates"":[]}"
32_7_0,3871.777811263675,3,8.0,2017,"{""type"":""MultiPoint"",""coordinates"":[]}"
32_7_1,372.0917823445358,6,8.0,2017,"{""type"":""MultiPoint"",""coordinates"":[]}"
32_7_2,44.966028803696275,11,8.0,2017,"{""type"":""MultiPoint"",""coordinates"":[]}"
32_7_3,1.1943505668945356,13,8.0,2017,"{""type"":""MultiPoint"",""coordinates"":[]}"
32_7_4,89.80483158410604,15,8.0,2017,"{""type"":""MultiPoint"",""coordinates"":[]}"
32_7_5,15.653164009826487,18,8.0,2017,"{""type"":""MultiPoint"",""coordinates"":[]}"
32_7_6,3.6849203782348634,21,8.0,2017,"{""type"":""MultiPoint"",""coordinates"":[]}"
32_7_7,0.020561395019531244,23,8.0,2017,"{""type"":""MultiPoint"",""coordinates"":[]}"
32_7_8,0.6096883489379902,25,8.0,2017,"{""type"":""MultiPoint"",""coordinates"":[]}"
32_7_9,9.482297090026833,33,8.0,2017,"{""type"":""MultiPoint"",""coordinates"":[]}"
32_8_0,16.510108535583424,3,9.0,2017,"{""type"":""MultiPoint"",""coordinates"":[]}"
32_8_1,0.03663264031982423,11,9.0,2017,"{""type"":""MultiPoint"",""coordinates"":[]}"
32_8_2,13.62592436120599,13,9.0,2017,"{""type"":""MultiPoint"",""coordinates"":[]}"
32_8_3,0.005360926452636718,21,9.0,2017,"{""type"":""MultiPoint"",""coordinates"":[]}"
32_8_4,0.005361107910156249,25,9.0,2017,"{""type"":""MultiPoint"",""coordinates"":[]}"
32_8_5,0.2743066922607423,33,9.0,2017,"{""type"":""MultiPoint"",""coordinates"":[]}"
32_9_0,38068.551391440196,3,10.0,2017,"{""type"":""MultiPoint"",""coordinates"":[]}"
32_9_1,3008.806409300622,6,10.0,2017,"{""type"":""MultiPoint"",""coordinates"":[]}"
32_9_2,19.237777398742654,11,10.0,2017,"{""type"":""MultiPoint"",""coordinates"":[]}"
32_9_3,12.874434419799885,12,10.0,2017,"{""type"":""MultiPoint"",""coordinates"":[]}"
32_9_4,1304.7419745379375,13,10.0,2017,"{""type"":""MultiPoint"",""coordinates"":[]}"
32_9_5,5.434219552368174,15,10.0,2017,"{""type"":""MultiPoint"",""coordinates"":[]}"
32_9_6,3.8561376742553697,18,10.0,2017,"{""type"":""MultiPoint"",""coordinates"":[]}"
32_9_7,6.570917659240723,21,10.0,2017,"{""type"":""MultiPoint"",""coordinates"":[]}"
32_9_8,7.255579679138181,23,10.0,2017,"{""type"":""MultiPoint"",""coordinates"":[]}"
32_9_9,0.18594574035644534,24,10.0,2017,"{""type"":""MultiPoint"",""coordinates"":[]}"
32_9_10,0.05453133441162112,25,10.0,2017,"{""type"":""MultiPoint"",""coordinates"":[]}"
32_9_11,256.9817735701286,33,10.0,2017,"{""type"":""MultiPoint"",""coordinates"":[]}"
32_10_0,5196.275636169688,3,11.0,2017,"{""type"":""MultiPoint"",""coordinates"":[]}"
32_10_1,353.46911947925605,6,11.0,2017,"{""type"":""MultiPoint"",""coordinates"":[]}"
32_10_2,1.6157816394653328,11,11.0,2017,"{""type"":""MultiPoint"",""coordinates"":[]}"
32_10_3,61.49947736004577,12,11.0,2017,"{""type"":""MultiPoint"",""coordinates"":[]}"
32_10_4,106.0174436621099,13,11.0,2017,"{""type"":""MultiPoint"",""coordinates"":[]}"
32_10_5,398.7200036557037,15,11.0,2017,"{""type"":""MultiPoint"",""coordinates"":[]}"
32_10_6,0.23935675073242182,18,11.0,2017,"{""type"":""MultiPoint"",""coordinates"":[]}"
32_10_7,60.92214963269042,21,11.0,2017,"{""type"":""MultiPoint"",""coordinates"":[]}"
32_10_8,0.9349272728271482,23,11.0,2017,"{""type"":""MultiPoint"",""coordinates"":[]}"
32_10_9,0.018757342529296877,24,11.0,2017,"{""type"":""MultiPoint"",""coordinates"":[]}"
32_10_10,1.2992299207763676,25,11.0,2017,"{""type"":""MultiPoint"",""coordinates"":[]}"
32_10_11,38.11856173376457,33,11.0,2017,"{""type"":""MultiPoint"",""coordinates"":[]}"
32_11_0,560.0247470782047,3,12.0,2017,"{""type"":""MultiPoint"",""coordinates"":[]}"
32_11_1,0.09829851245117174,11,12.0,2017,"{""type"":""MultiPoint"",""coordinates"":[]}"
32_11_2,24.129226521056818,13,12.0,2017,"{""type"":""MultiPoint"",""coordinates"":[]}"
32_11_3,0.06255499139404294,15,12.0,2017,"{""type"":""MultiPoint"",""coordinates"":[]}"
32_11_4,1.268097251586914,21,12.0,2017,"{""type"":""MultiPoint"",""coordinates"":[]}"
32_11_5,0.33244166082763676,25,12.0,2017,"{""type"":""MultiPoint"",""coordinates"":[]}"
32_11_6,0.45667286798095663,33,12.0,2017,"{""type"":""MultiPoint"",""coordinates"":[]}"
32_11_7,0.3494259514160159,68,12.0,2017,"{""type"":""MultiPoint"",""coordinates"":[]}"
32_12_0,1.0901354479370324,11,13.0,2017,"{""type"":""MultiPoint"",""coordinates"":[]}"
32_12_1,0.030281516296386708,12,13.0,2017,"{""type"":""MultiPoint"",""coordinates"":[]}"
32_12_2,8.90638671875E-4,68,13.0,2017,"{""type"":""MultiPoint"",""coordinates"":[]}"
32_13_0,900.0120339774196,3,14.0,2017,"{""type"":""MultiPoint"",""coordinates"":[]}"
32_13_1,611.3876649584709,13,14.0,2017,"{""type"":""MultiPoint"",""coordinates"":[]}"
32_13_2,5.104079113769548,15,14.0,2017,"{""type"":""MultiPoint"",""coordinates"":[]}"
32_13_3,0.11506433398437509,18,14.0,2017,"{""type"":""MultiPoint"",""coordinates"":[]}"
32_13_4,13.935402248412895,21,14.0,2017,"{""type"":""MultiPoint"",""coordinates"":[]}"
32_13_5,0.10794734692382815,23,14.0,2017,"{""type"":""MultiPoint"",""coordinates"":[]}"
32_13_6,0.016947939453124998,25,14.0,2017,"{""type"":""MultiPoint"",""coordinates"":[]}"
32_13_7,6.802895255187978,33,14.0,2017,"{""type"":""MultiPoint"",""coordinates"":[]}"
32_13_8,1.8178071893920915,68,14.0,2017,"{""type"":""MultiPoint"",""coordinates"":[]}"
32_14_0,749.9993796731359,3,15.0,2017,"{""type"":""MultiPoint"",""coordinates"":[]}"
32_14_1,1.7034186333618184,15,15.0,2017,"{""type"":""MultiPoint"",""coordinates"":[]}"
32_14_2,11.999862291687077,21,15.0,2017,"{""type"":""MultiPoint"",""coordinates"":[]}"
32_14_3,0.004468387023925781,23,15.0,2017,"{""type"":""MultiPoint"",""coordinates"":[]}"
32_14_4,0.18052890106201178,25,15.0,2017,"{""type"":""MultiPoint"",""coordinates"":[]}"
32_14_5,0.02949207983398436,30,15.0,2017,"{""type"":""MultiPoint"",""coordinates"":[]}"
32_14_6,0.26632672241210925,33,15.0,2017,"{""type"":""MultiPoint"",""coordinates"":[]}"
32_15_0,2707.7790687829865,3,16.0,2017,"{""type"":""MultiPoint"",""coordinates"":[]}"
32_15_1,5.078836638671868,6,16.0,2017,"{""type"":""MultiPoint"",""coordinates"":[]}"
32_15_2,24.61482118505845,13,16.0,2017,"{""type"":""MultiPoint"",""coordinates"":[]}"
32_15_3,124.9733454357937,15,16.0,2017,"{""type"":""MultiPoint"",""coordinates"":[]}"
32_15_4,9.701406613708473,21,16.0,2017,"{""type"":""MultiPoint"",""coordinates"":[]}"
32_15_5,3.476883339416506,23,16.0,2017,"{""type"":""MultiPoint"",""coordinates"":[]}"
32_15_6,0.1357385147094727,25,16.0,2017,"{""type"":""MultiPoint"",""coordinates"":[]}"
32_15_7,5.941439301391611,33,16.0,2017,"{""type"":""MultiPoint"",""coordinates"":[]}"
32_15_8,0.05179329852294926,68,16.0,2017,"{""type"":""MultiPoint"",""coordinates"":[]}"
32_16_0,0.27618358868408266,3,17.0,2017,"{""type"":""MultiPoint"",""coordinates"":[]}"
32_16_1,0.00446895947265625,21,17.0,2017,"{""type"":""MultiPoint"",""coordinates"":[]}"
32_17_0,344.68429544546404,3,18.0,2017,"{""type"":""MultiPoint"",""coordinates"":[]}"
32_17_1,6.2625891903075965,13,18.0,2017,"{""type"":""MultiPoint"",""coordinates"":[]}"
32_17_2,3.4276413354492132,15,18.0,2017,"{""type"":""MultiPoint"",""coordinates"":[]}"
32_17_3,21.248578324096385,21,18.0,2017,"{""type"":""MultiPoint"",""coordinates"":[]}"
32_17_4,0.34410199475097636,23,18.0,2017,"{""type"":""MultiPoint"",""coordinates"":[]}"
32_17_5,0.7257396060791026,25,18.0,2017,"{""type"":""MultiPoint"",""coordinates"":[]}"
32_17_6,0.06882096710205081,30,18.0,2017,"{""type"":""MultiPoint"",""coordinates"":[]}"
32_17_7,0.5273260450439454,33,18.0,2017,"{""type"":""MultiPoint"",""coordinates"":[]}"
32_17_8,0.5675461279296876,68,18.0,2017,"{""type"":""MultiPoint"",""coordinates"":[]}"
32_18_0,320.0428419226006,3,19.0,2017,"{""type"":""MultiPoint"",""coordinates"":[]}"
32_18_1,20.216995404114197,11,19.0,2017,"{""type"":""MultiPoint"",""coordinates"":[]}"
32_18_2,52.23148451269466,13,19.0,2017,"{""type"":""MultiPoint"",""coordinates"":[]}"
32_18_3,0.21629764807128876,15,19.0,2017,"{""type"":""MultiPoint"",""coordinates"":[]}"
32_18_4,4.1535220466308695,18,19.0,2017,"{""type"":""MultiPoint"",""coordinates"":[]}"
32_18_5,61.3068984102182,21,19.0,2017,"{""type"":""MultiPoint"",""coordinates"":[]}"
32_18_6,0.3137264083862302,24,19.0,2017,"{""type"":""MultiPoint"",""coordinates"":[]}"
32_18_7,0.046479432800292965,25,19.0,2017,"{""type"":""MultiPoint"",""coordinates"":[]}"
32_18_8,0.053631939392089836,27,19.0,2017,"{""type"":""MultiPoint"",""coordinates"":[]}"
32_18_9,41.51517832592925,33,19.0,2017,"{""type"":""MultiPoint"",""coordinates"":[]}"
32_19_0,127.64530076325045,3,20.0,2017,"{""type"":""MultiPoint"",""coordinates"":[]}"
32_19_1,19.464241634826806,6,20.0,2017,"{""type"":""MultiPoint"",""coordinates"":[]}"
32_19_2,0.4304957406616208,11,20.0,2017,"{""type"":""MultiPoint"",""coordinates"":[]}"
32_19_3,65.54093609191754,13,20.0,2017,"{""type"":""MultiPoint"",""coordinates"":[]}"
32_19_4,55.36953095556738,15,20.0,2017,"{""type"":""MultiPoint"",""coordinates"":[]}"
32_19_5,0.05626745867919923,18,20.0,2017,"{""type"":""MultiPoint"",""coordinates"":[]}"
32_19_6,15.207293375976638,21,20.0,2017,"{""type"":""MultiPoint"",""coordinates"":[]}"
32_19_7,0.07145088537597657,25,20.0,2017,"{""type"":""MultiPoint"",""coordinates"":[]}"
32_19_8,0.5367466870117191,33,20.0,2017,"{""type"":""MultiPoint"",""coordinates"":[]}"
32_20_0,49.42805466021906,3,21.0,2017,"{""type"":""MultiPoint"",""coordinates"":[]}"
32_20_1,0.002679845947265625,6,21.0,2017,"{""type"":""MultiPoint"",""coordinates"":[]}"
32_20_2,0.0017864314575195312,13,21.0,2017,"{""type"":""MultiPoint"",""coordinates"":[]}"
32_20_3,15.5924706033327,15,21.0,2017,"{""type"":""MultiPoint"",""coordinates"":[]}"
32_20_4,0.006252393554687501,18,21.0,2017,"{""type"":""MultiPoint"",""coordinates"":[]}"
32_20_5,5.755173177185071,21,21.0,2017,"{""type"":""MultiPoint"",""coordinates"":[]}"
32_21_0,9921.368885259097,3,22.0,2017,"{""type"":""MultiPoint"",""coordinates"":[]}"
32_21_1,875.2773373467771,6,22.0,2017,"{""type"":""MultiPoint"",""coordinates"":[]}"
32_21_2,3.8034194787597646,11,22.0,2017,"{""type"":""MultiPoint"",""coordinates"":[]}"
32_21_3,21.584821438842816,13,22.0,2017,"{""type"":""MultiPoint"",""coordinates"":[]}"
32_21_4,33.95492603387435,18,22.0,2017,"{""type"":""MultiPoint"",""coordinates"":[]}"
32_21_5,1.2174955064086912,21,22.0,2017,"{""type"":""MultiPoint"",""coordinates"":[]}"
32_21_6,0.4135480744018552,23,22.0,2017,"{""type"":""MultiPoint"",""coordinates"":[]}"
32_21_7,0.3411657333984373,24,22.0,2017,"{""type"":""MultiPoint"",""coordinates"":[]}"
32_21_8,2.463790561706542,25,22.0,2017,"{""type"":""MultiPoint"",""coordinates"":[]}"
32_21_9,20.715615959289483,29,22.0,2017,"{""type"":""MultiPoint"",""coordinates"":[]}"
32_21_10,0.3422113251953122,30,22.0,2017,"{""type"":""MultiPoint"",""coordinates"":[]}"
32_21_11,80.15169952355959,33,22.0,2017,"{""type"":""MultiPoint"",""coordinates"":[]}"
32_21_12,2.4635638892822236,68,22.0,2017,"{""type"":""MultiPoint"",""coordinates"":[]}"
32_22_0,7908.546076664421,3,23.0,2017,"{""type"":""MultiPoint"",""coordinates"":[]}"
32_22_1,519.9669095103752,6,23.0,2017,"{""type"":""MultiPoint"",""coordinates"":[]}"
32_22_2,0.1045503897094726,11,23.0,2017,"{""type"":""MultiPoint"",""coordinates"":[]}"
32_22_3,206.05003618774057,13,23.0,2017,"{""type"":""MultiPoint"",""coordinates"":[]}"
32_22_4,54.68155589892573,15,23.0,2017,"{""type"":""MultiPoint"",""coordinates"":[]}"
32_22_5,6.442755876953102,18,23.0,2017,"{""type"":""MultiPoint"",""coordinates"":[]}"
32_22_6,32.76292373223883,21,23.0,2017,"{""type"":""MultiPoint"",""coordinates"":[]}"
32_22_7,0.1634888920288087,23,23.0,2017,"{""type"":""MultiPoint"",""coordinates"":[]}"
32_22_8,0.016083121826171883,24,23.0,2017,"{""type"":""MultiPoint"",""coordinates"":[]}"
32_22_9,0.15099726049804688,25,23.0,2017,"{""type"":""MultiPoint"",""coordinates"":[]}"
32_22_10,44.56336679589865,33,23.0,2017,"{""type"":""MultiPoint"",""coordinates"":[]}"
32_22_11,0.8328059303588875,68,23.0,2017,"{""type"":""MultiPoint"",""coordinates"":[]}"
32_23_0,104.73089969891382,3,25.0,2017,"{""type"":""MultiPoint"",""coordinates"":[]}"
32_23_1,0.018772173828125002,15,25.0,2017,"{""type"":""MultiPoint"",""coordinates"":[]}"
32_23_2,0.05005860644531248,18,25.0,2017,"{""type"":""MultiPoint"",""coordinates"":[]}"
32_23_3,0.1868268394775389,21,25.0,2017,"{""type"":""MultiPoint"",""coordinates"":[]}"
32_23_4,0.01519604943847656,25,25.0,2017,"{""type"":""MultiPoint"",""coordinates"":[]}"
32_23_5,0.5694149697265622,33,25.0,2017,"{""type"":""MultiPoint"",""coordinates"":[]}"
33_0_0,22.834564693054084,3,1.0,2018,"{""type"":""MultiPoint"",""coordinates"":[]}"
33_0_1,0.00536190869140625,25,1.0,2018,"{""type"":""MultiPoint"",""coordinates"":[]}"
33_1_0,8864.23213545559,3,2.0,2018,"{""type"":""MultiPoint"",""coordinates"":[]}"
33_1_1,809.7703384014333,6,2.0,2018,"{""type"":""MultiPoint"",""coordinates"":[]}"
33_1_2,7.564131255798341,11,2.0,2018,"{""type"":""MultiPoint"",""coordinates"":[]}"
33_1_3,1.2865744440307603,13,2.0,2018,"{""type"":""MultiPoint"",""coordinates"":[]}"
33_1_4,0.22694271887207018,18,2.0,2018,"{""type"":""MultiPoint"",""coordinates"":[]}"
33_1_5,0.033057781188964845,21,2.0,2018,"{""type"":""MultiPoint"",""coordinates"":[]}"
33_1_6,0.11435121228027352,24,2.0,2018,"{""type"":""MultiPoint"",""coordinates"":[]}"
33_1_7,25.93863747863766,33,2.0,2018,"{""type"":""MultiPoint"",""coordinates"":[]}"
33_2_0,9412.048924620365,3,3.0,2018,"{""type"":""MultiPoint"",""coordinates"":[]}"
33_2_1,792.7202303916674,6,3.0,2018,"{""type"":""MultiPoint"",""coordinates"":[]}"
33_2_2,74.45172979107639,11,3.0,2018,"{""type"":""MultiPoint"",""coordinates"":[]}"
33_2_3,9.470103461242553,13,3.0,2018,"{""type"":""MultiPoint"",""coordinates"":[]}"
33_2_4,36.88507298883062,18,3.0,2018,"{""type"":""MultiPoint"",""coordinates"":[]}"
33_2_5,0.645388153198242,21,3.0,2018,"{""type"":""MultiPoint"",""coordinates"":[]}"
33_2_6,0.5211391083984377,23,3.0,2018,"{""type"":""MultiPoint"",""coordinates"":[]}"
33_2_7,0.44334468420410134,25,3.0,2018,"{""type"":""MultiPoint"",""coordinates"":[]}"
33_2_8,219.41847770385914,33,3.0,2018,"{""type"":""MultiPoint"",""coordinates"":[]}"
33_3_0,4879.741487018726,3,4.0,2018,"{""type"":""MultiPoint"",""coordinates"":[]}"
33_3_1,530.00449442852,6,4.0,2018,"{""type"":""MultiPoint"",""coordinates"":[]}"
33_3_2,69.87173504479955,11,4.0,2018,"{""type"":""MultiPoint"",""coordinates"":[]}"
33_3_3,1.0519037502441415,13,4.0,2018,"{""type"":""MultiPoint"",""coordinates"":[]}"
33_3_4,1.3880251117553737,18,4.0,2018,"{""type"":""MultiPoint"",""coordinates"":[]}"
33_3_5,0.01966215447998047,21,4.0,2018,"{""type"":""MultiPoint"",""coordinates"":[]}"
33_3_6,0.6613569871215814,23,4.0,2018,"{""type"":""MultiPoint"",""coordinates"":[]}"
33_3_7,0.0580944102783203,24,4.0,2018,"{""type"":""MultiPoint"",""coordinates"":[]}"
33_3_8,111.9022848776853,33,4.0,2018,"{""type"":""MultiPoint"",""coordinates"":[]}"
33_4_0,1563.8025665327768,3,5.0,2018,"{""type"":""MultiPoint"",""coordinates"":[]}"
33_4_1,49.29940854852322,6,5.0,2018,"{""type"":""MultiPoint"",""coordinates"":[]}"
33_4_2,0.028579533996582043,11,5.0,2018,"{""type"":""MultiPoint"",""coordinates"":[]}"
33_4_3,0.02947806756591797,12,5.0,2018,"{""type"":""MultiPoint"",""coordinates"":[]}"
33_4_4,437.10090430327523,15,5.0,2018,"{""type"":""MultiPoint"",""coordinates"":[]}"
33_4_5,0.2911632443847658,18,5.0,2018,"{""type"":""MultiPoint"",""coordinates"":[]}"
33_4_6,15.36994209478761,21,5.0,2018,"{""type"":""MultiPoint"",""coordinates"":[]}"
33_4_7,5.398735123779275,23,5.0,2018,"{""type"":""MultiPoint"",""coordinates"":[]}"
33_4_8,0.27689990832519534,25,5.0,2018,"{""type"":""MultiPoint"",""coordinates"":[]}"
33_4_9,17.983009536743054,33,5.0,2018,"{""type"":""MultiPoint"",""coordinates"":[]}"
33_5_0,2554.0403381928195,3,6.0,2018,"{""type"":""MultiPoint"",""coordinates"":[]}"
33_5_1,109.99182732910154,6,6.0,2018,"{""type"":""MultiPoint"",""coordinates"":[]}"
33_5_2,2.3970879595947268,11,6.0,2018,"{""type"":""MultiPoint"",""coordinates"":[]}"
33_5_3,0.197227688720703,13,6.0,2018,"{""type"":""MultiPoint"",""coordinates"":[]}"
33_5_4,9.078803789855968,18,6.0,2018,"{""type"":""MultiPoint"",""coordinates"":[]}"
33_5_5,0.121388063659668,21,6.0,2018,"{""type"":""MultiPoint"",""coordinates"":[]}"
33_5_6,0.03122120611572265,23,6.0,2018,"{""type"":""MultiPoint"",""coordinates"":[]}"
33_5_7,0.008030998962402343,25,6.0,2018,"{""type"":""MultiPoint"",""coordinates"":[]}"
33_5_8,5.490349386291497,33,6.0,2018,"{""type"":""MultiPoint"",""coordinates"":[]}"
33_6_0,933.2976759497105,3,7.0,2018,"{""type"":""MultiPoint"",""coordinates"":[]}"
33_6_1,0.47907331121826163,15,7.0,2018,"{""type"":""MultiPoint"",""coordinates"":[]}"
33_6_2,3.841521383300762,21,7.0,2018,"{""type"":""MultiPoint"",""coordinates"":[]}"
33_6_3,0.01608772619628906,23,7.0,2018,"{""type"":""MultiPoint"",""coordinates"":[]}"
33_6_4,0.3458930517578123,25,7.0,2018,"{""type"":""MultiPoint"",""coordinates"":[]}"
33_6_5,3.51877839343262,33,7.0,2018,"{""type"":""MultiPoint"",""coordinates"":[]}"
33_6_6,0.03396463745117188,68,7.0,2018,"{""type"":""MultiPoint"",""coordinates"":[]}"
33_7_0,3873.6748241160967,3,8.0,2018,"{""type"":""MultiPoint"",""coordinates"":[]}"
33_7_1,365.925167319583,6,8.0,2018,"{""type"":""MultiPoint"",""coordinates"":[]}"
33_7_2,45.1680684283892,11,8.0,2018,"{""type"":""MultiPoint"",""coordinates"":[]}"
33_7_3,1.1845168473510808,13,8.0,2018,"{""type"":""MultiPoint"",""coordinates"":[]}"
33_7_4,99.03494267223982,15,8.0,2018,"{""type"":""MultiPoint"",""coordinates"":[]}"
33_7_5,8.436267295410197,18,8.0,2018,"{""type"":""MultiPoint"",""coordinates"":[]}"
33_7_6,5.902867088256845,21,8.0,2018,"{""type"":""MultiPoint"",""coordinates"":[]}"
33_7_7,0.01877344165039063,23,8.0,2018,"{""type"":""MultiPoint"",""coordinates"":[]}"
33_7_8,0.3057367545166018,25,8.0,2018,"{""type"":""MultiPoint"",""coordinates"":[]}"
33_7_9,9.634271821350083,33,8.0,2018,"{""type"":""MultiPoint"",""coordinates"":[]}"
33_8_0,16.306388417236402,3,9.0,2018,"{""type"":""MultiPoint"",""coordinates"":[]}"
33_8_1,0.03931308544921874,11,9.0,2018,"{""type"":""MultiPoint"",""coordinates"":[]}"
33_8_2,13.800159077026386,13,9.0,2018,"{""type"":""MultiPoint"",""coordinates"":[]}"
33_8_3,0.02591144604492187,25,9.0,2018,"{""type"":""MultiPoint"",""coordinates"":[]}"
33_8_4,0.2859222379760744,33,9.0,2018,"{""type"":""MultiPoint"",""coordinates"":[]}"
33_9_0,37984.66589411254,3,10.0,2018,"{""type"":""MultiPoint"",""coordinates"":[]}"
33_9_1,3101.6155569513858,6,10.0,2018,"{""type"":""MultiPoint"",""coordinates"":[]}"
33_9_2,18.530678561584544,11,10.0,2018,"{""type"":""MultiPoint"",""coordinates"":[]}"
33_9_3,12.42485652825927,12,10.0,2018,"{""type"":""MultiPoint"",""coordinates"":[]}"
33_9_4,1280.7546939283534,13,10.0,2018,"{""type"":""MultiPoint"",""coordinates"":[]}"
33_9_5,23.52594180426029,15,10.0,2018,"{""type"":""MultiPoint"",""coordinates"":[]}"
33_9_6,3.4994777794189442,18,10.0,2018,"{""type"":""MultiPoint"",""coordinates"":[]}"
33_9_7,8.039953004455569,21,10.0,2018,"{""type"":""MultiPoint"",""coordinates"":[]}"
33_9_8,3.131283769958495,23,10.0,2018,"{""type"":""MultiPoint"",""coordinates"":[]}"
33_9_9,0.18594574035644534,24,10.0,2018,"{""type"":""MultiPoint"",""coordinates"":[]}"
33_9_10,0.4040137068481448,25,10.0,2018,"{""type"":""MultiPoint"",""coordinates"":[]}"
33_9_11,257.77279641931057,33,10.0,2018,"{""type"":""MultiPoint"",""coordinates"":[]}"
33_10_0,5161.213051104507,3,11.0,2018,"{""type"":""MultiPoint"",""coordinates"":[]}"
33_10_1,352.8511500565901,6,11.0,2018,"{""type"":""MultiPoint"",""coordinates"":[]}"
33_10_2,1.6166750365600595,11,11.0,2018,"{""type"":""MultiPoint"",""coordinates"":[]}"
33_10_3,61.741551837645964,12,11.0,2018,"{""type"":""MultiPoint"",""coordinates"":[]}"
33_10_4,105.55755938250512,13,11.0,2018,"{""type"":""MultiPoint"",""coordinates"":[]}"
33_10_5,441.9277186524032,15,11.0,2018,"{""type"":""MultiPoint"",""coordinates"":[]}"
33_10_6,2.194496053405761,18,11.0,2018,"{""type"":""MultiPoint"",""coordinates"":[]}"
33_10_7,52.64985830773932,21,11.0,2018,"{""type"":""MultiPoint"",""coordinates"":[]}"
33_10_8,2.356045421630859,23,11.0,2018,"{""type"":""MultiPoint"",""coordinates"":[]}"
33_10_9,0.022330171081542973,24,11.0,2018,"{""type"":""MultiPoint"",""coordinates"":[]}"
33_10_10,0.8000436533203128,25,11.0,2018,"{""type"":""MultiPoint"",""coordinates"":[]}"
33_10_11,36.19996494232164,33,11.0,2018,"{""type"":""MultiPoint"",""coordinates"":[]}"
33_11_0,559.6914172829188,3,12.0,2018,"{""type"":""MultiPoint"",""coordinates"":[]}"
33_11_1,0.09829851245117174,11,12.0,2018,"{""type"":""MultiPoint"",""coordinates"":[]}"
33_11_2,24.248973380981205,13,12.0,2018,"{""type"":""MultiPoint"",""coordinates"":[]}"
33_11_3,0.06344877246093747,15,12.0,2018,"{""type"":""MultiPoint"",""coordinates"":[]}"
33_11_4,1.5210021368408198,21,12.0,2018,"{""type"":""MultiPoint"",""coordinates"":[]}"
33_11_5,8.936668090820313E-4,23,12.0,2018,"{""type"":""MultiPoint"",""coordinates"":[]}"
33_11_6,0.31456843908691406,25,12.0,2018,"{""type"":""MultiPoint"",""coordinates"":[]}"
33_11_7,0.46739721417236296,33,12.0,2018,"{""type"":""MultiPoint"",""coordinates"":[]}"
33_11_8,0.31546542919921927,68,12.0,2018,"{""type"":""MultiPoint"",""coordinates"":[]}"
33_12_0,1.0883541867065636,11,13.0,2018,"{""type"":""MultiPoint"",""coordinates"":[]}"
33_12_1,0.032062777526855456,12,13.0,2018,"{""type"":""MultiPoint"",""coordinates"":[]}"
33_12_2,8.90638671875E-4,33,13.0,2018,"{""type"":""MultiPoint"",""coordinates"":[]}"
33_13_0,902.0340461896508,3,14.0,2018,"{""type"":""MultiPoint"",""coordinates"":[]}"
33_13_1,608.3237699560812,13,14.0,2018,"{""type"":""MultiPoint"",""coordinates"":[]}"
33_13_2,5.067516518310543,15,14.0,2018,"{""type"":""MultiPoint"",""coordinates"":[]}"
33_13_3,0.6422356406860343,18,14.0,2018,"{""type"":""MultiPoint"",""coordinates"":[]}"
33_13_4,14.170945970458858,21,14.0,2018,"{""type"":""MultiPoint"",""coordinates"":[]}"
33_13_5,0.19626501605224608,23,14.0,2018,"{""type"":""MultiPoint"",""coordinates"":[]}"
33_13_6,0.016947939453124998,25,14.0,2018,"{""type"":""MultiPoint"",""coordinates"":[]}"
33_13_7,6.942915139526372,33,14.0,2018,"{""type"":""MultiPoint"",""coordinates"":[]}"
33_13_8,1.9051999927978518,68,14.0,2018,"{""type"":""MultiPoint"",""coordinates"":[]}"
33_14_0,749.7884821834531,3,15.0,2018,"{""type"":""MultiPoint"",""coordinates"":[]}"
33_14_1,1.4907163302001964,15,15.0,2018,"{""type"":""MultiPoint"",""coordinates"":[]}"
33_14_2,12.47261904705826,21,15.0,2018,"{""type"":""MultiPoint"",""coordinates"":[]}"
33_14_3,0.02055462121582032,23,15.0,2018,"{""type"":""MultiPoint"",""coordinates"":[]}"
33_14_4,0.14120303924560557,25,15.0,2018,"{""type"":""MultiPoint"",""coordinates"":[]}"
33_14_5,0.025917282653808583,30,15.0,2018,"{""type"":""MultiPoint"",""coordinates"":[]}"
33_14_6,0.2439841846923827,33,15.0,2018,"{""type"":""MultiPoint"",""coordinates"":[]}"
33_15_0,2690.0538588108116,3,16.0,2018,"{""type"":""MultiPoint"",""coordinates"":[]}"
33_15_1,4.990426183227532,6,16.0,2018,"{""type"":""MultiPoint"",""coordinates"":[]}"
33_15_2,24.5246524739989,13,16.0,2018,"{""type"":""MultiPoint"",""coordinates"":[]}"
33_15_3,142.05919123658066,15,16.0,2018,"{""type"":""MultiPoint"",""coordinates"":[]}"
33_15_4,9.581768426086388,21,16.0,2018,"{""type"":""MultiPoint"",""coordinates"":[]}"
33_15_5,4.013522527893065,23,16.0,2018,"{""type"":""MultiPoint"",""coordinates"":[]}"
33_15_6,0.11966478778076173,25,16.0,2018,"{""type"":""MultiPoint"",""coordinates"":[]}"
33_15_7,0.00535637158203125,30,16.0,2018,"{""type"":""MultiPoint"",""coordinates"":[]}"
33_15_8,6.320058425354011,33,16.0,2018,"{""type"":""MultiPoint"",""coordinates"":[]}"
33_15_9,0.08483386700439448,68,16.0,2018,"{""type"":""MultiPoint"",""coordinates"":[]}"
33_16_0,0.27618358868408266,3,17.0,2018,"{""type"":""MultiPoint"",""coordinates"":[]}"
33_16_1,0.00446895947265625,21,17.0,2018,"{""type"":""MultiPoint"",""coordinates"":[]}"
33_17_0,344.28477760714645,3,18.0,2018,"{""type"":""MultiPoint"",""coordinates"":[]}"
33_17_1,6.30906419146725,13,18.0,2018,"{""type"":""MultiPoint"",""coordinates"":[]}"
33_17_2,3.3927874686279273,15,18.0,2018,"{""type"":""MultiPoint"",""coordinates"":[]}"
33_17_3,21.94571911511194,21,18.0,2018,"{""type"":""MultiPoint"",""coordinates"":[]}"
33_17_4,0.310138818786621,23,18.0,2018,"{""type"":""MultiPoint"",""coordinates"":[]}"
33_17_5,0.4817416661376952,25,18.0,2018,"{""type"":""MultiPoint"",""coordinates"":[]}"
33_17_6,0.07686497607421881,30,18.0,2018,"{""type"":""MultiPoint"",""coordinates"":[]}"
33_17_7,0.5532453661499027,33,18.0,2018,"{""type"":""MultiPoint"",""coordinates"":[]}"
33_17_8,0.5022998267211914,68,18.0,2018,"{""type"":""MultiPoint"",""coordinates"":[]}"
33_18_0,320.05982033531916,3,19.0,2018,"{""type"":""MultiPoint"",""coordinates"":[]}"
33_18_1,20.268838520447265,11,19.0,2018,"{""type"":""MultiPoint"",""coordinates"":[]}"
33_18_2,51.34749977294848,13,19.0,2018,"{""type"":""MultiPoint"",""coordinates"":[]}"
33_18_3,0.17250187341308576,15,19.0,2018,"{""type"":""MultiPoint"",""coordinates"":[]}"
33_18_4,5.76774862310798,18,19.0,2018,"{""type"":""MultiPoint"",""coordinates"":[]}"
33_18_5,60.22807151397799,21,19.0,2018,"{""type"":""MultiPoint"",""coordinates"":[]}"
33_18_6,0.317301687988281,24,19.0,2018,"{""type"":""MultiPoint"",""coordinates"":[]}"
33_18_7,0.06256771374511721,25,19.0,2018,"{""type"":""MultiPoint"",""coordinates"":[]}"
33_18_8,0.053631939392089836,27,19.0,2018,"{""type"":""MultiPoint"",""coordinates"":[]}"
33_18_9,41.81907407049718,33,19.0,2018,"{""type"":""MultiPoint"",""coordinates"":[]}"
33_19_0,127.98116185528535,3,20.0,2018,"{""type"":""MultiPoint"",""coordinates"":[]}"
33_19_1,19.177567869812304,6,20.0,2018,"{""type"":""MultiPoint"",""coordinates"":[]}"
33_19_2,0.42424351373291,11,20.0,2018,"{""type"":""MultiPoint"",""coordinates"":[]}"
33_19_3,64.85587202758775,13,20.0,2018,"{""type"":""MultiPoint"",""coordinates"":[]}"
33_19_4,55.857152277893015,15,20.0,2018,"{""type"":""MultiPoint"",""coordinates"":[]}"
33_19_5,0.06519824694824217,18,20.0,2018,"{""type"":""MultiPoint"",""coordinates"":[]}"
33_19_6,15.355549087890715,21,20.0,2018,"{""type"":""MultiPoint"",""coordinates"":[]}"
33_19_7,0.0044654456787109375,23,20.0,2018,"{""type"":""MultiPoint"",""coordinates"":[]}"
33_19_8,0.07859593853759768,25,20.0,2018,"{""type"":""MultiPoint"",""coordinates"":[]}"
33_19_9,0.5224573298950199,33,20.0,2018,"{""type"":""MultiPoint"",""coordinates"":[]}"
33_20_0,49.24404130328548,3,21.0,2018,"{""type"":""MultiPoint"",""coordinates"":[]}"
33_20_1,0.002679846618652344,6,21.0,2018,"{""type"":""MultiPoint"",""coordinates"":[]}"
33_20_2,15.416503295532376,15,21.0,2018,"{""type"":""MultiPoint"",""coordinates"":[]}"
33_20_3,6.123192666259771,21,21.0,2018,"{""type"":""MultiPoint"",""coordinates"":[]}"
33_21_0,9892.087679195949,3,22.0,2018,"{""type"":""MultiPoint"",""coordinates"":[]}"
33_21_1,904.3846672591225,6,22.0,2018,"{""type"":""MultiPoint"",""coordinates"":[]}"
33_21_2,4.492690943359365,11,22.0,2018,"{""type"":""MultiPoint"",""coordinates"":[]}"
33_21_3,21.30601276824954,13,22.0,2018,"{""type"":""MultiPoint"",""coordinates"":[]}"
33_21_4,34.54000090576154,18,22.0,2018,"{""type"":""MultiPoint"",""coordinates"":[]}"
33_21_5,1.3398983909912108,21,22.0,2018,"{""type"":""MultiPoint"",""coordinates"":[]}"
33_21_6,0.3661959512329098,23,22.0,2018,"{""type"":""MultiPoint"",""coordinates"":[]}"
33_21_7,0.3536671563720701,24,22.0,2018,"{""type"":""MultiPoint"",""coordinates"":[]}"
33_21_8,2.7424697073364257,25,22.0,2018,"{""type"":""MultiPoint"",""coordinates"":[]}"
33_21_9,20.529801086059543,29,22.0,2018,"{""type"":""MultiPoint"",""coordinates"":[]}"
33_21_10,0.36633579272460903,30,22.0,2018,"{""type"":""MultiPoint"",""coordinates"":[]}"
33_21_11,78.97095008502198,33,22.0,2018,"{""type"":""MultiPoint"",""coordinates"":[]}"
33_21_12,2.6181108883666955,68,22.0,2018,"{""type"":""MultiPoint"",""coordinates"":[]}"
33_22_0,7892.486845604194,3,23.0,2018,"{""type"":""MultiPoint"",""coordinates"":[]}"
33_22_1,532.8947321276819,6,23.0,2018,"{""type"":""MultiPoint"",""coordinates"":[]}"
33_22_2,0.1045503897094726,11,23.0,2018,"{""type"":""MultiPoint"",""coordinates"":[]}"
33_22_3,206.90142835680774,13,23.0,2018,"{""type"":""MultiPoint"",""coordinates"":[]}"
33_22_4,53.28804594500725,15,23.0,2018,"{""type"":""MultiPoint"",""coordinates"":[]}"
33_22_5,6.267666700134251,18,23.0,2018,"{""type"":""MultiPoint"",""coordinates"":[]}"
33_22_6,36.344393632080134,21,23.0,2018,"{""type"":""MultiPoint"",""coordinates"":[]}"
33_22_7,0.17242181878662124,23,23.0,2018,"{""type"":""MultiPoint"",""coordinates"":[]}"
33_22_8,0.01608312158203126,24,23.0,2018,"{""type"":""MultiPoint"",""coordinates"":[]}"
33_22_9,0.43155250122070327,25,23.0,2018,"{""type"":""MultiPoint"",""coordinates"":[]}"
33_22_10,44.58306411651627,33,23.0,2018,"{""type"":""MultiPoint"",""coordinates"":[]}"
33_22_11,0.7907659472045897,68,23.0,2018,"{""type"":""MultiPoint"",""coordinates"":[]}"
33_23_0,104.70408241259788,3,25.0,2018,"{""type"":""MultiPoint"",""coordinates"":[]}"
33_23_1,0.00625738104248047,15,25.0,2018,"{""type"":""MultiPoint"",""coordinates"":[]}"
33_23_2,0.051846449462890604,18,25.0,2018,"{""type"":""MultiPoint"",""coordinates"":[]}"
33_23_3,0.217219913269043,21,25.0,2018,"{""type"":""MultiPoint"",""coordinates"":[]}"
33_23_4,0.021453246032714857,25,25.0,2018,"{""type"":""MultiPoint"",""coordinates"":[]}"
33_23_5,0.5703089354248043,33,25.0,2018,"{""type"":""MultiPoint"",""coordinates"":[]}"
34_0_0,22.834564693054084,3,1.0,2019,"{""type"":""MultiPoint"",""coordinates"":[]}"
34_0_1,0.00536190869140625,25,1.0,2019,"{""type"":""MultiPoint"",""coordinates"":[]}"
34_1_0,8879.797861812542,3,2.0,2019,"{""type"":""MultiPoint"",""coordinates"":[]}"
34_1_1,794.5878472022116,6,2.0,2019,"{""type"":""MultiPoint"",""coordinates"":[]}"
34_1_2,7.1147709204712015,11,2.0,2019,"{""type"":""MultiPoint"",""coordinates"":[]}"
34_1_3,1.2713857669677724,13,2.0,2019,"{""type"":""MultiPoint"",""coordinates"":[]}"
34_1_4,0.15904772595214833,18,2.0,2019,"{""type"":""MultiPoint"",""coordinates"":[]}"
34_1_5,0.24034546783447258,21,2.0,2019,"{""type"":""MultiPoint"",""coordinates"":[]}"
34_1_6,0.1268583016967774,24,2.0,2019,"{""type"":""MultiPoint"",""coordinates"":[]}"
34_1_7,0.03662946917724609,25,2.0,2019,"{""type"":""MultiPoint"",""coordinates"":[]}"
34_1_8,25.831422080993608,33,2.0,2019,"{""type"":""MultiPoint"",""coordinates"":[]}"
34_2_0,9397.564893567253,3,3.0,2019,"{""type"":""MultiPoint"",""coordinates"":[]}"
34_2_1,809.4032131997158,6,3.0,2019,"{""type"":""MultiPoint"",""coordinates"":[]}"
34_2_2,71.17740263525369,11,3.0,2019,"{""type"":""MultiPoint"",""coordinates"":[]}"
34_2_3,9.41915079321274,13,3.0,2019,"{""type"":""MultiPoint"",""coordinates"":[]}"
34_2_4,37.761131590698426,18,3.0,2019,"{""type"":""MultiPoint"",""coordinates"":[]}"
34_2_5,1.4257323726806643,21,3.0,2019,"{""type"":""MultiPoint"",""coordinates"":[]}"
34_2_6,0.19040190490722653,23,3.0,2019,"{""type"":""MultiPoint"",""coordinates"":[]}"
34_2_7,0.19664999743652348,25,3.0,2019,"{""type"":""MultiPoint"",""coordinates"":[]}"
34_2_8,219.46583484179936,33,3.0,2019,"{""type"":""MultiPoint"",""coordinates"":[]}"
34_3_0,4863.64706974485,3,4.0,2019,"{""type"":""MultiPoint"",""coordinates"":[]}"
34_3_1,533.4974601237155,6,4.0,2019,"{""type"":""MultiPoint"",""coordinates"":[]}"
34_3_2,82.94061401721099,11,4.0,2019,"{""type"":""MultiPoint"",""coordinates"":[]}"
34_3_3,0.8615370845336913,13,4.0,2019,"{""type"":""MultiPoint"",""coordinates"":[]}"
34_3_4,1.3102685715332048,18,4.0,2019,"{""type"":""MultiPoint"",""coordinates"":[]}"
34_3_5,0.024130008605957032,21,4.0,2019,"{""type"":""MultiPoint"",""coordinates"":[]}"
34_3_6,0.05541312603759765,24,4.0,2019,"{""type"":""MultiPoint"",""coordinates"":[]}"
34_3_7,112.3625511071164,33,4.0,2019,"{""type"":""MultiPoint"",""coordinates"":[]}"
34_4_0,1520.756679513183,3,5.0,2019,"{""type"":""MultiPoint"",""coordinates"":[]}"
34_4_1,48.278579753845314,6,5.0,2019,"{""type"":""MultiPoint"",""coordinates"":[]}"
34_4_2,0.03483130859375,11,5.0,2019,"{""type"":""MultiPoint"",""coordinates"":[]}"
34_4_3,0.03305117279052734,12,5.0,2019,"{""type"":""MultiPoint"",""coordinates"":[]}"
34_4_4,485.19757957208367,15,5.0,2019,"{""type"":""MultiPoint"",""coordinates"":[]}"
34_4_5,0.4206649767456052,18,5.0,2019,"{""type"":""MultiPoint"",""coordinates"":[]}"
34_4_6,13.323516148254372,21,5.0,2019,"{""type"":""MultiPoint"",""coordinates"":[]}"
34_4_7,3.5580966956176567,23,5.0,2019,"{""type"":""MultiPoint"",""coordinates"":[]}"
34_4_8,0.08932310815429687,25,5.0,2019,"{""type"":""MultiPoint"",""coordinates"":[]}"
34_4_9,17.888364644897354,33,5.0,2019,"{""type"":""MultiPoint"",""coordinates"":[]}"
34_5_0,2560.10036121461,3,6.0,2019,"{""type"":""MultiPoint"",""coordinates"":[]}"
34_5_1,103.30292867730697,6,6.0,2019,"{""type"":""MultiPoint"",""coordinates"":[]}"
34_5_2,2.368567701171875,11,6.0,2019,"{""type"":""MultiPoint"",""coordinates"":[]}"
34_5_3,0.2677137730102539,13,6.0,2019,"{""type"":""MultiPoint"",""coordinates"":[]}"
34_5_4,9.7746283241578,18,6.0,2019,"{""type"":""MultiPoint"",""coordinates"":[]}"
34_5_5,0.13031428436279302,21,6.0,2019,"{""type"":""MultiPoint"",""coordinates"":[]}"
34_5_6,0.1204245316772463,23,6.0,2019,"{""type"":""MultiPoint"",""coordinates"":[]}"
34_5_7,0.0160596669921875,25,6.0,2019,"{""type"":""MultiPoint"",""coordinates"":[]}"
34_5_8,5.275276441894524,33,6.0,2019,"{""type"":""MultiPoint"",""coordinates"":[]}"
34_6_0,933.2136593670054,3,7.0,2019,"{""type"":""MultiPoint"",""coordinates"":[]}"
34_6_1,0.4897983420410157,15,7.0,2019,"{""type"":""MultiPoint"",""coordinates"":[]}"
34_6_2,3.9577122907714744,21,7.0,2019,"{""type"":""MultiPoint"",""coordinates"":[]}"
34_6_3,0.04737006072998046,23,7.0,2019,"{""type"":""MultiPoint"",""coordinates"":[]}"
34_6_4,0.32623130621337865,25,7.0,2019,"{""type"":""MultiPoint"",""coordinates"":[]}"
34_6_5,3.4535327687377944,33,7.0,2019,"{""type"":""MultiPoint"",""coordinates"":[]}"
34_6_6,0.04469031756591799,68,7.0,2019,"{""type"":""MultiPoint"",""coordinates"":[]}"
34_7_0,3883.6676449089996,3,8.0,2019,"{""type"":""MultiPoint"",""coordinates"":[]}"
34_7_1,353.87173729650567,6,8.0,2019,"{""type"":""MultiPoint"",""coordinates"":[]}"
34_7_2,45.64991899528052,11,8.0,2019,"{""type"":""MultiPoint"",""coordinates"":[]}"
34_7_3,1.676203079223603,13,8.0,2019,"{""type"":""MultiPoint"",""coordinates"":[]}"
34_7_4,102.89597995941224,15,8.0,2019,"{""type"":""MultiPoint"",""coordinates"":[]}"
34_7_5,6.65729078247078,18,8.0,2019,"{""type"":""MultiPoint"",""coordinates"":[]}"
34_7_6,5.248485326110849,21,8.0,2019,"{""type"":""MultiPoint"",""coordinates"":[]}"
34_7_7,0.5631983045654294,25,8.0,2019,"{""type"":""MultiPoint"",""coordinates"":[]}"
34_7_8,9.054977132018992,33,8.0,2019,"{""type"":""MultiPoint"",""coordinates"":[]}"
34_8_0,16.295666394714424,3,9.0,2019,"{""type"":""MultiPoint"",""coordinates"":[]}"
34_8_1,0.03305865521240235,11,9.0,2019,"{""type"":""MultiPoint"",""coordinates"":[]}"
34_8_2,13.826070685302764,13,9.0,2019,"{""type"":""MultiPoint"",""coordinates"":[]}"
34_8_3,0.020550338134765627,25,9.0,2019,"{""type"":""MultiPoint"",""coordinates"":[]}"
34_8_4,0.2823481903686525,33,9.0,2019,"{""type"":""MultiPoint"",""coordinates"":[]}"
34_9_0,37937.40347659035,3,10.0,2019,"{""type"":""MultiPoint"",""coordinates"":[]}"
34_9_1,3136.8855992071144,6,10.0,2019,"{""type"":""MultiPoint"",""coordinates"":[]}"
34_9_2,16.74276018829352,11,10.0,2019,"{""type"":""MultiPoint"",""coordinates"":[]}"
34_9_3,11.973472824340854,12,10.0,2019,"{""type"":""MultiPoint"",""coordinates"":[]}"
34_9_4,1279.0494812556506,13,10.0,2019,"{""type"":""MultiPoint"",""coordinates"":[]}"
34_9_5,36.23885640429685,15,10.0,2019,"{""type"":""MultiPoint"",""coordinates"":[]}"
34_9_6,3.7220484088745156,18,10.0,2019,"{""type"":""MultiPoint"",""coordinates"":[]}"
34_9_7,6.919291289978036,21,10.0,2019,"{""type"":""MultiPoint"",""coordinates"":[]}"
34_9_8,7.308557422119142,23,10.0,2019,"{""type"":""MultiPoint"",""coordinates"":[]}"
34_9_9,0.18594574035644534,24,10.0,2019,"{""type"":""MultiPoint"",""coordinates"":[]}"
34_9_10,0.6775396908569329,25,10.0,2019,"{""type"":""MultiPoint"",""coordinates"":[]}"
34_9_11,257.4440632843008,33,10.0,2019,"{""type"":""MultiPoint"",""coordinates"":[]}"
34_10_0,5146.422163245884,3,11.0,2019,"{""type"":""MultiPoint"",""coordinates"":[]}"
34_10_1,349.8580751859789,6,11.0,2019,"{""type"":""MultiPoint"",""coordinates"":[]}"
34_10_2,1.6050574442138679,11,11.0,2019,"{""type"":""MultiPoint"",""coordinates"":[]}"
34_10_3,61.6129248011469,12,11.0,2019,"{""type"":""MultiPoint"",""coordinates"":[]}"
34_10_4,105.3941712867411,13,11.0,2019,"{""type"":""MultiPoint"",""coordinates"":[]}"
34_10_5,457.1517558178058,15,11.0,2019,"{""type"":""MultiPoint"",""coordinates"":[]}"
34_10_6,2.382912108032227,18,11.0,2019,"{""type"":""MultiPoint"",""coordinates"":[]}"
34_10_7,56.38599383587653,21,11.0,2019,"{""type"":""MultiPoint"",""coordinates"":[]}"
34_10_8,1.7594599868774403,23,11.0,2019,"{""type"":""MultiPoint"",""coordinates"":[]}"
34_10_9,0.025009791564941413,24,11.0,2019,"{""type"":""MultiPoint"",""coordinates"":[]}"
34_10_10,0.473229605834961,25,11.0,2019,"{""type"":""MultiPoint"",""coordinates"":[]}"
34_10_11,36.059691509765464,33,11.0,2019,"{""type"":""MultiPoint"",""coordinates"":[]}"
34_11_0,559.7378872038192,3,12.0,2019,"{""type"":""MultiPoint"",""coordinates"":[]}"
34_11_1,0.09829851245117174,11,12.0,2019,"{""type"":""MultiPoint"",""coordinates"":[]}"
34_11_2,24.298119288268815,13,12.0,2019,"{""type"":""MultiPoint"",""coordinates"":[]}"
34_11_3,0.0688106682128906,15,12.0,2019,"{""type"":""MultiPoint"",""coordinates"":[]}"
34_11_4,1.7104649213256824,21,12.0,2019,"{""type"":""MultiPoint"",""coordinates"":[]}"
34_11_5,0.004468377319335937,23,12.0,2019,"{""type"":""MultiPoint"",""coordinates"":[]}"
34_11_6,0.16443378112792978,25,12.0,2019,"{""type"":""MultiPoint"",""coordinates"":[]}"
34_11_7,0.45667287542724566,33,12.0,2019,"{""type"":""MultiPoint"",""coordinates"":[]}"
34_11_8,0.1823092069702149,68,12.0,2019,"{""type"":""MultiPoint"",""coordinates"":[]}"
34_12_0,1.0883541867065636,11,13.0,2019,"{""type"":""MultiPoint"",""coordinates"":[]}"
34_12_1,0.03295341619873046,12,13.0,2019,"{""type"":""MultiPoint"",""coordinates"":[]}"
34_13_0,902.7137578732996,3,14.0,2019,"{""type"":""MultiPoint"",""coordinates"":[]}"
34_13_1,607.1721716479173,13,14.0,2019,"{""type"":""MultiPoint"",""coordinates"":[]}"
34_13_2,4.878412600524917,15,14.0,2019,"{""type"":""MultiPoint"",""coordinates"":[]}"
34_13_3,1.2345077420654347,18,14.0,2019,"{""type"":""MultiPoint"",""coordinates"":[]}"
34_13_4,14.319949307250862,21,14.0,2019,"{""type"":""MultiPoint"",""coordinates"":[]}"
34_13_5,0.18377510119628912,23,14.0,2019,"{""type"":""MultiPoint"",""coordinates"":[]}"
34_13_6,0.016947939453124998,25,14.0,2019,"{""type"":""MultiPoint"",""coordinates"":[]}"
34_13_7,6.937561963989253,33,14.0,2019,"{""type"":""MultiPoint"",""coordinates"":[]}"
34_13_8,1.842758187316894,68,14.0,2019,"{""type"":""MultiPoint"",""coordinates"":[]}"
34_14_0,749.4444061181553,3,15.0,2019,"{""type"":""MultiPoint"",""coordinates"":[]}"
34_14_1,1.47463151641846,15,15.0,2019,"{""type"":""MultiPoint"",""coordinates"":[]}"
34_14_2,12.843505121948372,21,15.0,2019,"{""type"":""MultiPoint"",""coordinates"":[]}"
34_14_3,0.020554374877929688,23,15.0,2019,"{""type"":""MultiPoint"",""coordinates"":[]}"
34_14_4,0.13405292999267576,25,15.0,2019,"{""type"":""MultiPoint"",""coordinates"":[]}"
34_14_5,0.025023583557128894,30,15.0,2019,"{""type"":""MultiPoint"",""coordinates"":[]}"
34_14_6,0.24130304357910143,33,15.0,2019,"{""type"":""MultiPoint"",""coordinates"":[]}"
34_15_0,2687.9755819833376,3,16.0,2019,"{""type"":""MultiPoint"",""coordinates"":[]}"
34_15_1,4.924345332702626,6,16.0,2019,"{""type"":""MultiPoint"",""coordinates"":[]}"
34_15_2,24.589819524047737,13,16.0,2019,"{""type"":""MultiPoint"",""coordinates"":[]}"
34_15_3,145.54301847351883,15,16.0,2019,"{""type"":""MultiPoint"",""coordinates"":[]}"
34_15_4,9.476298556518529,21,16.0,2019,"{""type"":""MultiPoint"",""coordinates"":[]}"
34_15_5,3.0134943610229468,23,16.0,2019,"{""type"":""MultiPoint"",""coordinates"":[]}"
34_15_6,0.0312552202758789,25,16.0,2019,"{""type"":""MultiPoint"",""coordinates"":[]}"
34_15_7,0.016961559204101563,30,16.0,2019,"{""type"":""MultiPoint"",""coordinates"":[]}"
34_15_8,6.166484324646003,33,16.0,2019,"{""type"":""MultiPoint"",""coordinates"":[]}"
34_15_9,0.016073775024414063,68,16.0,2019,"{""type"":""MultiPoint"",""coordinates"":[]}"
34_16_0,0.27618358868408266,3,17.0,2019,"{""type"":""MultiPoint"",""coordinates"":[]}"
34_16_1,0.00446895947265625,21,17.0,2019,"{""type"":""MultiPoint"",""coordinates"":[]}"
34_17_0,343.80213614254706,3,18.0,2019,"{""type"":""MultiPoint"",""coordinates"":[]}"
34_17_1,6.3001266213378555,13,18.0,2019,"{""type"":""MultiPoint"",""coordinates"":[]}"
34_17_2,3.288217151184074,15,18.0,2019,"{""type"":""MultiPoint"",""coordinates"":[]}"
34_17_3,22.873457252563234,21,18.0,2019,"{""type"":""MultiPoint"",""coordinates"":[]}"
34_17_4,0.30209428076171874,23,18.0,2019,"{""type"":""MultiPoint"",""coordinates"":[]}"
34_17_5,0.3852151658325195,25,18.0,2019,"{""type"":""MultiPoint"",""coordinates"":[]}"
34_17_6,0.09474055645751961,30,18.0,2019,"{""type"":""MultiPoint"",""coordinates"":[]}"
34_17_7,0.4513555266113285,33,18.0,2019,"{""type"":""MultiPoint"",""coordinates"":[]}"
34_17_8,0.3592963389282229,68,18.0,2019,"{""type"":""MultiPoint"",""coordinates"":[]}"
34_18_0,321.38984936004215,3,19.0,2019,"{""type"":""MultiPoint"",""coordinates"":[]}"
34_18_1,20.545035907348826,11,19.0,2019,"{""type"":""MultiPoint"",""coordinates"":[]}"
34_18_2,51.26347162658628,13,19.0,2019,"{""type"":""MultiPoint"",""coordinates"":[]}"
34_18_3,0.21182862872314415,15,19.0,2019,"{""type"":""MultiPoint"",""coordinates"":[]}"
34_18_4,6.489050880310177,18,19.0,2019,"{""type"":""MultiPoint"",""coordinates"":[]}"
34_18_5,57.96401499591075,21,19.0,2019,"{""type"":""MultiPoint"",""coordinates"":[]}"
34_18_6,0.3190892915649412,24,19.0,2019,"{""type"":""MultiPoint"",""coordinates"":[]}"
34_18_7,0.06435565509033207,25,19.0,2019,"{""type"":""MultiPoint"",""coordinates"":[]}"
34_18_8,0.053631939392089836,27,19.0,2019,"{""type"":""MultiPoint"",""coordinates"":[]}"
34_18_9,41.79672776587083,33,19.0,2019,"{""type"":""MultiPoint"",""coordinates"":[]}"
34_19_0,127.11216898901344,3,20.0,2019,"{""type"":""MultiPoint"",""coordinates"":[]}"
34_19_1,19.604482238464787,6,20.0,2019,"{""type"":""MultiPoint"",""coordinates"":[]}"
34_19_2,0.389410704223633,11,20.0,2019,"{""type"":""MultiPoint"",""coordinates"":[]}"
34_19_3,64.11724875939856,13,20.0,2019,"{""type"":""MultiPoint"",""coordinates"":[]}"
34_19_4,58.04437474707029,15,20.0,2019,"{""type"":""MultiPoint"",""coordinates"":[]}"
34_19_5,0.9779853850097663,18,20.0,2019,"{""type"":""MultiPoint"",""coordinates"":[]}"
34_19_6,13.496974804443449,21,20.0,2019,"{""type"":""MultiPoint"",""coordinates"":[]}"
34_19_7,0.06430520538330081,25,20.0,2019,"{""type"":""MultiPoint"",""coordinates"":[]}"
34_19_8,0.5153127602539064,33,20.0,2019,"{""type"":""MultiPoint"",""coordinates"":[]}"
34_20_0,49.385171593141514,3,21.0,2019,"{""type"":""MultiPoint"",""coordinates"":[]}"
34_20_1,16.153424658874698,15,21.0,2019,"{""type"":""MultiPoint"",""coordinates"":[]}"
34_20_2,5.247820859680193,21,21.0,2019,"{""type"":""MultiPoint"",""coordinates"":[]}"
34_21_0,9885.34312973433,3,22.0,2019,"{""type"":""MultiPoint"",""coordinates"":[]}"
34_21_1,907.8589912230708,6,22.0,2019,"{""type"":""MultiPoint"",""coordinates"":[]}"
34_21_2,4.231968909179684,11,22.0,2019,"{""type"":""MultiPoint"",""coordinates"":[]}"
34_21_3,21.862547474487343,13,22.0,2019,"{""type"":""MultiPoint"",""coordinates"":[]}"
34_21_4,36.1181539025267,18,22.0,2019,"{""type"":""MultiPoint"",""coordinates"":[]}"
34_21_5,1.321142349365234,21,22.0,2019,"{""type"":""MultiPoint"",""coordinates"":[]}"
34_21_6,0.3081448029785154,23,22.0,2019,"{""type"":""MultiPoint"",""coordinates"":[]}"
34_21_7,0.35545307287597633,24,22.0,2019,"{""type"":""MultiPoint"",""coordinates"":[]}"
34_21_8,2.598638050537108,25,22.0,2019,"{""type"":""MultiPoint"",""coordinates"":[]}"
34_21_9,20.35824811242671,29,22.0,2019,"{""type"":""MultiPoint"",""coordinates"":[]}"
34_21_10,0.3859932534790034,30,22.0,2019,"{""type"":""MultiPoint"",""coordinates"":[]}"
34_21_11,81.48024957501227,33,22.0,2019,"{""type"":""MultiPoint"",""coordinates"":[]}"
34_21_12,1.8758196702880876,68,22.0,2019,"{""type"":""MultiPoint"",""coordinates"":[]}"
34_22_0,7892.555193940392,3,23.0,2019,"{""type"":""MultiPoint"",""coordinates"":[]}"
34_22_1,529.6600420989952,6,23.0,2019,"{""type"":""MultiPoint"",""coordinates"":[]}"
34_22_2,0.10544400897216791,11,23.0,2019,"{""type"":""MultiPoint"",""coordinates"":[]}"
34_22_3,207.48567376177655,13,23.0,2019,"{""type"":""MultiPoint"",""coordinates"":[]}"
34_22_4,57.453918077392444,15,23.0,2019,"{""type"":""MultiPoint"",""coordinates"":[]}"
34_22_5,6.818042895812962,18,23.0,2019,"{""type"":""MultiPoint"",""coordinates"":[]}"
34_22_6,34.68547726831058,21,23.0,2019,"{""type"":""MultiPoint"",""coordinates"":[]}"
34_22_7,0.17510022271728531,23,23.0,2019,"{""type"":""MultiPoint"",""coordinates"":[]}"
34_22_8,0.01697662817382813,24,23.0,2019,"{""type"":""MultiPoint"",""coordinates"":[]}"
34_22_9,0.17514999615478524,25,23.0,2019,"{""type"":""MultiPoint"",""coordinates"":[]}"
34_22_10,44.40172493585222,33,23.0,2019,"{""type"":""MultiPoint"",""coordinates"":[]}"
34_22_11,0.7488064264526383,68,23.0,2019,"{""type"":""MultiPoint"",""coordinates"":[]}"
34_23_0,104.71927894317652,3,25.0,2019,"{""type"":""MultiPoint"",""coordinates"":[]}"
34_23_1,0.00625738104248047,15,25.0,2019,"{""type"":""MultiPoint"",""coordinates"":[]}"
34_23_2,0.06883067352294919,18,25.0,2019,"{""type"":""MultiPoint"",""coordinates"":[]}"
34_23_3,0.19129650439453127,21,25.0,2019,"{""type"":""MultiPoint"",""coordinates"":[]}"
34_23_4,0.021453246032714857,25,25.0,2019,"{""type"":""MultiPoint"",""coordinates"":[]}"
34_23_5,0.5640515896606442,33,25.0,2019,"{""type"":""MultiPoint"",""coordinates"":[]}"
35_0_0,22.834564693054084,3,1.0,2020,"{""type"":""MultiPoint"",""coordinates"":[]}"
35_0_1,0.00536190869140625,25,1.0,2020,"{""type"":""MultiPoint"",""coordinates"":[]}"
35_1_0,8884.527607713597,3,2.0,2020,"{""type"":""MultiPoint"",""coordinates"":[]}"
35_1_1,789.4980645325328,6,2.0,2020,"{""type"":""MultiPoint"",""coordinates"":[]}"
35_1_2,6.984342010986337,11,2.0,2020,"{""type"":""MultiPoint"",""coordinates"":[]}"
35_1_3,1.2124232772827135,13,2.0,2020,"{""type"":""MultiPoint"",""coordinates"":[]}"
35_1_4,0.2698476015625,18,2.0,2020,"{""type"":""MultiPoint"",""coordinates"":[]}"
35_1_5,0.1590390834960937,21,2.0,2020,"{""type"":""MultiPoint"",""coordinates"":[]}"
35_1_6,0.08844347222900399,24,2.0,2020,"{""type"":""MultiPoint"",""coordinates"":[]}"
35_1_7,0.045574659362792966,25,2.0,2020,"{""type"":""MultiPoint"",""coordinates"":[]}"
35_1_8,0.003574511840820313,30,2.0,2020,"{""type"":""MultiPoint"",""coordinates"":[]}"
35_1_9,25.935063442382774,33,2.0,2020,"{""type"":""MultiPoint"",""coordinates"":[]}"
35_1_10,0.4421884425659166,68,2.0,2020,"{""type"":""MultiPoint"",""coordinates"":[]}"
35_2_0,9398.794975926598,3,3.0,2020,"{""type"":""MultiPoint"",""coordinates"":[]}"
35_2_1,807.4937580880124,6,3.0,2020,"{""type"":""MultiPoint"",""coordinates"":[]}"
35_2_2,70.56870818487519,11,3.0,2020,"{""type"":""MultiPoint"",""coordinates"":[]}"
35_2_3,9.143836924682477,13,3.0,2020,"{""type"":""MultiPoint"",""coordinates"":[]}"
35_2_4,39.20565789447041,18,3.0,2020,"{""type"":""MultiPoint"",""coordinates"":[]}"
35_2_5,1.2174409923095713,21,3.0,2020,"{""type"":""MultiPoint"",""coordinates"":[]}"
35_2_6,0.06525842999267578,23,3.0,2020,"{""type"":""MultiPoint"",""coordinates"":[]}"
35_2_7,0.82506796899414,25,3.0,2020,"{""type"":""MultiPoint"",""coordinates"":[]}"
35_2_8,219.28970649292236,33,3.0,2020,"{""type"":""MultiPoint"",""coordinates"":[]}"
35_3_0,4850.718559023723,3,4.0,2020,"{""type"":""MultiPoint"",""coordinates"":[]}"
35_3_1,529.0897760899485,6,4.0,2020,"{""type"":""MultiPoint"",""coordinates"":[]}"
35_3_2,99.26061618151961,11,4.0,2020,"{""type"":""MultiPoint"",""coordinates"":[]}"
35_3_3,1.768680325805663,13,4.0,2020,"{""type"":""MultiPoint"",""coordinates"":[]}"
35_3_4,1.585548787109377,18,4.0,2020,"{""type"":""MultiPoint"",""coordinates"":[]}"
35_3_5,0.006256018737792969,21,4.0,2020,"{""type"":""MultiPoint"",""coordinates"":[]}"
35_3_6,0.3699981677246089,23,4.0,2020,"{""type"":""MultiPoint"",""coordinates"":[]}"
35_3_7,0.05720064831542968,24,4.0,2020,"{""type"":""MultiPoint"",""coordinates"":[]}"
35_3_8,0.028600346984863266,25,4.0,2020,"{""type"":""MultiPoint"",""coordinates"":[]}"
35_3_9,111.81380819378636,33,4.0,2020,"{""type"":""MultiPoint"",""coordinates"":[]}"
35_4_0,1445.3315692086303,3,5.0,2020,"{""type"":""MultiPoint"",""coordinates"":[]}"
35_4_1,47.193480096557735,6,5.0,2020,"{""type"":""MultiPoint"",""coordinates"":[]}"
35_4_2,0.046441740417480434,11,5.0,2020,"{""type"":""MultiPoint"",""coordinates"":[]}"
35_4_3,0.031264613342285155,12,5.0,2020,"{""type"":""MultiPoint"",""coordinates"":[]}"
35_4_4,560.0204196678326,15,5.0,2020,"{""type"":""MultiPoint"",""coordinates"":[]}"
35_4_5,0.2697327180786132,18,5.0,2020,"{""type"":""MultiPoint"",""coordinates"":[]}"
35_4_6,11.927639684814434,21,5.0,2020,"{""type"":""MultiPoint"",""coordinates"":[]}"
35_4_7,3.200845942199694,23,5.0,2020,"{""type"":""MultiPoint"",""coordinates"":[]}"
35_4_8,2.2133758242797827,25,5.0,2020,"{""type"":""MultiPoint"",""coordinates"":[]}"
35_4_9,19.345917397827073,33,5.0,2020,"{""type"":""MultiPoint"",""coordinates"":[]}"
35_5_0,2553.0758232689177,3,6.0,2020,"{""type"":""MultiPoint"",""coordinates"":[]}"
35_5_1,110.17852104882776,6,6.0,2020,"{""type"":""MultiPoint"",""coordinates"":[]}"
35_5_2,2.2971692756347655,11,6.0,2020,"{""type"":""MultiPoint"",""coordinates"":[]}"
35_5_3,0.3078638862915043,13,6.0,2020,"{""type"":""MultiPoint"",""coordinates"":[]}"
35_5_4,10.073476157775877,18,6.0,2020,"{""type"":""MultiPoint"",""coordinates"":[]}"
35_5_5,0.1258515330810547,21,6.0,2020,"{""type"":""MultiPoint"",""coordinates"":[]}"
35_5_6,0.1364817699584963,23,6.0,2020,"{""type"":""MultiPoint"",""coordinates"":[]}"
35_5_7,0.012491185180664062,25,6.0,2020,"{""type"":""MultiPoint"",""coordinates"":[]}"
35_5_8,5.148596489501947,33,6.0,2020,"{""type"":""MultiPoint"",""coordinates"":[]}"
35_6_0,932.7462070949084,3,7.0,2020,"{""type"":""MultiPoint"",""coordinates"":[]}"
35_6_1,0.5353818985595701,15,7.0,2020,"{""type"":""MultiPoint"",""coordinates"":[]}"
35_6_2,4.40907586499023,21,7.0,2020,"{""type"":""MultiPoint"",""coordinates"":[]}"
35_6_3,0.0017876025390625,23,7.0,2020,"{""type"":""MultiPoint"",""coordinates"":[]}"
35_6_4,0.29494946368408187,25,7.0,2020,"{""type"":""MultiPoint"",""coordinates"":[]}"
35_6_5,3.5035836334838883,33,7.0,2020,"{""type"":""MultiPoint"",""coordinates"":[]}"
35_6_6,0.04200889489746096,68,7.0,2020,"{""type"":""MultiPoint"",""coordinates"":[]}"
35_7_0,3869.6904529855515,3,8.0,2020,"{""type"":""MultiPoint"",""coordinates"":[]}"
35_7_1,356.76821694300276,6,8.0,2020,"{""type"":""MultiPoint"",""coordinates"":[]}"
35_7_2,45.83139577115586,11,8.0,2020,"{""type"":""MultiPoint"",""coordinates"":[]}"
35_7_3,1.9569111245727022,13,8.0,2020,"{""type"":""MultiPoint"",""coordinates"":[]}"
35_7_4,108.44753555914374,15,8.0,2020,"{""type"":""MultiPoint"",""coordinates"":[]}"
35_7_5,8.825126614563045,18,8.0,2020,"{""type"":""MultiPoint"",""coordinates"":[]}"
35_7_6,7.5084363951415725,21,8.0,2020,"{""type"":""MultiPoint"",""coordinates"":[]}"
35_7_7,1.0244839193725577,25,8.0,2020,"{""type"":""MultiPoint"",""coordinates"":[]}"
35_7_8,9.232876472289973,33,8.0,2020,"{""type"":""MultiPoint"",""coordinates"":[]}"
35_8_0,16.267967652160706,3,9.0,2020,"{""type"":""MultiPoint"",""coordinates"":[]}"
35_8_1,0.03305865521240235,11,9.0,2020,"{""type"":""MultiPoint"",""coordinates"":[]}"
35_8_2,13.853769427856507,13,9.0,2020,"{""type"":""MultiPoint"",""coordinates"":[]}"
35_8_3,0.020550338134765627,25,9.0,2020,"{""type"":""MultiPoint"",""coordinates"":[]}"
35_8_4,0.2823481903686525,33,9.0,2020,"{""type"":""MultiPoint"",""coordinates"":[]}"
35_9_0,37864.00693984616,3,10.0,2020,"{""type"":""MultiPoint"",""coordinates"":[]}"
35_9_1,3211.217431048353,6,10.0,2020,"{""type"":""MultiPoint"",""coordinates"":[]}"
35_9_2,15.643184889892598,11,10.0,2020,"{""type"":""MultiPoint"",""coordinates"":[]}"
35_9_3,11.770578039489873,12,10.0,2020,"{""type"":""MultiPoint"",""coordinates"":[]}"
35_9_4,1259.3527210609152,13,10.0,2020,"{""type"":""MultiPoint"",""coordinates"":[]}"
35_9_5,44.951408277587994,15,10.0,2020,"{""type"":""MultiPoint"",""coordinates"":[]}"
35_9_6,2.372355030029297,18,10.0,2020,"{""type"":""MultiPoint"",""coordinates"":[]}"
35_9_7,7.810313248901369,21,10.0,2020,"{""type"":""MultiPoint"",""coordinates"":[]}"
35_9_8,11.04883509802248,23,10.0,2020,"{""type"":""MultiPoint"",""coordinates"":[]}"
35_9_9,0.1904155640869141,24,10.0,2020,"{""type"":""MultiPoint"",""coordinates"":[]}"
35_9_10,0.32714818395996087,25,10.0,2020,"{""type"":""MultiPoint"",""coordinates"":[]}"
35_9_11,261.64073719116067,33,10.0,2020,"{""type"":""MultiPoint"",""coordinates"":[]}"
35_9_12,4.219024828735344,68,10.0,2020,"{""type"":""MultiPoint"",""coordinates"":[]}"
35_10_0,5111.442271284313,3,11.0,2020,"{""type"":""MultiPoint"",""coordinates"":[]}"
35_10_1,344.02556151532445,6,11.0,2020,"{""type"":""MultiPoint"",""coordinates"":[]}"
35_10_2,1.6488237636718754,11,11.0,2020,"{""type"":""MultiPoint"",""coordinates"":[]}"
35_10_3,61.68888541931197,12,11.0,2020,"{""type"":""MultiPoint"",""coordinates"":[]}"
35_10_4,105.76126407525406,13,11.0,2020,"{""type"":""MultiPoint"",""coordinates"":[]}"
35_10_5,489.04742347784804,15,11.0,2020,"{""type"":""MultiPoint"",""coordinates"":[]}"
35_10_6,0.13219477160644533,18,11.0,2020,"{""type"":""MultiPoint"",""coordinates"":[]}"
35_10_7,65.85360147583013,21,11.0,2020,"{""type"":""MultiPoint"",""coordinates"":[]}"
35_10_8,0.6670448394775385,23,11.0,2020,"{""type"":""MultiPoint"",""coordinates"":[]}"
35_10_9,0.025009791564941413,24,11.0,2020,"{""type"":""MultiPoint"",""coordinates"":[]}"
35_10_10,1.301263041625976,25,11.0,2020,"{""type"":""MultiPoint"",""coordinates"":[]}"
35_10_11,37.53710116381825,33,11.0,2020,"{""type"":""MultiPoint"",""coordinates"":[]}"
35_11_0,559.6377953670267,3,12.0,2020,"{""type"":""MultiPoint"",""coordinates"":[]}"
35_11_1,0.09919215643310533,11,12.0,2020,"{""type"":""MultiPoint"",""coordinates"":[]}"
35_11_2,24.28560815838599,13,12.0,2020,"{""type"":""MultiPoint"",""coordinates"":[]}"
35_11_3,0.0732788137207031,15,12.0,2020,"{""type"":""MultiPoint"",""coordinates"":[]}"
35_11_4,1.7891090063476542,21,12.0,2020,"{""type"":""MultiPoint"",""coordinates"":[]}"
35_11_5,0.004468313476562499,23,12.0,2020,"{""type"":""MultiPoint"",""coordinates"":[]}"
35_11_6,0.11260121136474613,25,12.0,2020,"{""type"":""MultiPoint"",""coordinates"":[]}"
35_11_7,0.4727589641723629,33,12.0,2020,"{""type"":""MultiPoint"",""coordinates"":[]}"
35_11_8,0.24665284399414086,68,12.0,2020,"{""type"":""MultiPoint"",""coordinates"":[]}"
35_12_0,1.0883541867065636,11,13.0,2020,"{""type"":""MultiPoint"",""coordinates"":[]}"
35_12_1,0.03295341619873046,12,13.0,2020,"{""type"":""MultiPoint"",""coordinates"":[]}"
35_13_0,898.9320863535784,3,14.0,2020,"{""type"":""MultiPoint"",""coordinates"":[]}"
35_13_1,610.7906720555072,13,14.0,2020,"{""type"":""MultiPoint"",""coordinates"":[]}"
35_13_2,5.122812219543477,15,14.0,2020,"{""type"":""MultiPoint"",""coordinates"":[]}"
35_13_3,1.0561126273803734,18,14.0,2020,"{""type"":""MultiPoint"",""coordinates"":[]}"
35_13_4,14.357400505309943,21,14.0,2020,"{""type"":""MultiPoint"",""coordinates"":[]}"
35_13_5,0.11508360980224612,23,14.0,2020,"{""type"":""MultiPoint"",""coordinates"":[]}"
35_13_6,0.009812099060058593,25,14.0,2020,"{""type"":""MultiPoint"",""coordinates"":[]}"
35_13_7,6.881372215637212,33,14.0,2020,"{""type"":""MultiPoint"",""coordinates"":[]}"
35_13_8,2.0344906771850617,68,14.0,2020,"{""type"":""MultiPoint"",""coordinates"":[]}"
35_14_0,749.1718273527329,3,15.0,2020,"{""type"":""MultiPoint"",""coordinates"":[]}"
35_14_1,1.4647962797851584,15,15.0,2020,"{""type"":""MultiPoint"",""coordinates"":[]}"
35_14_2,13.151836053222773,21,15.0,2020,"{""type"":""MultiPoint"",""coordinates"":[]}"
35_14_3,0.0017873840942382812,23,15.0,2020,"{""type"":""MultiPoint"",""coordinates"":[]}"
35_14_4,0.1313714061889648,25,15.0,2020,"{""type"":""MultiPoint"",""coordinates"":[]}"
35_14_5,0.025023583557128894,30,15.0,2020,"{""type"":""MultiPoint"",""coordinates"":[]}"
35_14_6,0.23683462896728502,33,15.0,2020,"{""type"":""MultiPoint"",""coordinates"":[]}"
35_15_0,2686.3881901782242,3,16.0,2020,"{""type"":""MultiPoint"",""coordinates"":[]}"
35_15_1,4.769845770690911,6,16.0,2020,"{""type"":""MultiPoint"",""coordinates"":[]}"
35_15_2,24.64161279791246,13,16.0,2020,"{""type"":""MultiPoint"",""coordinates"":[]}"
35_15_3,146.18942095294847,15,16.0,2020,"{""type"":""MultiPoint"",""coordinates"":[]}"
35_15_4,8.81998054333493,21,16.0,2020,"{""type"":""MultiPoint"",""coordinates"":[]}"
35_15_5,4.096540727905285,23,16.0,2020,"{""type"":""MultiPoint"",""coordinates"":[]}"
35_15_6,0.01696683483886719,25,16.0,2020,"{""type"":""MultiPoint"",""coordinates"":[]}"
35_15_7,0.026781315063476564,30,16.0,2020,"{""type"":""MultiPoint"",""coordinates"":[]}"
35_15_8,6.803993989379882,33,16.0,2020,"{""type"":""MultiPoint"",""coordinates"":[]}"
35_16_0,0.280652548156739,3,17.0,2020,"{""type"":""MultiPoint"",""coordinates"":[]}"
35_17_0,343.0540454330772,3,18.0,2020,"{""type"":""MultiPoint"",""coordinates"":[]}"
35_17_1,6.216114709838851,13,18.0,2020,"{""type"":""MultiPoint"",""coordinates"":[]}"
35_17_2,3.2122451870727464,15,18.0,2020,"{""type"":""MultiPoint"",""coordinates"":[]}"
35_17_3,23.694835363219994,21,18.0,2020,"{""type"":""MultiPoint"",""coordinates"":[]}"
35_17_4,0.28153795678710936,23,18.0,2020,"{""type"":""MultiPoint"",""coordinates"":[]}"
35_17_5,0.40934534185791,25,18.0,2020,"{""type"":""MultiPoint"",""coordinates"":[]}"
35_17_6,0.09384678088378914,30,18.0,2020,"{""type"":""MultiPoint"",""coordinates"":[]}"
35_17_7,0.43616134881591834,33,18.0,2020,"{""type"":""MultiPoint"",""coordinates"":[]}"
35_17_8,0.4585069146728516,68,18.0,2020,"{""type"":""MultiPoint"",""coordinates"":[]}"
35_18_0,322.6242284249964,3,19.0,2020,"{""type"":""MultiPoint"",""coordinates"":[]}"
35_18_1,20.43062531512474,11,19.0,2020,"{""type"":""MultiPoint"",""coordinates"":[]}"
35_18_2,51.54859342095885,13,19.0,2020,"{""type"":""MultiPoint"",""coordinates"":[]}"
35_18_3,0.2064657176513669,15,19.0,2020,"{""type"":""MultiPoint"",""coordinates"":[]}"
35_18_4,6.06627704437263,18,19.0,2020,"{""type"":""MultiPoint"",""coordinates"":[]}"
35_18_5,57.05230854077148,21,19.0,2020,"{""type"":""MultiPoint"",""coordinates"":[]}"
35_18_6,0.3208769691772459,24,19.0,2020,"{""type"":""MultiPoint"",""coordinates"":[]}"
35_18_7,0.05094836303710936,25,19.0,2020,"{""type"":""MultiPoint"",""coordinates"":[]}"
35_18_8,0.053631939392089836,27,19.0,2020,"{""type"":""MultiPoint"",""coordinates"":[]}"
35_18_9,41.74310031537027,33,19.0,2020,"{""type"":""MultiPoint"",""coordinates"":[]}"
35_19_0,126.30479052490224,3,20.0,2020,"{""type"":""MultiPoint"",""coordinates"":[]}"
35_19_1,19.71700209332312,6,20.0,2020,"{""type"":""MultiPoint"",""coordinates"":[]}"
35_19_2,0.3563644249877936,11,20.0,2020,"{""type"":""MultiPoint"",""coordinates"":[]}"
35_19_3,63.39559882244849,13,20.0,2020,"{""type"":""MultiPoint"",""coordinates"":[]}"
35_19_4,60.86395367950381,15,20.0,2020,"{""type"":""MultiPoint"",""coordinates"":[]}"
35_19_5,0.09556581115722661,18,20.0,2020,"{""type"":""MultiPoint"",""coordinates"":[]}"
35_19_6,13.011156939453166,21,20.0,2020,"{""type"":""MultiPoint"",""coordinates"":[]}"
35_19_7,0.054480745361328124,25,20.0,2020,"{""type"":""MultiPoint"",""coordinates"":[]}"
35_19_8,0.523350552124024,33,20.0,2020,"{""type"":""MultiPoint"",""coordinates"":[]}"
35_20_0,49.76479093872288,3,21.0,2020,"{""type"":""MultiPoint"",""coordinates"":[]}"
35_20_1,0.004466412414550781,6,21.0,2020,"{""type"":""MultiPoint"",""coordinates"":[]}"
35_20_2,17.8166640668337,15,21.0,2020,"{""type"":""MultiPoint"",""coordinates"":[]}"
35_20_3,3.200495693725589,21,21.0,2020,"{""type"":""MultiPoint"",""coordinates"":[]}"
35_21_0,9874.804520742051,3,22.0,2020,"{""type"":""MultiPoint"",""coordinates"":[]}"
35_21_1,913.266920275431,6,22.0,2020,"{""type"":""MultiPoint"",""coordinates"":[]}"
35_21_2,4.5123195347289915,11,22.0,2020,"{""type"":""MultiPoint"",""coordinates"":[]}"
35_21_3,21.867687294982904,13,22.0,2020,"{""type"":""MultiPoint"",""coordinates"":[]}"
35_21_4,37.46833268218969,18,22.0,2020,"{""type"":""MultiPoint"",""coordinates"":[]}"
35_21_5,1.1559025808105465,21,22.0,2020,"{""type"":""MultiPoint"",""coordinates"":[]}"
35_21_6,0.2304621679077148,23,22.0,2020,"{""type"":""MultiPoint"",""coordinates"":[]}"
35_21_7,0.37152643591308565,24,22.0,2020,"{""type"":""MultiPoint"",""coordinates"":[]}"
35_21_8,2.604030490173339,25,22.0,2020,"{""type"":""MultiPoint"",""coordinates"":[]}"
35_21_9,20.902294801696723,29,22.0,2020,"{""type"":""MultiPoint"",""coordinates"":[]}"
35_21_10,0.5468228957519528,30,22.0,2020,"{""type"":""MultiPoint"",""coordinates"":[]}"
35_21_11,83.39591960882588,33,22.0,2020,"{""type"":""MultiPoint"",""coordinates"":[]}"
35_21_12,2.9717406200561514,68,22.0,2020,"{""type"":""MultiPoint"",""coordinates"":[]}"
35_22_0,7898.290558811494,3,23.0,2020,"{""type"":""MultiPoint"",""coordinates"":[]}"
35_22_1,519.8427425200202,6,23.0,2020,"{""type"":""MultiPoint"",""coordinates"":[]}"
35_22_2,0.09472057635498045,11,23.0,2020,"{""type"":""MultiPoint"",""coordinates"":[]}"
35_22_3,207.14710511687866,13,23.0,2020,"{""type"":""MultiPoint"",""coordinates"":[]}"
35_22_4,76.79593045330823,15,23.0,2020,"{""type"":""MultiPoint"",""coordinates"":[]}"
35_22_5,6.819816180236799,18,23.0,2020,"{""type"":""MultiPoint"",""coordinates"":[]}"
35_22_6,19.448667423400828,21,23.0,2020,"{""type"":""MultiPoint"",""coordinates"":[]}"
35_22_7,0.17063281768798838,23,23.0,2020,"{""type"":""MultiPoint"",""coordinates"":[]}"
35_22_8,0.013402600708007816,24,23.0,2020,"{""type"":""MultiPoint"",""coordinates"":[]}"
35_22_9,0.2582117688598631,25,23.0,2020,"{""type"":""MultiPoint"",""coordinates"":[]}"
35_22_10,44.65005804437275,33,23.0,2020,"{""type"":""MultiPoint"",""coordinates"":[]}"
35_22_11,0.7497039476928721,68,23.0,2020,"{""type"":""MultiPoint"",""coordinates"":[]}"
35_23_0,104.86141052270537,3,25.0,2020,"{""type"":""MultiPoint"",""coordinates"":[]}"
35_23_1,0.06614882269287106,18,25.0,2020,"{""type"":""MultiPoint"",""coordinates"":[]}"
35_23_2,0.08223937805175789,21,25.0,2020,"{""type"":""MultiPoint"",""coordinates"":[]}"
35_23_3,0.013408279479980469,25,25.0,2020,"{""type"":""MultiPoint"",""coordinates"":[]}"
35_23_4,0.547961334899902,33,25.0,2020,"{""type"":""MultiPoint"",""coordinates"":[]}"
36_0_0,22.8363519960326,3,1.0,2021,"{""type"":""MultiPoint"",""coordinates"":[]}"
36_0_1,0.0035746057128906252,25,1.0,2021,"{""type"":""MultiPoint"",""coordinates"":[]}"
36_1_0,8877.466136777271,3,2.0,2021,"{""type"":""MultiPoint"",""coordinates"":[]}"
36_1_1,795.8376020010369,6,2.0,2021,"{""type"":""MultiPoint"",""coordinates"":[]}"
36_1_2,7.737556778991706,11,2.0,2021,"{""type"":""MultiPoint"",""coordinates"":[]}"
36_1_3,1.633147915527342,13,2.0,2021,"{""type"":""MultiPoint"",""coordinates"":[]}"
36_1_4,0.19388852191162104,18,2.0,2021,"{""type"":""MultiPoint"",""coordinates"":[]}"
36_1_5,0.2546574127807617,21,2.0,2021,"{""type"":""MultiPoint"",""coordinates"":[]}"
36_1_6,0.05270872930908201,24,2.0,2021,"{""type"":""MultiPoint"",""coordinates"":[]}"
36_1_7,0.056298143737792974,25,2.0,2021,"{""type"":""MultiPoint"",""coordinates"":[]}"
36_1_8,0.015191588317871093,30,2.0,2021,"{""type"":""MultiPoint"",""coordinates"":[]}"
36_1_9,25.918980878906208,33,2.0,2021,"{""type"":""MultiPoint"",""coordinates"":[]}"
36_2_0,9357.297444463147,3,3.0,2021,"{""type"":""MultiPoint"",""coordinates"":[]}"
36_2_1,843.4662194810003,6,3.0,2021,"{""type"":""MultiPoint"",""coordinates"":[]}"
36_2_2,73.77153448895227,11,3.0,2021,"{""type"":""MultiPoint"",""coordinates"":[]}"
36_2_3,9.047310445617594,13,3.0,2021,"{""type"":""MultiPoint"",""coordinates"":[]}"
36_2_4,40.17193674676532,18,3.0,2021,"{""type"":""MultiPoint"",""coordinates"":[]}"
36_2_5,1.568741960083008,21,3.0,2021,"{""type"":""MultiPoint"",""coordinates"":[]}"
36_2_6,0.09386612017822266,23,3.0,2021,"{""type"":""MultiPoint"",""coordinates"":[]}"
36_2_7,0.5166676997070313,25,3.0,2021,"{""type"":""MultiPoint"",""coordinates"":[]}"
36_2_8,220.67068949756145,33,3.0,2021,"{""type"":""MultiPoint"",""coordinates"":[]}"
36_3_0,4852.738382926242,3,4.0,2021,"{""type"":""MultiPoint"",""coordinates"":[]}"
36_3_1,526.1092186064325,6,4.0,2021,"{""type"":""MultiPoint"",""coordinates"":[]}"
36_3_2,100.62619705236872,11,4.0,2021,"{""type"":""MultiPoint"",""coordinates"":[]}"
36_3_3,1.0483384728393559,13,4.0,2021,"{""type"":""MultiPoint"",""coordinates"":[]}"
36_3_4,1.6963777375488311,18,4.0,2021,"{""type"":""MultiPoint"",""coordinates"":[]}"
36_3_5,0.03128032415771484,21,4.0,2021,"{""type"":""MultiPoint"",""coordinates"":[]}"
36_3_6,0.0661371668701172,23,4.0,2021,"{""type"":""MultiPoint"",""coordinates"":[]}"
36_3_7,0.0625632201538086,24,4.0,2021,"{""type"":""MultiPoint"",""coordinates"":[]}"
36_3_8,8.937611694335938E-4,25,4.0,2021,"{""type"":""MultiPoint"",""coordinates"":[]}"
36_3_9,112.31965451586886,33,4.0,2021,"{""type"":""MultiPoint"",""coordinates"":[]}"
36_4_0,1392.9216577196278,3,5.0,2021,"{""type"":""MultiPoint"",""coordinates"":[]}"
36_4_1,42.85029161914101,6,5.0,2021,"{""type"":""MultiPoint"",""coordinates"":[]}"
36_4_2,0.04912106640624997,11,5.0,2021,"{""type"":""MultiPoint"",""coordinates"":[]}"
36_4_3,0.03215789324951172,12,5.0,2021,"{""type"":""MultiPoint"",""coordinates"":[]}"
36_4_4,606.8688930937383,15,5.0,2021,"{""type"":""MultiPoint"",""coordinates"":[]}"
36_4_5,0.41799197619628914,18,5.0,2021,"{""type"":""MultiPoint"",""coordinates"":[]}"
36_4_6,22.12704562744142,21,5.0,2021,"{""type"":""MultiPoint"",""coordinates"":[]}"
36_4_7,4.912894071533188,23,5.0,2021,"{""type"":""MultiPoint"",""coordinates"":[]}"
36_4_8,1.830214805541992,25,5.0,2021,"{""type"":""MultiPoint"",""coordinates"":[]}"
36_4_9,17.57041902111808,33,5.0,2021,"{""type"":""MultiPoint"",""coordinates"":[]}"
36_5_0,2536.593361111442,3,6.0,2021,"{""type"":""MultiPoint"",""coordinates"":[]}"
36_5_1,126.20331057671821,6,6.0,2021,"{""type"":""MultiPoint"",""coordinates"":[]}"
36_5_2,3.1563308807373054,11,6.0,2021,"{""type"":""MultiPoint"",""coordinates"":[]}"
36_5_3,0.17133284362792947,13,6.0,2021,"{""type"":""MultiPoint"",""coordinates"":[]}"
36_5_4,9.931655528137245,18,6.0,2021,"{""type"":""MultiPoint"",""coordinates"":[]}"
36_5_5,0.11781847570800782,21,6.0,2021,"{""type"":""MultiPoint"",""coordinates"":[]}"
36_5_6,0.10526002117919943,23,6.0,2021,"{""type"":""MultiPoint"",""coordinates"":[]}"
36_5_7,0.025881615600585935,25,6.0,2021,"{""type"":""MultiPoint"",""coordinates"":[]}"
36_5_8,5.051323561889642,33,6.0,2021,"{""type"":""MultiPoint"",""coordinates"":[]}"
36_6_0,932.3332955449232,3,7.0,2021,"{""type"":""MultiPoint"",""coordinates"":[]}"
36_6_1,0.5175056397094726,15,7.0,2021,"{""type"":""MultiPoint"",""coordinates"":[]}"
36_6_2,4.615540707946771,21,7.0,2021,"{""type"":""MultiPoint"",""coordinates"":[]}"
36_6_3,0.06077522570800781,23,7.0,2021,"{""type"":""MultiPoint"",""coordinates"":[]}"
36_6_4,0.22523419323730462,25,7.0,2021,"{""type"":""MultiPoint"",""coordinates"":[]}"
36_6_5,3.6135160505981467,33,7.0,2021,"{""type"":""MultiPoint"",""coordinates"":[]}"
36_6_6,0.16712709094238276,68,7.0,2021,"{""type"":""MultiPoint"",""coordinates"":[]}"
36_7_0,3846.0065150233195,3,8.0,2021,"{""type"":""MultiPoint"",""coordinates"":[]}"
36_7_1,365.4960876424595,6,8.0,2021,"{""type"":""MultiPoint"",""coordinates"":[]}"
36_7_2,45.06078915152975,11,8.0,2021,"{""type"":""MultiPoint"",""coordinates"":[]}"
36_7_3,2.1258723940429114,13,8.0,2021,"{""type"":""MultiPoint"",""coordinates"":[]}"
36_7_4,118.58333296545553,15,8.0,2021,"{""type"":""MultiPoint"",""coordinates"":[]}"
36_7_5,10.554033015197815,18,8.0,2021,"{""type"":""MultiPoint"",""coordinates"":[]}"
36_7_6,9.737116803100632,21,8.0,2021,"{""type"":""MultiPoint"",""coordinates"":[]}"
36_7_7,0.007151789550781251,23,8.0,2021,"{""type"":""MultiPoint"",""coordinates"":[]}"
36_7_8,0.19667133721923832,25,8.0,2021,"{""type"":""MultiPoint"",""coordinates"":[]}"
36_7_9,11.517865663086086,33,8.0,2021,"{""type"":""MultiPoint"",""coordinates"":[]}"
36_8_0,16.279583129638734,3,9.0,2021,"{""type"":""MultiPoint"",""coordinates"":[]}"
36_8_1,0.03305865521240235,11,9.0,2021,"{""type"":""MultiPoint"",""coordinates"":[]}"
36_8_2,13.842153950378481,13,9.0,2021,"{""type"":""MultiPoint"",""coordinates"":[]}"
36_8_3,0.020550338134765627,25,9.0,2021,"{""type"":""MultiPoint"",""coordinates"":[]}"
36_8_4,0.2823481903686525,33,9.0,2021,"{""type"":""MultiPoint"",""coordinates"":[]}"
36_9_0,37781.202659741604,3,10.0,2021,"{""type"":""MultiPoint"",""coordinates"":[]}"
36_9_1,3286.561340156846,6,10.0,2021,"{""type"":""MultiPoint"",""coordinates"":[]}"
36_9_2,17.674175697448682,11,10.0,2021,"{""type"":""MultiPoint"",""coordinates"":[]}"
36_9_3,11.12971367413365,12,10.0,2021,"{""type"":""MultiPoint"",""coordinates"":[]}"
36_9_4,1248.9419787884694,13,10.0,2021,"{""type"":""MultiPoint"",""coordinates"":[]}"
36_9_5,61.82425455108633,15,10.0,2021,"{""type"":""MultiPoint"",""coordinates"":[]}"
36_9_6,2.9105861787719753,18,10.0,2021,"{""type"":""MultiPoint"",""coordinates"":[]}"
36_9_7,7.151979691223145,21,10.0,2021,"{""type"":""MultiPoint"",""coordinates"":[]}"
36_9_8,12.624554486633366,23,10.0,2021,"{""type"":""MultiPoint"",""coordinates"":[]}"
36_9_9,0.1904155640869141,24,10.0,2021,"{""type"":""MultiPoint"",""coordinates"":[]}"
36_9_10,0.21542719915771474,25,10.0,2021,"{""type"":""MultiPoint"",""coordinates"":[]}"
36_9_11,264.12400657745223,33,10.0,2021,"{""type"":""MultiPoint"",""coordinates"":[]}"
36_10_0,5083.463083228984,3,11.0,2021,"{""type"":""MultiPoint"",""coordinates"":[]}"
36_10_1,340.3474695077572,6,11.0,2021,"{""type"":""MultiPoint"",""coordinates"":[]}"
36_10_2,1.5228857619628924,11,11.0,2021,"{""type"":""MultiPoint"",""coordinates"":[]}"
36_10_3,61.86578107287728,12,11.0,2021,"{""type"":""MultiPoint"",""coordinates"":[]}"
36_10_4,105.64065478344496,13,11.0,2021,"{""type"":""MultiPoint"",""coordinates"":[]}"
36_10_5,521.1640337995552,15,11.0,2021,"{""type"":""MultiPoint"",""coordinates"":[]}"
36_10_6,0.0964643479614258,18,11.0,2021,"{""type"":""MultiPoint"",""coordinates"":[]}"
36_10_7,65.71418341821304,21,11.0,2021,"{""type"":""MultiPoint"",""coordinates"":[]}"
36_10_8,1.1493841641235345,23,11.0,2021,"{""type"":""MultiPoint"",""coordinates"":[]}"
36_10_9,0.025009791564941413,24,11.0,2021,"{""type"":""MultiPoint"",""coordinates"":[]}"
36_10_10,0.6635141123046874,25,11.0,2021,"{""type"":""MultiPoint"",""coordinates"":[]}"
36_10_11,37.47798063092033,33,11.0,2021,"{""type"":""MultiPoint"",""coordinates"":[]}"
36_11_0,559.9523662527697,3,12.0,2021,"{""type"":""MultiPoint"",""coordinates"":[]}"
36_11_1,0.09919215643310533,11,12.0,2021,"{""type"":""MultiPoint"",""coordinates"":[]}"
36_11_2,24.273990863464117,13,12.0,2021,"{""type"":""MultiPoint"",""coordinates"":[]}"
36_11_3,0.05898065686035156,15,12.0,2021,"{""type"":""MultiPoint"",""coordinates"":[]}"
36_11_4,1.5129646704101565,21,12.0,2021,"{""type"":""MultiPoint"",""coordinates"":[]}"
36_11_5,0.0044682333984375,23,12.0,2021,"{""type"":""MultiPoint"",""coordinates"":[]}"
36_11_6,0.10366512261962896,25,12.0,2021,"{""type"":""MultiPoint"",""coordinates"":[]}"
36_11_7,0.4843770874633786,33,12.0,2021,"{""type"":""MultiPoint"",""coordinates"":[]}"
36_11_8,0.23145979150390633,68,12.0,2021,"{""type"":""MultiPoint"",""coordinates"":[]}"
36_12_0,1.08657292364504,11,13.0,2021,"{""type"":""MultiPoint"",""coordinates"":[]}"
36_12_1,0.0347346792602539,12,13.0,2021,"{""type"":""MultiPoint"",""coordinates"":[]}"
36_13_0,896.5245144135936,3,14.0,2021,"{""type"":""MultiPoint"",""coordinates"":[]}"
36_13_1,612.3775305649281,13,14.0,2021,"{""type"":""MultiPoint"",""coordinates"":[]}"
36_13_2,5.740990294372591,15,14.0,2021,"{""type"":""MultiPoint"",""coordinates"":[]}"
36_13_3,0.7671137984619149,18,14.0,2021,"{""type"":""MultiPoint"",""coordinates"":[]}"
36_13_4,15.018402459167334,21,14.0,2021,"{""type"":""MultiPoint"",""coordinates"":[]}"
36_13_5,0.042818792968750005,23,14.0,2021,"{""type"":""MultiPoint"",""coordinates"":[]}"
36_13_6,0.009812099060058593,25,14.0,2021,"{""type"":""MultiPoint"",""coordinates"":[]}"
36_13_7,6.78861187591553,33,14.0,2021,"{""type"":""MultiPoint"",""coordinates"":[]}"
36_13_8,2.0300480645751993,68,14.0,2021,"{""type"":""MultiPoint"",""coordinates"":[]}"
36_14_0,749.0619034306904,3,15.0,2021,"{""type"":""MultiPoint"",""coordinates"":[]}"
36_14_1,1.5336118868408233,15,15.0,2021,"{""type"":""MultiPoint"",""coordinates"":[]}"
36_14_2,13.108936899963503,21,15.0,2021,"{""type"":""MultiPoint"",""coordinates"":[]}"
36_14_3,0.022341462463378904,23,15.0,2021,"{""type"":""MultiPoint"",""coordinates"":[]}"
36_14_4,0.186781756958008,25,15.0,2021,"{""type"":""MultiPoint"",""coordinates"":[]}"
36_14_5,0.025023583740234365,30,15.0,2021,"{""type"":""MultiPoint"",""coordinates"":[]}"
36_14_6,0.24487766790771473,33,15.0,2021,"{""type"":""MultiPoint"",""coordinates"":[]}"
36_15_0,2683.3387361234004,3,16.0,2021,"{""type"":""MultiPoint"",""coordinates"":[]}"
36_15_1,4.206322389099115,6,16.0,2021,"{""type"":""MultiPoint"",""coordinates"":[]}"
36_15_2,24.77107193395982,13,16.0,2021,"{""type"":""MultiPoint"",""coordinates"":[]}"
36_15_3,148.1576231718827,15,16.0,2021,"{""type"":""MultiPoint"",""coordinates"":[]}"
36_15_4,9.186182802062948,21,16.0,2021,"{""type"":""MultiPoint"",""coordinates"":[]}"
36_15_5,5.386752925842293,23,16.0,2021,"{""type"":""MultiPoint"",""coordinates"":[]}"
36_15_6,0.03393383905029297,25,16.0,2021,"{""type"":""MultiPoint"",""coordinates"":[]}"
36_15_7,0.026781292419433597,30,16.0,2021,"{""type"":""MultiPoint"",""coordinates"":[]}"
36_15_8,6.645928632568368,33,16.0,2021,"{""type"":""MultiPoint"",""coordinates"":[]}"
36_16_0,0.27350221240234435,3,17.0,2021,"{""type"":""MultiPoint"",""coordinates"":[]}"
36_16_1,0.007150335754394531,21,17.0,2021,"{""type"":""MultiPoint"",""coordinates"":[]}"
36_17_0,343.73510022122304,3,18.0,2021,"{""type"":""MultiPoint"",""coordinates"":[]}"
36_17_1,6.22326387493895,13,18.0,2021,"{""type"":""MultiPoint"",""coordinates"":[]}"
36_17_2,3.295366047302241,15,18.0,2021,"{""type"":""MultiPoint"",""coordinates"":[]}"
36_17_3,22.755482950011974,21,18.0,2021,"{""type"":""MultiPoint"",""coordinates"":[]}"
36_17_4,0.35125313299560573,23,18.0,2021,"{""type"":""MultiPoint"",""coordinates"":[]}"
36_17_5,0.4602898991088866,25,18.0,2021,"{""type"":""MultiPoint"",""coordinates"":[]}"
36_17_6,0.11708497308349618,30,18.0,2021,"{""type"":""MultiPoint"",""coordinates"":[]}"
36_17_7,0.456717992736817,33,18.0,2021,"{""type"":""MultiPoint"",""coordinates"":[]}"
36_17_8,0.4620799448242189,68,18.0,2021,"{""type"":""MultiPoint"",""coordinates"":[]}"
36_18_0,323.09883599201123,3,19.0,2021,"{""type"":""MultiPoint"",""coordinates"":[]}"
36_18_1,20.436884030212667,11,19.0,2021,"{""type"":""MultiPoint"",""coordinates"":[]}"
36_18_2,51.46904593756041,13,19.0,2021,"{""type"":""MultiPoint"",""coordinates"":[]}"
36_18_3,0.1957402373046873,15,19.0,2021,"{""type"":""MultiPoint"",""coordinates"":[]}"
36_18_4,5.639922080810555,18,19.0,2021,"{""type"":""MultiPoint"",""coordinates"":[]}"
36_18_5,56.8851732384641,21,19.0,2021,"{""type"":""MultiPoint"",""coordinates"":[]}"
36_18_6,0.3226645668334959,24,19.0,2021,"{""type"":""MultiPoint"",""coordinates"":[]}"
36_18_7,0.08848898284912102,25,19.0,2021,"{""type"":""MultiPoint"",""coordinates"":[]}"
36_18_8,0.053631939392089836,27,19.0,2021,"{""type"":""MultiPoint"",""coordinates"":[]}"
36_18_9,41.90666904541214,33,19.0,2021,"{""type"":""MultiPoint"",""coordinates"":[]}"
36_19_0,126.20740233899267,3,20.0,2021,"{""type"":""MultiPoint"",""coordinates"":[]}"
36_19_1,19.78665699401889,6,20.0,2021,"{""type"":""MultiPoint"",""coordinates"":[]}"
36_19_2,0.30277599133300864,11,20.0,2021,"{""type"":""MultiPoint"",""coordinates"":[]}"
36_19_3,63.673362213622895,13,20.0,2021,"{""type"":""MultiPoint"",""coordinates"":[]}"
36_19_4,59.700230090820035,15,20.0,2021,"{""type"":""MultiPoint"",""coordinates"":[]}"
36_19_5,0.06519971118164061,18,20.0,2021,"{""type"":""MultiPoint"",""coordinates"":[]}"
36_19_6,13.97933115008547,21,20.0,2021,"{""type"":""MultiPoint"",""coordinates"":[]}"
36_19_7,0.08574083398437507,25,20.0,2021,"{""type"":""MultiPoint"",""coordinates"":[]}"
36_19_8,0.5215642692260747,33,20.0,2021,"{""type"":""MultiPoint"",""coordinates"":[]}"
36_20_0,49.53790562402524,3,21.0,2021,"{""type"":""MultiPoint"",""coordinates"":[]}"
36_20_1,0.0035731302490234376,6,21.0,2021,"{""type"":""MultiPoint"",""coordinates"":[]}"
36_20_2,18.34902693872094,15,21.0,2021,"{""type"":""MultiPoint"",""coordinates"":[]}"
36_20_3,2.8959114187011723,21,21.0,2021,"{""type"":""MultiPoint"",""coordinates"":[]}"
36_21_0,9867.663896681057,3,22.0,2021,"{""type"":""MultiPoint"",""coordinates"":[]}"
36_21_1,917.4135941618322,6,22.0,2021,"{""type"":""MultiPoint"",""coordinates"":[]}"
36_21_2,4.490899547851553,11,22.0,2021,"{""type"":""MultiPoint"",""coordinates"":[]}"
36_21_3,22.515250354125957,13,22.0,2021,"{""type"":""MultiPoint"",""coordinates"":[]}"
36_21_4,39.12612908575419,18,22.0,2021,"{""type"":""MultiPoint"",""coordinates"":[]}"
36_21_5,1.4828782229003905,21,22.0,2021,"{""type"":""MultiPoint"",""coordinates"":[]}"
36_21_6,0.23402754528808575,23,22.0,2021,"{""type"":""MultiPoint"",""coordinates"":[]}"
36_21_7,0.3768841809692379,24,22.0,2021,"{""type"":""MultiPoint"",""coordinates"":[]}"
36_21_8,2.574576196960449,25,22.0,2021,"{""type"":""MultiPoint"",""coordinates"":[]}"
36_21_9,20.814755689880307,29,22.0,2021,"{""type"":""MultiPoint"",""coordinates"":[]}"
36_21_10,0.672808304382323,30,22.0,2021,"{""type"":""MultiPoint"",""coordinates"":[]}"
36_21_11,84.14515869915802,33,22.0,2021,"{""type"":""MultiPoint"",""coordinates"":[]}"
36_21_12,2.587621460449219,68,22.0,2021,"{""type"":""MultiPoint"",""coordinates"":[]}"
36_22_0,7885.471378646095,3,23.0,2021,"{""type"":""MultiPoint"",""coordinates"":[]}"
36_22_1,531.9633413681019,6,23.0,2021,"{""type"":""MultiPoint"",""coordinates"":[]}"
36_22_2,0.09382695666503905,11,23.0,2021,"{""type"":""MultiPoint"",""coordinates"":[]}"
36_22_3,206.29294615972591,13,23.0,2021,"{""type"":""MultiPoint"",""coordinates"":[]}"
36_22_4,80.80926096960513,15,23.0,2021,"{""type"":""MultiPoint"",""coordinates"":[]}"
36_22_5,4.978451418457005,18,23.0,2021,"{""type"":""MultiPoint"",""coordinates"":[]}"
36_22_6,18.91425451031494,21,23.0,2021,"{""type"":""MultiPoint"",""coordinates"":[]}"
36_22_7,0.12417942156982434,23,23.0,2021,"{""type"":""MultiPoint"",""coordinates"":[]}"
36_22_8,0.015189614746093755,24,23.0,2021,"{""type"":""MultiPoint"",""coordinates"":[]}"
36_22_9,0.23765188854980474,25,23.0,2021,"{""type"":""MultiPoint"",""coordinates"":[]}"
36_22_10,44.191771670715525,33,23.0,2021,"{""type"":""MultiPoint"",""coordinates"":[]}"
36_22_11,1.1892976364135748,68,23.0,2021,"{""type"":""MultiPoint"",""coordinates"":[]}"
36_23_0,104.88912170666532,3,25.0,2021,"{""type"":""MultiPoint"",""coordinates"":[]}"
36_23_1,0.07598186236572263,18,25.0,2021,"{""type"":""MultiPoint"",""coordinates"":[]}"
36_23_2,0.04111953466796874,21,25.0,2021,"{""type"":""MultiPoint"",""coordinates"":[]}"
36_23_3,0.013408279479980469,25,25.0,2021,"{""type"":""MultiPoint"",""coordinates"":[]}"
36_23_4,0.5515369546508786,33,25.0,2021,"{""type"":""MultiPoint"",""coordinates"":[]}"
37_0_0,22.814010774536015,3,1.0,2022,"{""type"":""MultiPoint"",""coordinates"":[]}"
37_0_1,0.025915827209472657,25,1.0,2022,"{""type"":""MultiPoint"",""coordinates"":[]}"
37_1_0,8889.281179728472,3,2.0,2022,"{""type"":""MultiPoint"",""coordinates"":[]}"
37_1_1,784.50413009766,6,2.0,2022,"{""type"":""MultiPoint"",""coordinates"":[]}"
37_1_2,7.165727260131847,11,2.0,2022,"{""type"":""MultiPoint"",""coordinates"":[]}"
37_1_3,1.552729989562986,13,2.0,2022,"{""type"":""MultiPoint"",""coordinates"":[]}"
37_1_4,0.4932341112060551,18,2.0,2022,"{""type"":""MultiPoint"",""coordinates"":[]}"
37_1_5,0.18764795397949222,21,2.0,2022,"{""type"":""MultiPoint"",""coordinates"":[]}"
37_1_6,0.053602100036621074,24,2.0,2022,"{""type"":""MultiPoint"",""coordinates"":[]}"
37_1_7,0.00893624462890625,30,2.0,2022,"{""type"":""MultiPoint"",""coordinates"":[]}"
37_1_8,25.918981262084916,33,2.0,2022,"{""type"":""MultiPoint"",""coordinates"":[]}"
37_2_0,9361.923033241337,3,3.0,2022,"{""type"":""MultiPoint"",""coordinates"":[]}"
37_2_1,836.0640750256289,6,3.0,2022,"{""type"":""MultiPoint"",""coordinates"":[]}"
37_2_2,72.14738182867391,11,3.0,2022,"{""type"":""MultiPoint"",""coordinates"":[]}"
37_2_3,9.348555377197219,13,3.0,2022,"{""type"":""MultiPoint"",""coordinates"":[]}"
37_2_4,43.06268431536892,18,3.0,2022,"{""type"":""MultiPoint"",""coordinates"":[]}"
37_2_5,1.4418281347656243,21,3.0,2022,"{""type"":""MultiPoint"",""coordinates"":[]}"
37_2_6,0.26190485803222646,23,3.0,2022,"{""type"":""MultiPoint"",""coordinates"":[]}"
37_2_7,0.14391759252929687,25,3.0,2022,"{""type"":""MultiPoint"",""coordinates"":[]}"
37_2_8,222.2110305295431,33,3.0,2022,"{""type"":""MultiPoint"",""coordinates"":[]}"
37_3_0,4851.934950829833,3,4.0,2022,"{""type"":""MultiPoint"",""coordinates"":[]}"
37_3_1,525.8501325329486,6,4.0,2022,"{""type"":""MultiPoint"",""coordinates"":[]}"
37_3_2,99.96663978650005,11,4.0,2022,"{""type"":""MultiPoint"",""coordinates"":[]}"
37_3_3,1.1412769951171877,13,4.0,2022,"{""type"":""MultiPoint"",""coordinates"":[]}"
37_3_4,1.8000600461425815,18,4.0,2022,"{""type"":""MultiPoint"",""coordinates"":[]}"
37_3_5,0.02949339196777344,21,4.0,2022,"{""type"":""MultiPoint"",""coordinates"":[]}"
37_3_6,0.07954113348388675,23,4.0,2022,"{""type"":""MultiPoint"",""coordinates"":[]}"
37_3_7,0.0625632201538086,24,4.0,2022,"{""type"":""MultiPoint"",""coordinates"":[]}"
37_3_8,112.93275509899885,33,4.0,2022,"{""type"":""MultiPoint"",""coordinates"":[]}"
37_3_9,0.9016307485351599,68,4.0,2022,"{""type"":""MultiPoint"",""coordinates"":[]}"
37_4_0,1315.54802102453,3,5.0,2022,"{""type"":""MultiPoint"",""coordinates"":[]}"
37_4_1,41.49812622210726,6,5.0,2022,"{""type"":""MultiPoint"",""coordinates"":[]}"
37_4_2,0.028579532897949227,11,5.0,2022,"{""type"":""MultiPoint"",""coordinates"":[]}"
37_4_3,0.03037134338378906,12,5.0,2022,"{""type"":""MultiPoint"",""coordinates"":[]}"
37_4_4,683.8986941708449,15,5.0,2022,"{""type"":""MultiPoint"",""coordinates"":[]}"
37_4_5,0.6073150013427728,18,5.0,2022,"{""type"":""MultiPoint"",""coordinates"":[]}"
37_4_6,22.038692904235944,21,5.0,2022,"{""type"":""MultiPoint"",""coordinates"":[]}"
37_4_7,6.201668838684086,23,5.0,2022,"{""type"":""MultiPoint"",""coordinates"":[]}"
37_4_8,1.7167605057983408,25,5.0,2022,"{""type"":""MultiPoint"",""coordinates"":[]}"
37_4_9,18.012457350463748,33,5.0,2022,"{""type"":""MultiPoint"",""coordinates"":[]}"
37_5_0,2538.2253475942084,3,6.0,2022,"{""type"":""MultiPoint"",""coordinates"":[]}"
37_5_1,124.12876545788302,6,6.0,2022,"{""type"":""MultiPoint"",""coordinates"":[]}"
37_5_2,3.070659214477538,11,6.0,2022,"{""type"":""MultiPoint"",""coordinates"":[]}"
37_5_3,0.1302839028930664,13,6.0,2022,"{""type"":""MultiPoint"",""coordinates"":[]}"
37_5_4,10.367926817626962,18,6.0,2022,"{""type"":""MultiPoint"",""coordinates"":[]}"
37_5_5,0.12406841290283203,21,6.0,2022,"{""type"":""MultiPoint"",""coordinates"":[]}"
37_5_6,0.007136270874023437,23,6.0,2022,"{""type"":""MultiPoint"",""coordinates"":[]}"
37_5_7,0.07050898937988288,25,6.0,2022,"{""type"":""MultiPoint"",""coordinates"":[]}"
37_5_8,5.231577954833976,33,6.0,2022,"{""type"":""MultiPoint"",""coordinates"":[]}"
37_6_0,931.8211661302419,3,7.0,2022,"{""type"":""MultiPoint"",""coordinates"":[]}"
37_6_1,0.54968150982666,15,7.0,2022,"{""type"":""MultiPoint"",""coordinates"":[]}"
37_6_2,4.61912551538085,21,7.0,2022,"{""type"":""MultiPoint"",""coordinates"":[]}"
37_6_3,0.12155219012451171,23,7.0,2022,"{""type"":""MultiPoint"",""coordinates"":[]}"
37_6_4,0.53626820275879,25,7.0,2022,"{""type"":""MultiPoint"",""coordinates"":[]}"
37_6_5,3.6260271814575216,33,7.0,2022,"{""type"":""MultiPoint"",""coordinates"":[]}"
37_6_6,0.25917372326660165,68,7.0,2022,"{""type"":""MultiPoint"",""coordinates"":[]}"
37_7_0,3834.1605657173427,3,8.0,2022,"{""type"":""MultiPoint"",""coordinates"":[]}"
37_7_1,362.0793318570006,6,8.0,2022,"{""type"":""MultiPoint"",""coordinates"":[]}"
37_7_2,46.31325116855254,11,8.0,2022,"{""type"":""MultiPoint"",""coordinates"":[]}"
37_7_3,2.1839807557372377,13,8.0,2022,"{""type"":""MultiPoint"",""coordinates"":[]}"
37_7_4,133.4687265574371,15,8.0,2022,"{""type"":""MultiPoint"",""coordinates"":[]}"
37_7_5,6.406970311523459,18,8.0,2022,"{""type"":""MultiPoint"",""coordinates"":[]}"
37_7_6,13.447980236694562,21,8.0,2022,"{""type"":""MultiPoint"",""coordinates"":[]}"
37_7_7,0.06972994982910165,23,8.0,2022,"{""type"":""MultiPoint"",""coordinates"":[]}"
37_7_8,0.8358604996337883,25,8.0,2022,"{""type"":""MultiPoint"",""coordinates"":[]}"
37_7_9,10.319038731201156,33,8.0,2022,"{""type"":""MultiPoint"",""coordinates"":[]}"
37_8_0,16.461857887634242,3,9.0,2022,"{""type"":""MultiPoint"",""coordinates"":[]}"
37_8_1,0.02412387152099609,11,9.0,2022,"{""type"":""MultiPoint"",""coordinates"":[]}"
37_8_2,13.666133337280266,13,9.0,2022,"{""type"":""MultiPoint"",""coordinates"":[]}"
37_8_3,0.008041432373046876,25,9.0,2022,"{""type"":""MultiPoint"",""coordinates"":[]}"
37_8_4,0.2975377349243166,33,9.0,2022,"{""type"":""MultiPoint"",""coordinates"":[]}"
37_9_0,37803.25847831848,3,10.0,2022,"{""type"":""MultiPoint"",""coordinates"":[]}"
37_9_1,3252.640374743423,6,10.0,2022,"{""type"":""MultiPoint"",""coordinates"":[]}"
37_9_2,17.084185584106397,11,10.0,2022,"{""type"":""MultiPoint"",""coordinates"":[]}"
37_9_3,11.069828690430064,12,10.0,2022,"{""type"":""MultiPoint"",""coordinates"":[]}"
37_9_4,1248.555586808109,13,10.0,2022,"{""type"":""MultiPoint"",""coordinates"":[]}"
37_9_5,78.43062364929185,15,10.0,2022,"{""type"":""MultiPoint"",""coordinates"":[]}"
37_9_6,2.0167058913574243,18,10.0,2022,"{""type"":""MultiPoint"",""coordinates"":[]}"
37_9_7,7.442777343017578,21,10.0,2022,"{""type"":""MultiPoint"",""coordinates"":[]}"
37_9_8,13.691859990234388,23,10.0,2022,"{""type"":""MultiPoint"",""coordinates"":[]}"
37_9_9,0.19756732684326178,24,10.0,2022,"{""type"":""MultiPoint"",""coordinates"":[]}"
37_9_10,0.7740381607666016,25,10.0,2022,"{""type"":""MultiPoint"",""coordinates"":[]}"
37_9_11,259.38906580071915,33,10.0,2022,"{""type"":""MultiPoint"",""coordinates"":[]}"
37_10_0,5042.264126406124,3,11.0,2022,"{""type"":""MultiPoint"",""coordinates"":[]}"
37_10_1,339.3935811651646,6,11.0,2022,"{""type"":""MultiPoint"",""coordinates"":[]}"
37_10_2,1.4407227247314465,11,11.0,2022,"{""type"":""MultiPoint"",""coordinates"":[]}"
37_10_3,62.15340080871721,12,11.0,2022,"{""type"":""MultiPoint"",""coordinates"":[]}"
37_10_4,106.99999658538638,13,11.0,2022,"{""type"":""MultiPoint"",""coordinates"":[]}"
37_10_5,582.3919510748175,15,11.0,2022,"{""type"":""MultiPoint"",""coordinates"":[]}"
37_10_6,3.966634333251954,18,11.0,2022,"{""type"":""MultiPoint"",""coordinates"":[]}"
37_10_7,39.83955857745349,21,11.0,2022,"{""type"":""MultiPoint"",""coordinates"":[]}"
37_10_8,2.2846043927612274,23,11.0,2022,"{""type"":""MultiPoint"",""coordinates"":[]}"
37_10_9,0.031262240234375,24,11.0,2022,"{""type"":""MultiPoint"",""coordinates"":[]}"
37_10_10,1.1358666185302733,25,11.0,2022,"{""type"":""MultiPoint"",""coordinates"":[]}"
37_10_11,37.22873969244369,33,11.0,2022,"{""type"":""MultiPoint"",""coordinates"":[]}"
37_11_0,559.2848125815057,3,12.0,2022,"{""type"":""MultiPoint"",""coordinates"":[]}"
37_11_1,0.08846857037353506,11,12.0,2022,"{""type"":""MultiPoint"",""coordinates"":[]}"
37_11_2,25.077373716918913,13,12.0,2022,"{""type"":""MultiPoint"",""coordinates"":[]}"
37_11_3,0.0339590132446289,15,12.0,2022,"{""type"":""MultiPoint"",""coordinates"":[]}"
37_11_4,1.0580948013916012,21,12.0,2022,"{""type"":""MultiPoint"",""coordinates"":[]}"
37_11_5,0.041108994689941405,23,12.0,2022,"{""type"":""MultiPoint"",""coordinates"":[]}"
37_11_6,0.158177907409668,25,12.0,2022,"{""type"":""MultiPoint"",""coordinates"":[]}"
37_11_7,0.46292978137206997,33,12.0,2022,"{""type"":""MultiPoint"",""coordinates"":[]}"
37_11_8,0.5165394680175784,68,12.0,2022,"{""type"":""MultiPoint"",""coordinates"":[]}"
37_12_0,1.082119793457051,11,13.0,2022,"{""type"":""MultiPoint"",""coordinates"":[]}"
37_12_1,0.02493770397949218,12,13.0,2022,"{""type"":""MultiPoint"",""coordinates"":[]}"
37_12_2,0.014250105468750001,68,13.0,2022,"{""type"":""MultiPoint"",""coordinates"":[]}"
37_13_0,894.0454174180461,3,14.0,2022,"{""type"":""MultiPoint"",""coordinates"":[]}"
37_13_1,613.8583704043608,13,14.0,2022,"{""type"":""MultiPoint"",""coordinates"":[]}"
37_13_2,6.566098115783662,15,14.0,2022,"{""type"":""MultiPoint"",""coordinates"":[]}"
37_13_3,0.25600097570800806,18,14.0,2022,"{""type"":""MultiPoint"",""coordinates"":[]}"
37_13_4,15.450227054443253,21,14.0,2022,"{""type"":""MultiPoint"",""coordinates"":[]}"
37_13_5,0.057983950378417984,23,14.0,2022,"{""type"":""MultiPoint"",""coordinates"":[]}"
37_13_6,0.009812099060058593,25,14.0,2022,"{""type"":""MultiPoint"",""coordinates"":[]}"
37_13_7,6.708337820190416,33,14.0,2022,"{""type"":""MultiPoint"",""coordinates"":[]}"
37_13_8,2.3475945250854555,68,14.0,2022,"{""type"":""MultiPoint"",""coordinates"":[]}"
37_14_0,748.3933873048873,3,15.0,2022,"{""type"":""MultiPoint"",""coordinates"":[]}"
37_14_1,1.7498936515502967,15,15.0,2022,"{""type"":""MultiPoint"",""coordinates"":[]}"
37_14_2,13.235855377014296,21,15.0,2022,"{""type"":""MultiPoint"",""coordinates"":[]}"
37_14_3,0.2904597422485352,23,15.0,2022,"{""type"":""MultiPoint"",""coordinates"":[]}"
37_14_4,0.22878644030761724,25,15.0,2022,"{""type"":""MultiPoint"",""coordinates"":[]}"
37_14_5,0.03217317474365233,30,15.0,2022,"{""type"":""MultiPoint"",""coordinates"":[]}"
37_14_6,0.2529209978027343,33,15.0,2022,"{""type"":""MultiPoint"",""coordinates"":[]}"
37_15_0,2676.7990345723165,3,16.0,2022,"{""type"":""MultiPoint"",""coordinates"":[]}"
37_15_1,4.041106663146962,6,16.0,2022,"{""type"":""MultiPoint"",""coordinates"":[]}"
37_15_2,24.838928689208874,13,16.0,2022,"{""type"":""MultiPoint"",""coordinates"":[]}"
37_15_3,154.28825417853753,15,16.0,2022,"{""type"":""MultiPoint"",""coordinates"":[]}"
37_15_4,9.763994060363714,21,16.0,2022,"{""type"":""MultiPoint"",""coordinates"":[]}"
37_15_5,4.716197219848632,23,16.0,2022,"{""type"":""MultiPoint"",""coordinates"":[]}"
37_15_6,0.05179455963134764,25,16.0,2022,"{""type"":""MultiPoint"",""coordinates"":[]}"
37_15_7,0.026781292419433597,30,16.0,2022,"{""type"":""MultiPoint"",""coordinates"":[]}"
37_15_8,7.227241874877927,33,16.0,2022,"{""type"":""MultiPoint"",""coordinates"":[]}"
37_16_0,0.27707738049316466,3,17.0,2022,"{""type"":""MultiPoint"",""coordinates"":[]}"
37_16_1,0.0035751676635742188,21,17.0,2022,"{""type"":""MultiPoint"",""coordinates"":[]}"
37_17_0,342.317595615512,3,18.0,2022,"{""type"":""MultiPoint"",""coordinates"":[]}"
37_17_1,6.653162760986254,13,18.0,2022,"{""type"":""MultiPoint"",""coordinates"":[]}"
37_17_2,4.246347022033698,15,18.0,2022,"{""type"":""MultiPoint"",""coordinates"":[]}"
37_17_3,21.12166619946276,21,18.0,2022,"{""type"":""MultiPoint"",""coordinates"":[]}"
37_17_4,1.1458096388549808,23,18.0,2022,"{""type"":""MultiPoint"",""coordinates"":[]}"
37_17_5,0.5988228919677739,25,18.0,2022,"{""type"":""MultiPoint"",""coordinates"":[]}"
37_17_6,0.20288772711181657,30,18.0,2022,"{""type"":""MultiPoint"",""coordinates"":[]}"
37_17_7,0.46297456768798884,33,18.0,2022,"{""type"":""MultiPoint"",""coordinates"":[]}"
37_17_8,1.1073726126098635,68,18.0,2022,"{""type"":""MultiPoint"",""coordinates"":[]}"
37_18_0,321.7428560822918,3,19.0,2022,"{""type"":""MultiPoint"",""coordinates"":[]}"
37_18_1,20.394872870422628,11,19.0,2022,"{""type"":""MultiPoint"",""coordinates"":[]}"
37_18_2,53.419407686889244,13,19.0,2022,"{""type"":""MultiPoint"",""coordinates"":[]}"
37_18_3,0.19752780456542957,15,19.0,2022,"{""type"":""MultiPoint"",""coordinates"":[]}"
37_18_4,7.9343246789551065,18,19.0,2022,"{""type"":""MultiPoint"",""coordinates"":[]}"
37_18_5,54.14745110967981,21,19.0,2022,"{""type"":""MultiPoint"",""coordinates"":[]}"
37_18_6,0.3262398858032226,24,19.0,2022,"{""type"":""MultiPoint"",""coordinates"":[]}"
37_18_7,0.00715054180908203,25,19.0,2022,"{""type"":""MultiPoint"",""coordinates"":[]}"
37_18_8,0.053631939392089836,27,19.0,2022,"{""type"":""MultiPoint"",""coordinates"":[]}"
37_18_9,41.873593451051875,33,19.0,2022,"{""type"":""MultiPoint"",""coordinates"":[]}"
37_19_0,124.38004084381245,3,20.0,2022,"{""type"":""MultiPoint"",""coordinates"":[]}"
37_19_1,19.67679827911414,6,20.0,2022,"{""type"":""MultiPoint"",""coordinates"":[]}"
37_19_2,0.2947376652832036,11,20.0,2022,"{""type"":""MultiPoint"",""coordinates"":[]}"
37_19_3,64.39501637872262,13,20.0,2022,"{""type"":""MultiPoint"",""coordinates"":[]}"
37_19_4,59.83954442071523,15,20.0,2022,"{""type"":""MultiPoint"",""coordinates"":[]}"
37_19_5,0.14825817144775388,18,20.0,2022,"{""type"":""MultiPoint"",""coordinates"":[]}"
37_19_6,14.95019665350334,21,20.0,2022,"{""type"":""MultiPoint"",""coordinates"":[]}"
37_19_7,0.0017861580810546876,23,20.0,2022,"{""type"":""MultiPoint"",""coordinates"":[]}"
37_19_8,0.006251710388183595,24,20.0,2022,"{""type"":""MultiPoint"",""coordinates"":[]}"
37_19_9,0.10449657037353517,25,20.0,2022,"{""type"":""MultiPoint"",""coordinates"":[]}"
37_19_10,0.5251367418212898,33,20.0,2022,"{""type"":""MultiPoint"",""coordinates"":[]}"
37_20_0,48.90638296978963,3,21.0,2022,"{""type"":""MultiPoint"",""coordinates"":[]}"
37_20_1,18.647359847778535,15,21.0,2022,"{""type"":""MultiPoint"",""coordinates"":[]}"
37_20_2,3.2326742941284223,21,21.0,2022,"{""type"":""MultiPoint"",""coordinates"":[]}"
37_21_0,9886.399984939964,3,22.0,2022,"{""type"":""MultiPoint"",""coordinates"":[]}"
37_21_1,893.1399243614948,6,22.0,2022,"{""type"":""MultiPoint"",""coordinates"":[]}"
37_21_2,4.286390075439446,11,22.0,2022,"{""type"":""MultiPoint"",""coordinates"":[]}"
37_21_3,23.69928244390865,13,22.0,2022,"{""type"":""MultiPoint"",""coordinates"":[]}"
37_21_4,42.85178482379129,18,22.0,2022,"{""type"":""MultiPoint"",""coordinates"":[]}"
37_21_5,1.558790122802734,21,22.0,2022,"{""type"":""MultiPoint"",""coordinates"":[]}"
37_21_6,0.54392859979248,23,22.0,2022,"{""type"":""MultiPoint"",""coordinates"":[]}"
37_21_7,0.384027959899902,24,22.0,2022,"{""type"":""MultiPoint"",""coordinates"":[]}"
37_21_8,2.840746472351073,25,22.0,2022,"{""type"":""MultiPoint"",""coordinates"":[]}"
37_21_9,21.01751736981192,29,22.0,2022,"{""type"":""MultiPoint"",""coordinates"":[]}"
37_21_10,0.6343859809570304,30,22.0,2022,"{""type"":""MultiPoint"",""coordinates"":[]}"
37_21_11,84.25851825579869,33,22.0,2022,"{""type"":""MultiPoint"",""coordinates"":[]}"
37_21_12,2.4831987247314453,68,22.0,2022,"{""type"":""MultiPoint"",""coordinates"":[]}"
37_22_0,7891.840985785095,3,23.0,2022,"{""type"":""MultiPoint"",""coordinates"":[]}"
37_22_1,525.7515466714443,6,23.0,2022,"{""type"":""MultiPoint"",""coordinates"":[]}"
37_22_2,0.09382695666503905,11,23.0,2022,"{""type"":""MultiPoint"",""coordinates"":[]}"
37_22_3,206.5020089852869,13,23.0,2022,"{""type"":""MultiPoint"",""coordinates"":[]}"
37_22_4,78.30113141650453,15,23.0,2022,"{""type"":""MultiPoint"",""coordinates"":[]}"
37_22_5,4.815835352783172,18,23.0,2022,"{""type"":""MultiPoint"",""coordinates"":[]}"
37_22_6,21.721123816284155,21,23.0,2022,"{""type"":""MultiPoint"",""coordinates"":[]}"
37_22_7,0.1751007726440431,23,23.0,2022,"{""type"":""MultiPoint"",""coordinates"":[]}"
37_22_8,0.02323117291259766,24,23.0,2022,"{""type"":""MultiPoint"",""coordinates"":[]}"
37_22_9,0.058965611694335944,25,23.0,2022,"{""type"":""MultiPoint"",""coordinates"":[]}"
37_22_10,44.11137013568132,33,23.0,2022,"{""type"":""MultiPoint"",""coordinates"":[]}"
37_22_11,0.8864235839233412,68,23.0,2022,"{""type"":""MultiPoint"",""coordinates"":[]}"
37_23_0,104.88197041705348,3,25.0,2022,"{""type"":""MultiPoint"",""coordinates"":[]}"
37_23_1,8.938851318359375E-4,15,25.0,2022,"{""type"":""MultiPoint"",""coordinates"":[]}"
37_23_2,0.07330012622070309,18,25.0,2022,"{""type"":""MultiPoint"",""coordinates"":[]}"
37_23_3,0.043801236145019525,21,25.0,2022,"{""type"":""MultiPoint"",""coordinates"":[]}"
37_23_4,0.012514394226074218,25,25.0,2022,"{""type"":""MultiPoint"",""coordinates"":[]}"
37_23_5,0.5586882790527341,33,25.0,2022,"{""type"":""MultiPoint"",""coordinates"":[]}"
38_0_0,22.78362663452137,3,1.0,2023,"{""type"":""MultiPoint"",""coordinates"":[]}"
38_0_1,0.030384140014648432,23,1.0,2023,"{""type"":""MultiPoint"",""coordinates"":[]}"
38_0_2,0.025915827209472657,25,1.0,2023,"{""type"":""MultiPoint"",""coordinates"":[]}"
38_1_0,8902.404534194178,3,2.0,2023,"{""type"":""MultiPoint"",""coordinates"":[]}"
38_1_1,768.8780864551389,6,2.0,2023,"{""type"":""MultiPoint"",""coordinates"":[]}"
38_1_2,7.214819227111823,11,2.0,2023,"{""type"":""MultiPoint"",""coordinates"":[]}"
38_1_3,2.176331539367673,13,2.0,2023,"{""type"":""MultiPoint"",""coordinates"":[]}"
38_1_4,0.5271866808471682,18,2.0,2023,"{""type"":""MultiPoint"",""coordinates"":[]}"
38_1_5,0.10812051531982425,21,2.0,2023,"{""type"":""MultiPoint"",""coordinates"":[]}"
38_1_6,0.07236272827148439,24,2.0,2023,"{""type"":""MultiPoint"",""coordinates"":[]}"
38_1_7,0.04288248388671875,25,2.0,2023,"{""type"":""MultiPoint"",""coordinates"":[]}"
38_1_8,0.21977127667236324,30,2.0,2023,"{""type"":""MultiPoint"",""coordinates"":[]}"
38_1_9,25.664353417297356,33,2.0,2023,"{""type"":""MultiPoint"",""coordinates"":[]}"
38_1_10,1.8577202298584075,68,2.0,2023,"{""type"":""MultiPoint"",""coordinates"":[]}"
38_2_0,9364.403197210262,3,3.0,2023,"{""type"":""MultiPoint"",""coordinates"":[]}"
38_2_1,832.343929986042,6,3.0,2023,"{""type"":""MultiPoint"",""coordinates"":[]}"
38_2_2,69.04117013421599,11,3.0,2023,"{""type"":""MultiPoint"",""coordinates"":[]}"
38_2_3,11.477819608642616,13,3.0,2023,"{""type"":""MultiPoint"",""coordinates"":[]}"
38_2_4,45.545023546508936,18,3.0,2023,"{""type"":""MultiPoint"",""coordinates"":[]}"
38_2_5,1.3023967534790046,21,3.0,2023,"{""type"":""MultiPoint"",""coordinates"":[]}"
38_2_6,0.08581763842773438,23,3.0,2023,"{""type"":""MultiPoint"",""coordinates"":[]}"
38_2_7,0.3155444378662112,25,3.0,2023,"{""type"":""MultiPoint"",""coordinates"":[]}"
38_2_8,222.0895115876491,33,3.0,2023,"{""type"":""MultiPoint"",""coordinates"":[]}"
38_3_0,4871.996310801837,3,4.0,2023,"{""type"":""MultiPoint"",""coordinates"":[]}"
38_3_1,522.2779635831927,6,4.0,2023,"{""type"":""MultiPoint"",""coordinates"":[]}"
38_3_2,84.3273005797733,11,4.0,2023,"{""type"":""MultiPoint"",""coordinates"":[]}"
38_3_3,1.4808185958251965,13,4.0,2023,"{""type"":""MultiPoint"",""coordinates"":[]}"
38_3_4,2.2058296429443347,18,4.0,2023,"{""type"":""MultiPoint"",""coordinates"":[]}"
38_3_5,0.024130159118652343,21,4.0,2023,"{""type"":""MultiPoint"",""coordinates"":[]}"
38_3_6,0.3574924463500978,23,4.0,2023,"{""type"":""MultiPoint"",""coordinates"":[]}"
38_3_7,0.0625632201538086,24,4.0,2023,"{""type"":""MultiPoint"",""coordinates"":[]}"
38_3_8,111.96663475451633,33,4.0,2023,"{""type"":""MultiPoint"",""coordinates"":[]}"
38_4_0,1311.9778479081765,3,5.0,2023,"{""type"":""MultiPoint"",""coordinates"":[]}"
38_4_1,38.8741358669431,6,5.0,2023,"{""type"":""MultiPoint"",""coordinates"":[]}"
38_4_2,0.0044655519409179684,11,5.0,2023,"{""type"":""MultiPoint"",""coordinates"":[]}"
38_4_3,0.03215788995361328,12,5.0,2023,"{""type"":""MultiPoint"",""coordinates"":[]}"
38_4_4,697.7056593911864,15,5.0,2023,"{""type"":""MultiPoint"",""coordinates"":[]}"
38_4_5,0.49391049365234385,18,5.0,2023,"{""type"":""MultiPoint"",""coordinates"":[]}"
38_4_6,16.207800825012253,21,5.0,2023,"{""type"":""MultiPoint"",""coordinates"":[]}"
38_4_7,4.485108662597645,23,5.0,2023,"{""type"":""MultiPoint"",""coordinates"":[]}"
38_4_8,0.25546622875976566,25,5.0,2023,"{""type"":""MultiPoint"",""coordinates"":[]}"
38_4_9,19.544134076049687,33,5.0,2023,"{""type"":""MultiPoint"",""coordinates"":[]}"
38_5_0,2542.7864961839223,3,6.0,2023,"{""type"":""MultiPoint"",""coordinates"":[]}"
38_5_1,119.66740788091823,6,6.0,2023,"{""type"":""MultiPoint"",""coordinates"":[]}"
38_5_2,3.336561959106445,11,6.0,2023,"{""type"":""MultiPoint"",""coordinates"":[]}"
38_5_3,0.34532393341064505,13,6.0,2023,"{""type"":""MultiPoint"",""coordinates"":[]}"
38_5_4,9.988865387817471,18,6.0,2023,"{""type"":""MultiPoint"",""coordinates"":[]}"
38_5_5,0.15352398834228512,21,6.0,2023,"{""type"":""MultiPoint"",""coordinates"":[]}"
38_5_6,0.004460362609863281,23,6.0,2023,"{""type"":""MultiPoint"",""coordinates"":[]}"
38_5_7,0.03480645947265625,25,6.0,2023,"{""type"":""MultiPoint"",""coordinates"":[]}"
38_5_8,0.025888500244140633,30,6.0,2023,"{""type"":""MultiPoint"",""coordinates"":[]}"
38_5_9,5.012939959289545,33,6.0,2023,"{""type"":""MultiPoint"",""coordinates"":[]}"
38_6_0,931.8729947410792,3,7.0,2023,"{""type"":""MultiPoint"",""coordinates"":[]}"
38_6_1,0.5514689699096673,15,7.0,2023,"{""type"":""MultiPoint"",""coordinates"":[]}"
38_6_2,4.636998156860347,21,7.0,2023,"{""type"":""MultiPoint"",""coordinates"":[]}"
38_6_3,0.15194107928466805,23,7.0,2023,"{""type"":""MultiPoint"",""coordinates"":[]}"
38_6_4,0.5577188569335945,25,7.0,2023,"{""type"":""MultiPoint"",""coordinates"":[]}"
38_6_5,3.6135150084838896,33,7.0,2023,"{""type"":""MultiPoint"",""coordinates"":[]}"
38_6_6,0.1483576405029297,68,7.0,2023,"{""type"":""MultiPoint"",""coordinates"":[]}"
38_7_0,3820.742999535208,3,8.0,2023,"{""type"":""MultiPoint"",""coordinates"":[]}"
38_7_1,362.13566557715893,6,8.0,2023,"{""type"":""MultiPoint"",""coordinates"":[]}"
38_7_2,45.67316725528343,11,8.0,2023,"{""type"":""MultiPoint"",""coordinates"":[]}"
38_7_3,3.2522807042847037,13,8.0,2023,"{""type"":""MultiPoint"",""coordinates"":[]}"
38_7_4,137.67037556873007,15,8.0,2023,"{""type"":""MultiPoint"",""coordinates"":[]}"
38_7_5,8.7920564768067,18,8.0,2023,"{""type"":""MultiPoint"",""coordinates"":[]}"
38_7_6,19.430421545837536,21,8.0,2023,"{""type"":""MultiPoint"",""coordinates"":[]}"
38_7_7,0.01162166033935547,23,8.0,2023,"{""type"":""MultiPoint"",""coordinates"":[]}"
38_7_8,0.630243741638184,25,8.0,2023,"{""type"":""MultiPoint"",""coordinates"":[]}"
38_7_9,10.94660371984864,33,8.0,2023,"{""type"":""MultiPoint"",""coordinates"":[]}"
38_8_0,16.34391519482428,3,9.0,2023,"{""type"":""MultiPoint"",""coordinates"":[]}"
38_8_1,0.022336893249511717,11,9.0,2023,"{""type"":""MultiPoint"",""coordinates"":[]}"
38_8_2,13.8484080072022,13,9.0,2023,"{""type"":""MultiPoint"",""coordinates"":[]}"
38_8_3,0.24303416845703113,33,9.0,2023,"{""type"":""MultiPoint"",""coordinates"":[]}"
38_9_0,37933.168036107956,3,10.0,2023,"{""type"":""MultiPoint"",""coordinates"":[]}"
38_9_1,3145.863778166139,6,10.0,2023,"{""type"":""MultiPoint"",""coordinates"":[]}"
38_9_2,15.982769010375979,11,10.0,2023,"{""type"":""MultiPoint"",""coordinates"":[]}"
38_9_3,10.280594155151697,12,10.0,2023,"{""type"":""MultiPoint"",""coordinates"":[]}"
38_9_4,1229.0043242988386,13,10.0,2023,"{""type"":""MultiPoint"",""coordinates"":[]}"
38_9_5,81.87440237023912,15,10.0,2023,"{""type"":""MultiPoint"",""coordinates"":[]}"
38_9_6,2.5217430146484383,18,10.0,2023,"{""type"":""MultiPoint"",""coordinates"":[]}"
38_9_7,7.417341853088377,21,10.0,2023,"{""type"":""MultiPoint"",""coordinates"":[]}"
38_9_8,8.044254686218265,23,10.0,2023,"{""type"":""MultiPoint"",""coordinates"":[]}"
38_9_9,0.20024923754882817,24,10.0,2023,"{""type"":""MultiPoint"",""coordinates"":[]}"
38_9_10,0.17162358282470705,25,10.0,2023,"{""type"":""MultiPoint"",""coordinates"":[]}"
38_9_11,260.02197582293593,33,10.0,2023,"{""type"":""MultiPoint"",""coordinates"":[]}"
38_10_0,5049.962530701889,3,11.0,2023,"{""type"":""MultiPoint"",""coordinates"":[]}"
38_10_1,336.4799285452313,6,11.0,2023,"{""type"":""MultiPoint"",""coordinates"":[]}"
38_10_2,1.3576566339721694,11,11.0,2023,"{""type"":""MultiPoint"",""coordinates"":[]}"
38_10_3,63.10288781018206,12,11.0,2023,"{""type"":""MultiPoint"",""coordinates"":[]}"
38_10_4,106.52032219811808,13,11.0,2023,"{""type"":""MultiPoint"",""coordinates"":[]}"
38_10_5,582.1681534944429,15,11.0,2023,"{""type"":""MultiPoint"",""coordinates"":[]}"
38_10_6,1.241426388488769,18,11.0,2023,"{""type"":""MultiPoint"",""coordinates"":[]}"
38_10_7,37.98138615789788,21,11.0,2023,"{""type"":""MultiPoint"",""coordinates"":[]}"
38_10_8,1.13150386151123,23,11.0,2023,"{""type"":""MultiPoint"",""coordinates"":[]}"
38_10_9,0.03572827490234374,24,11.0,2023,"{""type"":""MultiPoint"",""coordinates"":[]}"
38_10_10,0.3669684143676757,25,11.0,2023,"{""type"":""MultiPoint"",""coordinates"":[]}"
38_10_11,38.781952138732805,33,11.0,2023,"{""type"":""MultiPoint"",""coordinates"":[]}"
38_11_0,559.0596278128916,3,12.0,2023,"{""type"":""MultiPoint"",""coordinates"":[]}"
38_11_1,0.09114955023193348,11,12.0,2023,"{""type"":""MultiPoint"",""coordinates"":[]}"
38_11_2,25.344562765197754,13,12.0,2023,"{""type"":""MultiPoint"",""coordinates"":[]}"
38_11_3,0.04021495416259765,15,12.0,2023,"{""type"":""MultiPoint"",""coordinates"":[]}"
38_11_4,1.0688187955322264,21,12.0,2023,"{""type"":""MultiPoint"",""coordinates"":[]}"
38_11_5,0.07327918395996091,23,12.0,2023,"{""type"":""MultiPoint"",""coordinates"":[]}"
38_11_6,0.19302991040039066,25,12.0,2023,"{""type"":""MultiPoint"",""coordinates"":[]}"
38_11_7,0.4656108988647458,33,12.0,2023,"{""type"":""MultiPoint"",""coordinates"":[]}"
38_11_8,0.38517096368408255,68,12.0,2023,"{""type"":""MultiPoint"",""coordinates"":[]}"
38_12_0,1.0767759925537308,11,13.0,2023,"{""type"":""MultiPoint"",""coordinates"":[]}"
38_12_1,0.022265787963867183,12,13.0,2023,"{""type"":""MultiPoint"",""coordinates"":[]}"
38_12_2,0.002671916015625,33,13.0,2023,"{""type"":""MultiPoint"",""coordinates"":[]}"
38_12_3,0.019593906372070313,68,13.0,2023,"{""type"":""MultiPoint"",""coordinates"":[]}"
38_13_0,892.0082910140566,3,14.0,2023,"{""type"":""MultiPoint"",""coordinates"":[]}"
38_13_1,615.8044068616456,13,14.0,2023,"{""type"":""MultiPoint"",""coordinates"":[]}"
38_13_2,7.447404574706971,15,14.0,2023,"{""type"":""MultiPoint"",""coordinates"":[]}"
38_13_3,0.05084313391113284,18,14.0,2023,"{""type"":""MultiPoint"",""coordinates"":[]}"
38_13_4,15.039990972778265,21,14.0,2023,"{""type"":""MultiPoint"",""coordinates"":[]}"
38_13_5,0.05798393426513673,23,14.0,2023,"{""type"":""MultiPoint"",""coordinates"":[]}"
38_13_6,6.692277781799295,33,14.0,2023,"{""type"":""MultiPoint"",""coordinates"":[]}"
38_13_7,2.198644089904788,68,14.0,2023,"{""type"":""MultiPoint"",""coordinates"":[]}"
38_14_0,748.8840398833886,3,15.0,2023,"{""type"":""MultiPoint"",""coordinates"":[]}"
38_14_1,1.7632998002929698,15,15.0,2023,"{""type"":""MultiPoint"",""coordinates"":[]}"
38_14_2,12.769331741455197,21,15.0,2023,"{""type"":""MultiPoint"",""coordinates"":[]}"
38_14_3,0.25560782580566394,23,15.0,2023,"{""type"":""MultiPoint"",""coordinates"":[]}"
38_14_4,0.2967059364013671,25,15.0,2023,"{""type"":""MultiPoint"",""coordinates"":[]}"
38_14_5,0.019661381469726562,30,15.0,2023,"{""type"":""MultiPoint"",""coordinates"":[]}"
38_14_6,0.19483011975097664,33,15.0,2023,"{""type"":""MultiPoint"",""coordinates"":[]}"
38_15_0,2674.873679678704,3,16.0,2023,"{""type"":""MultiPoint"",""coordinates"":[]}"
38_15_1,3.833021851501458,6,16.0,2023,"{""type"":""MultiPoint"",""coordinates"":[]}"
38_15_2,24.880889729736236,13,16.0,2023,"{""type"":""MultiPoint"",""coordinates"":[]}"
38_15_3,155.87248493976622,15,16.0,2023,"{""type"":""MultiPoint"",""coordinates"":[]}"
38_15_4,10.502505057617144,21,16.0,2023,"{""type"":""MultiPoint"",""coordinates"":[]}"
38_15_5,4.175109841430659,23,16.0,2023,"{""type"":""MultiPoint"",""coordinates"":[]}"
38_15_6,0.0517942769165039,25,16.0,2023,"{""type"":""MultiPoint"",""coordinates"":[]}"
38_15_7,0.026781315917968753,30,16.0,2023,"{""type"":""MultiPoint"",""coordinates"":[]}"
38_15_8,7.537066418762221,33,16.0,2023,"{""type"":""MultiPoint"",""coordinates"":[]}"
38_16_0,0.27707738049316466,3,17.0,2023,"{""type"":""MultiPoint"",""coordinates"":[]}"
38_16_1,0.0035751676635742188,21,17.0,2023,"{""type"":""MultiPoint"",""coordinates"":[]}"
38_17_0,342.97004845327785,3,18.0,2023,"{""type"":""MultiPoint"",""coordinates"":[]}"
38_17_1,6.637073848510672,13,18.0,2023,"{""type"":""MultiPoint"",""coordinates"":[]}"
38_17_2,4.535036941101106,15,18.0,2023,"{""type"":""MultiPoint"",""coordinates"":[]}"
38_17_3,20.42452175097641,21,18.0,2023,"{""type"":""MultiPoint"",""coordinates"":[]}"
38_17_4,0.8463976074829099,23,18.0,2023,"{""type"":""MultiPoint"",""coordinates"":[]}"
38_17_5,0.6479802113647466,25,18.0,2023,"{""type"":""MultiPoint"",""coordinates"":[]}"
38_17_6,0.21003796423339854,30,18.0,2023,"{""type"":""MultiPoint"",""coordinates"":[]}"
38_17_7,0.4969376864013678,33,18.0,2023,"{""type"":""MultiPoint"",""coordinates"":[]}"
38_17_8,1.0886045728759763,68,18.0,2023,"{""type"":""MultiPoint"",""coordinates"":[]}"
38_18_0,321.3075595994421,3,19.0,2023,"{""type"":""MultiPoint"",""coordinates"":[]}"
38_18_1,20.67375370391897,11,19.0,2023,"{""type"":""MultiPoint"",""coordinates"":[]}"
38_18_2,52.735610486327865,13,19.0,2023,"{""type"":""MultiPoint"",""coordinates"":[]}"
38_18_3,0.20735950518798796,15,19.0,2023,"{""type"":""MultiPoint"",""coordinates"":[]}"
38_18_4,2.6876862692871075,18,19.0,2023,"{""type"":""MultiPoint"",""coordinates"":[]}"
38_18_5,60.21732090392947,21,19.0,2023,"{""type"":""MultiPoint"",""coordinates"":[]}"
38_18_6,0.32713368359374995,24,19.0,2023,"{""type"":""MultiPoint"",""coordinates"":[]}"
38_18_7,0.022345476623535157,25,19.0,2023,"{""type"":""MultiPoint"",""coordinates"":[]}"
38_18_8,0.053631939392089836,27,19.0,2023,"{""type"":""MultiPoint"",""coordinates"":[]}"
38_18_9,41.86465448315624,33,19.0,2023,"{""type"":""MultiPoint"",""coordinates"":[]}"
38_19_0,126.1564619294492,3,20.0,2023,"{""type"":""MultiPoint"",""coordinates"":[]}"
38_19_1,19.68215321984897,6,20.0,2023,"{""type"":""MultiPoint"",""coordinates"":[]}"
38_19_2,0.2920581203613284,11,20.0,2023,"{""type"":""MultiPoint"",""coordinates"":[]}"
38_19_3,65.70883114984039,13,20.0,2023,"{""type"":""MultiPoint"",""coordinates"":[]}"
38_19_4,58.583809927368115,15,20.0,2023,"{""type"":""MultiPoint"",""coordinates"":[]}"
38_19_5,0.033045431640625,18,20.0,2023,"{""type"":""MultiPoint"",""coordinates"":[]}"
38_19_6,13.23626987298589,21,20.0,2023,"{""type"":""MultiPoint"",""coordinates"":[]}"
38_19_7,0.0071448121337890635,24,20.0,2023,"{""type"":""MultiPoint"",""coordinates"":[]}"
38_19_8,0.10092461810302732,25,20.0,2023,"{""type"":""MultiPoint"",""coordinates"":[]}"
38_19_9,0.5215645115356451,33,20.0,2023,"{""type"":""MultiPoint"",""coordinates"":[]}"
38_20_0,49.09664216284433,3,21.0,2023,"{""type"":""MultiPoint"",""coordinates"":[]}"
38_20_1,18.603605372375707,15,21.0,2023,"{""type"":""MultiPoint"",""coordinates"":[]}"
38_20_2,3.0861695764770563,21,21.0,2023,"{""type"":""MultiPoint"",""coordinates"":[]}"
38_21_0,9901.718709249139,3,22.0,2023,"{""type"":""MultiPoint"",""coordinates"":[]}"
38_21_1,872.9965824189816,6,22.0,2023,"{""type"":""MultiPoint"",""coordinates"":[]}"
38_21_2,4.593543609985335,11,22.0,2023,"{""type"":""MultiPoint"",""coordinates"":[]}"
38_21_3,24.73263664410403,13,22.0,2023,"{""type"":""MultiPoint"",""coordinates"":[]}"
38_21_4,46.059795316039896,18,22.0,2023,"{""type"":""MultiPoint"",""coordinates"":[]}"
38_21_5,1.6481274801635746,21,22.0,2023,"{""type"":""MultiPoint"",""coordinates"":[]}"
38_21_6,0.30995319458007786,23,22.0,2023,"{""type"":""MultiPoint"",""coordinates"":[]}"
38_21_7,0.42511100689697223,24,22.0,2023,"{""type"":""MultiPoint"",""coordinates"":[]}"
38_21_8,2.5272524425659184,25,22.0,2023,"{""type"":""MultiPoint"",""coordinates"":[]}"
38_21_9,20.949629027892957,29,22.0,2023,"{""type"":""MultiPoint"",""coordinates"":[]}"
38_21_10,0.8327493857421873,30,22.0,2023,"{""type"":""MultiPoint"",""coordinates"":[]}"
38_21_11,84.88645382946794,33,22.0,2023,"{""type"":""MultiPoint"",""coordinates"":[]}"
38_21_12,2.417936524963379,68,22.0,2023,"{""type"":""MultiPoint"",""coordinates"":[]}"
38_22_0,7911.4627665337275,3,23.0,2023,"{""type"":""MultiPoint"",""coordinates"":[]}"
38_22_1,507.0561499614836,6,23.0,2023,"{""type"":""MultiPoint"",""coordinates"":[]}"
38_22_2,0.09382695666503905,11,23.0,2023,"{""type"":""MultiPoint"",""coordinates"":[]}"
38_22_3,205.37888167382494,13,23.0,2023,"{""type"":""MultiPoint"",""coordinates"":[]}"
38_22_4,75.72412090026945,15,23.0,2023,"{""type"":""MultiPoint"",""coordinates"":[]}"
38_22_5,4.33603370288083,18,23.0,2023,"{""type"":""MultiPoint"",""coordinates"":[]}"
38_22_6,23.26652669323733,21,23.0,2023,"{""type"":""MultiPoint"",""coordinates"":[]}"
38_22_7,0.18314154864501964,23,23.0,2023,"{""type"":""MultiPoint"",""coordinates"":[]}"
38_22_8,0.030379223510742192,24,23.0,2023,"{""type"":""MultiPoint"",""coordinates"":[]}"
38_22_9,0.0991727070922852,25,23.0,2023,"{""type"":""MultiPoint"",""coordinates"":[]}"
38_22_10,45.770388201294104,33,23.0,2023,"{""type"":""MultiPoint"",""coordinates"":[]}"
38_22_11,0.8801621583251967,68,23.0,2023,"{""type"":""MultiPoint"",""coordinates"":[]}"
38_23_0,104.88912152618434,3,25.0,2023,"{""type"":""MultiPoint"",""coordinates"":[]}"
38_23_1,0.0017877702026367188,15,25.0,2023,"{""type"":""MultiPoint"",""coordinates"":[]}"
38_23_2,0.073300133605957,18,25.0,2023,"{""type"":""MultiPoint"",""coordinates"":[]}"
38_23_3,0.041119539978027336,21,25.0,2023,"{""type"":""MultiPoint"",""coordinates"":[]}"
38_23_4,0.008938853454589843,25,25.0,2023,"{""type"":""MultiPoint"",""coordinates"":[]}"
38_23_5,0.5569005144042967,33,25.0,2023,"{""type"":""MultiPoint"",""coordinates"":[]}"
39_0_0,22.8095425328368,3,1.0,2024,"{""type"":""MultiPoint"",""coordinates"":[]}"
39_0_1,0.00446824169921875,23,1.0,2024,"{""type"":""MultiPoint"",""coordinates"":[]}"
39_0_2,0.025915827209472657,25,1.0,2024,"{""type"":""MultiPoint"",""coordinates"":[]}"
39_1_0,8885.477318436884,3,2.0,2024,"{""type"":""MultiPoint"",""coordinates"":[]}"
39_1_1,786.932157916699,6,2.0,2024,"{""type"":""MultiPoint"",""coordinates"":[]}"
39_1_2,5.972891779235842,11,2.0,2024,"{""type"":""MultiPoint"",""coordinates"":[]}"
39_1_3,3.2252560654907168,13,2.0,2024,"{""type"":""MultiPoint"",""coordinates"":[]}"
39_1_4,0.3520538376464848,18,2.0,2024,"{""type"":""MultiPoint"",""coordinates"":[]}"
39_1_5,0.07773531524658203,21,2.0,2024,"{""type"":""MultiPoint"",""coordinates"":[]}"
39_1_6,0.26801014178466814,24,2.0,2024,"{""type"":""MultiPoint"",""coordinates"":[]}"
39_1_7,0.07057580419921877,25,2.0,2024,"{""type"":""MultiPoint"",""coordinates"":[]}"
39_1_8,0.25014633337402337,30,2.0,2024,"{""type"":""MultiPoint"",""coordinates"":[]}"
39_1_9,25.35886331146234,33,2.0,2024,"{""type"":""MultiPoint"",""coordinates"":[]}"
39_1_10,1.181159805786131,68,2.0,2024,"{""type"":""MultiPoint"",""coordinates"":[]}"
39_2_0,9390.180305533322,3,3.0,2024,"{""type"":""MultiPoint"",""coordinates"":[]}"
39_2_1,807.0878290080035,6,3.0,2024,"{""type"":""MultiPoint"",""coordinates"":[]}"
39_2_2,65.70519108514388,11,3.0,2024,"{""type"":""MultiPoint"",""coordinates"":[]}"
39_2_3,10.836959425476078,13,3.0,2024,"{""type"":""MultiPoint"",""coordinates"":[]}"
39_2_4,47.450794923339934,18,3.0,2024,"{""type"":""MultiPoint"",""coordinates"":[]}"
39_2_5,1.3730177282714846,21,3.0,2024,"{""type"":""MultiPoint"",""coordinates"":[]}"
39_2_6,0.09832567388916014,23,3.0,2024,"{""type"":""MultiPoint"",""coordinates"":[]}"
39_2_7,0.1671642616577148,25,3.0,2024,"{""type"":""MultiPoint"",""coordinates"":[]}"
39_2_8,223.7048232639183,33,3.0,2024,"{""type"":""MultiPoint"",""coordinates"":[]}"
39_3_0,4863.021399319793,3,4.0,2024,"{""type"":""MultiPoint"",""coordinates"":[]}"
39_3_1,545.4244854181402,6,4.0,2024,"{""type"":""MultiPoint"",""coordinates"":[]}"
39_3_2,70.5793105806878,11,4.0,2024,"{""type"":""MultiPoint"",""coordinates"":[]}"
39_3_3,0.7989561853027346,13,4.0,2024,"{""type"":""MultiPoint"",""coordinates"":[]}"
39_3_4,2.2424757631835988,18,4.0,2024,"{""type"":""MultiPoint"",""coordinates"":[]}"
39_3_5,0.017874109191894527,21,4.0,2024,"{""type"":""MultiPoint"",""coordinates"":[]}"
39_3_6,1.924216830505375,23,4.0,2024,"{""type"":""MultiPoint"",""coordinates"":[]}"
39_3_7,0.03753788653564453,24,4.0,2024,"{""type"":""MultiPoint"",""coordinates"":[]}"
39_3_8,0.08312468115234374,25,4.0,2024,"{""type"":""MultiPoint"",""coordinates"":[]}"
39_3_9,110.56966300915498,33,4.0,2024,"{""type"":""MultiPoint"",""coordinates"":[]}"
39_4_0,1280.4741149045517,3,5.0,2024,"{""type"":""MultiPoint"",""coordinates"":[]}"
39_4_1,37.414007188415326,6,5.0,2024,"{""type"":""MultiPoint"",""coordinates"":[]}"
39_4_2,0.03215199041748048,11,5.0,2024,"{""type"":""MultiPoint"",""coordinates"":[]}"
39_4_3,0.040197346618652346,12,5.0,2024,"{""type"":""MultiPoint"",""coordinates"":[]}"
39_4_4,734.4860359036088,15,5.0,2024,"{""type"":""MultiPoint"",""coordinates"":[]}"
39_4_5,0.8082511118774417,18,5.0,2024,"{""type"":""MultiPoint"",""coordinates"":[]}"
39_4_6,12.179626794250478,21,5.0,2024,"{""type"":""MultiPoint"",""coordinates"":[]}"
39_4_7,5.68186692559814,23,5.0,2024,"{""type"":""MultiPoint"",""coordinates"":[]}"
39_4_8,0.4662712499389648,25,5.0,2024,"{""type"":""MultiPoint"",""coordinates"":[]}"
39_4_9,17.998163479003807,33,5.0,2024,"{""type"":""MultiPoint"",""coordinates"":[]}"
39_5_0,2553.5489191810525,3,6.0,2024,"{""type"":""MultiPoint"",""coordinates"":[]}"
39_5_1,108.0098909039315,6,6.0,2024,"{""type"":""MultiPoint"",""coordinates"":[]}"
39_5_2,2.6538262736816374,11,6.0,2024,"{""type"":""MultiPoint"",""coordinates"":[]}"
39_5_3,0.09993189929199219,13,6.0,2024,"{""type"":""MultiPoint"",""coordinates"":[]}"
39_5_4,9.681148696899427,18,6.0,2024,"{""type"":""MultiPoint"",""coordinates"":[]}"
39_5_5,0.17583327789306666,21,6.0,2024,"{""type"":""MultiPoint"",""coordinates"":[]}"
39_5_6,0.015167442871093749,25,6.0,2024,"{""type"":""MultiPoint"",""coordinates"":[]}"
39_5_7,0.025888500244140633,30,6.0,2024,"{""type"":""MultiPoint"",""coordinates"":[]}"
39_5_8,4.9486720950927685,33,6.0,2024,"{""type"":""MultiPoint"",""coordinates"":[]}"
39_5_9,2.1969963439331046,68,6.0,2024,"{""type"":""MultiPoint"",""coordinates"":[]}"
39_6_0,932.2242524928541,3,7.0,2024,"{""type"":""MultiPoint"",""coordinates"":[]}"
39_6_1,0.6086727708129878,15,7.0,2024,"{""type"":""MultiPoint"",""coordinates"":[]}"
39_6_2,4.246411218322748,21,7.0,2024,"{""type"":""MultiPoint"",""coordinates"":[]}"
39_6_3,0.16177430676269544,23,7.0,2024,"{""type"":""MultiPoint"",""coordinates"":[]}"
39_6_4,0.5425243252563484,25,7.0,2024,"{""type"":""MultiPoint"",""coordinates"":[]}"
39_6_5,3.584913917297366,33,7.0,2024,"{""type"":""MultiPoint"",""coordinates"":[]}"
39_6_6,0.1644454217529298,68,7.0,2024,"{""type"":""MultiPoint"",""coordinates"":[]}"
39_7_0,3809.8348163034548,3,8.0,2024,"{""type"":""MultiPoint"",""coordinates"":[]}"
39_7_1,356.2256015866797,6,8.0,2024,"{""type"":""MultiPoint"",""coordinates"":[]}"
39_7_2,45.97264376957369,11,8.0,2024,"{""type"":""MultiPoint"",""coordinates"":[]}"
39_7_3,3.7555883999023885,13,8.0,2024,"{""type"":""MultiPoint"",""coordinates"":[]}"
39_7_4,140.55255612555487,15,8.0,2024,"{""type"":""MultiPoint"",""coordinates"":[]}"
39_7_5,12.282055162658681,18,8.0,2024,"{""type"":""MultiPoint"",""coordinates"":[]}"
39_7_6,28.608839940245712,21,8.0,2024,"{""type"":""MultiPoint"",""coordinates"":[]}"
39_7_7,8.939737548828125E-4,23,8.0,2024,"{""type"":""MultiPoint"",""coordinates"":[]}"
39_7_8,0.45681213067626897,25,8.0,2024,"{""type"":""MultiPoint"",""coordinates"":[]}"
39_7_9,11.59562839270017,33,8.0,2024,"{""type"":""MultiPoint"",""coordinates"":[]}"
39_8_0,15.873038767395345,3,9.0,2024,"{""type"":""MultiPoint"",""coordinates"":[]}"
39_8_1,0.03305875878906249,11,9.0,2024,"{""type"":""MultiPoint"",""coordinates"":[]}"
39_8_2,14.232614897216788,13,9.0,2024,"{""type"":""MultiPoint"",""coordinates"":[]}"
39_8_3,0.318981840332031,33,9.0,2024,"{""type"":""MultiPoint"",""coordinates"":[]}"
39_9_0,38124.62983411905,3,10.0,2024,"{""type"":""MultiPoint"",""coordinates"":[]}"
39_9_1,2959.7661695100114,6,10.0,2024,"{""type"":""MultiPoint"",""coordinates"":[]}"
39_9_2,17.96290077685544,11,10.0,2024,"{""type"":""MultiPoint"",""coordinates"":[]}"
39_9_3,10.258249583008116,12,10.0,2024,"{""type"":""MultiPoint"",""coordinates"":[]}"
39_9_4,1218.1734261251595,13,10.0,2024,"{""type"":""MultiPoint"",""coordinates"":[]}"
39_9_5,89.8763022558594,15,10.0,2024,"{""type"":""MultiPoint"",""coordinates"":[]}"
39_9_6,2.494897201538087,18,10.0,2024,"{""type"":""MultiPoint"",""coordinates"":[]}"
39_9_7,6.296224519287113,21,10.0,2024,"{""type"":""MultiPoint"",""coordinates"":[]}"
39_9_8,6.080175152343747,23,10.0,2024,"{""type"":""MultiPoint"",""coordinates"":[]}"
39_9_9,0.20024923754882817,24,10.0,2024,"{""type"":""MultiPoint"",""coordinates"":[]}"
39_9_10,0.20470224084472657,25,10.0,2024,"{""type"":""MultiPoint"",""coordinates"":[]}"
39_9_11,258.6079615849597,33,10.0,2024,"{""type"":""MultiPoint"",""coordinates"":[]}"
39_10_0,5023.948173225353,3,11.0,2024,"{""type"":""MultiPoint"",""coordinates"":[]}"
39_10_1,341.2908780241117,6,11.0,2024,"{""type"":""MultiPoint"",""coordinates"":[]}"
39_10_2,1.6157761287841805,11,11.0,2024,"{""type"":""MultiPoint"",""coordinates"":[]}"
39_10_3,62.937650145020896,12,11.0,2024,"{""type"":""MultiPoint"",""coordinates"":[]}"
39_10_4,107.63330559271037,13,11.0,2024,"{""type"":""MultiPoint"",""coordinates"":[]}"
39_10_5,598.56867344988,15,11.0,2024,"{""type"":""MultiPoint"",""coordinates"":[]}"
39_10_6,3.1651987793579144,18,11.0,2024,"{""type"":""MultiPoint"",""coordinates"":[]}"
39_10_7,39.47432959869381,21,11.0,2024,"{""type"":""MultiPoint"",""coordinates"":[]}"
39_10_8,2.582948854614257,23,11.0,2024,"{""type"":""MultiPoint"",""coordinates"":[]}"
39_10_9,0.037514687011718735,24,11.0,2024,"{""type"":""MultiPoint"",""coordinates"":[]}"
39_10_10,0.6044460659790035,25,11.0,2024,"{""type"":""MultiPoint"",""coordinates"":[]}"
39_10_11,37.27155006835928,33,11.0,2024,"{""type"":""MultiPoint"",""coordinates"":[]}"
39_11_0,556.0069854026597,3,12.0,2024,"{""type"":""MultiPoint"",""coordinates"":[]}"
39_11_1,0.09383029693603505,11,12.0,2024,"{""type"":""MultiPoint"",""coordinates"":[]}"
39_11_2,28.11748793908714,13,12.0,2024,"{""type"":""MultiPoint"",""coordinates"":[]}"
39_11_3,0.18945544165039063,15,12.0,2024,"{""type"":""MultiPoint"",""coordinates"":[]}"
39_11_4,1.1242244210205077,21,12.0,2024,"{""type"":""MultiPoint"",""coordinates"":[]}"
39_11_5,0.018767236022949222,23,12.0,2024,"{""type"":""MultiPoint"",""coordinates"":[]}"
39_11_6,0.1778382620239258,25,12.0,2024,"{""type"":""MultiPoint"",""coordinates"":[]}"
39_11_7,0.46382367614746056,33,12.0,2024,"{""type"":""MultiPoint"",""coordinates"":[]}"
39_11_8,0.5290521593627933,68,12.0,2024,"{""type"":""MultiPoint"",""coordinates"":[]}"
39_12_0,1.0402600359497223,11,13.0,2024,"{""type"":""MultiPoint"",""coordinates"":[]}"
39_12_1,0.04453163055419924,12,13.0,2024,"{""type"":""MultiPoint"",""coordinates"":[]}"
39_12_2,0.002671916015625,33,13.0,2024,"{""type"":""MultiPoint"",""coordinates"":[]}"
39_12_3,0.03384402038574219,68,13.0,2024,"{""type"":""MultiPoint"",""coordinates"":[]}"
39_13_0,891.3563176859316,3,14.0,2024,"{""type"":""MultiPoint"",""coordinates"":[]}"
39_13_1,615.960492282846,13,14.0,2024,"{""type"":""MultiPoint"",""coordinates"":[]}"
39_13_2,7.719530757751387,15,14.0,2024,"{""type"":""MultiPoint"",""coordinates"":[]}"
39_13_3,0.16769029132080068,18,14.0,2024,"{""type"":""MultiPoint"",""coordinates"":[]}"
39_13_4,15.040763360839762,21,14.0,2024,"{""type"":""MultiPoint"",""coordinates"":[]}"
39_13_5,0.08653128637695316,23,14.0,2024,"{""type"":""MultiPoint"",""coordinates"":[]}"
39_13_6,6.928637115234384,33,14.0,2024,"{""type"":""MultiPoint"",""coordinates"":[]}"
39_13_7,2.0398795827636773,68,14.0,2024,"{""type"":""MultiPoint"",""coordinates"":[]}"
39_14_0,749.5820351202598,3,15.0,2024,"{""type"":""MultiPoint"",""coordinates"":[]}"
39_14_1,1.8553569288330074,15,15.0,2024,"{""type"":""MultiPoint"",""coordinates"":[]}"
39_14_2,12.141045392578253,21,15.0,2024,"{""type"":""MultiPoint"",""coordinates"":[]}"
39_14_3,0.12780216693115246,23,15.0,2024,"{""type"":""MultiPoint"",""coordinates"":[]}"
39_14_4,0.2707889294433594,25,15.0,2024,"{""type"":""MultiPoint"",""coordinates"":[]}"
39_14_5,0.011618090942382815,30,15.0,2024,"{""type"":""MultiPoint"",""coordinates"":[]}"
39_14_6,0.19483005957031257,33,15.0,2024,"{""type"":""MultiPoint"",""coordinates"":[]}"
39_15_0,2672.7569636655226,3,16.0,2024,"{""type"":""MultiPoint"",""coordinates"":[]}"
39_15_1,3.270411564880363,6,16.0,2024,"{""type"":""MultiPoint"",""coordinates"":[]}"
39_15_2,23.699658463500977,13,16.0,2024,"{""type"":""MultiPoint"",""coordinates"":[]}"
39_15_3,160.26891930566788,15,16.0,2024,"{""type"":""MultiPoint"",""coordinates"":[]}"
39_15_4,9.774639259094206,21,16.0,2024,"{""type"":""MultiPoint"",""coordinates"":[]}"
39_15_5,5.3680141472778296,23,16.0,2024,"{""type"":""MultiPoint"",""coordinates"":[]}"
39_15_6,0.04822284289550782,25,16.0,2024,"{""type"":""MultiPoint"",""coordinates"":[]}"
39_15_7,0.013390693603515625,30,16.0,2024,"{""type"":""MultiPoint"",""coordinates"":[]}"
39_15_8,6.5531131678466865,33,16.0,2024,"{""type"":""MultiPoint"",""coordinates"":[]}"
39_16_0,0.2708207893676764,3,17.0,2024,"{""type"":""MultiPoint"",""coordinates"":[]}"
39_16_1,0.00625659112548828,13,17.0,2024,"{""type"":""MultiPoint"",""coordinates"":[]}"
39_16_2,0.0035751676635742188,21,17.0,2024,"{""type"":""MultiPoint"",""coordinates"":[]}"
39_17_0,341.9985511107482,3,18.0,2024,"{""type"":""MultiPoint"",""coordinates"":[]}"
39_17_1,8.145734587585505,13,18.0,2024,"{""type"":""MultiPoint"",""coordinates"":[]}"
39_17_2,5.833689412414597,15,18.0,2024,"{""type"":""MultiPoint"",""coordinates"":[]}"
39_17_3,18.165954144164854,21,18.0,2024,"{""type"":""MultiPoint"",""coordinates"":[]}"
39_17_4,0.7552361585083012,23,18.0,2024,"{""type"":""MultiPoint"",""coordinates"":[]}"
39_17_5,0.7096490049438481,25,18.0,2024,"{""type"":""MultiPoint"",""coordinates"":[]}"
39_17_6,0.19305618066406263,30,18.0,2024,"{""type"":""MultiPoint"",""coordinates"":[]}"
39_17_7,0.4576115335083014,33,18.0,2024,"{""type"":""MultiPoint"",""coordinates"":[]}"
39_17_8,1.5971569036865236,68,18.0,2024,"{""type"":""MultiPoint"",""coordinates"":[]}"
39_18_0,320.5495880548254,3,19.0,2024,"{""type"":""MultiPoint"",""coordinates"":[]}"
39_18_1,21.05899835681209,11,19.0,2024,"{""type"":""MultiPoint"",""coordinates"":[]}"
39_18_2,52.80442728851271,13,19.0,2024,"{""type"":""MultiPoint"",""coordinates"":[]}"
39_18_3,0.22523547473144492,15,19.0,2024,"{""type"":""MultiPoint"",""coordinates"":[]}"
39_18_4,2.674268119689954,18,19.0,2024,"{""type"":""MultiPoint"",""coordinates"":[]}"
39_18_5,60.456887656188314,21,19.0,2024,"{""type"":""MultiPoint"",""coordinates"":[]}"
39_18_6,0.32713368359374995,24,19.0,2024,"{""type"":""MultiPoint"",""coordinates"":[]}"
39_18_7,0.021451301513671868,25,19.0,2024,"{""type"":""MultiPoint"",""coordinates"":[]}"
39_18_8,0.053631939392089836,27,19.0,2024,"{""type"":""MultiPoint"",""coordinates"":[]}"
39_18_9,41.92543417560046,33,19.0,2024,"{""type"":""MultiPoint"",""coordinates"":[]}"
39_19_0,129.0796855088496,3,20.0,2024,"{""type"":""MultiPoint"",""coordinates"":[]}"
39_19_1,19.39099301654079,6,20.0,2024,"{""type"":""MultiPoint"",""coordinates"":[]}"
39_19_2,0.3938775202026366,11,20.0,2024,"{""type"":""MultiPoint"",""coordinates"":[]}"
39_19_3,68.39362167809877,13,20.0,2024,"{""type"":""MultiPoint"",""coordinates"":[]}"
39_19_4,57.898765815124705,15,20.0,2024,"{""type"":""MultiPoint"",""coordinates"":[]}"
39_19_5,0.06608902685546872,18,20.0,2024,"{""type"":""MultiPoint"",""coordinates"":[]}"
39_19_6,8.500856372253413,21,20.0,2024,"{""type"":""MultiPoint"",""coordinates"":[]}"
39_19_7,0.0071448121337890635,24,20.0,2024,"{""type"":""MultiPoint"",""coordinates"":[]}"
39_19_8,0.07055820587158207,25,20.0,2024,"{""type"":""MultiPoint"",""coordinates"":[]}"
39_19_9,0.5206716373291019,33,20.0,2024,"{""type"":""MultiPoint"",""coordinates"":[]}"
39_20_0,49.57541717572217,3,21.0,2024,"{""type"":""MultiPoint"",""coordinates"":[]}"
39_20_1,19.541529675964448,15,21.0,2024,"{""type"":""MultiPoint"",""coordinates"":[]}"
39_20_2,1.6694702600097642,21,21.0,2024,"{""type"":""MultiPoint"",""coordinates"":[]}"
39_21_0,9922.213490293421,3,22.0,2024,"{""type"":""MultiPoint"",""coordinates"":[]}"
39_21_1,849.6132275627097,6,22.0,2024,"{""type"":""MultiPoint"",""coordinates"":[]}"
39_21_2,5.401693984863272,11,22.0,2024,"{""type"":""MultiPoint"",""coordinates"":[]}"
39_21_3,26.05968334045411,13,22.0,2024,"{""type"":""MultiPoint"",""coordinates"":[]}"
39_21_4,47.27702836224339,18,22.0,2024,"{""type"":""MultiPoint"",""coordinates"":[]}"
39_21_5,2.756584693542481,21,22.0,2024,"{""type"":""MultiPoint"",""coordinates"":[]}"
39_21_6,0.4054983740844724,23,22.0,2024,"{""type"":""MultiPoint"",""coordinates"":[]}"
39_21_7,0.4402913505859371,24,22.0,2024,"{""type"":""MultiPoint"",""coordinates"":[]}"
39_21_8,1.2194164107055665,25,22.0,2024,"{""type"":""MultiPoint"",""coordinates"":[]}"
39_21_9,21.577580674987704,29,22.0,2024,"{""type"":""MultiPoint"",""coordinates"":[]}"
39_21_10,0.6906838214721678,30,22.0,2024,"{""type"":""MultiPoint"",""coordinates"":[]}"
39_21_11,83.16180194842556,33,22.0,2024,"{""type"":""MultiPoint"",""coordinates"":[]}"
39_21_12,3.281499313110345,68,22.0,2024,"{""type"":""MultiPoint"",""coordinates"":[]}"
39_22_0,7928.763228361434,3,23.0,2024,"{""type"":""MultiPoint"",""coordinates"":[]}"
39_22_1,493.7133773106673,6,23.0,2024,"{""type"":""MultiPoint"",""coordinates"":[]}"
39_22_2,0.11080573126220693,11,23.0,2024,"{""type"":""MultiPoint"",""coordinates"":[]}"
39_22_3,204.4178082140469,13,23.0,2024,"{""type"":""MultiPoint"",""coordinates"":[]}"
39_22_4,77.49027438440038,15,23.0,2024,"{""type"":""MultiPoint"",""coordinates"":[]}"
39_22_5,4.5192205203857245,18,23.0,2024,"{""type"":""MultiPoint"",""coordinates"":[]}"
39_22_6,18.69585183093261,21,23.0,2024,"{""type"":""MultiPoint"",""coordinates"":[]}"
39_22_7,8.93291748046875E-4,23,23.0,2024,"{""type"":""MultiPoint"",""coordinates"":[]}"
39_22_8,0.033953245239257815,24,23.0,2024,"{""type"":""MultiPoint"",""coordinates"":[]}"
39_22_9,0.10810667083740236,25,23.0,2024,"{""type"":""MultiPoint"",""coordinates"":[]}"
39_22_10,45.49249294226087,33,23.0,2024,"{""type"":""MultiPoint"",""coordinates"":[]}"
39_22_11,0.9355377577514659,68,23.0,2024,"{""type"":""MultiPoint"",""coordinates"":[]}"
39_23_0,104.85068335778831,3,25.0,2024,"{""type"":""MultiPoint"",""coordinates"":[]}"
39_23_1,0.008938852172851562,15,25.0,2024,"{""type"":""MultiPoint"",""coordinates"":[]}"
39_23_2,0.059891704711914046,18,25.0,2024,"{""type"":""MultiPoint"",""coordinates"":[]}"
39_23_3,0.08492105352783201,21,25.0,2024,"{""type"":""MultiPoint"",""coordinates"":[]}"
39_23_4,0.002681656005859375,25,25.0,2024,"{""type"":""MultiPoint"",""coordinates"":[]}"
39_23_5,0.5640517136230465,33,25.0,2024,"{""type"":""MultiPoint"",""coordinates"":[]}"
