system:index,area,class,territory,year,.geo
0_0_0,0.0017839960327148438,13,1.0,1985,"{""type"":""MultiPoint"",""coordinates"":[]}"
0_1_0,0.001783488037109375,13,2.0,1985,"{""type"":""MultiPoint"",""coordinates"":[]}"
0_2_0,70961.45307058259,3,3.0,1985,"{""type"":""MultiPoint"",""coordinates"":[]}"
0_2_1,5656.434648292586,6,3.0,1985,"{""type"":""MultiPoint"",""coordinates"":[]}"
0_2_2,101.88763832183882,11,3.0,1985,"{""type"":""MultiPoint"",""coordinates"":[]}"
0_2_3,1749.2532187313955,12,3.0,1985,"{""type"":""MultiPoint"",""coordinates"":[]}"
0_2_4,1739.571470607154,13,3.0,1985,"{""type"":""MultiPoint"",""coordinates"":[]}"
0_2_5,9890.02111612865,15,3.0,1985,"{""type"":""MultiPoint"",""coordinates"":[]}"
0_2_6,21.035906306274274,18,3.0,1985,"{""type"":""MultiPoint"",""coordinates"":[]}"
0_2_7,1762.9983931623995,21,3.0,1985,"{""type"":""MultiPoint"",""coordinates"":[]}"
0_2_8,98.82788460559114,23,3.0,1985,"{""type"":""MultiPoint"",""coordinates"":[]}"
0_2_9,9.05358503753665,24,3.0,1985,"{""type"":""MultiPoint"",""coordinates"":[]}"
0_2_10,86.15675180731185,25,3.0,1985,"{""type"":""MultiPoint"",""coordinates"":[]}"
0_2_11,0.015191699829101561,30,3.0,1985,"{""type"":""MultiPoint"",""coordinates"":[]}"
0_2_12,758.5205202670836,33,3.0,1985,"{""type"":""MultiPoint"",""coordinates"":[]}"
0_3_0,57297.46359607645,3,4.0,1985,"{""type"":""MultiPoint"",""coordinates"":[]}"
0_3_1,9662.311316395546,6,4.0,1985,"{""type"":""MultiPoint"",""coordinates"":[]}"
0_3_2,633.2356160142797,11,4.0,1985,"{""type"":""MultiPoint"",""coordinates"":[]}"
0_3_3,1873.3857478570421,12,4.0,1985,"{""type"":""MultiPoint"",""coordinates"":[]}"
0_3_4,73.48410019604493,13,4.0,1985,"{""type"":""MultiPoint"",""coordinates"":[]}"
0_3_5,14.99855184851073,15,4.0,1985,"{""type"":""MultiPoint"",""coordinates"":[]}"
0_3_6,145.71003126220685,18,4.0,1985,"{""type"":""MultiPoint"",""coordinates"":[]}"
0_3_7,49.2591935438233,21,4.0,1985,"{""type"":""MultiPoint"",""coordinates"":[]}"
0_3_8,49.15310190643311,23,4.0,1985,"{""type"":""MultiPoint"",""coordinates"":[]}"
0_3_9,2.3975401024169942,24,4.0,1985,"{""type"":""MultiPoint"",""coordinates"":[]}"
0_3_10,19.69596670129395,25,4.0,1985,"{""type"":""MultiPoint"",""coordinates"":[]}"
0_3_11,49.647865251525204,29,4.0,1985,"{""type"":""MultiPoint"",""coordinates"":[]}"
0_3_12,613.3003449107023,33,4.0,1985,"{""type"":""MultiPoint"",""coordinates"":[]}"
0_3_13,176.61481533245333,68,4.0,1985,"{""type"":""MultiPoint"",""coordinates"":[]}"
0_4_0,95078.4636983454,3,5.0,1985,"{""type"":""MultiPoint"",""coordinates"":[]}"
0_4_1,10713.383808035498,6,5.0,1985,"{""type"":""MultiPoint"",""coordinates"":[]}"
0_4_2,844.0722017401749,11,5.0,1985,"{""type"":""MultiPoint"",""coordinates"":[]}"
0_4_3,47.320498269774866,13,5.0,1985,"{""type"":""MultiPoint"",""coordinates"":[]}"
0_4_4,2.262686322021488,15,5.0,1985,"{""type"":""MultiPoint"",""coordinates"":[]}"
0_4_5,270.8489194707032,18,5.0,1985,"{""type"":""MultiPoint"",""coordinates"":[]}"
0_4_6,60.809074249146235,21,5.0,1985,"{""type"":""MultiPoint"",""coordinates"":[]}"
0_4_7,40.41612356701664,23,5.0,1985,"{""type"":""MultiPoint"",""coordinates"":[]}"
0_4_8,2.9181833394775336,24,5.0,1985,"{""type"":""MultiPoint"",""coordinates"":[]}"
0_4_9,2.845484484924316,25,5.0,1985,"{""type"":""MultiPoint"",""coordinates"":[]}"
0_4_10,1588.4126842431124,33,5.0,1985,"{""type"":""MultiPoint"",""coordinates"":[]}"
0_4_11,2.9653324782104784,68,5.0,1985,"{""type"":""MultiPoint"",""coordinates"":[]}"
0_5_0,49335.85917063978,3,6.0,1985,"{""type"":""MultiPoint"",""coordinates"":[]}"
0_5_1,2439.322108712237,6,6.0,1985,"{""type"":""MultiPoint"",""coordinates"":[]}"
0_5_2,72.05759013165239,11,6.0,1985,"{""type"":""MultiPoint"",""coordinates"":[]}"
0_5_3,463.023377435536,13,6.0,1985,"{""type"":""MultiPoint"",""coordinates"":[]}"
0_5_4,31.509204237609854,15,6.0,1985,"{""type"":""MultiPoint"",""coordinates"":[]}"
0_5_5,215.1475537633678,18,6.0,1985,"{""type"":""MultiPoint"",""coordinates"":[]}"
0_5_6,112.09976208782948,21,6.0,1985,"{""type"":""MultiPoint"",""coordinates"":[]}"
0_5_7,6.19962246569824,23,6.0,1985,"{""type"":""MultiPoint"",""coordinates"":[]}"
0_5_8,0.736488096557617,24,6.0,1985,"{""type"":""MultiPoint"",""coordinates"":[]}"
0_5_9,5.146656871520996,25,6.0,1985,"{""type"":""MultiPoint"",""coordinates"":[]}"
0_5_10,1.9689687545166064,29,6.0,1985,"{""type"":""MultiPoint"",""coordinates"":[]}"
0_5_11,0.014301981201171878,30,6.0,1985,"{""type"":""MultiPoint"",""coordinates"":[]}"
0_5_12,440.26191194958267,33,6.0,1985,"{""type"":""MultiPoint"",""coordinates"":[]}"
0_5_13,4.164120526733391,68,6.0,1985,"{""type"":""MultiPoint"",""coordinates"":[]}"
0_6_0,20050.390491696213,3,7.0,1985,"{""type"":""MultiPoint"",""coordinates"":[]}"
0_6_1,2091.4922553760916,6,7.0,1985,"{""type"":""MultiPoint"",""coordinates"":[]}"
0_6_2,67.80586229981155,11,7.0,1985,"{""type"":""MultiPoint"",""coordinates"":[]}"
0_6_3,70.2617325471814,13,7.0,1985,"{""type"":""MultiPoint"",""coordinates"":[]}"
0_6_4,2163.5162291382253,15,7.0,1985,"{""type"":""MultiPoint"",""coordinates"":[]}"
0_6_5,37.27587709021058,18,7.0,1985,"{""type"":""MultiPoint"",""coordinates"":[]}"
0_6_6,895.1002376112673,21,7.0,1985,"{""type"":""MultiPoint"",""coordinates"":[]}"
0_6_7,54.37196933929448,23,7.0,1985,"{""type"":""MultiPoint"",""coordinates"":[]}"
0_6_8,7.316418370178223,24,7.0,1985,"{""type"":""MultiPoint"",""coordinates"":[]}"
0_6_9,57.735822668090655,25,7.0,1985,"{""type"":""MultiPoint"",""coordinates"":[]}"
0_6_10,0.02413436730957031,27,7.0,1985,"{""type"":""MultiPoint"",""coordinates"":[]}"
0_6_11,0.1474793574218752,30,7.0,1985,"{""type"":""MultiPoint"",""coordinates"":[]}"
0_6_12,0.5569130281372068,31,7.0,1985,"{""type"":""MultiPoint"",""coordinates"":[]}"
0_6_13,325.0036498152407,33,7.0,1985,"{""type"":""MultiPoint"",""coordinates"":[]}"
0_6_14,0.6917761609497068,68,7.0,1985,"{""type"":""MultiPoint"",""coordinates"":[]}"
0_7_0,0.0017843005981445312,13,8.0,1985,"{""type"":""MultiPoint"",""coordinates"":[]}"
0_8_0,2475.600459375984,3,9.0,1985,"{""type"":""MultiPoint"",""coordinates"":[]}"
0_8_1,23.442898681885207,11,9.0,1985,"{""type"":""MultiPoint"",""coordinates"":[]}"
0_8_2,170.22638513678783,13,9.0,1985,"{""type"":""MultiPoint"",""coordinates"":[]}"
0_8_3,34.88548576715096,15,9.0,1985,"{""type"":""MultiPoint"",""coordinates"":[]}"
0_8_4,8.137194519348169,18,9.0,1985,"{""type"":""MultiPoint"",""coordinates"":[]}"
0_8_5,133.50450902380516,21,9.0,1985,"{""type"":""MultiPoint"",""coordinates"":[]}"
0_8_6,2.4342175444335976,23,9.0,1985,"{""type"":""MultiPoint"",""coordinates"":[]}"
0_8_7,0.1814546583251953,24,9.0,1985,"{""type"":""MultiPoint"",""coordinates"":[]}"
0_8_8,2.573567006225586,25,9.0,1985,"{""type"":""MultiPoint"",""coordinates"":[]}"
0_8_9,0.8581711245117202,27,9.0,1985,"{""type"":""MultiPoint"",""coordinates"":[]}"
0_8_10,46.1037710106216,33,9.0,1985,"{""type"":""MultiPoint"",""coordinates"":[]}"
0_8_11,0.45589351489257846,68,9.0,1985,"{""type"":""MultiPoint"",""coordinates"":[]}"
0_9_0,4327.311305109281,3,10.0,1985,"{""type"":""MultiPoint"",""coordinates"":[]}"
0_9_1,9.613140559875442,6,10.0,1985,"{""type"":""MultiPoint"",""coordinates"":[]}"
0_9_2,1.7804451273193336,11,10.0,1985,"{""type"":""MultiPoint"",""coordinates"":[]}"
0_9_3,118.8626995401611,13,10.0,1985,"{""type"":""MultiPoint"",""coordinates"":[]}"
0_9_4,225.0013158889808,15,10.0,1985,"{""type"":""MultiPoint"",""coordinates"":[]}"
0_9_5,0.0026804838867187496,18,10.0,1985,"{""type"":""MultiPoint"",""coordinates"":[]}"
0_9_6,223.58325378960888,21,10.0,1985,"{""type"":""MultiPoint"",""coordinates"":[]}"
0_9_7,8.080255785339293,23,10.0,1985,"{""type"":""MultiPoint"",""coordinates"":[]}"
0_9_8,0.06790945739746093,24,10.0,1985,"{""type"":""MultiPoint"",""coordinates"":[]}"
0_9_9,3.3766805113525398,25,10.0,1985,"{""type"":""MultiPoint"",""coordinates"":[]}"
0_9_10,16.32064075201409,33,10.0,1985,"{""type"":""MultiPoint"",""coordinates"":[]}"
0_9_11,1.5968968027954085,68,10.0,1985,"{""type"":""MultiPoint"",""coordinates"":[]}"
0_10_0,27039.30024335352,3,11.0,1985,"{""type"":""MultiPoint"",""coordinates"":[]}"
0_10_1,7702.85384888716,6,11.0,1985,"{""type"":""MultiPoint"",""coordinates"":[]}"
0_10_2,2221.9001137198284,11,11.0,1985,"{""type"":""MultiPoint"",""coordinates"":[]}"
0_10_3,3748.0479182727527,12,11.0,1985,"{""type"":""MultiPoint"",""coordinates"":[]}"
0_10_4,210.86719623174855,13,11.0,1985,"{""type"":""MultiPoint"",""coordinates"":[]}"
0_10_5,210.62421978045631,15,11.0,1985,"{""type"":""MultiPoint"",""coordinates"":[]}"
0_10_6,86.2499212679444,18,11.0,1985,"{""type"":""MultiPoint"",""coordinates"":[]}"
0_10_7,265.7392412598876,21,11.0,1985,"{""type"":""MultiPoint"",""coordinates"":[]}"
0_10_8,95.13781686010742,23,11.0,1985,"{""type"":""MultiPoint"",""coordinates"":[]}"
0_10_9,0.06417291369628904,24,11.0,1985,"{""type"":""MultiPoint"",""coordinates"":[]}"
0_10_10,91.98885725408955,25,11.0,1985,"{""type"":""MultiPoint"",""coordinates"":[]}"
0_10_11,8.916176147460938E-4,27,11.0,1985,"{""type"":""MultiPoint"",""coordinates"":[]}"
0_10_12,22.57931781921377,29,11.0,1985,"{""type"":""MultiPoint"",""coordinates"":[]}"
0_10_13,610.3390157332176,33,11.0,1985,"{""type"":""MultiPoint"",""coordinates"":[]}"
0_10_14,334.7555723886019,68,11.0,1985,"{""type"":""MultiPoint"",""coordinates"":[]}"
0_11_0,47946.31586857965,3,12.0,1985,"{""type"":""MultiPoint"",""coordinates"":[]}"
0_11_1,4462.943383826413,6,12.0,1985,"{""type"":""MultiPoint"",""coordinates"":[]}"
0_11_2,107.83683911688108,11,12.0,1985,"{""type"":""MultiPoint"",""coordinates"":[]}"
0_11_3,534.0565467004458,12,12.0,1985,"{""type"":""MultiPoint"",""coordinates"":[]}"
0_11_4,533.2921883372834,13,12.0,1985,"{""type"":""MultiPoint"",""coordinates"":[]}"
0_11_5,1232.5103121523762,15,12.0,1985,"{""type"":""MultiPoint"",""coordinates"":[]}"
0_11_6,18.473916448913556,18,12.0,1985,"{""type"":""MultiPoint"",""coordinates"":[]}"
0_11_7,243.53761665600692,21,12.0,1985,"{""type"":""MultiPoint"",""coordinates"":[]}"
0_11_8,30.40877992236326,23,12.0,1985,"{""type"":""MultiPoint"",""coordinates"":[]}"
0_11_9,3.269029861267089,24,12.0,1985,"{""type"":""MultiPoint"",""coordinates"":[]}"
0_11_10,13.488304917968767,25,12.0,1985,"{""type"":""MultiPoint"",""coordinates"":[]}"
0_11_11,0.027687281860351562,30,12.0,1985,"{""type"":""MultiPoint"",""coordinates"":[]}"
0_11_12,323.91771785687183,33,12.0,1985,"{""type"":""MultiPoint"",""coordinates"":[]}"
0_11_13,1.0276159660034194,68,12.0,1985,"{""type"":""MultiPoint"",""coordinates"":[]}"
0_12_0,28007.503589807216,3,13.0,1985,"{""type"":""MultiPoint"",""coordinates"":[]}"
0_12_1,3184.916244966391,6,13.0,1985,"{""type"":""MultiPoint"",""coordinates"":[]}"
0_12_2,543.2527634903589,11,13.0,1985,"{""type"":""MultiPoint"",""coordinates"":[]}"
0_12_3,6840.528916799423,12,13.0,1985,"{""type"":""MultiPoint"",""coordinates"":[]}"
0_12_4,990.9081549277898,13,13.0,1985,"{""type"":""MultiPoint"",""coordinates"":[]}"
0_12_5,5406.702371565692,15,13.0,1985,"{""type"":""MultiPoint"",""coordinates"":[]}"
0_12_6,88.81848310888687,18,13.0,1985,"{""type"":""MultiPoint"",""coordinates"":[]}"
0_12_7,744.7046857303493,21,13.0,1985,"{""type"":""MultiPoint"",""coordinates"":[]}"
0_12_8,144.2222880388792,23,13.0,1985,"{""type"":""MultiPoint"",""coordinates"":[]}"
0_12_9,5.16769883856203,24,13.0,1985,"{""type"":""MultiPoint"",""coordinates"":[]}"
0_12_10,180.1764750398552,25,13.0,1985,"{""type"":""MultiPoint"",""coordinates"":[]}"
0_12_11,293.64808992614707,33,13.0,1985,"{""type"":""MultiPoint"",""coordinates"":[]}"
0_12_12,0.6574872662353515,68,13.0,1985,"{""type"":""MultiPoint"",""coordinates"":[]}"
1_0_0,0.0017839960327148438,13,1.0,1986,"{""type"":""MultiPoint"",""coordinates"":[]}"
1_1_0,0.001783488037109375,13,2.0,1986,"{""type"":""MultiPoint"",""coordinates"":[]}"
1_2_0,70754.3443420372,3,3.0,1986,"{""type"":""MultiPoint"",""coordinates"":[]}"
1_2_1,5638.54149528869,6,3.0,1986,"{""type"":""MultiPoint"",""coordinates"":[]}"
1_2_2,129.56267775781234,11,3.0,1986,"{""type"":""MultiPoint"",""coordinates"":[]}"
1_2_3,1757.0005555669015,12,3.0,1986,"{""type"":""MultiPoint"",""coordinates"":[]}"
1_2_4,1718.8197082326553,13,3.0,1986,"{""type"":""MultiPoint"",""coordinates"":[]}"
1_2_5,10057.869710282454,15,3.0,1986,"{""type"":""MultiPoint"",""coordinates"":[]}"
1_2_6,22.90688577947982,18,3.0,1986,"{""type"":""MultiPoint"",""coordinates"":[]}"
1_2_7,1783.8283962695778,21,3.0,1986,"{""type"":""MultiPoint"",""coordinates"":[]}"
1_2_8,97.97163124163829,23,3.0,1986,"{""type"":""MultiPoint"",""coordinates"":[]}"
1_2_9,9.432235833068876,24,3.0,1986,"{""type"":""MultiPoint"",""coordinates"":[]}"
1_2_10,90.12009005438219,25,3.0,1986,"{""type"":""MultiPoint"",""coordinates"":[]}"
1_2_11,0.015191699829101561,30,3.0,1986,"{""type"":""MultiPoint"",""coordinates"":[]}"
1_2_12,774.8164755072593,33,3.0,1986,"{""type"":""MultiPoint"",""coordinates"":[]}"
1_3_0,57502.94881525796,3,4.0,1986,"{""type"":""MultiPoint"",""coordinates"":[]}"
1_3_1,9437.804837996939,6,4.0,1986,"{""type"":""MultiPoint"",""coordinates"":[]}"
1_3_2,621.6552672157544,11,4.0,1986,"{""type"":""MultiPoint"",""coordinates"":[]}"
1_3_3,1880.655237507245,12,4.0,1986,"{""type"":""MultiPoint"",""coordinates"":[]}"
1_3_4,71.67913080798341,13,4.0,1986,"{""type"":""MultiPoint"",""coordinates"":[]}"
1_3_5,18.85109620117183,15,4.0,1986,"{""type"":""MultiPoint"",""coordinates"":[]}"
1_3_6,163.18179350610322,18,4.0,1986,"{""type"":""MultiPoint"",""coordinates"":[]}"
1_3_7,54.01967501971435,21,4.0,1986,"{""type"":""MultiPoint"",""coordinates"":[]}"
1_3_8,24.710414716003392,23,4.0,1986,"{""type"":""MultiPoint"",""coordinates"":[]}"
1_3_9,2.7921041511840836,24,4.0,1986,"{""type"":""MultiPoint"",""coordinates"":[]}"
1_3_10,18.010944099243172,25,4.0,1986,"{""type"":""MultiPoint"",""coordinates"":[]}"
1_3_11,52.285933297667924,29,4.0,1986,"{""type"":""MultiPoint"",""coordinates"":[]}"
1_3_12,640.0263143989226,33,4.0,1986,"{""type"":""MultiPoint"",""coordinates"":[]}"
1_3_13,172.03622322271636,68,4.0,1986,"{""type"":""MultiPoint"",""coordinates"":[]}"
1_4_0,94965.60411393197,3,5.0,1986,"{""type"":""MultiPoint"",""coordinates"":[]}"
1_4_1,10657.679455191492,6,5.0,1986,"{""type"":""MultiPoint"",""coordinates"":[]}"
1_4_2,977.7802760295285,11,5.0,1986,"{""type"":""MultiPoint"",""coordinates"":[]}"
1_4_3,46.71450630822705,13,5.0,1986,"{""type"":""MultiPoint"",""coordinates"":[]}"
1_4_4,2.101159115234379,15,5.0,1986,"{""type"":""MultiPoint"",""coordinates"":[]}"
1_4_5,294.44825083056645,18,5.0,1986,"{""type"":""MultiPoint"",""coordinates"":[]}"
1_4_6,67.53225758129855,21,5.0,1986,"{""type"":""MultiPoint"",""coordinates"":[]}"
1_4_7,18.488624532592766,23,5.0,1986,"{""type"":""MultiPoint"",""coordinates"":[]}"
1_4_8,3.4610305322265513,24,5.0,1986,"{""type"":""MultiPoint"",""coordinates"":[]}"
1_4_9,1.9179837397460935,25,5.0,1986,"{""type"":""MultiPoint"",""coordinates"":[]}"
1_4_10,1618.9597547232806,33,5.0,1986,"{""type"":""MultiPoint"",""coordinates"":[]}"
1_4_11,0.0312820296020508,68,5.0,1986,"{""type"":""MultiPoint"",""coordinates"":[]}"
1_5_0,49358.6124730997,3,6.0,1986,"{""type"":""MultiPoint"",""coordinates"":[]}"
1_5_1,2393.2556246690333,6,6.0,1986,"{""type"":""MultiPoint"",""coordinates"":[]}"
1_5_2,72.24525228466757,11,6.0,1986,"{""type"":""MultiPoint"",""coordinates"":[]}"
1_5_3,441.2231693153588,13,6.0,1986,"{""type"":""MultiPoint"",""coordinates"":[]}"
1_5_4,34.107453413940554,15,6.0,1986,"{""type"":""MultiPoint"",""coordinates"":[]}"
1_5_5,250.4331780152605,18,6.0,1986,"{""type"":""MultiPoint"",""coordinates"":[]}"
1_5_6,115.99165360394271,21,6.0,1986,"{""type"":""MultiPoint"",""coordinates"":[]}"
1_5_7,1.3077386928710941,23,6.0,1986,"{""type"":""MultiPoint"",""coordinates"":[]}"
1_5_8,0.8374894526367189,24,6.0,1986,"{""type"":""MultiPoint"",""coordinates"":[]}"
1_5_9,5.91901417602539,25,6.0,1986,"{""type"":""MultiPoint"",""coordinates"":[]}"
1_5_10,1.9439409718017617,29,6.0,1986,"{""type"":""MultiPoint"",""coordinates"":[]}"
1_5_11,0.014301981201171878,30,6.0,1986,"{""type"":""MultiPoint"",""coordinates"":[]}"
1_5_12,445.7178603569926,33,6.0,1986,"{""type"":""MultiPoint"",""coordinates"":[]}"
1_5_13,5.901687620178244,68,6.0,1986,"{""type"":""MultiPoint"",""coordinates"":[]}"
1_6_0,19970.073190609797,3,7.0,1986,"{""type"":""MultiPoint"",""coordinates"":[]}"
1_6_1,2105.9403713624415,6,7.0,1986,"{""type"":""MultiPoint"",""coordinates"":[]}"
1_6_2,68.09282249268259,11,7.0,1986,"{""type"":""MultiPoint"",""coordinates"":[]}"
1_6_3,70.01950122284055,13,7.0,1986,"{""type"":""MultiPoint"",""coordinates"":[]}"
1_6_4,2596.250290610848,15,7.0,1986,"{""type"":""MultiPoint"",""coordinates"":[]}"
1_6_5,68.88723502844152,18,7.0,1986,"{""type"":""MultiPoint"",""coordinates"":[]}"
1_6_6,474.29603910910055,21,7.0,1986,"{""type"":""MultiPoint"",""coordinates"":[]}"
1_6_7,52.608753083557176,23,7.0,1986,"{""type"":""MultiPoint"",""coordinates"":[]}"
1_6_8,7.918008862487796,24,7.0,1986,"{""type"":""MultiPoint"",""coordinates"":[]}"
1_6_9,61.65225090832503,25,7.0,1986,"{""type"":""MultiPoint"",""coordinates"":[]}"
1_6_10,0.02413436730957031,27,7.0,1986,"{""type"":""MultiPoint"",""coordinates"":[]}"
1_6_11,0.151948429199219,30,7.0,1986,"{""type"":""MultiPoint"",""coordinates"":[]}"
1_6_12,0.5542309356689452,31,7.0,1986,"{""type"":""MultiPoint"",""coordinates"":[]}"
1_6_13,344.17101392888844,33,7.0,1986,"{""type"":""MultiPoint"",""coordinates"":[]}"
1_6_14,1.0510579141845688,68,7.0,1986,"{""type"":""MultiPoint"",""coordinates"":[]}"
1_7_0,0.0017843005981445312,13,8.0,1986,"{""type"":""MultiPoint"",""coordinates"":[]}"
1_8_0,2474.9032248512463,3,9.0,1986,"{""type"":""MultiPoint"",""coordinates"":[]}"
1_8_1,23.46256347345019,11,9.0,1986,"{""type"":""MultiPoint"",""coordinates"":[]}"
1_8_2,170.09945531202024,13,9.0,1986,"{""type"":""MultiPoint"",""coordinates"":[]}"
1_8_3,42.27483636737014,15,9.0,1986,"{""type"":""MultiPoint"",""coordinates"":[]}"
1_8_4,16.148383614441094,18,9.0,1986,"{""type"":""MultiPoint"",""coordinates"":[]}"
1_8_5,118.87270400293207,21,9.0,1986,"{""type"":""MultiPoint"",""coordinates"":[]}"
1_8_6,2.4637186984863324,23,9.0,1986,"{""type"":""MultiPoint"",""coordinates"":[]}"
1_8_7,0.24670194683837873,24,9.0,1986,"{""type"":""MultiPoint"",""coordinates"":[]}"
1_8_8,2.5065330471801754,25,9.0,1986,"{""type"":""MultiPoint"",""coordinates"":[]}"
1_8_9,0.8581711245117202,27,9.0,1986,"{""type"":""MultiPoint"",""coordinates"":[]}"
1_8_10,46.091262337281776,33,9.0,1986,"{""type"":""MultiPoint"",""coordinates"":[]}"
1_8_11,0.47645258819580105,68,9.0,1986,"{""type"":""MultiPoint"",""coordinates"":[]}"
1_9_0,4349.138405442777,3,10.0,1986,"{""type"":""MultiPoint"",""coordinates"":[]}"
1_9_1,9.56755518072505,6,10.0,1986,"{""type"":""MultiPoint"",""coordinates"":[]}"
1_9_2,1.7482670404052716,11,10.0,1986,"{""type"":""MultiPoint"",""coordinates"":[]}"
1_9_3,118.77156172717281,13,10.0,1986,"{""type"":""MultiPoint"",""coordinates"":[]}"
1_9_4,222.9011537664831,15,10.0,1986,"{""type"":""MultiPoint"",""coordinates"":[]}"
1_9_5,0.0026804838867187496,18,10.0,1986,"{""type"":""MultiPoint"",""coordinates"":[]}"
1_9_6,202.24758169018187,21,10.0,1986,"{""type"":""MultiPoint"",""coordinates"":[]}"
1_9_7,9.293952310790957,23,10.0,1986,"{""type"":""MultiPoint"",""coordinates"":[]}"
1_9_8,0.06790945739746093,24,10.0,1986,"{""type"":""MultiPoint"",""coordinates"":[]}"
1_9_9,3.4490754309082035,25,10.0,1986,"{""type"":""MultiPoint"",""coordinates"":[]}"
1_9_10,16.702262126342703,33,10.0,1986,"{""type"":""MultiPoint"",""coordinates"":[]}"
1_9_11,1.706819151000976,68,10.0,1986,"{""type"":""MultiPoint"",""coordinates"":[]}"
1_10_0,27110.971412293147,3,11.0,1986,"{""type"":""MultiPoint"",""coordinates"":[]}"
1_10_1,7608.959031687221,6,11.0,1986,"{""type"":""MultiPoint"",""coordinates"":[]}"
1_10_2,2244.385954464586,11,11.0,1986,"{""type"":""MultiPoint"",""coordinates"":[]}"
1_10_3,3890.717523550683,12,11.0,1986,"{""type"":""MultiPoint"",""coordinates"":[]}"
1_10_4,215.93190822900138,13,11.0,1986,"{""type"":""MultiPoint"",""coordinates"":[]}"
1_10_5,201.77383168121276,15,11.0,1986,"{""type"":""MultiPoint"",""coordinates"":[]}"
1_10_6,111.07918403314227,18,11.0,1986,"{""type"":""MultiPoint"",""coordinates"":[]}"
1_10_7,252.09383713897714,21,11.0,1986,"{""type"":""MultiPoint"",""coordinates"":[]}"
1_10_8,40.58394038507078,23,11.0,1986,"{""type"":""MultiPoint"",""coordinates"":[]}"
1_10_9,0.09449666058349605,24,11.0,1986,"{""type"":""MultiPoint"",""coordinates"":[]}"
1_10_10,69.93808107855226,25,11.0,1986,"{""type"":""MultiPoint"",""coordinates"":[]}"
1_10_11,8.916176147460938E-4,27,11.0,1986,"{""type"":""MultiPoint"",""coordinates"":[]}"
1_10_12,16.621726532165457,29,11.0,1986,"{""type"":""MultiPoint"",""coordinates"":[]}"
1_10_13,654.6839728545565,33,11.0,1986,"{""type"":""MultiPoint"",""coordinates"":[]}"
1_10_14,222.61255515331436,68,11.0,1986,"{""type"":""MultiPoint"",""coordinates"":[]}"
1_11_0,47901.757658193084,3,12.0,1986,"{""type"":""MultiPoint"",""coordinates"":[]}"
1_11_1,4396.171857665057,6,12.0,1986,"{""type"":""MultiPoint"",""coordinates"":[]}"
1_11_2,119.92513773058934,11,12.0,1986,"{""type"":""MultiPoint"",""coordinates"":[]}"
1_11_3,524.6260118969428,12,12.0,1986,"{""type"":""MultiPoint"",""coordinates"":[]}"
1_11_4,531.8596907923603,13,12.0,1986,"{""type"":""MultiPoint"",""coordinates"":[]}"
1_11_5,1324.9649685959903,15,12.0,1986,"{""type"":""MultiPoint"",""coordinates"":[]}"
1_11_6,23.801354925415016,18,12.0,1986,"{""type"":""MultiPoint"",""coordinates"":[]}"
1_11_7,260.7953063942268,21,12.0,1986,"{""type"":""MultiPoint"",""coordinates"":[]}"
1_11_8,16.975164601623515,23,12.0,1986,"{""type"":""MultiPoint"",""coordinates"":[]}"
1_11_9,3.6611728289794945,24,12.0,1986,"{""type"":""MultiPoint"",""coordinates"":[]}"
1_11_10,5.9019611967163055,25,12.0,1986,"{""type"":""MultiPoint"",""coordinates"":[]}"
1_11_11,0.043763772827148405,30,12.0,1986,"{""type"":""MultiPoint"",""coordinates"":[]}"
1_11_12,339.5307119425645,33,12.0,1986,"{""type"":""MultiPoint"",""coordinates"":[]}"
1_11_13,1.091047088073732,68,12.0,1986,"{""type"":""MultiPoint"",""coordinates"":[]}"
1_12_0,27719.908229178636,3,13.0,1986,"{""type"":""MultiPoint"",""coordinates"":[]}"
1_12_1,3166.436834904941,6,13.0,1986,"{""type"":""MultiPoint"",""coordinates"":[]}"
1_12_2,563.3122753698176,11,13.0,1986,"{""type"":""MultiPoint"",""coordinates"":[]}"
1_12_3,6870.016284825341,12,13.0,1986,"{""type"":""MultiPoint"",""coordinates"":[]}"
1_12_4,986.6274233570446,13,13.0,1986,"{""type"":""MultiPoint"",""coordinates"":[]}"
1_12_5,5751.767699492391,15,13.0,1986,"{""type"":""MultiPoint"",""coordinates"":[]}"
1_12_6,140.30598170245477,18,13.0,1986,"{""type"":""MultiPoint"",""coordinates"":[]}"
1_12_7,736.5973913226348,21,13.0,1986,"{""type"":""MultiPoint"",""coordinates"":[]}"
1_12_8,117.1411884435427,23,13.0,1986,"{""type"":""MultiPoint"",""coordinates"":[]}"
1_12_9,5.672919219665552,24,13.0,1986,"{""type"":""MultiPoint"",""coordinates"":[]}"
1_12_10,49.16029746148681,25,13.0,1986,"{""type"":""MultiPoint"",""coordinates"":[]}"
1_12_11,321.9902355095207,33,13.0,1986,"{""type"":""MultiPoint"",""coordinates"":[]}"
1_12_12,2.2704887187499976,68,13.0,1986,"{""type"":""MultiPoint"",""coordinates"":[]}"
2_0_0,0.0017839960327148438,13,1.0,1987,"{""type"":""MultiPoint"",""coordinates"":[]}"
2_1_0,0.001783488037109375,13,2.0,1987,"{""type"":""MultiPoint"",""coordinates"":[]}"
2_2_0,70797.12952167027,3,3.0,1987,"{""type"":""MultiPoint"",""coordinates"":[]}"
2_2_1,5621.640763731669,6,3.0,1987,"{""type"":""MultiPoint"",""coordinates"":[]}"
2_2_2,109.58503436840863,11,3.0,1987,"{""type"":""MultiPoint"",""coordinates"":[]}"
2_2_3,1748.1227990458242,12,3.0,1987,"{""type"":""MultiPoint"",""coordinates"":[]}"
2_2_4,1676.1076650152847,13,3.0,1987,"{""type"":""MultiPoint"",""coordinates"":[]}"
2_2_5,10121.84563018028,15,3.0,1987,"{""type"":""MultiPoint"",""coordinates"":[]}"
2_2_6,24.269287188537373,18,3.0,1987,"{""type"":""MultiPoint"",""coordinates"":[]}"
2_2_7,1782.132170830199,21,3.0,1987,"{""type"":""MultiPoint"",""coordinates"":[]}"
2_2_8,92.46956582428,23,3.0,1987,"{""type"":""MultiPoint"",""coordinates"":[]}"
2_2_9,9.597454351379424,24,3.0,1987,"{""type"":""MultiPoint"",""coordinates"":[]}"
2_2_10,84.03771588903795,25,3.0,1987,"{""type"":""MultiPoint"",""coordinates"":[]}"
2_2_11,0.015191699829101561,30,3.0,1987,"{""type"":""MultiPoint"",""coordinates"":[]}"
2_2_12,768.2765957557949,33,3.0,1987,"{""type"":""MultiPoint"",""coordinates"":[]}"
2_3_0,57557.58642691732,3,4.0,1987,"{""type"":""MultiPoint"",""coordinates"":[]}"
2_3_1,9399.66679717975,6,4.0,1987,"{""type"":""MultiPoint"",""coordinates"":[]}"
2_3_2,640.8474946402557,11,4.0,1987,"{""type"":""MultiPoint"",""coordinates"":[]}"
2_3_3,1877.4194459880944,12,4.0,1987,"{""type"":""MultiPoint"",""coordinates"":[]}"
2_3_4,70.06172033422871,13,4.0,1987,"{""type"":""MultiPoint"",""coordinates"":[]}"
2_3_5,19.110200977111806,15,4.0,1987,"{""type"":""MultiPoint"",""coordinates"":[]}"
2_3_6,154.93200062121548,18,4.0,1987,"{""type"":""MultiPoint"",""coordinates"":[]}"
2_3_7,64.74110361737051,21,4.0,1987,"{""type"":""MultiPoint"",""coordinates"":[]}"
2_3_8,96.78400385833811,23,4.0,1987,"{""type"":""MultiPoint"",""coordinates"":[]}"
2_3_9,2.9822539423217793,24,4.0,1987,"{""type"":""MultiPoint"",""coordinates"":[]}"
2_3_10,15.985669634765644,25,4.0,1987,"{""type"":""MultiPoint"",""coordinates"":[]}"
2_3_11,53.778542165526765,29,4.0,1987,"{""type"":""MultiPoint"",""coordinates"":[]}"
2_3_12,0.015187427917480468,30,4.0,1987,"{""type"":""MultiPoint"",""coordinates"":[]}"
2_3_13,630.3516975222136,33,4.0,1987,"{""type"":""MultiPoint"",""coordinates"":[]}"
2_3_14,76.39524257232614,68,4.0,1987,"{""type"":""MultiPoint"",""coordinates"":[]}"
2_4_0,95124.71686714859,3,5.0,1987,"{""type"":""MultiPoint"",""coordinates"":[]}"
2_4_1,10588.936841748658,6,5.0,1987,"{""type"":""MultiPoint"",""coordinates"":[]}"
2_4_2,913.9590472833198,11,5.0,1987,"{""type"":""MultiPoint"",""coordinates"":[]}"
2_4_3,43.904499170165586,13,5.0,1987,"{""type"":""MultiPoint"",""coordinates"":[]}"
2_4_4,3.5680093278808696,15,5.0,1987,"{""type"":""MultiPoint"",""coordinates"":[]}"
2_4_5,300.0761444767438,18,5.0,1987,"{""type"":""MultiPoint"",""coordinates"":[]}"
2_4_6,64.66549140014597,21,5.0,1987,"{""type"":""MultiPoint"",""coordinates"":[]}"
2_4_7,16.376487815429687,23,5.0,1987,"{""type"":""MultiPoint"",""coordinates"":[]}"
2_4_8,3.6700023700561415,24,5.0,1987,"{""type"":""MultiPoint"",""coordinates"":[]}"
2_4_9,1.6728217993774415,25,5.0,1987,"{""type"":""MultiPoint"",""coordinates"":[]}"
2_4_10,1593.1724820052657,33,5.0,1987,"{""type"":""MultiPoint"",""coordinates"":[]}"
2_5_0,49441.78763233143,3,6.0,1987,"{""type"":""MultiPoint"",""coordinates"":[]}"
2_5_1,2328.6725407462254,6,6.0,1987,"{""type"":""MultiPoint"",""coordinates"":[]}"
2_5_2,72.15768162835647,11,6.0,1987,"{""type"":""MultiPoint"",""coordinates"":[]}"
2_5_3,432.34258591930137,13,6.0,1987,"{""type"":""MultiPoint"",""coordinates"":[]}"
2_5_4,35.47501136810317,15,6.0,1987,"{""type"":""MultiPoint"",""coordinates"":[]}"
2_5_5,258.7299045604262,18,6.0,1987,"{""type"":""MultiPoint"",""coordinates"":[]}"
2_5_6,113.12780794409177,21,6.0,1987,"{""type"":""MultiPoint"",""coordinates"":[]}"
2_5_7,0.709748907104492,23,6.0,1987,"{""type"":""MultiPoint"",""coordinates"":[]}"
2_5_8,0.8580459550170901,24,6.0,1987,"{""type"":""MultiPoint"",""coordinates"":[]}"
2_5_9,3.693280081726075,25,6.0,1987,"{""type"":""MultiPoint"",""coordinates"":[]}"
2_5_10,1.8992508256225624,29,6.0,1987,"{""type"":""MultiPoint"",""coordinates"":[]}"
2_5_11,0.014301981201171878,30,6.0,1987,"{""type"":""MultiPoint"",""coordinates"":[]}"
2_5_12,433.16751253570345,33,6.0,1987,"{""type"":""MultiPoint"",""coordinates"":[]}"
2_5_13,4.87553286914062,68,6.0,1987,"{""type"":""MultiPoint"",""coordinates"":[]}"
2_6_0,19519.973618717966,3,7.0,1987,"{""type"":""MultiPoint"",""coordinates"":[]}"
2_6_1,2108.2639566064177,6,7.0,1987,"{""type"":""MultiPoint"",""coordinates"":[]}"
2_6_2,61.73948828650595,11,7.0,1987,"{""type"":""MultiPoint"",""coordinates"":[]}"
2_6_3,70.63721479181022,13,7.0,1987,"{""type"":""MultiPoint"",""coordinates"":[]}"
2_6_4,3040.6836106492683,15,7.0,1987,"{""type"":""MultiPoint"",""coordinates"":[]}"
2_6_5,61.543817957091335,18,7.0,1987,"{""type"":""MultiPoint"",""coordinates"":[]}"
2_6_6,505.4756555781101,21,7.0,1987,"{""type"":""MultiPoint"",""coordinates"":[]}"
2_6_7,62.68446180242932,23,7.0,1987,"{""type"":""MultiPoint"",""coordinates"":[]}"
2_6_8,8.384608893005378,24,7.0,1987,"{""type"":""MultiPoint"",""coordinates"":[]}"
2_6_9,30.2033173830566,25,7.0,1987,"{""type"":""MultiPoint"",""coordinates"":[]}"
2_6_10,0.02413436730957031,27,7.0,1987,"{""type"":""MultiPoint"",""coordinates"":[]}"
2_6_11,0.16535564477539086,30,7.0,1987,"{""type"":""MultiPoint"",""coordinates"":[]}"
2_6_12,0.42193120849609367,31,7.0,1987,"{""type"":""MultiPoint"",""coordinates"":[]}"
2_6_13,350.5789363527173,33,7.0,1987,"{""type"":""MultiPoint"",""coordinates"":[]}"
2_6_14,0.9107406271362295,68,7.0,1987,"{""type"":""MultiPoint"",""coordinates"":[]}"
2_7_0,0.0017843005981445312,13,8.0,1987,"{""type"":""MultiPoint"",""coordinates"":[]}"
2_8_0,2454.9507297311784,3,9.0,1987,"{""type"":""MultiPoint"",""coordinates"":[]}"
2_8_1,23.383011843689463,11,9.0,1987,"{""type"":""MultiPoint"",""coordinates"":[]}"
2_8_2,169.18506227723074,13,9.0,1987,"{""type"":""MultiPoint"",""coordinates"":[]}"
2_8_3,54.13566804650802,15,9.0,1987,"{""type"":""MultiPoint"",""coordinates"":[]}"
2_8_4,13.7917691089478,18,9.0,1987,"{""type"":""MultiPoint"",""coordinates"":[]}"
2_8_5,130.34530731915459,21,9.0,1987,"{""type"":""MultiPoint"",""coordinates"":[]}"
2_8_6,2.6022826873779286,23,9.0,1987,"{""type"":""MultiPoint"",""coordinates"":[]}"
2_8_7,0.27530743170165994,24,9.0,1987,"{""type"":""MultiPoint"",""coordinates"":[]}"
2_8_8,1.516068073364257,25,9.0,1987,"{""type"":""MultiPoint"",""coordinates"":[]}"
2_8_9,0.8581711245117202,27,9.0,1987,"{""type"":""MultiPoint"",""coordinates"":[]}"
2_8_10,46.80909061193999,33,9.0,1987,"{""type"":""MultiPoint"",""coordinates"":[]}"
2_8_11,0.5515391082763677,68,9.0,1987,"{""type"":""MultiPoint"",""coordinates"":[]}"
2_9_0,4311.39129214143,3,10.0,1987,"{""type"":""MultiPoint"",""coordinates"":[]}"
2_9_1,9.44509992736806,6,10.0,1987,"{""type"":""MultiPoint"",""coordinates"":[]}"
2_9_2,1.4112907650756799,11,10.0,1987,"{""type"":""MultiPoint"",""coordinates"":[]}"
2_9_3,117.36970965911853,13,10.0,1987,"{""type"":""MultiPoint"",""coordinates"":[]}"
2_9_4,254.16075258368488,15,10.0,1987,"{""type"":""MultiPoint"",""coordinates"":[]}"
2_9_5,0.0026804838867187496,18,10.0,1987,"{""type"":""MultiPoint"",""coordinates"":[]}"
2_9_6,209.65344511242273,21,10.0,1987,"{""type"":""MultiPoint"",""coordinates"":[]}"
2_9_7,8.721008257629354,23,10.0,1987,"{""type"":""MultiPoint"",""coordinates"":[]}"
2_9_8,0.09114286682128901,24,10.0,1987,"{""type"":""MultiPoint"",""coordinates"":[]}"
2_9_9,1.361077226440429,25,10.0,1987,"{""type"":""MultiPoint"",""coordinates"":[]}"
2_9_10,20.015700264160216,33,10.0,1987,"{""type"":""MultiPoint"",""coordinates"":[]}"
2_9_11,1.974024520141599,68,10.0,1987,"{""type"":""MultiPoint"",""coordinates"":[]}"
2_10_0,27215.24026123814,3,11.0,1987,"{""type"":""MultiPoint"",""coordinates"":[]}"
2_10_1,7556.872103622557,6,11.0,1987,"{""type"":""MultiPoint"",""coordinates"":[]}"
2_10_2,2238.2346129468215,11,11.0,1987,"{""type"":""MultiPoint"",""coordinates"":[]}"
2_10_3,3979.849978282208,12,11.0,1987,"{""type"":""MultiPoint"",""coordinates"":[]}"
2_10_4,203.52760075176735,13,11.0,1987,"{""type"":""MultiPoint"",""coordinates"":[]}"
2_10_5,221.19089105547982,15,11.0,1987,"{""type"":""MultiPoint"",""coordinates"":[]}"
2_10_6,77.76091937011721,18,11.0,1987,"{""type"":""MultiPoint"",""coordinates"":[]}"
2_10_7,235.1259757014763,21,11.0,1987,"{""type"":""MultiPoint"",""coordinates"":[]}"
2_10_8,23.792298052429224,23,11.0,1987,"{""type"":""MultiPoint"",""coordinates"":[]}"
2_10_9,0.1292661898193359,24,11.0,1987,"{""type"":""MultiPoint"",""coordinates"":[]}"
2_10_10,23.08892345959479,25,11.0,1987,"{""type"":""MultiPoint"",""coordinates"":[]}"
2_10_11,8.916176147460938E-4,27,11.0,1987,"{""type"":""MultiPoint"",""coordinates"":[]}"
2_10_12,15.700306012634217,29,11.0,1987,"{""type"":""MultiPoint"",""coordinates"":[]}"
2_10_13,653.3547194849267,33,11.0,1987,"{""type"":""MultiPoint"",""coordinates"":[]}"
2_10_14,196.57959957427332,68,11.0,1987,"{""type"":""MultiPoint"",""coordinates"":[]}"
2_11_0,47953.33651479949,3,12.0,1987,"{""type"":""MultiPoint"",""coordinates"":[]}"
2_11_1,4325.591892181712,6,12.0,1987,"{""type"":""MultiPoint"",""coordinates"":[]}"
2_11_2,126.93419665454093,11,12.0,1987,"{""type"":""MultiPoint"",""coordinates"":[]}"
2_11_3,517.8078387988573,12,12.0,1987,"{""type"":""MultiPoint"",""coordinates"":[]}"
2_11_4,529.5815956495371,13,12.0,1987,"{""type"":""MultiPoint"",""coordinates"":[]}"
2_11_5,1409.0907022066137,15,12.0,1987,"{""type"":""MultiPoint"",""coordinates"":[]}"
2_11_6,24.266381480773873,18,12.0,1987,"{""type"":""MultiPoint"",""coordinates"":[]}"
2_11_7,198.1899017260745,21,12.0,1987,"{""type"":""MultiPoint"",""coordinates"":[]}"
2_11_8,16.237383499694822,23,12.0,1987,"{""type"":""MultiPoint"",""coordinates"":[]}"
2_11_9,3.8540927230835007,24,12.0,1987,"{""type"":""MultiPoint"",""coordinates"":[]}"
2_11_10,3.372973688476561,25,12.0,1987,"{""type"":""MultiPoint"",""coordinates"":[]}"
2_11_11,0.07681036914062492,30,12.0,1987,"{""type"":""MultiPoint"",""coordinates"":[]}"
2_11_12,341.2375296263418,33,12.0,1987,"{""type"":""MultiPoint"",""coordinates"":[]}"
2_11_13,1.527994220397952,68,12.0,1987,"{""type"":""MultiPoint"",""coordinates"":[]}"
2_12_0,27614.922283944863,3,13.0,1987,"{""type"":""MultiPoint"",""coordinates"":[]}"
2_12_1,3188.111153354999,6,13.0,1987,"{""type"":""MultiPoint"",""coordinates"":[]}"
2_12_2,543.8694167216231,11,13.0,1987,"{""type"":""MultiPoint"",""coordinates"":[]}"
2_12_3,6834.3690337430035,12,13.0,1987,"{""type"":""MultiPoint"",""coordinates"":[]}"
2_12_4,970.5958420582675,13,13.0,1987,"{""type"":""MultiPoint"",""coordinates"":[]}"
2_12_5,5851.551155414322,15,13.0,1987,"{""type"":""MultiPoint"",""coordinates"":[]}"
2_12_6,214.9524715614032,18,13.0,1987,"{""type"":""MultiPoint"",""coordinates"":[]}"
2_12_7,739.3051185734894,21,13.0,1987,"{""type"":""MultiPoint"",""coordinates"":[]}"
2_12_8,117.56382819152766,23,13.0,1987,"{""type"":""MultiPoint"",""coordinates"":[]}"
2_12_9,6.165528783569348,24,13.0,1987,"{""type"":""MultiPoint"",""coordinates"":[]}"
2_12_10,43.61502580609129,25,13.0,1987,"{""type"":""MultiPoint"",""coordinates"":[]}"
2_12_11,303.80955981396437,33,13.0,1987,"{""type"":""MultiPoint"",""coordinates"":[]}"
2_12_12,2.3768315399169913,68,13.0,1987,"{""type"":""MultiPoint"",""coordinates"":[]}"
3_0_0,0.0017839960327148438,13,1.0,1988,"{""type"":""MultiPoint"",""coordinates"":[]}"
3_1_0,0.001783488037109375,13,2.0,1988,"{""type"":""MultiPoint"",""coordinates"":[]}"
3_2_0,70637.90681544437,3,3.0,1988,"{""type"":""MultiPoint"",""coordinates"":[]}"
3_2_1,5442.423364233782,6,3.0,1988,"{""type"":""MultiPoint"",""coordinates"":[]}"
3_2_2,101.8570490266117,11,3.0,1988,"{""type"":""MultiPoint"",""coordinates"":[]}"
3_2_3,1765.7528389132585,12,3.0,1988,"{""type"":""MultiPoint"",""coordinates"":[]}"
3_2_4,1650.311407148469,13,3.0,1988,"{""type"":""MultiPoint"",""coordinates"":[]}"
3_2_5,10547.975220510738,15,3.0,1988,"{""type"":""MultiPoint"",""coordinates"":[]}"
3_2_6,29.727644386596413,18,3.0,1988,"{""type"":""MultiPoint"",""coordinates"":[]}"
3_2_7,1772.3963518413607,21,3.0,1988,"{""type"":""MultiPoint"",""coordinates"":[]}"
3_2_8,97.55350403979524,23,3.0,1988,"{""type"":""MultiPoint"",""coordinates"":[]}"
3_2_9,10.5149211461792,24,3.0,1988,"{""type"":""MultiPoint"",""coordinates"":[]}"
3_2_10,64.33476203167726,25,3.0,1988,"{""type"":""MultiPoint"",""coordinates"":[]}"
3_2_11,0.016978959716796874,30,3.0,1988,"{""type"":""MultiPoint"",""coordinates"":[]}"
3_2_12,714.4585378697466,33,3.0,1988,"{""type"":""MultiPoint"",""coordinates"":[]}"
3_3_0,57646.513156712164,3,4.0,1988,"{""type"":""MultiPoint"",""coordinates"":[]}"
3_3_1,9281.447248147675,6,4.0,1988,"{""type"":""MultiPoint"",""coordinates"":[]}"
3_3_2,618.6226353917223,11,4.0,1988,"{""type"":""MultiPoint"",""coordinates"":[]}"
3_3_3,1871.1244966017055,12,4.0,1988,"{""type"":""MultiPoint"",""coordinates"":[]}"
3_3_4,70.49844171759058,13,4.0,1988,"{""type"":""MultiPoint"",""coordinates"":[]}"
3_3_5,19.882093685119596,15,4.0,1988,"{""type"":""MultiPoint"",""coordinates"":[]}"
3_3_6,181.50707560613975,18,4.0,1988,"{""type"":""MultiPoint"",""coordinates"":[]}"
3_3_7,57.245315912048426,21,4.0,1988,"{""type"":""MultiPoint"",""coordinates"":[]}"
3_3_8,55.77009355633573,23,4.0,1988,"{""type"":""MultiPoint"",""coordinates"":[]}"
3_3_9,3.2858389817504916,24,4.0,1988,"{""type"":""MultiPoint"",""coordinates"":[]}"
3_3_10,17.16820753253176,25,4.0,1988,"{""type"":""MultiPoint"",""coordinates"":[]}"
3_3_11,54.14102976617376,29,4.0,1988,"{""type"":""MultiPoint"",""coordinates"":[]}"
3_3_12,0.07236302215576172,30,4.0,1988,"{""type"":""MultiPoint"",""coordinates"":[]}"
3_3_13,609.0387725824554,33,4.0,1988,"{""type"":""MultiPoint"",""coordinates"":[]}"
3_3_14,174.3410181828015,68,4.0,1988,"{""type"":""MultiPoint"",""coordinates"":[]}"
3_4_0,95203.59123755216,3,5.0,1988,"{""type"":""MultiPoint"",""coordinates"":[]}"
3_4_1,10538.925018913238,6,5.0,1988,"{""type"":""MultiPoint"",""coordinates"":[]}"
3_4_2,893.4205916885317,11,5.0,1988,"{""type"":""MultiPoint"",""coordinates"":[]}"
3_4_3,42.664702223448906,13,5.0,1988,"{""type"":""MultiPoint"",""coordinates"":[]}"
3_4_4,3.5389133458862387,15,5.0,1988,"{""type"":""MultiPoint"",""coordinates"":[]}"
3_4_5,311.86436370941107,18,5.0,1988,"{""type"":""MultiPoint"",""coordinates"":[]}"
3_4_6,65.07961724743564,21,5.0,1988,"{""type"":""MultiPoint"",""coordinates"":[]}"
3_4_7,65.90101420324709,23,5.0,1988,"{""type"":""MultiPoint"",""coordinates"":[]}"
3_4_8,3.739606057495107,24,5.0,1988,"{""type"":""MultiPoint"",""coordinates"":[]}"
3_4_9,2.245953603454591,25,5.0,1988,"{""type"":""MultiPoint"",""coordinates"":[]}"
3_4_10,1522.0504867389022,33,5.0,1988,"{""type"":""MultiPoint"",""coordinates"":[]}"
3_4_11,1.6971892626953107,68,5.0,1988,"{""type"":""MultiPoint"",""coordinates"":[]}"
3_5_0,49460.180463995406,3,6.0,1988,"{""type"":""MultiPoint"",""coordinates"":[]}"
3_5_1,2297.376611133061,6,6.0,1988,"{""type"":""MultiPoint"",""coordinates"":[]}"
3_5_2,72.39738058081011,11,6.0,1988,"{""type"":""MultiPoint"",""coordinates"":[]}"
3_5_3,421.88629921245723,13,6.0,1988,"{""type"":""MultiPoint"",""coordinates"":[]}"
3_5_4,39.968210278381584,15,6.0,1988,"{""type"":""MultiPoint"",""coordinates"":[]}"
3_5_5,278.35381028936985,18,6.0,1988,"{""type"":""MultiPoint"",""coordinates"":[]}"
3_5_6,114.22061130767811,21,6.0,1988,"{""type"":""MultiPoint"",""coordinates"":[]}"
3_5_7,1.6186984736328132,23,6.0,1988,"{""type"":""MultiPoint"",""coordinates"":[]}"
3_5_8,0.8821792064819339,24,6.0,1988,"{""type"":""MultiPoint"",""coordinates"":[]}"
3_5_9,3.612747392700195,25,6.0,1988,"{""type"":""MultiPoint"",""coordinates"":[]}"
3_5_10,1.8295349435424835,29,6.0,1988,"{""type"":""MultiPoint"",""coordinates"":[]}"
3_5_11,0.014301981201171878,30,6.0,1988,"{""type"":""MultiPoint"",""coordinates"":[]}"
3_5_12,427.52720560455157,33,6.0,1988,"{""type"":""MultiPoint"",""coordinates"":[]}"
3_5_13,7.642783254333512,68,6.0,1988,"{""type"":""MultiPoint"",""coordinates"":[]}"
3_6_0,19421.06838246987,3,7.0,1988,"{""type"":""MultiPoint"",""coordinates"":[]}"
3_6_1,2109.4987738970544,6,7.0,1988,"{""type"":""MultiPoint"",""coordinates"":[]}"
3_6_2,64.00125106311764,11,7.0,1988,"{""type"":""MultiPoint"",""coordinates"":[]}"
3_6_3,71.14939007104604,13,7.0,1988,"{""type"":""MultiPoint"",""coordinates"":[]}"
3_6_4,3110.65891530253,15,7.0,1988,"{""type"":""MultiPoint"",""coordinates"":[]}"
3_6_5,82.03811394292713,18,7.0,1988,"{""type"":""MultiPoint"",""coordinates"":[]}"
3_6_6,512.3626775711538,21,7.0,1988,"{""type"":""MultiPoint"",""coordinates"":[]}"
3_6_7,59.43432911761482,23,7.0,1988,"{""type"":""MultiPoint"",""coordinates"":[]}"
3_6_8,8.547285099426283,24,7.0,1988,"{""type"":""MultiPoint"",""coordinates"":[]}"
3_6_9,31.601438852844247,25,7.0,1988,"{""type"":""MultiPoint"",""coordinates"":[]}"
3_6_10,0.02413436730957031,27,7.0,1988,"{""type"":""MultiPoint"",""coordinates"":[]}"
3_6_11,0.16624945941162134,30,7.0,1988,"{""type"":""MultiPoint"",""coordinates"":[]}"
3_6_12,0.4174617844238281,31,7.0,1988,"{""type"":""MultiPoint"",""coordinates"":[]}"
3_6_13,349.5765838303172,33,7.0,1988,"{""type"":""MultiPoint"",""coordinates"":[]}"
3_6_14,1.145862037109374,68,7.0,1988,"{""type"":""MultiPoint"",""coordinates"":[]}"
3_7_0,0.0017843005981445312,13,8.0,1988,"{""type"":""MultiPoint"",""coordinates"":[]}"
3_8_0,2451.6419815245854,3,9.0,1988,"{""type"":""MultiPoint"",""coordinates"":[]}"
3_8_1,23.128263481994882,11,9.0,1988,"{""type"":""MultiPoint"",""coordinates"":[]}"
3_8_2,167.93369406238614,13,9.0,1988,"{""type"":""MultiPoint"",""coordinates"":[]}"
3_8_3,58.91828442413306,15,9.0,1988,"{""type"":""MultiPoint"",""coordinates"":[]}"
3_8_4,23.416733592163297,18,9.0,1988,"{""type"":""MultiPoint"",""coordinates"":[]}"
3_8_5,120.99214459637474,21,9.0,1988,"{""type"":""MultiPoint"",""coordinates"":[]}"
3_8_6,2.5513303521118162,23,9.0,1988,"{""type"":""MultiPoint"",""coordinates"":[]}"
3_8_7,0.2860335175781248,24,9.0,1988,"{""type"":""MultiPoint"",""coordinates"":[]}"
3_8_8,1.2237586569213867,25,9.0,1988,"{""type"":""MultiPoint"",""coordinates"":[]}"
3_8_9,0.8581711245117202,27,9.0,1988,"{""type"":""MultiPoint"",""coordinates"":[]}"
3_8_10,46.98609772937162,33,9.0,1988,"{""type"":""MultiPoint"",""coordinates"":[]}"
3_8_11,0.4675143017578127,68,9.0,1988,"{""type"":""MultiPoint"",""coordinates"":[]}"
3_9_0,4296.28320127144,3,10.0,1988,"{""type"":""MultiPoint"",""coordinates"":[]}"
3_9_1,9.446887569518944,6,10.0,1988,"{""type"":""MultiPoint"",""coordinates"":[]}"
3_9_2,1.4747553595581013,11,10.0,1988,"{""type"":""MultiPoint"",""coordinates"":[]}"
3_9_3,116.95152727532987,13,10.0,1988,"{""type"":""MultiPoint"",""coordinates"":[]}"
3_9_4,260.50233458063167,15,10.0,1988,"{""type"":""MultiPoint"",""coordinates"":[]}"
3_9_5,0.08220225750732417,18,10.0,1988,"{""type"":""MultiPoint"",""coordinates"":[]}"
3_9_6,217.9970771672327,21,10.0,1988,"{""type"":""MultiPoint"",""coordinates"":[]}"
3_9_7,9.82740831011959,23,10.0,1988,"{""type"":""MultiPoint"",""coordinates"":[]}"
3_9_8,0.10097167218017572,24,10.0,1988,"{""type"":""MultiPoint"",""coordinates"":[]}"
3_9_9,1.4102386271972662,25,10.0,1988,"{""type"":""MultiPoint"",""coordinates"":[]}"
3_9_10,20.256109306091375,33,10.0,1988,"{""type"":""MultiPoint"",""coordinates"":[]}"
3_9_11,1.2645104112548817,68,10.0,1988,"{""type"":""MultiPoint"",""coordinates"":[]}"
3_10_0,27215.953644848916,3,11.0,1988,"{""type"":""MultiPoint"",""coordinates"":[]}"
3_10_1,7576.184195716272,6,11.0,1988,"{""type"":""MultiPoint"",""coordinates"":[]}"
3_10_2,2194.4857905479034,11,11.0,1988,"{""type"":""MultiPoint"",""coordinates"":[]}"
3_10_3,4083.0575587424746,12,11.0,1988,"{""type"":""MultiPoint"",""coordinates"":[]}"
3_10_4,197.06978061687838,13,11.0,1988,"{""type"":""MultiPoint"",""coordinates"":[]}"
3_10_5,226.38727276232817,15,11.0,1988,"{""type"":""MultiPoint"",""coordinates"":[]}"
3_10_6,79.42075336816394,18,11.0,1988,"{""type"":""MultiPoint"",""coordinates"":[]}"
3_10_7,222.85006309118612,21,11.0,1988,"{""type"":""MultiPoint"",""coordinates"":[]}"
3_10_8,96.50284166155997,23,11.0,1988,"{""type"":""MultiPoint"",""coordinates"":[]}"
3_10_9,0.14530979541015623,24,11.0,1988,"{""type"":""MultiPoint"",""coordinates"":[]}"
3_10_10,9.756164565063484,25,11.0,1988,"{""type"":""MultiPoint"",""coordinates"":[]}"
3_10_11,8.916176147460938E-4,27,11.0,1988,"{""type"":""MultiPoint"",""coordinates"":[]}"
3_10_12,4.120037365539553,29,11.0,1988,"{""type"":""MultiPoint"",""coordinates"":[]}"
3_10_13,568.7097238739025,33,11.0,1988,"{""type"":""MultiPoint"",""coordinates"":[]}"
3_10_14,165.80431878661835,68,11.0,1988,"{""type"":""MultiPoint"",""coordinates"":[]}"
3_11_0,47655.77230649909,3,12.0,1988,"{""type"":""MultiPoint"",""coordinates"":[]}"
3_11_1,4387.033559694949,6,12.0,1988,"{""type"":""MultiPoint"",""coordinates"":[]}"
3_11_2,98.96733032568203,11,12.0,1988,"{""type"":""MultiPoint"",""coordinates"":[]}"
3_11_3,516.8953387412843,12,12.0,1988,"{""type"":""MultiPoint"",""coordinates"":[]}"
3_11_4,512.8253119130839,13,12.0,1988,"{""type"":""MultiPoint"",""coordinates"":[]}"
3_11_5,1709.7313283132835,15,12.0,1988,"{""type"":""MultiPoint"",""coordinates"":[]}"
3_11_6,27.30361964221186,18,12.0,1988,"{""type"":""MultiPoint"",""coordinates"":[]}"
3_11_7,155.6250689205323,21,12.0,1988,"{""type"":""MultiPoint"",""coordinates"":[]}"
3_11_8,17.8304213970337,23,12.0,1988,"{""type"":""MultiPoint"",""coordinates"":[]}"
3_11_9,4.023791636169437,24,12.0,1988,"{""type"":""MultiPoint"",""coordinates"":[]}"
3_11_10,1.427339176269531,25,12.0,1988,"{""type"":""MultiPoint"",""coordinates"":[]}"
3_11_11,0.020542176696777343,30,12.0,1988,"{""type"":""MultiPoint"",""coordinates"":[]}"
3_11_12,349.7729924008785,33,12.0,1988,"{""type"":""MultiPoint"",""coordinates"":[]}"
3_11_13,13.876856787658701,68,12.0,1988,"{""type"":""MultiPoint"",""coordinates"":[]}"
3_12_0,27336.56139889849,3,13.0,1988,"{""type"":""MultiPoint"",""coordinates"":[]}"
3_12_1,3238.1331769256067,6,13.0,1988,"{""type"":""MultiPoint"",""coordinates"":[]}"
3_12_2,472.2093742194834,11,13.0,1988,"{""type"":""MultiPoint"",""coordinates"":[]}"
3_12_3,6879.414766451411,12,13.0,1988,"{""type"":""MultiPoint"",""coordinates"":[]}"
3_12_4,969.505474256413,13,13.0,1988,"{""type"":""MultiPoint"",""coordinates"":[]}"
3_12_5,6079.791082217938,15,13.0,1988,"{""type"":""MultiPoint"",""coordinates"":[]}"
3_12_6,193.64901826208813,18,13.0,1988,"{""type"":""MultiPoint"",""coordinates"":[]}"
3_12_7,785.6062331344576,21,13.0,1988,"{""type"":""MultiPoint"",""coordinates"":[]}"
3_12_8,108.3502584021,23,13.0,1988,"{""type"":""MultiPoint"",""coordinates"":[]}"
3_12_9,6.324442302856456,24,13.0,1988,"{""type"":""MultiPoint"",""coordinates"":[]}"
3_12_10,40.16673521343994,25,13.0,1988,"{""type"":""MultiPoint"",""coordinates"":[]}"
3_12_11,319.28805455133056,33,13.0,1988,"{""type"":""MultiPoint"",""coordinates"":[]}"
3_12_12,2.2072346713867197,68,13.0,1988,"{""type"":""MultiPoint"",""coordinates"":[]}"
4_0_0,0.0017839960327148438,13,1.0,1989,"{""type"":""MultiPoint"",""coordinates"":[]}"
4_1_0,0.001783488037109375,13,2.0,1989,"{""type"":""MultiPoint"",""coordinates"":[]}"
4_2_0,69839.54727575867,3,3.0,1989,"{""type"":""MultiPoint"",""coordinates"":[]}"
4_2_1,5336.265320774556,6,3.0,1989,"{""type"":""MultiPoint"",""coordinates"":[]}"
4_2_2,108.37820545935095,11,3.0,1989,"{""type"":""MultiPoint"",""coordinates"":[]}"
4_2_3,1750.4760447900676,12,3.0,1989,"{""type"":""MultiPoint"",""coordinates"":[]}"
4_2_4,1638.8840819371408,13,3.0,1989,"{""type"":""MultiPoint"",""coordinates"":[]}"
4_2_5,11300.051480219008,15,3.0,1989,"{""type"":""MultiPoint"",""coordinates"":[]}"
4_2_6,28.44393669219949,18,3.0,1989,"{""type"":""MultiPoint"",""coordinates"":[]}"
4_2_7,1985.5128608075036,21,3.0,1989,"{""type"":""MultiPoint"",""coordinates"":[]}"
4_2_8,74.94045545617693,23,3.0,1989,"{""type"":""MultiPoint"",""coordinates"":[]}"
4_2_9,11.394007482177738,24,3.0,1989,"{""type"":""MultiPoint"",""coordinates"":[]}"
4_2_10,20.909315228637688,25,3.0,1989,"{""type"":""MultiPoint"",""coordinates"":[]}"
4_2_11,0.012510810852050781,30,3.0,1989,"{""type"":""MultiPoint"",""coordinates"":[]}"
4_2_12,740.4139001357386,33,3.0,1989,"{""type"":""MultiPoint"",""coordinates"":[]}"
4_3_0,57662.3686604804,3,4.0,1989,"{""type"":""MultiPoint"",""coordinates"":[]}"
4_3_1,9247.465252160484,6,4.0,1989,"{""type"":""MultiPoint"",""coordinates"":[]}"
4_3_2,640.6405328072499,11,4.0,1989,"{""type"":""MultiPoint"",""coordinates"":[]}"
4_3_3,1874.0569859578388,12,4.0,1989,"{""type"":""MultiPoint"",""coordinates"":[]}"
4_3_4,68.59885812890651,13,4.0,1989,"{""type"":""MultiPoint"",""coordinates"":[]}"
4_3_5,22.67880244763185,15,4.0,1989,"{""type"":""MultiPoint"",""coordinates"":[]}"
4_3_6,192.93508038720677,18,4.0,1989,"{""type"":""MultiPoint"",""coordinates"":[]}"
4_3_7,62.16045004534907,21,4.0,1989,"{""type"":""MultiPoint"",""coordinates"":[]}"
4_3_8,25.570678401428243,23,4.0,1989,"{""type"":""MultiPoint"",""coordinates"":[]}"
4_3_9,3.493787388854984,24,4.0,1989,"{""type"":""MultiPoint"",""coordinates"":[]}"
4_3_10,16.213051839111337,25,4.0,1989,"{""type"":""MultiPoint"",""coordinates"":[]}"
4_3_11,55.17400239990176,29,4.0,1989,"{""type"":""MultiPoint"",""coordinates"":[]}"
4_3_12,0.13221752783203122,30,4.0,1989,"{""type"":""MultiPoint"",""coordinates"":[]}"
4_3_13,626.4520318771945,33,4.0,1989,"{""type"":""MultiPoint"",""coordinates"":[]}"
4_3_14,162.71739554943855,68,4.0,1989,"{""type"":""MultiPoint"",""coordinates"":[]}"
4_4_0,95100.38701717631,3,5.0,1989,"{""type"":""MultiPoint"",""coordinates"":[]}"
4_4_1,10594.621791682734,6,5.0,1989,"{""type"":""MultiPoint"",""coordinates"":[]}"
4_4_2,925.0795021605725,11,5.0,1989,"{""type"":""MultiPoint"",""coordinates"":[]}"
4_4_3,43.86937533044359,13,5.0,1989,"{""type"":""MultiPoint"",""coordinates"":[]}"
4_4_4,2.9890603203125004,15,5.0,1989,"{""type"":""MultiPoint"",""coordinates"":[]}"
4_4_5,318.71021264245576,18,5.0,1989,"{""type"":""MultiPoint"",""coordinates"":[]}"
4_4_6,66.94748459826631,21,5.0,1989,"{""type"":""MultiPoint"",""coordinates"":[]}"
4_4_7,37.84090109503171,23,5.0,1989,"{""type"":""MultiPoint"",""coordinates"":[]}"
4_4_8,3.9413470884399295,24,5.0,1989,"{""type"":""MultiPoint"",""coordinates"":[]}"
4_4_9,2.084005890624999,25,5.0,1989,"{""type"":""MultiPoint"",""coordinates"":[]}"
4_4_10,0.17478651794433575,30,5.0,1989,"{""type"":""MultiPoint"",""coordinates"":[]}"
4_4_11,1557.5207857793087,33,5.0,1989,"{""type"":""MultiPoint"",""coordinates"":[]}"
4_4_12,0.5524242637329102,68,5.0,1989,"{""type"":""MultiPoint"",""coordinates"":[]}"
4_5_0,49487.274944541954,3,6.0,1989,"{""type"":""MultiPoint"",""coordinates"":[]}"
4_5_1,2258.652333943671,6,6.0,1989,"{""type"":""MultiPoint"",""coordinates"":[]}"
4_5_2,71.61525886206007,11,6.0,1989,"{""type"":""MultiPoint"",""coordinates"":[]}"
4_5_3,413.1839891115673,13,6.0,1989,"{""type"":""MultiPoint"",""coordinates"":[]}"
4_5_4,44.20930282458524,15,6.0,1989,"{""type"":""MultiPoint"",""coordinates"":[]}"
4_5_5,285.5061986287855,18,6.0,1989,"{""type"":""MultiPoint"",""coordinates"":[]}"
4_5_6,115.62286804132034,21,6.0,1989,"{""type"":""MultiPoint"",""coordinates"":[]}"
4_5_7,0.4469234549560548,23,6.0,1989,"{""type"":""MultiPoint"",""coordinates"":[]}"
4_5_8,0.9241921135253909,24,6.0,1989,"{""type"":""MultiPoint"",""coordinates"":[]}"
4_5_9,3.347342629760742,25,6.0,1989,"{""type"":""MultiPoint"",""coordinates"":[]}"
4_5_10,1.8697568057251006,29,6.0,1989,"{""type"":""MultiPoint"",""coordinates"":[]}"
4_5_11,0.19308809814453154,30,6.0,1989,"{""type"":""MultiPoint"",""coordinates"":[]}"
4_5_12,437.51974346526913,33,6.0,1989,"{""type"":""MultiPoint"",""coordinates"":[]}"
4_5_13,7.144895132080072,68,6.0,1989,"{""type"":""MultiPoint"",""coordinates"":[]}"
4_6_0,19416.262257338978,3,7.0,1989,"{""type"":""MultiPoint"",""coordinates"":[]}"
4_6_1,2064.8273801914243,6,7.0,1989,"{""type"":""MultiPoint"",""coordinates"":[]}"
4_6_2,61.28643297797322,11,7.0,1989,"{""type"":""MultiPoint"",""coordinates"":[]}"
4_6_3,70.32893587616081,13,7.0,1989,"{""type"":""MultiPoint"",""coordinates"":[]}"
4_6_4,3146.203269905991,15,7.0,1989,"{""type"":""MultiPoint"",""coordinates"":[]}"
4_6_5,77.94653254143834,18,7.0,1989,"{""type"":""MultiPoint"",""coordinates"":[]}"
4_6_6,522.8909606490876,21,7.0,1989,"{""type"":""MultiPoint"",""coordinates"":[]}"
4_6_7,56.2864718591309,23,7.0,1989,"{""type"":""MultiPoint"",""coordinates"":[]}"
4_6_8,8.993333041076681,24,7.0,1989,"{""type"":""MultiPoint"",""coordinates"":[]}"
4_6_9,33.20046848474119,25,7.0,1989,"{""type"":""MultiPoint"",""coordinates"":[]}"
4_6_10,0.02413436730957031,27,7.0,1989,"{""type"":""MultiPoint"",""coordinates"":[]}"
4_6_11,0.1519484296264651,30,7.0,1989,"{""type"":""MultiPoint"",""coordinates"":[]}"
4_6_12,0.5247350867919922,31,7.0,1989,"{""type"":""MultiPoint"",""coordinates"":[]}"
4_6_13,360.70016934508953,33,7.0,1989,"{""type"":""MultiPoint"",""coordinates"":[]}"
4_6_14,2.0638187712402347,68,7.0,1989,"{""type"":""MultiPoint"",""coordinates"":[]}"
4_7_0,0.0017843005981445312,13,8.0,1989,"{""type"":""MultiPoint"",""coordinates"":[]}"
4_8_0,2455.44640453045,3,9.0,1989,"{""type"":""MultiPoint"",""coordinates"":[]}"
4_8_1,22.920888092407555,11,9.0,1989,"{""type"":""MultiPoint"",""coordinates"":[]}"
4_8_2,168.12945998285653,13,9.0,1989,"{""type"":""MultiPoint"",""coordinates"":[]}"
4_8_3,57.79638001849307,15,9.0,1989,"{""type"":""MultiPoint"",""coordinates"":[]}"
4_8_4,30.393455250610977,18,9.0,1989,"{""type"":""MultiPoint"",""coordinates"":[]}"
4_8_5,110.101908244203,21,9.0,1989,"{""type"":""MultiPoint"",""coordinates"":[]}"
4_8_6,2.5691989421386716,23,9.0,1989,"{""type"":""MultiPoint"",""coordinates"":[]}"
4_8_7,0.30480364367675766,24,9.0,1989,"{""type"":""MultiPoint"",""coordinates"":[]}"
4_8_8,1.2184170410766595,25,9.0,1989,"{""type"":""MultiPoint"",""coordinates"":[]}"
4_8_9,0.8581711245117202,27,9.0,1989,"{""type"":""MultiPoint"",""coordinates"":[]}"
4_8_10,47.82732004297028,33,9.0,1989,"{""type"":""MultiPoint"",""coordinates"":[]}"
4_8_11,0.8376004505615249,68,9.0,1989,"{""type"":""MultiPoint"",""coordinates"":[]}"
4_9_0,4322.427950244577,3,10.0,1989,"{""type"":""MultiPoint"",""coordinates"":[]}"
4_9_1,9.420966453674268,6,10.0,1989,"{""type"":""MultiPoint"",""coordinates"":[]}"
4_9_2,1.2128601195678712,11,10.0,1989,"{""type"":""MultiPoint"",""coordinates"":[]}"
4_9_3,114.19027703033467,13,10.0,1989,"{""type"":""MultiPoint"",""coordinates"":[]}"
4_9_4,244.2087563026131,15,10.0,1989,"{""type"":""MultiPoint"",""coordinates"":[]}"
4_9_5,0.2609013314208984,18,10.0,1989,"{""type"":""MultiPoint"",""coordinates"":[]}"
4_9_6,208.7899245224572,21,10.0,1989,"{""type"":""MultiPoint"",""coordinates"":[]}"
4_9_7,8.34288121270752,23,10.0,1989,"{""type"":""MultiPoint"",""coordinates"":[]}"
4_9_8,0.10722726507568353,24,10.0,1989,"{""type"":""MultiPoint"",""coordinates"":[]}"
4_9_9,2.5862643828124985,25,10.0,1989,"{""type"":""MultiPoint"",""coordinates"":[]}"
4_9_10,22.518345283935496,33,10.0,1989,"{""type"":""MultiPoint"",""coordinates"":[]}"
4_9_11,1.5308696589965822,68,10.0,1989,"{""type"":""MultiPoint"",""coordinates"":[]}"
4_10_0,27197.287706524872,3,11.0,1989,"{""type"":""MultiPoint"",""coordinates"":[]}"
4_10_1,7549.572468778359,6,11.0,1989,"{""type"":""MultiPoint"",""coordinates"":[]}"
4_10_2,2166.3441931033412,11,11.0,1989,"{""type"":""MultiPoint"",""coordinates"":[]}"
4_10_3,4079.726489875501,12,11.0,1989,"{""type"":""MultiPoint"",""coordinates"":[]}"
4_10_4,193.04186641918452,13,11.0,1989,"{""type"":""MultiPoint"",""coordinates"":[]}"
4_10_5,256.94851325323367,15,11.0,1989,"{""type"":""MultiPoint"",""coordinates"":[]}"
4_10_6,92.34548999829097,18,11.0,1989,"{""type"":""MultiPoint"",""coordinates"":[]}"
4_10_7,250.11182845861848,21,11.0,1989,"{""type"":""MultiPoint"",""coordinates"":[]}"
4_10_8,45.27208985882571,23,11.0,1989,"{""type"":""MultiPoint"",""coordinates"":[]}"
4_10_9,0.15868607189941403,24,11.0,1989,"{""type"":""MultiPoint"",""coordinates"":[]}"
4_10_10,9.93879946881104,25,11.0,1989,"{""type"":""MultiPoint"",""coordinates"":[]}"
4_10_11,8.916176147460938E-4,27,11.0,1989,"{""type"":""MultiPoint"",""coordinates"":[]}"
4_10_12,11.18856883087161,29,11.0,1989,"{""type"":""MultiPoint"",""coordinates"":[]}"
4_10_13,615.9326763471086,33,11.0,1989,"{""type"":""MultiPoint"",""coordinates"":[]}"
4_10_14,172.57807875359816,68,11.0,1989,"{""type"":""MultiPoint"",""coordinates"":[]}"
4_11_0,47530.30738739636,3,12.0,1989,"{""type"":""MultiPoint"",""coordinates"":[]}"
4_11_1,4401.002983612681,6,12.0,1989,"{""type"":""MultiPoint"",""coordinates"":[]}"
4_11_2,102.70054085955753,11,12.0,1989,"{""type"":""MultiPoint"",""coordinates"":[]}"
4_11_3,513.9920003251873,12,12.0,1989,"{""type"":""MultiPoint"",""coordinates"":[]}"
4_11_4,505.36811970836914,13,12.0,1989,"{""type"":""MultiPoint"",""coordinates"":[]}"
4_11_5,1829.6105820984483,15,12.0,1989,"{""type"":""MultiPoint"",""coordinates"":[]}"
4_11_6,28.983438894653272,18,12.0,1989,"{""type"":""MultiPoint"",""coordinates"":[]}"
4_11_7,161.6440234003298,21,12.0,1989,"{""type"":""MultiPoint"",""coordinates"":[]}"
4_11_8,9.563365539184561,23,12.0,1989,"{""type"":""MultiPoint"",""coordinates"":[]}"
4_11_9,4.231002400695808,24,12.0,1989,"{""type"":""MultiPoint"",""coordinates"":[]}"
4_11_10,1.3998969317626953,25,12.0,1989,"{""type"":""MultiPoint"",""coordinates"":[]}"
4_11_11,0.020542176696777343,30,12.0,1989,"{""type"":""MultiPoint"",""coordinates"":[]}"
4_11_12,361.2918500241081,33,12.0,1989,"{""type"":""MultiPoint"",""coordinates"":[]}"
4_11_13,0.9900742568359385,68,12.0,1989,"{""type"":""MultiPoint"",""coordinates"":[]}"
4_12_0,27053.377208716727,3,13.0,1989,"{""type"":""MultiPoint"",""coordinates"":[]}"
4_12_1,3200.6393641637264,6,13.0,1989,"{""type"":""MultiPoint"",""coordinates"":[]}"
4_12_2,517.4031758251401,11,13.0,1989,"{""type"":""MultiPoint"",""coordinates"":[]}"
4_12_3,6815.06309766101,12,13.0,1989,"{""type"":""MultiPoint"",""coordinates"":[]}"
4_12_4,971.3876678339418,13,13.0,1989,"{""type"":""MultiPoint"",""coordinates"":[]}"
4_12_5,6309.648664679588,15,13.0,1989,"{""type"":""MultiPoint"",""coordinates"":[]}"
4_12_6,128.99449861163302,18,13.0,1989,"{""type"":""MultiPoint"",""coordinates"":[]}"
4_12_7,934.9346514025832,21,13.0,1989,"{""type"":""MultiPoint"",""coordinates"":[]}"
4_12_8,115.96693227850324,23,13.0,1989,"{""type"":""MultiPoint"",""coordinates"":[]}"
4_12_9,6.641281712951672,24,13.0,1989,"{""type"":""MultiPoint"",""coordinates"":[]}"
4_12_10,73.49348463330153,25,13.0,1989,"{""type"":""MultiPoint"",""coordinates"":[]}"
4_12_11,301.4634462834473,33,13.0,1989,"{""type"":""MultiPoint"",""coordinates"":[]}"
4_12_12,2.1937757043457005,68,13.0,1989,"{""type"":""MultiPoint"",""coordinates"":[]}"
5_0_0,0.0017839960327148438,13,1.0,1990,"{""type"":""MultiPoint"",""coordinates"":[]}"
5_1_0,0.001783488037109375,13,2.0,1990,"{""type"":""MultiPoint"",""coordinates"":[]}"
5_2_0,69808.16000434793,3,3.0,1990,"{""type"":""MultiPoint"",""coordinates"":[]}"
5_2_1,5336.299956950659,6,3.0,1990,"{""type"":""MultiPoint"",""coordinates"":[]}"
5_2_2,99.07435566284185,11,3.0,1990,"{""type"":""MultiPoint"",""coordinates"":[]}"
5_2_3,1708.2568542104464,12,3.0,1990,"{""type"":""MultiPoint"",""coordinates"":[]}"
5_2_4,1662.4973451354017,13,3.0,1990,"{""type"":""MultiPoint"",""coordinates"":[]}"
5_2_5,11326.565271438061,15,3.0,1990,"{""type"":""MultiPoint"",""coordinates"":[]}"
5_2_6,27.770830305541804,18,3.0,1990,"{""type"":""MultiPoint"",""coordinates"":[]}"
5_2_7,2018.9827940644614,21,3.0,1990,"{""type"":""MultiPoint"",""coordinates"":[]}"
5_2_8,80.82960669995136,23,3.0,1990,"{""type"":""MultiPoint"",""coordinates"":[]}"
5_2_9,11.567365463012719,24,3.0,1990,"{""type"":""MultiPoint"",""coordinates"":[]}"
5_2_10,21.84073673278807,25,3.0,1990,"{""type"":""MultiPoint"",""coordinates"":[]}"
5_2_11,0.01697895672607422,30,3.0,1990,"{""type"":""MultiPoint"",""coordinates"":[]}"
5_2_12,733.3672955845904,33,3.0,1990,"{""type"":""MultiPoint"",""coordinates"":[]}"
5_3_0,57683.54243717001,3,4.0,1990,"{""type"":""MultiPoint"",""coordinates"":[]}"
5_3_1,9211.243173658902,6,4.0,1990,"{""type"":""MultiPoint"",""coordinates"":[]}"
5_3_2,628.6385735786071,11,4.0,1990,"{""type"":""MultiPoint"",""coordinates"":[]}"
5_3_3,1856.3170479240994,12,4.0,1990,"{""type"":""MultiPoint"",""coordinates"":[]}"
5_3_4,69.00973522827168,13,4.0,1990,"{""type"":""MultiPoint"",""coordinates"":[]}"
5_3_5,23.81711942590339,15,4.0,1990,"{""type"":""MultiPoint"",""coordinates"":[]}"
5_3_6,197.40844987225296,18,4.0,1990,"{""type"":""MultiPoint"",""coordinates"":[]}"
5_3_7,64.80877409960925,21,4.0,1990,"{""type"":""MultiPoint"",""coordinates"":[]}"
5_3_8,11.621397067993156,23,4.0,1990,"{""type"":""MultiPoint"",""coordinates"":[]}"
5_3_9,3.5919556680908253,24,4.0,1990,"{""type"":""MultiPoint"",""coordinates"":[]}"
5_3_10,16.425147311767578,25,4.0,1990,"{""type"":""MultiPoint"",""coordinates"":[]}"
5_3_11,55.974650104735716,29,4.0,1990,"{""type"":""MultiPoint"",""coordinates"":[]}"
5_3_12,0.20189484252929685,30,4.0,1990,"{""type"":""MultiPoint"",""coordinates"":[]}"
5_3_13,636.2649148497293,33,4.0,1990,"{""type"":""MultiPoint"",""coordinates"":[]}"
5_3_14,201.79251659624177,68,4.0,1990,"{""type"":""MultiPoint"",""coordinates"":[]}"
5_4_0,95127.53981527209,3,5.0,1990,"{""type"":""MultiPoint"",""coordinates"":[]}"
5_4_1,10598.939040982139,6,5.0,1990,"{""type"":""MultiPoint"",""coordinates"":[]}"
5_4_2,881.7245962154426,11,5.0,1990,"{""type"":""MultiPoint"",""coordinates"":[]}"
5_4_3,45.430967899352375,13,5.0,1990,"{""type"":""MultiPoint"",""coordinates"":[]}"
5_4_4,2.9669091658325164,15,5.0,1990,"{""type"":""MultiPoint"",""coordinates"":[]}"
5_4_5,330.0340202745348,18,5.0,1990,"{""type"":""MultiPoint"",""coordinates"":[]}"
5_4_6,66.60016139434802,21,5.0,1990,"{""type"":""MultiPoint"",""coordinates"":[]}"
5_4_7,33.34805985906983,23,5.0,1990,"{""type"":""MultiPoint"",""coordinates"":[]}"
5_4_8,4.018027109741199,24,5.0,1990,"{""type"":""MultiPoint"",""coordinates"":[]}"
5_4_9,2.4919109015502925,25,5.0,1990,"{""type"":""MultiPoint"",""coordinates"":[]}"
5_4_10,0.1507097862548829,30,5.0,1990,"{""type"":""MultiPoint"",""coordinates"":[]}"
5_4_11,1559.9857813279561,33,5.0,1990,"{""type"":""MultiPoint"",""coordinates"":[]}"
5_4_12,1.4886943573608389,68,5.0,1990,"{""type"":""MultiPoint"",""coordinates"":[]}"
5_5_0,49475.907251689874,3,6.0,1990,"{""type"":""MultiPoint"",""coordinates"":[]}"
5_5_1,2267.357394299955,6,6.0,1990,"{""type"":""MultiPoint"",""coordinates"":[]}"
5_5_2,70.49438401806601,11,6.0,1990,"{""type"":""MultiPoint"",""coordinates"":[]}"
5_5_3,407.7641879725147,13,6.0,1990,"{""type"":""MultiPoint"",""coordinates"":[]}"
5_5_4,43.070568762756444,15,6.0,1990,"{""type"":""MultiPoint"",""coordinates"":[]}"
5_5_5,288.59709540802066,18,6.0,1990,"{""type"":""MultiPoint"",""coordinates"":[]}"
5_5_6,120.91119727374269,21,6.0,1990,"{""type"":""MultiPoint"",""coordinates"":[]}"
5_5_7,0.6847053012695314,23,6.0,1990,"{""type"":""MultiPoint"",""coordinates"":[]}"
5_5_8,0.9679840639648442,24,6.0,1990,"{""type"":""MultiPoint"",""coordinates"":[]}"
5_5_9,3.748717212890628,25,6.0,1990,"{""type"":""MultiPoint"",""coordinates"":[]}"
5_5_10,1.850093316772463,29,6.0,1990,"{""type"":""MultiPoint"",""coordinates"":[]}"
5_5_11,0.19845167047119155,30,6.0,1990,"{""type"":""MultiPoint"",""coordinates"":[]}"
5_5_12,436.4203932344338,33,6.0,1990,"{""type"":""MultiPoint"",""coordinates"":[]}"
5_5_13,9.53841342846685,68,6.0,1990,"{""type"":""MultiPoint"",""coordinates"":[]}"
5_6_0,19505.026756059855,3,7.0,1990,"{""type"":""MultiPoint"",""coordinates"":[]}"
5_6_1,2049.7379071665496,6,7.0,1990,"{""type"":""MultiPoint"",""coordinates"":[]}"
5_6_2,62.489710918463835,11,7.0,1990,"{""type"":""MultiPoint"",""coordinates"":[]}"
5_6_3,70.86873925103883,13,7.0,1990,"{""type"":""MultiPoint"",""coordinates"":[]}"
5_6_4,3094.997613705045,15,7.0,1990,"{""type"":""MultiPoint"",""coordinates"":[]}"
5_6_5,76.7151624351155,18,7.0,1990,"{""type"":""MultiPoint"",""coordinates"":[]}"
5_6_6,504.10872208871785,21,7.0,1990,"{""type"":""MultiPoint"",""coordinates"":[]}"
5_6_7,58.76013594958494,23,7.0,1990,"{""type"":""MultiPoint"",""coordinates"":[]}"
5_6_8,9.071105456665062,24,7.0,1990,"{""type"":""MultiPoint"",""coordinates"":[]}"
5_6_9,31.53769914276124,25,7.0,1990,"{""type"":""MultiPoint"",""coordinates"":[]}"
5_6_10,0.02413436730957031,27,7.0,1990,"{""type"":""MultiPoint"",""coordinates"":[]}"
5_6_11,0.15552368841552758,30,7.0,1990,"{""type"":""MultiPoint"",""coordinates"":[]}"
5_6_12,0.5640674395751952,31,7.0,1990,"{""type"":""MultiPoint"",""coordinates"":[]}"
5_6_13,356.1623537892433,33,7.0,1990,"{""type"":""MultiPoint"",""coordinates"":[]}"
5_6_14,1.4712174075317397,68,7.0,1990,"{""type"":""MultiPoint"",""coordinates"":[]}"
5_7_0,0.0017843005981445312,13,8.0,1990,"{""type"":""MultiPoint"",""coordinates"":[]}"
5_8_0,2453.9889442110607,3,9.0,1990,"{""type"":""MultiPoint"",""coordinates"":[]}"
5_8_1,22.931614327026676,11,9.0,1990,"{""type"":""MultiPoint"",""coordinates"":[]}"
5_8_2,168.15270922278566,13,9.0,1990,"{""type"":""MultiPoint"",""coordinates"":[]}"
5_8_3,44.76100472198365,15,9.0,1990,"{""type"":""MultiPoint"",""coordinates"":[]}"
5_8_4,23.524627027649363,18,9.0,1990,"{""type"":""MultiPoint"",""coordinates"":[]}"
5_8_5,129.32978946661635,21,9.0,1990,"{""type"":""MultiPoint"",""coordinates"":[]}"
5_8_6,2.853476592346194,23,9.0,1990,"{""type"":""MultiPoint"",""coordinates"":[]}"
5_8_7,0.3083793939819335,24,9.0,1990,"{""type"":""MultiPoint"",""coordinates"":[]}"
5_8_8,2.072112214233397,25,9.0,1990,"{""type"":""MultiPoint"",""coordinates"":[]}"
5_8_9,0.8581711245117202,27,9.0,1990,"{""type"":""MultiPoint"",""coordinates"":[]}"
5_8_10,48.866926160340846,33,9.0,1990,"{""type"":""MultiPoint"",""coordinates"":[]}"
5_8_11,0.7562529013671884,68,9.0,1990,"{""type"":""MultiPoint"",""coordinates"":[]}"
5_9_0,4323.287556037806,3,10.0,1990,"{""type"":""MultiPoint"",""coordinates"":[]}"
5_9_1,9.446887338317826,6,10.0,1990,"{""type"":""MultiPoint"",""coordinates"":[]}"
5_9_2,1.2262675379638672,11,10.0,1990,"{""type"":""MultiPoint"",""coordinates"":[]}"
5_9_3,112.31478934948636,13,10.0,1990,"{""type"":""MultiPoint"",""coordinates"":[]}"
5_9_4,239.0575174166908,15,10.0,1990,"{""type"":""MultiPoint"",""coordinates"":[]}"
5_9_5,0.2546468977661132,18,10.0,1990,"{""type"":""MultiPoint"",""coordinates"":[]}"
5_9_6,216.02142582574243,21,10.0,1990,"{""type"":""MultiPoint"",""coordinates"":[]}"
5_9_7,7.989856628479006,23,10.0,1990,"{""type"":""MultiPoint"",""coordinates"":[]}"
5_9_8,0.10812110058593742,24,10.0,1990,"{""type"":""MultiPoint"",""coordinates"":[]}"
5_9_9,2.0241368942871087,25,10.0,1990,"{""type"":""MultiPoint"",""coordinates"":[]}"
5_9_10,22.634528920837344,33,10.0,1990,"{""type"":""MultiPoint"",""coordinates"":[]}"
5_9_11,1.2314898601684572,68,10.0,1990,"{""type"":""MultiPoint"",""coordinates"":[]}"
5_10_0,27175.46187068309,3,11.0,1990,"{""type"":""MultiPoint"",""coordinates"":[]}"
5_10_1,7549.396128149301,6,11.0,1990,"{""type"":""MultiPoint"",""coordinates"":[]}"
5_10_2,2054.21469754338,11,11.0,1990,"{""type"":""MultiPoint"",""coordinates"":[]}"
5_10_3,4172.793105093395,12,11.0,1990,"{""type"":""MultiPoint"",""coordinates"":[]}"
5_10_4,199.41182264562696,13,11.0,1990,"{""type"":""MultiPoint"",""coordinates"":[]}"
5_10_5,255.13983654132002,15,11.0,1990,"{""type"":""MultiPoint"",""coordinates"":[]}"
5_10_6,106.62387720227056,18,11.0,1990,"{""type"":""MultiPoint"",""coordinates"":[]}"
5_10_7,272.62003148419205,21,11.0,1990,"{""type"":""MultiPoint"",""coordinates"":[]}"
5_10_8,37.02593504437262,23,11.0,1990,"{""type"":""MultiPoint"",""coordinates"":[]}"
5_10_9,0.16403393164062494,24,11.0,1990,"{""type"":""MultiPoint"",""coordinates"":[]}"
5_10_10,10.156226962463379,25,11.0,1990,"{""type"":""MultiPoint"",""coordinates"":[]}"
5_10_11,8.916176147460938E-4,27,11.0,1990,"{""type"":""MultiPoint"",""coordinates"":[]}"
5_10_12,15.998154220764114,29,11.0,1990,"{""type"":""MultiPoint"",""coordinates"":[]}"
5_10_13,632.8975673435687,33,11.0,1990,"{""type"":""MultiPoint"",""coordinates"":[]}"
5_10_14,158.54416889727747,68,11.0,1990,"{""type"":""MultiPoint"",""coordinates"":[]}"
5_11_0,47422.10270965559,3,12.0,1990,"{""type"":""MultiPoint"",""coordinates"":[]}"
5_11_1,4339.483088658632,6,12.0,1990,"{""type"":""MultiPoint"",""coordinates"":[]}"
5_11_2,98.63291870757996,11,12.0,1990,"{""type"":""MultiPoint"",""coordinates"":[]}"
5_11_3,515.7986826737623,12,12.0,1990,"{""type"":""MultiPoint"",""coordinates"":[]}"
5_11_4,504.87373374651435,13,12.0,1990,"{""type"":""MultiPoint"",""coordinates"":[]}"
5_11_5,2019.9798026118892,15,12.0,1990,"{""type"":""MultiPoint"",""coordinates"":[]}"
5_11_6,32.023584550170796,18,12.0,1990,"{""type"":""MultiPoint"",""coordinates"":[]}"
5_11_7,140.76375267950442,21,12.0,1990,"{""type"":""MultiPoint"",""coordinates"":[]}"
5_11_8,26.96843489031987,23,12.0,1990,"{""type"":""MultiPoint"",""coordinates"":[]}"
5_11_9,4.330143060119638,24,12.0,1990,"{""type"":""MultiPoint"",""coordinates"":[]}"
5_11_10,0.8888181010742184,25,12.0,1990,"{""type"":""MultiPoint"",""coordinates"":[]}"
5_11_11,0.07859613610839834,30,12.0,1990,"{""type"":""MultiPoint"",""coordinates"":[]}"
5_11_12,343.08353602624385,33,12.0,1990,"{""type"":""MultiPoint"",""coordinates"":[]}"
5_11_13,2.0980061277465847,68,12.0,1990,"{""type"":""MultiPoint"",""coordinates"":[]}"
5_12_0,26856.11394618069,3,13.0,1990,"{""type"":""MultiPoint"",""coordinates"":[]}"
5_12_1,3179.1659734521895,6,13.0,1990,"{""type"":""MultiPoint"",""coordinates"":[]}"
5_12_2,518.7952656695601,11,13.0,1990,"{""type"":""MultiPoint"",""coordinates"":[]}"
5_12_3,6759.8371673937845,12,13.0,1990,"{""type"":""MultiPoint"",""coordinates"":[]}"
5_12_4,980.632512569404,13,13.0,1990,"{""type"":""MultiPoint"",""coordinates"":[]}"
5_12_5,6529.242396342869,15,13.0,1990,"{""type"":""MultiPoint"",""coordinates"":[]}"
5_12_6,136.92285020324695,18,13.0,1990,"{""type"":""MultiPoint"",""coordinates"":[]}"
5_12_7,1010.2418897219251,21,13.0,1990,"{""type"":""MultiPoint"",""coordinates"":[]}"
5_12_8,121.89788990087895,23,13.0,1990,"{""type"":""MultiPoint"",""coordinates"":[]}"
5_12_9,6.683250819458021,24,13.0,1990,"{""type"":""MultiPoint"",""coordinates"":[]}"
5_12_10,51.973948568481276,25,13.0,1990,"{""type"":""MultiPoint"",""coordinates"":[]}"
5_12_11,277.5135124298097,33,13.0,1990,"{""type"":""MultiPoint"",""coordinates"":[]}"
5_12_12,2.1866462551269494,68,13.0,1990,"{""type"":""MultiPoint"",""coordinates"":[]}"
6_0_0,0.0017839960327148438,13,1.0,1991,"{""type"":""MultiPoint"",""coordinates"":[]}"
6_1_0,0.001783488037109375,13,2.0,1991,"{""type"":""MultiPoint"",""coordinates"":[]}"
6_2_0,69415.9583228357,3,3.0,1991,"{""type"":""MultiPoint"",""coordinates"":[]}"
6_2_1,5273.97571678715,6,3.0,1991,"{""type"":""MultiPoint"",""coordinates"":[]}"
6_2_2,95.89101317669717,11,3.0,1991,"{""type"":""MultiPoint"",""coordinates"":[]}"
6_2_3,1647.2673602582418,12,3.0,1991,"{""type"":""MultiPoint"",""coordinates"":[]}"
6_2_4,1694.7712321441386,13,3.0,1991,"{""type"":""MultiPoint"",""coordinates"":[]}"
6_2_5,11467.462691919915,15,3.0,1991,"{""type"":""MultiPoint"",""coordinates"":[]}"
6_2_6,27.766403472778222,18,3.0,1991,"{""type"":""MultiPoint"",""coordinates"":[]}"
6_2_7,2382.3209103931167,21,3.0,1991,"{""type"":""MultiPoint"",""coordinates"":[]}"
6_2_8,105.48634185717773,23,3.0,1991,"{""type"":""MultiPoint"",""coordinates"":[]}"
6_2_9,13.384121670105076,24,3.0,1991,"{""type"":""MultiPoint"",""coordinates"":[]}"
6_2_10,16.31675349865722,25,3.0,1991,"{""type"":""MultiPoint"",""coordinates"":[]}"
6_2_11,0.01697895672607422,30,3.0,1991,"{""type"":""MultiPoint"",""coordinates"":[]}"
6_2_12,694.6115485822112,33,3.0,1991,"{""type"":""MultiPoint"",""coordinates"":[]}"
6_3_0,57753.60759372238,3,4.0,1991,"{""type"":""MultiPoint"",""coordinates"":[]}"
6_3_1,9142.43717446299,6,4.0,1991,"{""type"":""MultiPoint"",""coordinates"":[]}"
6_3_2,623.7921862473734,11,4.0,1991,"{""type"":""MultiPoint"",""coordinates"":[]}"
6_3_3,1857.5454728486568,12,4.0,1991,"{""type"":""MultiPoint"",""coordinates"":[]}"
6_3_4,70.96857334667988,13,4.0,1991,"{""type"":""MultiPoint"",""coordinates"":[]}"
6_3_5,21.905147547180185,15,4.0,1991,"{""type"":""MultiPoint"",""coordinates"":[]}"
6_3_6,198.02987500091442,18,4.0,1991,"{""type"":""MultiPoint"",""coordinates"":[]}"
6_3_7,77.07206520507835,21,4.0,1991,"{""type"":""MultiPoint"",""coordinates"":[]}"
6_3_8,21.22669076708985,23,4.0,1991,"{""type"":""MultiPoint"",""coordinates"":[]}"
6_3_9,3.755279370178229,24,4.0,1991,"{""type"":""MultiPoint"",""coordinates"":[]}"
6_3_10,14.350813715759278,25,4.0,1991,"{""type"":""MultiPoint"",""coordinates"":[]}"
6_3_11,56.03234371441583,29,4.0,1991,"{""type"":""MultiPoint"",""coordinates"":[]}"
6_3_12,0.3305329043579101,30,4.0,1991,"{""type"":""MultiPoint"",""coordinates"":[]}"
6_3_13,613.866735529966,33,4.0,1991,"{""type"":""MultiPoint"",""coordinates"":[]}"
6_3_14,205.73730301604212,68,4.0,1991,"{""type"":""MultiPoint"",""coordinates"":[]}"
6_4_0,95037.51087927772,3,5.0,1991,"{""type"":""MultiPoint"",""coordinates"":[]}"
6_4_1,10585.59541948852,6,5.0,1991,"{""type"":""MultiPoint"",""coordinates"":[]}"
6_4_2,967.7845537752592,11,5.0,1991,"{""type"":""MultiPoint"",""coordinates"":[]}"
6_4_3,49.08086525421081,13,5.0,1991,"{""type"":""MultiPoint"",""coordinates"":[]}"
6_4_4,3.468334990966805,15,5.0,1991,"{""type"":""MultiPoint"",""coordinates"":[]}"
6_4_5,339.9057341183469,18,5.0,1991,"{""type"":""MultiPoint"",""coordinates"":[]}"
6_4_6,72.10772788128685,21,5.0,1991,"{""type"":""MultiPoint"",""coordinates"":[]}"
6_4_7,68.44913756396491,23,5.0,1991,"{""type"":""MultiPoint"",""coordinates"":[]}"
6_4_8,4.087623552917467,24,5.0,1991,"{""type"":""MultiPoint"",""coordinates"":[]}"
6_4_9,3.004828736572266,25,5.0,1991,"{""type"":""MultiPoint"",""coordinates"":[]}"
6_4_10,0.04993931408691406,30,5.0,1991,"{""type"":""MultiPoint"",""coordinates"":[]}"
6_4_11,1523.6736505914464,33,5.0,1991,"{""type"":""MultiPoint"",""coordinates"":[]}"
6_5_0,49465.3877473375,3,6.0,1991,"{""type"":""MultiPoint"",""coordinates"":[]}"
6_5_1,2275.2112053671,6,6.0,1991,"{""type"":""MultiPoint"",""coordinates"":[]}"
6_5_2,71.32202585675009,11,6.0,1991,"{""type"":""MultiPoint"",""coordinates"":[]}"
6_5_3,412.4910241976245,13,6.0,1991,"{""type"":""MultiPoint"",""coordinates"":[]}"
6_5_4,44.23516294152877,15,6.0,1991,"{""type"":""MultiPoint"",""coordinates"":[]}"
6_5_5,291.393319476685,18,6.0,1991,"{""type"":""MultiPoint"",""coordinates"":[]}"
6_5_6,121.68860563897721,21,6.0,1991,"{""type"":""MultiPoint"",""coordinates"":[]}"
6_5_7,1.4445460754394535,23,6.0,1991,"{""type"":""MultiPoint"",""coordinates"":[]}"
6_5_8,0.9813907114257817,24,6.0,1991,"{""type"":""MultiPoint"",""coordinates"":[]}"
6_5_9,2.653782237609864,25,6.0,1991,"{""type"":""MultiPoint"",""coordinates"":[]}"
6_5_10,1.876905541015628,29,6.0,1991,"{""type"":""MultiPoint"",""coordinates"":[]}"
6_5_11,0.21633022717285175,30,6.0,1991,"{""type"":""MultiPoint"",""coordinates"":[]}"
6_5_12,432.1315451590554,33,6.0,1991,"{""type"":""MultiPoint"",""coordinates"":[]}"
6_5_13,6.4772468854370135,68,6.0,1991,"{""type"":""MultiPoint"",""coordinates"":[]}"
6_6_0,19528.49188979838,3,7.0,1991,"{""type"":""MultiPoint"",""coordinates"":[]}"
6_6_1,1944.9488510094552,6,7.0,1991,"{""type"":""MultiPoint"",""coordinates"":[]}"
6_6_2,65.51850261469235,11,7.0,1991,"{""type"":""MultiPoint"",""coordinates"":[]}"
6_6_3,72.35274377014255,13,7.0,1991,"{""type"":""MultiPoint"",""coordinates"":[]}"
6_6_4,3057.377410271824,15,7.0,1991,"{""type"":""MultiPoint"",""coordinates"":[]}"
6_6_5,88.13816795306566,18,7.0,1991,"{""type"":""MultiPoint"",""coordinates"":[]}"
6_6_6,611.3925948950792,21,7.0,1991,"{""type"":""MultiPoint"",""coordinates"":[]}"
6_6_7,73.63950070825176,23,7.0,1991,"{""type"":""MultiPoint"",""coordinates"":[]}"
6_6_8,9.333005634887703,24,7.0,1991,"{""type"":""MultiPoint"",""coordinates"":[]}"
6_6_9,31.76769224572749,25,7.0,1991,"{""type"":""MultiPoint"",""coordinates"":[]}"
6_6_10,0.02413436730957031,27,7.0,1991,"{""type"":""MultiPoint"",""coordinates"":[]}"
6_6_11,0.13139070721435564,30,7.0,1991,"{""type"":""MultiPoint"",""coordinates"":[]}"
6_6_12,0.6346858618774411,31,7.0,1991,"{""type"":""MultiPoint"",""coordinates"":[]}"
6_6_13,336.85791946117985,33,7.0,1991,"{""type"":""MultiPoint"",""coordinates"":[]}"
6_6_14,1.0823595664062509,68,7.0,1991,"{""type"":""MultiPoint"",""coordinates"":[]}"
6_7_0,0.0017843005981445312,13,8.0,1991,"{""type"":""MultiPoint"",""coordinates"":[]}"
6_8_0,2458.7117312226806,3,9.0,1991,"{""type"":""MultiPoint"",""coordinates"":[]}"
6_8_1,22.461450199157813,11,9.0,1991,"{""type"":""MultiPoint"",""coordinates"":[]}"
6_8_2,168.63358262097918,13,9.0,1991,"{""type"":""MultiPoint"",""coordinates"":[]}"
6_8_3,39.959598844970294,15,9.0,1991,"{""type"":""MultiPoint"",""coordinates"":[]}"
6_8_4,24.257116850220022,18,9.0,1991,"{""type"":""MultiPoint"",""coordinates"":[]}"
6_8_5,128.1807241206066,21,9.0,1991,"{""type"":""MultiPoint"",""coordinates"":[]}"
6_8_6,2.8981720869750998,23,9.0,1991,"{""type"":""MultiPoint"",""coordinates"":[]}"
6_8_7,0.3083793939819335,24,9.0,1991,"{""type"":""MultiPoint"",""coordinates"":[]}"
6_8_8,2.8784056233520507,25,9.0,1991,"{""type"":""MultiPoint"",""coordinates"":[]}"
6_8_9,0.8581711245117202,27,9.0,1991,"{""type"":""MultiPoint"",""coordinates"":[]}"
6_8_10,48.489697200013666,33,9.0,1991,"{""type"":""MultiPoint"",""coordinates"":[]}"
6_8_11,0.7669780764770519,68,9.0,1991,"{""type"":""MultiPoint"",""coordinates"":[]}"
6_9_0,4310.53255660101,3,10.0,1991,"{""type"":""MultiPoint"",""coordinates"":[]}"
6_9_1,8.159770908325374,6,10.0,1991,"{""type"":""MultiPoint"",""coordinates"":[]}"
6_9_2,1.2030279052734358,11,10.0,1991,"{""type"":""MultiPoint"",""coordinates"":[]}"
6_9_3,112.2844141253042,13,10.0,1991,"{""type"":""MultiPoint"",""coordinates"":[]}"
6_9_4,240.07016349451712,15,10.0,1991,"{""type"":""MultiPoint"",""coordinates"":[]}"
6_9_5,0.25375339825439447,18,10.0,1991,"{""type"":""MultiPoint"",""coordinates"":[]}"
6_9_6,228.0167431530731,21,10.0,1991,"{""type"":""MultiPoint"",""coordinates"":[]}"
6_9_7,10.0082012770386,23,10.0,1991,"{""type"":""MultiPoint"",""coordinates"":[]}"
6_9_8,0.11795173046874993,24,10.0,1991,"{""type"":""MultiPoint"",""coordinates"":[]}"
6_9_9,3.7294161806640607,25,10.0,1991,"{""type"":""MultiPoint"",""coordinates"":[]}"
6_9_10,0.015195119567871096,30,10.0,1991,"{""type"":""MultiPoint"",""coordinates"":[]}"
6_9_11,20.09340093225096,33,10.0,1991,"{""type"":""MultiPoint"",""coordinates"":[]}"
6_9_12,1.1126289823608402,68,10.0,1991,"{""type"":""MultiPoint"",""coordinates"":[]}"
6_10_0,27189.17000809829,3,11.0,1991,"{""type"":""MultiPoint"",""coordinates"":[]}"
6_10_1,7558.503483771989,6,11.0,1991,"{""type"":""MultiPoint"",""coordinates"":[]}"
6_10_2,2007.5649839335197,11,11.0,1991,"{""type"":""MultiPoint"",""coordinates"":[]}"
6_10_3,4220.194987550325,12,11.0,1991,"{""type"":""MultiPoint"",""coordinates"":[]}"
6_10_4,192.96158395763808,13,11.0,1991,"{""type"":""MultiPoint"",""coordinates"":[]}"
6_10_5,269.19495668017487,15,11.0,1991,"{""type"":""MultiPoint"",""coordinates"":[]}"
6_10_6,91.77815918109083,18,11.0,1991,"{""type"":""MultiPoint"",""coordinates"":[]}"
6_10_7,277.8536944080809,21,11.0,1991,"{""type"":""MultiPoint"",""coordinates"":[]}"
6_10_8,46.44142659564213,23,11.0,1991,"{""type"":""MultiPoint"",""coordinates"":[]}"
6_10_9,0.17562438104248046,24,11.0,1991,"{""type"":""MultiPoint"",""coordinates"":[]}"
6_10_10,12.79288650115968,25,11.0,1991,"{""type"":""MultiPoint"",""coordinates"":[]}"
6_10_11,8.916176147460938E-4,27,11.0,1991,"{""type"":""MultiPoint"",""coordinates"":[]}"
6_10_12,15.249803210510233,29,11.0,1991,"{""type"":""MultiPoint"",""coordinates"":[]}"
6_10_13,630.6169035418097,33,11.0,1991,"{""type"":""MultiPoint"",""coordinates"":[]}"
6_10_14,127.94895393139645,68,11.0,1991,"{""type"":""MultiPoint"",""coordinates"":[]}"
6_11_0,47287.231699177595,3,12.0,1991,"{""type"":""MultiPoint"",""coordinates"":[]}"
6_11_1,4300.994231566663,6,12.0,1991,"{""type"":""MultiPoint"",""coordinates"":[]}"
6_11_2,98.18720814343236,11,12.0,1991,"{""type"":""MultiPoint"",""coordinates"":[]}"
6_11_3,514.447699586114,12,12.0,1991,"{""type"":""MultiPoint"",""coordinates"":[]}"
6_11_4,509.5238137449869,13,12.0,1991,"{""type"":""MultiPoint"",""coordinates"":[]}"
6_11_5,2152.623846247582,15,12.0,1991,"{""type"":""MultiPoint"",""coordinates"":[]}"
6_11_6,33.19632355126941,18,12.0,1991,"{""type"":""MultiPoint"",""coordinates"":[]}"
6_11_7,176.96124698779283,21,12.0,1991,"{""type"":""MultiPoint"",""coordinates"":[]}"
6_11_8,24.32107806384279,23,12.0,1991,"{""type"":""MultiPoint"",""coordinates"":[]}"
6_11_9,4.445356935363778,24,12.0,1991,"{""type"":""MultiPoint"",""coordinates"":[]}"
6_11_10,0.8968350372314454,25,12.0,1991,"{""type"":""MultiPoint"",""coordinates"":[]}"
6_11_11,0.06609221356201164,30,12.0,1991,"{""type"":""MultiPoint"",""coordinates"":[]}"
6_11_12,346.61267449566617,33,12.0,1991,"{""type"":""MultiPoint"",""coordinates"":[]}"
6_11_13,1.5977018739013713,68,12.0,1991,"{""type"":""MultiPoint"",""coordinates"":[]}"
6_12_0,26529.248053904827,3,13.0,1991,"{""type"":""MultiPoint"",""coordinates"":[]}"
6_12_1,3154.521729850343,6,13.0,1991,"{""type"":""MultiPoint"",""coordinates"":[]}"
6_12_2,506.90734995636166,11,13.0,1991,"{""type"":""MultiPoint"",""coordinates"":[]}"
6_12_3,6716.611956824273,12,13.0,1991,"{""type"":""MultiPoint"",""coordinates"":[]}"
6_12_4,988.6338503949028,13,13.0,1991,"{""type"":""MultiPoint"",""coordinates"":[]}"
6_12_5,6731.862632224501,15,13.0,1991,"{""type"":""MultiPoint"",""coordinates"":[]}"
6_12_6,147.21200974975778,18,13.0,1991,"{""type"":""MultiPoint"",""coordinates"":[]}"
6_12_7,1190.2137826470369,21,13.0,1991,"{""type"":""MultiPoint"",""coordinates"":[]}"
6_12_8,114.41410733288653,23,13.0,1991,"{""type"":""MultiPoint"",""coordinates"":[]}"
6_12_9,7.2267293093872285,24,13.0,1991,"{""type"":""MultiPoint"",""coordinates"":[]}"
6_12_10,54.39776711364747,25,13.0,1991,"{""type"":""MultiPoint"",""coordinates"":[]}"
6_12_11,288.04097498297136,33,13.0,1991,"{""type"":""MultiPoint"",""coordinates"":[]}"
6_12_12,1.9163052165527328,68,13.0,1991,"{""type"":""MultiPoint"",""coordinates"":[]}"
7_0_0,0.0017839960327148438,13,1.0,1992,"{""type"":""MultiPoint"",""coordinates"":[]}"
7_1_0,0.001783488037109375,13,2.0,1992,"{""type"":""MultiPoint"",""coordinates"":[]}"
7_2_0,69282.02907881326,3,3.0,1992,"{""type"":""MultiPoint"",""coordinates"":[]}"
7_2_1,5311.222248447719,6,3.0,1992,"{""type"":""MultiPoint"",""coordinates"":[]}"
7_2_2,96.8141898381351,11,3.0,1992,"{""type"":""MultiPoint"",""coordinates"":[]}"
7_2_3,1649.4371431448812,12,3.0,1992,"{""type"":""MultiPoint"",""coordinates"":[]}"
7_2_4,1725.9229163125083,13,3.0,1992,"{""type"":""MultiPoint"",""coordinates"":[]}"
7_2_5,11477.705367725395,15,3.0,1992,"{""type"":""MultiPoint"",""coordinates"":[]}"
7_2_6,27.909361473632746,18,3.0,1992,"{""type"":""MultiPoint"",""coordinates"":[]}"
7_2_7,2433.3640473952382,21,3.0,1992,"{""type"":""MultiPoint"",""coordinates"":[]}"
7_2_8,76.35402355444339,23,3.0,1992,"{""type"":""MultiPoint"",""coordinates"":[]}"
7_2_9,13.398422837036227,24,3.0,1992,"{""type"":""MultiPoint"",""coordinates"":[]}"
7_2_10,18.706801443908702,25,3.0,1992,"{""type"":""MultiPoint"",""coordinates"":[]}"
7_2_11,0.01697895672607422,30,3.0,1992,"{""type"":""MultiPoint"",""coordinates"":[]}"
7_2_12,721.8258432943693,33,3.0,1992,"{""type"":""MultiPoint"",""coordinates"":[]}"
7_2_13,0.5229723154296895,68,3.0,1992,"{""type"":""MultiPoint"",""coordinates"":[]}"
7_3_0,57784.75541644922,3,4.0,1992,"{""type"":""MultiPoint"",""coordinates"":[]}"
7_3_1,9098.210884016906,6,4.0,1992,"{""type"":""MultiPoint"",""coordinates"":[]}"
7_3_2,617.4954459327381,11,4.0,1992,"{""type"":""MultiPoint"",""coordinates"":[]}"
7_3_3,1871.7880180117509,12,4.0,1992,"{""type"":""MultiPoint"",""coordinates"":[]}"
7_3_4,75.89992791998326,13,4.0,1992,"{""type"":""MultiPoint"",""coordinates"":[]}"
7_3_5,23.541671659851104,15,4.0,1992,"{""type"":""MultiPoint"",""coordinates"":[]}"
7_3_6,229.8171275866076,18,4.0,1992,"{""type"":""MultiPoint"",""coordinates"":[]}"
7_3_7,52.97673115277101,21,4.0,1992,"{""type"":""MultiPoint"",""coordinates"":[]}"
7_3_8,34.21361226489252,23,4.0,1992,"{""type"":""MultiPoint"",""coordinates"":[]}"
7_3_9,3.8578971382446348,24,4.0,1992,"{""type"":""MultiPoint"",""coordinates"":[]}"
7_3_10,14.36719894689943,25,4.0,1992,"{""type"":""MultiPoint"",""coordinates"":[]}"
7_3_11,55.43158438824412,29,4.0,1992,"{""type"":""MultiPoint"",""coordinates"":[]}"
7_3_12,0.27068538983154306,30,4.0,1992,"{""type"":""MultiPoint"",""coordinates"":[]}"
7_3_13,611.4576202098351,33,4.0,1992,"{""type"":""MultiPoint"",""coordinates"":[]}"
7_3_14,186.5739663307915,68,4.0,1992,"{""type"":""MultiPoint"",""coordinates"":[]}"
7_4_0,94806.85537675596,3,5.0,1992,"{""type"":""MultiPoint"",""coordinates"":[]}"
7_4_1,10915.154425610872,6,5.0,1992,"{""type"":""MultiPoint"",""coordinates"":[]}"
7_4_2,875.3479029343808,11,5.0,1992,"{""type"":""MultiPoint"",""coordinates"":[]}"
7_4_3,48.35198022375439,13,5.0,1992,"{""type"":""MultiPoint"",""coordinates"":[]}"
7_4_4,3.2645318551025495,15,5.0,1992,"{""type"":""MultiPoint"",""coordinates"":[]}"
7_4_5,341.85100375354,18,5.0,1992,"{""type"":""MultiPoint"",""coordinates"":[]}"
7_4_6,71.94224720037886,21,5.0,1992,"{""type"":""MultiPoint"",""coordinates"":[]}"
7_4_7,94.77479779327403,23,5.0,1992,"{""type"":""MultiPoint"",""coordinates"":[]}"
7_4_8,4.1036561339111195,24,5.0,1992,"{""type"":""MultiPoint"",""coordinates"":[]}"
7_4_9,6.61730360070801,25,5.0,1992,"{""type"":""MultiPoint"",""coordinates"":[]}"
7_4_10,0.04815572668457031,30,5.0,1992,"{""type"":""MultiPoint"",""coordinates"":[]}"
7_4_11,1486.2170255654405,33,5.0,1992,"{""type"":""MultiPoint"",""coordinates"":[]}"
7_4_12,0.1902873914184569,68,5.0,1992,"{""type"":""MultiPoint"",""coordinates"":[]}"
7_5_0,49476.97558013871,3,6.0,1992,"{""type"":""MultiPoint"",""coordinates"":[]}"
7_5_1,2268.9536399302788,6,6.0,1992,"{""type"":""MultiPoint"",""coordinates"":[]}"
7_5_2,71.75643955310021,11,6.0,1992,"{""type"":""MultiPoint"",""coordinates"":[]}"
7_5_3,412.54770100255615,13,6.0,1992,"{""type"":""MultiPoint"",""coordinates"":[]}"
7_5_4,43.571040001892506,15,6.0,1992,"{""type"":""MultiPoint"",""coordinates"":[]}"
7_5_5,295.7377359068616,18,6.0,1992,"{""type"":""MultiPoint"",""coordinates"":[]}"
7_5_6,112.5563054465945,21,6.0,1992,"{""type"":""MultiPoint"",""coordinates"":[]}"
7_5_7,1.5598052632446286,23,6.0,1992,"{""type"":""MultiPoint"",""coordinates"":[]}"
7_5_8,0.994797106933594,24,6.0,1992,"{""type"":""MultiPoint"",""coordinates"":[]}"
7_5_9,4.03020508416748,25,6.0,1992,"{""type"":""MultiPoint"",""coordinates"":[]}"
7_5_10,1.7625040484008807,29,6.0,1992,"{""type"":""MultiPoint"",""coordinates"":[]}"
7_5_11,0.19487587139892595,30,6.0,1992,"{""type"":""MultiPoint"",""coordinates"":[]}"
7_5_12,429.180050783445,33,6.0,1992,"{""type"":""MultiPoint"",""coordinates"":[]}"
7_5_13,7.690157515563967,68,6.0,1992,"{""type"":""MultiPoint"",""coordinates"":[]}"
7_6_0,19567.256542914645,3,7.0,1992,"{""type"":""MultiPoint"",""coordinates"":[]}"
7_6_1,1963.7554308779559,6,7.0,1992,"{""type"":""MultiPoint"",""coordinates"":[]}"
7_6_2,66.778041406013,11,7.0,1992,"{""type"":""MultiPoint"",""coordinates"":[]}"
7_6_3,70.98515917144849,13,7.0,1992,"{""type"":""MultiPoint"",""coordinates"":[]}"
7_6_4,3005.3880804538258,15,7.0,1992,"{""type"":""MultiPoint"",""coordinates"":[]}"
7_6_5,86.66856540954575,18,7.0,1992,"{""type"":""MultiPoint"",""coordinates"":[]}"
7_6_6,608.4127315140279,21,7.0,1992,"{""type"":""MultiPoint"",""coordinates"":[]}"
7_6_7,65.6011683228758,23,7.0,1992,"{""type"":""MultiPoint"",""coordinates"":[]}"
7_6_8,9.360718637268075,24,7.0,1992,"{""type"":""MultiPoint"",""coordinates"":[]}"
7_6_9,32.36836633587641,25,7.0,1992,"{""type"":""MultiPoint"",""coordinates"":[]}"
7_6_10,0.02413436730957031,27,7.0,1992,"{""type"":""MultiPoint"",""coordinates"":[]}"
7_6_11,0.13139070721435564,30,7.0,1992,"{""type"":""MultiPoint"",""coordinates"":[]}"
7_6_12,0.6767009400634764,31,7.0,1992,"{""type"":""MultiPoint"",""coordinates"":[]}"
7_6_13,343.224697556333,33,7.0,1992,"{""type"":""MultiPoint"",""coordinates"":[]}"
7_6_14,1.0591202510375994,68,7.0,1992,"{""type"":""MultiPoint"",""coordinates"":[]}"
7_7_0,0.0017843005981445312,13,8.0,1992,"{""type"":""MultiPoint"",""coordinates"":[]}"
7_8_0,2474.0708467507693,3,9.0,1992,"{""type"":""MultiPoint"",""coordinates"":[]}"
7_8_1,22.475751490722768,11,9.0,1992,"{""type"":""MultiPoint"",""coordinates"":[]}"
7_8_2,168.14104540540276,13,9.0,1992,"{""type"":""MultiPoint"",""coordinates"":[]}"
7_8_3,39.483147253112314,15,9.0,1992,"{""type"":""MultiPoint"",""coordinates"":[]}"
7_8_4,23.77351328772002,18,9.0,1992,"{""type"":""MultiPoint"",""coordinates"":[]}"
7_8_5,117.7667348035273,21,9.0,1992,"{""type"":""MultiPoint"",""coordinates"":[]}"
7_8_6,2.696151805236819,23,9.0,1992,"{""type"":""MultiPoint"",""coordinates"":[]}"
7_8_7,0.3083793939819335,24,9.0,1992,"{""type"":""MultiPoint"",""coordinates"":[]}"
7_8_8,1.7726443084716785,25,9.0,1992,"{""type"":""MultiPoint"",""coordinates"":[]}"
7_8_9,0.8581711245117202,27,9.0,1992,"{""type"":""MultiPoint"",""coordinates"":[]}"
7_8_10,46.662511849366695,33,9.0,1992,"{""type"":""MultiPoint"",""coordinates"":[]}"
7_8_11,0.3951098911743166,68,9.0,1992,"{""type"":""MultiPoint"",""coordinates"":[]}"
7_9_0,4313.3453508215325,3,10.0,1992,"{""type"":""MultiPoint"",""coordinates"":[]}"
7_9_1,9.741848561950635,6,10.0,1992,"{""type"":""MultiPoint"",""coordinates"":[]}"
7_9_2,1.451513800292966,11,10.0,1992,"{""type"":""MultiPoint"",""coordinates"":[]}"
7_9_3,112.17269056054593,13,10.0,1992,"{""type"":""MultiPoint"",""coordinates"":[]}"
7_9_4,230.27444384893474,15,10.0,1992,"{""type"":""MultiPoint"",""coordinates"":[]}"
7_9_5,0.25375339825439447,18,10.0,1992,"{""type"":""MultiPoint"",""coordinates"":[]}"
7_9_6,231.75511858239668,21,10.0,1992,"{""type"":""MultiPoint"",""coordinates"":[]}"
7_9_7,9.979598522094749,23,10.0,1992,"{""type"":""MultiPoint"",""coordinates"":[]}"
7_9_8,0.11795173046874993,24,10.0,1992,"{""type"":""MultiPoint"",""coordinates"":[]}"
7_9_9,4.851112018005371,25,10.0,1992,"{""type"":""MultiPoint"",""coordinates"":[]}"
7_9_10,0.016088950256347656,30,10.0,1992,"{""type"":""MultiPoint"",""coordinates"":[]}"
7_9_11,20.525124030944802,33,10.0,1992,"{""type"":""MultiPoint"",""coordinates"":[]}"
7_9_12,1.1126289823608402,68,10.0,1992,"{""type"":""MultiPoint"",""coordinates"":[]}"
7_10_0,27192.66614955885,3,11.0,1992,"{""type"":""MultiPoint"",""coordinates"":[]}"
7_10_1,7575.285144515192,6,11.0,1992,"{""type"":""MultiPoint"",""coordinates"":[]}"
7_10_2,2119.690445225423,11,11.0,1992,"{""type"":""MultiPoint"",""coordinates"":[]}"
7_10_3,4068.051485998454,12,11.0,1992,"{""type"":""MultiPoint"",""coordinates"":[]}"
7_10_4,189.34426469738443,13,11.0,1992,"{""type"":""MultiPoint"",""coordinates"":[]}"
7_10_5,251.713558115173,15,11.0,1992,"{""type"":""MultiPoint"",""coordinates"":[]}"
7_10_6,119.64800943383763,18,11.0,1992,"{""type"":""MultiPoint"",""coordinates"":[]}"
7_10_7,241.98745436077888,21,11.0,1992,"{""type"":""MultiPoint"",""coordinates"":[]}"
7_10_8,67.52140996673587,23,11.0,1992,"{""type"":""MultiPoint"",""coordinates"":[]}"
7_10_9,0.17740700036621093,24,11.0,1992,"{""type"":""MultiPoint"",""coordinates"":[]}"
7_10_10,20.587576224792517,25,11.0,1992,"{""type"":""MultiPoint"",""coordinates"":[]}"
7_10_11,8.916176147460938E-4,27,11.0,1992,"{""type"":""MultiPoint"",""coordinates"":[]}"
7_10_12,10.619952477294959,29,11.0,1992,"{""type"":""MultiPoint"",""coordinates"":[]}"
7_10_13,587.9670577676385,33,11.0,1992,"{""type"":""MultiPoint"",""coordinates"":[]}"
7_10_14,195.18754040087438,68,11.0,1992,"{""type"":""MultiPoint"",""coordinates"":[]}"
7_11_0,47144.35031702012,3,12.0,1992,"{""type"":""MultiPoint"",""coordinates"":[]}"
7_11_1,4395.691824354387,6,12.0,1992,"{""type"":""MultiPoint"",""coordinates"":[]}"
7_11_2,105.13592907812463,11,12.0,1992,"{""type"":""MultiPoint"",""coordinates"":[]}"
7_11_3,508.720067760492,12,12.0,1992,"{""type"":""MultiPoint"",""coordinates"":[]}"
7_11_4,514.5451514836377,13,12.0,1992,"{""type"":""MultiPoint"",""coordinates"":[]}"
7_11_5,2173.8443030730546,15,12.0,1992,"{""type"":""MultiPoint"",""coordinates"":[]}"
7_11_6,35.21859176416009,18,12.0,1992,"{""type"":""MultiPoint"",""coordinates"":[]}"
7_11_7,201.35881847131378,21,12.0,1992,"{""type"":""MultiPoint"",""coordinates"":[]}"
7_11_8,27.317826173400906,23,12.0,1992,"{""type"":""MultiPoint"",""coordinates"":[]}"
7_11_9,4.478414394287118,24,12.0,1992,"{""type"":""MultiPoint"",""coordinates"":[]}"
7_11_10,1.0103286173095705,25,12.0,1992,"{""type"":""MultiPoint"",""coordinates"":[]}"
7_11_11,0.06609221356201164,30,12.0,1992,"{""type"":""MultiPoint"",""coordinates"":[]}"
7_11_12,338.3485867446892,33,12.0,1992,"{""type"":""MultiPoint"",""coordinates"":[]}"
7_11_13,1.0195564758911144,68,12.0,1992,"{""type"":""MultiPoint"",""coordinates"":[]}"
7_12_0,26286.849903579827,3,13.0,1992,"{""type"":""MultiPoint"",""coordinates"":[]}"
7_12_1,3296.0921410739534,6,13.0,1992,"{""type"":""MultiPoint"",""coordinates"":[]}"
7_12_2,549.7462421094996,11,13.0,1992,"{""type"":""MultiPoint"",""coordinates"":[]}"
7_12_3,6673.116872280998,12,13.0,1992,"{""type"":""MultiPoint"",""coordinates"":[]}"
7_12_4,987.6320265730666,13,13.0,1992,"{""type"":""MultiPoint"",""coordinates"":[]}"
7_12_5,6840.816010785131,15,13.0,1992,"{""type"":""MultiPoint"",""coordinates"":[]}"
7_12_6,147.63845122857848,18,13.0,1992,"{""type"":""MultiPoint"",""coordinates"":[]}"
7_12_7,1171.9137952942515,21,13.0,1992,"{""type"":""MultiPoint"",""coordinates"":[]}"
7_12_8,123.1856895760503,23,13.0,1992,"{""type"":""MultiPoint"",""coordinates"":[]}"
7_12_9,7.4810608604736535,24,13.0,1992,"{""type"":""MultiPoint"",""coordinates"":[]}"
7_12_10,60.77587427709959,25,13.0,1992,"{""type"":""MultiPoint"",""coordinates"":[]}"
7_12_11,283.9412028600466,33,13.0,1992,"{""type"":""MultiPoint"",""coordinates"":[]}"
7_12_12,0.12135808874511722,35,13.0,1992,"{""type"":""MultiPoint"",""coordinates"":[]}"
7_12_13,1.896620919616701,68,13.0,1992,"{""type"":""MultiPoint"",""coordinates"":[]}"
8_0_0,0.0017839960327148438,13,1.0,1993,"{""type"":""MultiPoint"",""coordinates"":[]}"
8_1_0,0.001783488037109375,13,2.0,1993,"{""type"":""MultiPoint"",""coordinates"":[]}"
8_2_0,69101.09182851933,3,3.0,1993,"{""type"":""MultiPoint"",""coordinates"":[]}"
8_2_1,5401.2479941494,6,3.0,1993,"{""type"":""MultiPoint"",""coordinates"":[]}"
8_2_2,96.38411538043212,11,3.0,1993,"{""type"":""MultiPoint"",""coordinates"":[]}"
8_2_3,1667.7878556466849,12,3.0,1993,"{""type"":""MultiPoint"",""coordinates"":[]}"
8_2_4,1711.51225625476,13,3.0,1993,"{""type"":""MultiPoint"",""coordinates"":[]}"
8_2_5,11482.985350446914,15,3.0,1993,"{""type"":""MultiPoint"",""coordinates"":[]}"
8_2_6,29.281520842346065,18,3.0,1993,"{""type"":""MultiPoint"",""coordinates"":[]}"
8_2_7,2516.20094026734,21,3.0,1993,"{""type"":""MultiPoint"",""coordinates"":[]}"
8_2_8,75.46803829589848,23,3.0,1993,"{""type"":""MultiPoint"",""coordinates"":[]}"
8_2_9,13.410932115112397,24,3.0,1993,"{""type"":""MultiPoint"",""coordinates"":[]}"
8_2_10,17.605968993469247,25,3.0,1993,"{""type"":""MultiPoint"",""coordinates"":[]}"
8_2_11,0.01697895672607422,30,3.0,1993,"{""type"":""MultiPoint"",""coordinates"":[]}"
8_2_12,721.7770091513651,33,3.0,1993,"{""type"":""MultiPoint"",""coordinates"":[]}"
8_2_13,0.45860653302002014,68,3.0,1993,"{""type"":""MultiPoint"",""coordinates"":[]}"
8_3_0,57696.11003964081,3,4.0,1993,"{""type"":""MultiPoint"",""coordinates"":[]}"
8_3_1,9151.609462874825,6,4.0,1993,"{""type"":""MultiPoint"",""coordinates"":[]}"
8_3_2,611.5870984993225,11,4.0,1993,"{""type"":""MultiPoint"",""coordinates"":[]}"
8_3_3,1871.9620694270318,12,4.0,1993,"{""type"":""MultiPoint"",""coordinates"":[]}"
8_3_4,75.72686370745899,13,4.0,1993,"{""type"":""MultiPoint"",""coordinates"":[]}"
8_3_5,25.287176558166507,15,4.0,1993,"{""type"":""MultiPoint"",""coordinates"":[]}"
8_3_6,230.26699176330558,18,4.0,1993,"{""type"":""MultiPoint"",""coordinates"":[]}"
8_3_7,62.1015799985352,21,4.0,1993,"{""type"":""MultiPoint"",""coordinates"":[]}"
8_3_8,22.445079299438472,23,4.0,1993,"{""type"":""MultiPoint"",""coordinates"":[]}"
8_3_9,3.9373086419677796,24,4.0,1993,"{""type"":""MultiPoint"",""coordinates"":[]}"
8_3_10,13.205615479187031,25,4.0,1993,"{""type"":""MultiPoint"",""coordinates"":[]}"
8_3_11,55.46379668115179,29,4.0,1993,"{""type"":""MultiPoint"",""coordinates"":[]}"
8_3_12,0.2099355435791016,30,4.0,1993,"{""type"":""MultiPoint"",""coordinates"":[]}"
8_3_13,621.9355262788058,33,4.0,1993,"{""type"":""MultiPoint"",""coordinates"":[]}"
8_3_14,218.8092430047473,68,4.0,1993,"{""type"":""MultiPoint"",""coordinates"":[]}"
8_4_0,94783.99853519417,3,5.0,1993,"{""type"":""MultiPoint"",""coordinates"":[]}"
8_4_1,10928.669722524868,6,5.0,1993,"{""type"":""MultiPoint"",""coordinates"":[]}"
8_4_2,885.1406551245102,11,5.0,1993,"{""type"":""MultiPoint"",""coordinates"":[]}"
8_4_3,47.380571889525825,13,5.0,1993,"{""type"":""MultiPoint"",""coordinates"":[]}"
8_4_4,3.95930258947754,15,5.0,1993,"{""type"":""MultiPoint"",""coordinates"":[]}"
8_4_5,342.9725235090945,18,5.0,1993,"{""type"":""MultiPoint"",""coordinates"":[]}"
8_4_6,69.60623567736812,21,5.0,1993,"{""type"":""MultiPoint"",""coordinates"":[]}"
8_4_7,24.973129847534203,23,5.0,1993,"{""type"":""MultiPoint"",""coordinates"":[]}"
8_4_8,4.193828816528305,24,5.0,1993,"{""type"":""MultiPoint"",""coordinates"":[]}"
8_4_9,2.203358839965822,25,5.0,1993,"{""type"":""MultiPoint"",""coordinates"":[]}"
8_4_10,0.0410215873413086,30,5.0,1993,"{""type"":""MultiPoint"",""coordinates"":[]}"
8_4_11,1560.9858045938875,33,5.0,1993,"{""type"":""MultiPoint"",""coordinates"":[]}"
8_4_12,0.5940043510131857,68,5.0,1993,"{""type"":""MultiPoint"",""coordinates"":[]}"
8_5_0,49492.23016834075,3,6.0,1993,"{""type"":""MultiPoint"",""coordinates"":[]}"
8_5_1,2252.588809220747,6,6.0,1993,"{""type"":""MultiPoint"",""coordinates"":[]}"
8_5_2,72.02550884020953,11,6.0,1993,"{""type"":""MultiPoint"",""coordinates"":[]}"
8_5_3,415.0098788028486,13,6.0,1993,"{""type"":""MultiPoint"",""coordinates"":[]}"
8_5_4,43.703280278808954,15,6.0,1993,"{""type"":""MultiPoint"",""coordinates"":[]}"
8_5_5,296.4188026975717,18,6.0,1993,"{""type"":""MultiPoint"",""coordinates"":[]}"
8_5_6,114.07129565039075,21,6.0,1993,"{""type"":""MultiPoint"",""coordinates"":[]}"
8_5_7,1.100297349975587,23,6.0,1993,"{""type"":""MultiPoint"",""coordinates"":[]}"
8_5_8,1.00641543145752,24,6.0,1993,"{""type"":""MultiPoint"",""coordinates"":[]}"
8_5_9,5.867665673217775,25,6.0,1993,"{""type"":""MultiPoint"",""coordinates"":[]}"
8_5_10,1.8491990323486354,29,6.0,1993,"{""type"":""MultiPoint"",""coordinates"":[]}"
8_5_11,0.1814669050292969,30,6.0,1993,"{""type"":""MultiPoint"",""coordinates"":[]}"
8_5_12,426.46000219201414,33,6.0,1993,"{""type"":""MultiPoint"",""coordinates"":[]}"
8_5_13,4.998047237915038,68,6.0,1993,"{""type"":""MultiPoint"",""coordinates"":[]}"
8_6_0,19360.506469551477,3,7.0,1993,"{""type"":""MultiPoint"",""coordinates"":[]}"
8_6_1,1925.916688127957,6,7.0,1993,"{""type"":""MultiPoint"",""coordinates"":[]}"
8_6_2,70.11069580420603,11,7.0,1993,"{""type"":""MultiPoint"",""coordinates"":[]}"
8_6_3,69.5083045404063,13,7.0,1993,"{""type"":""MultiPoint"",""coordinates"":[]}"
8_6_4,3123.643999911264,15,7.0,1993,"{""type"":""MultiPoint"",""coordinates"":[]}"
8_6_5,81.65693653912203,18,7.0,1993,"{""type"":""MultiPoint"",""coordinates"":[]}"
8_6_6,735.63718932623,21,7.0,1993,"{""type"":""MultiPoint"",""coordinates"":[]}"
8_6_7,56.64155753558349,23,7.0,1993,"{""type"":""MultiPoint"",""coordinates"":[]}"
8_6_8,9.498384696777348,24,7.0,1993,"{""type"":""MultiPoint"",""coordinates"":[]}"
8_6_9,34.59434665081779,25,7.0,1993,"{""type"":""MultiPoint"",""coordinates"":[]}"
8_6_10,0.02413436730957031,27,7.0,1993,"{""type"":""MultiPoint"",""coordinates"":[]}"
8_6_11,0.1287092612304689,30,7.0,1993,"{""type"":""MultiPoint"",""coordinates"":[]}"
8_6_12,0.7535811453247078,31,7.0,1993,"{""type"":""MultiPoint"",""coordinates"":[]}"
8_6_13,352.14926486132407,33,7.0,1993,"{""type"":""MultiPoint"",""coordinates"":[]}"
8_6_14,0.9205865469360365,68,7.0,1993,"{""type"":""MultiPoint"",""coordinates"":[]}"
8_7_0,0.0017843005981445312,13,8.0,1993,"{""type"":""MultiPoint"",""coordinates"":[]}"
8_8_0,2466.62842577867,3,9.0,1993,"{""type"":""MultiPoint"",""coordinates"":[]}"
8_8_1,22.502570192993744,11,9.0,1993,"{""type"":""MultiPoint"",""coordinates"":[]}"
8_8_2,168.62013565033655,13,9.0,1993,"{""type"":""MultiPoint"",""coordinates"":[]}"
8_8_3,46.98433430438194,15,9.0,1993,"{""type"":""MultiPoint"",""coordinates"":[]}"
8_8_4,15.787335515136867,18,9.0,1993,"{""type"":""MultiPoint"",""coordinates"":[]}"
8_8_5,125.2686730916742,21,9.0,1993,"{""type"":""MultiPoint"",""coordinates"":[]}"
8_8_6,1.981881497558596,23,9.0,1993,"{""type"":""MultiPoint"",""coordinates"":[]}"
8_8_7,0.3101672245483397,24,9.0,1993,"{""type"":""MultiPoint"",""coordinates"":[]}"
8_8_8,1.4606734295654291,25,9.0,1993,"{""type"":""MultiPoint"",""coordinates"":[]}"
8_8_9,0.8581711245117202,27,9.0,1993,"{""type"":""MultiPoint"",""coordinates"":[]}"
8_8_10,47.62798294073636,33,9.0,1993,"{""type"":""MultiPoint"",""coordinates"":[]}"
8_8_11,0.3736566138305666,68,9.0,1993,"{""type"":""MultiPoint"",""coordinates"":[]}"
8_9_0,4303.275358033544,3,10.0,1993,"{""type"":""MultiPoint"",""coordinates"":[]}"
8_9_1,9.751680688842733,6,10.0,1993,"{""type"":""MultiPoint"",""coordinates"":[]}"
8_9_2,1.4479396585693332,11,10.0,1993,"{""type"":""MultiPoint"",""coordinates"":[]}"
8_9_3,114.76300260589565,13,10.0,1993,"{""type"":""MultiPoint"",""coordinates"":[]}"
8_9_4,225.7908197845442,15,10.0,1993,"{""type"":""MultiPoint"",""coordinates"":[]}"
8_9_5,0.1635100770874024,18,10.0,1993,"{""type"":""MultiPoint"",""coordinates"":[]}"
8_9_6,244.63798665905108,21,10.0,1993,"{""type"":""MultiPoint"",""coordinates"":[]}"
8_9_7,10.58016381079103,23,10.0,1993,"{""type"":""MultiPoint"",""coordinates"":[]}"
8_9_8,0.13046338525390616,24,10.0,1993,"{""type"":""MultiPoint"",""coordinates"":[]}"
8_9_9,3.9574472215576146,25,10.0,1993,"{""type"":""MultiPoint"",""coordinates"":[]}"
8_9_10,0.016088950256347656,30,10.0,1993,"{""type"":""MultiPoint"",""coordinates"":[]}"
8_9_11,20.013030351989727,33,10.0,1993,"{""type"":""MultiPoint"",""coordinates"":[]}"
8_9_12,1.0697325806884757,68,10.0,1993,"{""type"":""MultiPoint"",""coordinates"":[]}"
8_10_0,27222.937154034866,3,11.0,1993,"{""type"":""MultiPoint"",""coordinates"":[]}"
8_10_1,7560.718930136042,6,11.0,1993,"{""type"":""MultiPoint"",""coordinates"":[]}"
8_10_2,2141.3429596236488,11,11.0,1993,"{""type"":""MultiPoint"",""coordinates"":[]}"
8_10_3,4016.342947928189,12,11.0,1993,"{""type"":""MultiPoint"",""coordinates"":[]}"
8_10_4,187.14324177080837,13,11.0,1993,"{""type"":""MultiPoint"",""coordinates"":[]}"
8_10_5,264.93304599572747,15,11.0,1993,"{""type"":""MultiPoint"",""coordinates"":[]}"
8_10_6,111.10117600164833,18,11.0,1993,"{""type"":""MultiPoint"",""coordinates"":[]}"
8_10_7,247.25845285412547,21,11.0,1993,"{""type"":""MultiPoint"",""coordinates"":[]}"
8_10_8,51.93511466687021,23,11.0,1993,"{""type"":""MultiPoint"",""coordinates"":[]}"
8_10_9,0.17740700036621093,24,11.0,1993,"{""type"":""MultiPoint"",""coordinates"":[]}"
8_10_10,15.13923573352057,25,11.0,1993,"{""type"":""MultiPoint"",""coordinates"":[]}"
8_10_11,8.916176147460938E-4,27,11.0,1993,"{""type"":""MultiPoint"",""coordinates"":[]}"
8_10_12,16.704480648010218,29,11.0,1993,"{""type"":""MultiPoint"",""coordinates"":[]}"
8_10_13,609.2060100007333,33,11.0,1993,"{""type"":""MultiPoint"",""coordinates"":[]}"
8_10_14,195.5072993478348,68,11.0,1993,"{""type"":""MultiPoint"",""coordinates"":[]}"
8_11_0,46957.6847967445,3,12.0,1993,"{""type"":""MultiPoint"",""coordinates"":[]}"
8_11_1,4425.322935345168,6,12.0,1993,"{""type"":""MultiPoint"",""coordinates"":[]}"
8_11_2,87.19195628338524,11,12.0,1993,"{""type"":""MultiPoint"",""coordinates"":[]}"
8_11_3,526.4769328689556,12,12.0,1993,"{""type"":""MultiPoint"",""coordinates"":[]}"
8_11_4,519.288758972783,13,12.0,1993,"{""type"":""MultiPoint"",""coordinates"":[]}"
8_11_5,2289.0937286105327,15,12.0,1993,"{""type"":""MultiPoint"",""coordinates"":[]}"
8_11_6,35.77385186767575,18,12.0,1993,"{""type"":""MultiPoint"",""coordinates"":[]}"
8_11_7,236.32553599621542,21,12.0,1993,"{""type"":""MultiPoint"",""coordinates"":[]}"
8_11_8,26.924767540283195,23,12.0,1993,"{""type"":""MultiPoint"",""coordinates"":[]}"
8_11_9,4.500746633605967,24,12.0,1993,"{""type"":""MultiPoint"",""coordinates"":[]}"
8_11_10,5.618955813842775,25,12.0,1993,"{""type"":""MultiPoint"",""coordinates"":[]}"
8_11_11,0.04465691345214839,30,12.0,1993,"{""type"":""MultiPoint"",""coordinates"":[]}"
8_11_12,335.8850796618033,33,12.0,1993,"{""type"":""MultiPoint"",""coordinates"":[]}"
8_11_13,0.9731043724975598,68,12.0,1993,"{""type"":""MultiPoint"",""coordinates"":[]}"
8_12_0,26054.91670157903,3,13.0,1993,"{""type"":""MultiPoint"",""coordinates"":[]}"
8_12_1,3258.330516702266,6,13.0,1993,"{""type"":""MultiPoint"",""coordinates"":[]}"
8_12_2,524.6172225664723,11,13.0,1993,"{""type"":""MultiPoint"",""coordinates"":[]}"
8_12_3,6619.077065955471,12,13.0,1993,"{""type"":""MultiPoint"",""coordinates"":[]}"
8_12_4,994.9478315277179,13,13.0,1993,"{""type"":""MultiPoint"",""coordinates"":[]}"
8_12_5,6984.956881280083,15,13.0,1993,"{""type"":""MultiPoint"",""coordinates"":[]}"
8_12_6,182.1260755778796,18,13.0,1993,"{""type"":""MultiPoint"",""coordinates"":[]}"
8_12_7,1369.0704908532682,21,13.0,1993,"{""type"":""MultiPoint"",""coordinates"":[]}"
8_12_8,94.11864604504427,23,13.0,1993,"{""type"":""MultiPoint"",""coordinates"":[]}"
8_12_9,7.489095106079122,24,13.0,1993,"{""type"":""MultiPoint"",""coordinates"":[]}"
8_12_10,51.04101496496578,25,13.0,1993,"{""type"":""MultiPoint"",""coordinates"":[]}"
8_12_11,288.51112339788847,33,13.0,1993,"{""type"":""MultiPoint"",""coordinates"":[]}"
8_12_12,0.03480206555175781,35,13.0,1993,"{""type"":""MultiPoint"",""coordinates"":[]}"
8_12_13,1.9697818858032237,68,13.0,1993,"{""type"":""MultiPoint"",""coordinates"":[]}"
9_0_0,0.0017839960327148438,13,1.0,1994,"{""type"":""MultiPoint"",""coordinates"":[]}"
9_1_0,0.001783488037109375,13,2.0,1994,"{""type"":""MultiPoint"",""coordinates"":[]}"
9_2_0,68045.53329802574,3,3.0,1994,"{""type"":""MultiPoint"",""coordinates"":[]}"
9_2_1,5429.469299536947,6,3.0,1994,"{""type"":""MultiPoint"",""coordinates"":[]}"
9_2_2,91.84921147656274,11,3.0,1994,"{""type"":""MultiPoint"",""coordinates"":[]}"
9_2_3,1646.525543078864,12,3.0,1994,"{""type"":""MultiPoint"",""coordinates"":[]}"
9_2_4,1672.0526642407708,13,3.0,1994,"{""type"":""MultiPoint"",""coordinates"":[]}"
9_2_5,12479.126909405331,15,3.0,1994,"{""type"":""MultiPoint"",""coordinates"":[]}"
9_2_6,29.103755346069274,18,3.0,1994,"{""type"":""MultiPoint"",""coordinates"":[]}"
9_2_7,2604.608105324371,21,3.0,1994,"{""type"":""MultiPoint"",""coordinates"":[]}"
9_2_8,96.70451996197525,23,3.0,1994,"{""type"":""MultiPoint"",""coordinates"":[]}"
9_2_9,13.417189222656345,24,3.0,1994,"{""type"":""MultiPoint"",""coordinates"":[]}"
9_2_10,19.566935770507804,25,3.0,1994,"{""type"":""MultiPoint"",""coordinates"":[]}"
9_2_11,0.022340731262207026,30,3.0,1994,"{""type"":""MultiPoint"",""coordinates"":[]}"
9_2_12,706.9117028247042,33,3.0,1994,"{""type"":""MultiPoint"",""coordinates"":[]}"
9_2_13,0.33792060736084045,68,3.0,1994,"{""type"":""MultiPoint"",""coordinates"":[]}"
9_3_0,57707.808308002765,3,4.0,1994,"{""type"":""MultiPoint"",""coordinates"":[]}"
9_3_1,9130.490572628256,6,4.0,1994,"{""type"":""MultiPoint"",""coordinates"":[]}"
9_3_2,634.5548060952714,11,4.0,1994,"{""type"":""MultiPoint"",""coordinates"":[]}"
9_3_3,1896.6417176383038,12,4.0,1994,"{""type"":""MultiPoint"",""coordinates"":[]}"
9_3_4,72.57196605767865,13,4.0,1994,"{""type"":""MultiPoint"",""coordinates"":[]}"
9_3_5,25.603907153137268,15,4.0,1994,"{""type"":""MultiPoint"",""coordinates"":[]}"
9_3_6,241.90434058471607,18,4.0,1994,"{""type"":""MultiPoint"",""coordinates"":[]}"
9_3_7,57.551790468750006,21,4.0,1994,"{""type"":""MultiPoint"",""coordinates"":[]}"
9_3_8,12.048363787292493,23,4.0,1994,"{""type"":""MultiPoint"",""coordinates"":[]}"
9_3_9,4.044410573608405,24,4.0,1994,"{""type"":""MultiPoint"",""coordinates"":[]}"
9_3_10,13.979933911865228,25,4.0,1994,"{""type"":""MultiPoint"",""coordinates"":[]}"
9_3_11,54.449360038695694,29,4.0,1994,"{""type"":""MultiPoint"",""coordinates"":[]}"
9_3_12,0.18403008770751955,30,4.0,1994,"{""type"":""MultiPoint"",""coordinates"":[]}"
9_3_13,630.49256227844,33,4.0,1994,"{""type"":""MultiPoint"",""coordinates"":[]}"
9_3_14,178.33171809250942,68,4.0,1994,"{""type"":""MultiPoint"",""coordinates"":[]}"
9_4_0,94860.93506836498,3,5.0,1994,"{""type"":""MultiPoint"",""coordinates"":[]}"
9_4_1,10838.233555103443,6,5.0,1994,"{""type"":""MultiPoint"",""coordinates"":[]}"
9_4_2,899.2240740097657,11,5.0,1994,"{""type"":""MultiPoint"",""coordinates"":[]}"
9_4_3,46.78044035888623,13,5.0,1994,"{""type"":""MultiPoint"",""coordinates"":[]}"
9_4_4,3.1402445554809586,15,5.0,1994,"{""type"":""MultiPoint"",""coordinates"":[]}"
9_4_5,347.15869528918563,18,5.0,1994,"{""type"":""MultiPoint"",""coordinates"":[]}"
9_4_6,68.17730887322995,21,5.0,1994,"{""type"":""MultiPoint"",""coordinates"":[]}"
9_4_7,9.288654838562024,23,5.0,1994,"{""type"":""MultiPoint"",""coordinates"":[]}"
9_4_8,4.225900067260728,24,5.0,1994,"{""type"":""MultiPoint"",""coordinates"":[]}"
9_4_9,1.29833414416504,25,5.0,1994,"{""type"":""MultiPoint"",""coordinates"":[]}"
9_4_10,0.048155934814453114,30,5.0,1994,"{""type"":""MultiPoint"",""coordinates"":[]}"
9_4_11,1576.2082630058142,33,5.0,1994,"{""type"":""MultiPoint"",""coordinates"":[]}"
9_5_0,49476.82591251805,3,6.0,1994,"{""type"":""MultiPoint"",""coordinates"":[]}"
9_5_1,2278.7991938279947,6,6.0,1994,"{""type"":""MultiPoint"",""coordinates"":[]}"
9_5_2,72.2392336193844,11,6.0,1994,"{""type"":""MultiPoint"",""coordinates"":[]}"
9_5_3,414.6951681892065,13,6.0,1994,"{""type"":""MultiPoint"",""coordinates"":[]}"
9_5_4,44.08229813293473,15,6.0,1994,"{""type"":""MultiPoint"",""coordinates"":[]}"
9_5_5,304.6613644062505,18,6.0,1994,"{""type"":""MultiPoint"",""coordinates"":[]}"
9_5_6,106.09412837023962,21,6.0,1994,"{""type"":""MultiPoint"",""coordinates"":[]}"
9_5_7,0.5407775671997069,23,6.0,1994,"{""type"":""MultiPoint"",""coordinates"":[]}"
9_5_8,1.037697971008301,24,6.0,1994,"{""type"":""MultiPoint"",""coordinates"":[]}"
9_5_9,2.94603359942627,25,6.0,1994,"{""type"":""MultiPoint"",""coordinates"":[]}"
9_5_10,1.5515830802612314,29,6.0,1994,"{""type"":""MultiPoint"",""coordinates"":[]}"
9_5_11,0.18235958514404293,30,6.0,1994,"{""type"":""MultiPoint"",""coordinates"":[]}"
9_5_12,418.7792427355938,33,6.0,1994,"{""type"":""MultiPoint"",""coordinates"":[]}"
9_5_13,5.075844051147458,68,6.0,1994,"{""type"":""MultiPoint"",""coordinates"":[]}"
9_6_0,19171.432134323495,3,7.0,1994,"{""type"":""MultiPoint"",""coordinates"":[]}"
9_6_1,1930.303939543606,6,7.0,1994,"{""type"":""MultiPoint"",""coordinates"":[]}"
9_6_2,73.69001688239207,11,7.0,1994,"{""type"":""MultiPoint"",""coordinates"":[]}"
9_6_3,68.69036216851903,13,7.0,1994,"{""type"":""MultiPoint"",""coordinates"":[]}"
9_6_4,3279.3800990494206,15,7.0,1994,"{""type"":""MultiPoint"",""coordinates"":[]}"
9_6_5,64.33252524688714,18,7.0,1994,"{""type"":""MultiPoint"",""coordinates"":[]}"
9_6_6,791.7537921990258,21,7.0,1994,"{""type"":""MultiPoint"",""coordinates"":[]}"
9_6_7,57.57913981494136,23,7.0,1994,"{""type"":""MultiPoint"",""coordinates"":[]}"
9_6_8,9.543079918029791,24,7.0,1994,"{""type"":""MultiPoint"",""coordinates"":[]}"
9_6_9,35.53224423248288,25,7.0,1994,"{""type"":""MultiPoint"",""coordinates"":[]}"
9_6_10,0.02413436730957031,27,7.0,1994,"{""type"":""MultiPoint"",""coordinates"":[]}"
9_6_11,0.1287092612304689,30,7.0,1994,"{""type"":""MultiPoint"",""coordinates"":[]}"
9_6_12,0.7616272559204104,31,7.0,1994,"{""type"":""MultiPoint"",""coordinates"":[]}"
9_6_13,337.6551004572115,33,7.0,1994,"{""type"":""MultiPoint"",""coordinates"":[]}"
9_6_14,0.8839441450805667,68,7.0,1994,"{""type"":""MultiPoint"",""coordinates"":[]}"
9_7_0,0.0017843005981445312,13,8.0,1994,"{""type"":""MultiPoint"",""coordinates"":[]}"
9_8_0,2468.0144392303237,3,9.0,1994,"{""type"":""MultiPoint"",""coordinates"":[]}"
9_8_1,22.9074851651614,11,9.0,1994,"{""type"":""MultiPoint"",""coordinates"":[]}"
9_8_2,167.57615080145968,13,9.0,1994,"{""type"":""MultiPoint"",""coordinates"":[]}"
9_8_3,49.20847970111048,15,9.0,1994,"{""type"":""MultiPoint"",""coordinates"":[]}"
9_8_4,17.16293432464619,18,9.0,1994,"{""type"":""MultiPoint"",""coordinates"":[]}"
9_8_5,120.68780037866159,21,9.0,1994,"{""type"":""MultiPoint"",""coordinates"":[]}"
9_8_6,1.977411728210452,23,9.0,1994,"{""type"":""MultiPoint"",""coordinates"":[]}"
9_8_7,0.31016722454833967,24,9.0,1994,"{""type"":""MultiPoint"",""coordinates"":[]}"
9_8_8,1.4070421599121095,25,9.0,1994,"{""type"":""MultiPoint"",""coordinates"":[]}"
9_8_9,0.8581711245117202,27,9.0,1994,"{""type"":""MultiPoint"",""coordinates"":[]}"
9_8_10,47.89971003619533,33,9.0,1994,"{""type"":""MultiPoint"",""coordinates"":[]}"
9_8_11,0.3942154891967775,68,9.0,1994,"{""type"":""MultiPoint"",""coordinates"":[]}"
9_9_0,4264.313299552351,3,10.0,1994,"{""type"":""MultiPoint"",""coordinates"":[]}"
9_9_1,9.37627182952881,6,10.0,1994,"{""type"":""MultiPoint"",""coordinates"":[]}"
9_9_2,1.6883811787719691,11,10.0,1994,"{""type"":""MultiPoint"",""coordinates"":[]}"
9_9_3,115.13205751507519,13,10.0,1994,"{""type"":""MultiPoint"",""coordinates"":[]}"
9_9_4,263.0448678796399,15,10.0,1994,"{""type"":""MultiPoint"",""coordinates"":[]}"
9_9_5,0.142066367553711,18,10.0,1994,"{""type"":""MultiPoint"",""coordinates"":[]}"
9_9_6,250.99928402312665,21,10.0,1994,"{""type"":""MultiPoint"",""coordinates"":[]}"
9_9_7,9.07678846179195,23,10.0,1994,"{""type"":""MultiPoint"",""coordinates"":[]}"
9_9_8,0.13046338525390616,24,10.0,1994,"{""type"":""MultiPoint"",""coordinates"":[]}"
9_9_9,2.910840251892089,25,10.0,1994,"{""type"":""MultiPoint"",""coordinates"":[]}"
9_9_10,0.02502725799560547,30,10.0,1994,"{""type"":""MultiPoint"",""coordinates"":[]}"
9_9_11,17.81147314001469,33,10.0,1994,"{""type"":""MultiPoint"",""coordinates"":[]}"
9_9_12,0.9464029650268551,68,10.0,1994,"{""type"":""MultiPoint"",""coordinates"":[]}"
9_10_0,27215.753773753582,3,11.0,1994,"{""type"":""MultiPoint"",""coordinates"":[]}"
9_10_1,7561.89610705279,6,11.0,1994,"{""type"":""MultiPoint"",""coordinates"":[]}"
9_10_2,2140.8533758110984,11,11.0,1994,"{""type"":""MultiPoint"",""coordinates"":[]}"
9_10_3,4037.9626395753053,12,11.0,1994,"{""type"":""MultiPoint"",""coordinates"":[]}"
9_10_4,181.72266928820483,13,11.0,1994,"{""type"":""MultiPoint"",""coordinates"":[]}"
9_10_5,270.8131340155036,15,11.0,1994,"{""type"":""MultiPoint"",""coordinates"":[]}"
9_10_6,125.44648230389404,18,11.0,1994,"{""type"":""MultiPoint"",""coordinates"":[]}"
9_10_7,247.72682382720907,21,11.0,1994,"{""type"":""MultiPoint"",""coordinates"":[]}"
9_10_8,45.79511146978774,23,11.0,1994,"{""type"":""MultiPoint"",""coordinates"":[]}"
9_10_9,0.17918962316894532,24,11.0,1994,"{""type"":""MultiPoint"",""coordinates"":[]}"
9_10_10,11.569675597473148,25,11.0,1994,"{""type"":""MultiPoint"",""coordinates"":[]}"
9_10_11,8.916176147460938E-4,27,11.0,1994,"{""type"":""MultiPoint"",""coordinates"":[]}"
9_10_12,20.28710198809822,29,11.0,1994,"{""type"":""MultiPoint"",""coordinates"":[]}"
9_10_13,629.9467887695945,33,11.0,1994,"{""type"":""MultiPoint"",""coordinates"":[]}"
9_10_14,150.49458266686864,68,11.0,1994,"{""type"":""MultiPoint"",""coordinates"":[]}"
9_11_0,46803.252662770145,3,12.0,1994,"{""type"":""MultiPoint"",""coordinates"":[]}"
9_11_1,4478.361442404877,6,12.0,1994,"{""type"":""MultiPoint"",""coordinates"":[]}"
9_11_2,85.70136247766129,11,12.0,1994,"{""type"":""MultiPoint"",""coordinates"":[]}"
9_11_3,531.9092882653832,12,12.0,1994,"{""type"":""MultiPoint"",""coordinates"":[]}"
9_11_4,512.7479058772557,13,12.0,1994,"{""type"":""MultiPoint"",""coordinates"":[]}"
9_11_5,2382.6063391788057,15,12.0,1994,"{""type"":""MultiPoint"",""coordinates"":[]}"
9_11_6,36.02482386083983,18,12.0,1994,"{""type"":""MultiPoint"",""coordinates"":[]}"
9_11_7,244.101256206543,21,12.0,1994,"{""type"":""MultiPoint"",""coordinates"":[]}"
9_11_8,24.414591793090853,23,12.0,1994,"{""type"":""MultiPoint"",""coordinates"":[]}"
9_11_9,4.570423152221689,24,12.0,1994,"{""type"":""MultiPoint"",""coordinates"":[]}"
9_11_10,3.900890153015138,25,12.0,1994,"{""type"":""MultiPoint"",""coordinates"":[]}"
9_11_11,0.04465691345214839,30,12.0,1994,"{""type"":""MultiPoint"",""coordinates"":[]}"
9_11_12,342.1244504569085,33,12.0,1994,"{""type"":""MultiPoint"",""coordinates"":[]}"
9_11_13,1.345714114135744,68,12.0,1994,"{""type"":""MultiPoint"",""coordinates"":[]}"
9_12_0,25819.067279880695,3,13.0,1994,"{""type"":""MultiPoint"",""coordinates"":[]}"
9_12_1,3218.6544852538113,6,13.0,1994,"{""type"":""MultiPoint"",""coordinates"":[]}"
9_12_2,514.3027525261226,11,13.0,1994,"{""type"":""MultiPoint"",""coordinates"":[]}"
9_12_3,6568.776498498155,12,13.0,1994,"{""type"":""MultiPoint"",""coordinates"":[]}"
9_12_4,993.8052505381442,13,13.0,1994,"{""type"":""MultiPoint"",""coordinates"":[]}"
9_12_5,7223.520236997716,15,13.0,1994,"{""type"":""MultiPoint"",""coordinates"":[]}"
9_12_6,165.82579883874413,18,13.0,1994,"{""type"":""MultiPoint"",""coordinates"":[]}"
9_12_7,1467.611591402404,21,13.0,1994,"{""type"":""MultiPoint"",""coordinates"":[]}"
9_12_8,111.05332791668728,23,13.0,1994,"{""type"":""MultiPoint"",""coordinates"":[]}"
9_12_9,7.4908818031006055,24,13.0,1994,"{""type"":""MultiPoint"",""coordinates"":[]}"
9_12_10,67.66196516534407,25,13.0,1994,"{""type"":""MultiPoint"",""coordinates"":[]}"
9_12_11,271.2274212581184,33,13.0,1994,"{""type"":""MultiPoint"",""coordinates"":[]}"
9_12_12,0.03480206555175781,35,13.0,1994,"{""type"":""MultiPoint"",""coordinates"":[]}"
9_12_13,2.174957363220216,68,13.0,1994,"{""type"":""MultiPoint"",""coordinates"":[]}"
10_0_0,0.0017839960327148438,13,1.0,1995,"{""type"":""MultiPoint"",""coordinates"":[]}"
10_1_0,0.001783488037109375,13,2.0,1995,"{""type"":""MultiPoint"",""coordinates"":[]}"
10_2_0,68091.96395357617,3,3.0,1995,"{""type"":""MultiPoint"",""coordinates"":[]}"
10_2_1,5296.436056740952,6,3.0,1995,"{""type"":""MultiPoint"",""coordinates"":[]}"
10_2_2,89.77483352703871,11,3.0,1995,"{""type"":""MultiPoint"",""coordinates"":[]}"
10_2_3,1688.2711508693633,12,3.0,1995,"{""type"":""MultiPoint"",""coordinates"":[]}"
10_2_4,1647.00615574473,13,3.0,1995,"{""type"":""MultiPoint"",""coordinates"":[]}"
10_2_5,13019.326665567667,15,3.0,1995,"{""type"":""MultiPoint"",""coordinates"":[]}"
10_2_6,28.873135618224975,18,3.0,1995,"{""type"":""MultiPoint"",""coordinates"":[]}"
10_2_7,2136.924945802616,21,3.0,1995,"{""type"":""MultiPoint"",""coordinates"":[]}"
10_2_8,96.51587569189462,23,3.0,1995,"{""type"":""MultiPoint"",""coordinates"":[]}"
10_2_9,13.420762596984957,24,3.0,1995,"{""type"":""MultiPoint"",""coordinates"":[]}"
10_2_10,13.776855339599603,25,3.0,1995,"{""type"":""MultiPoint"",""coordinates"":[]}"
10_2_11,0.019659844421386716,30,3.0,1995,"{""type"":""MultiPoint"",""coordinates"":[]}"
10_2_12,712.6279104536706,33,3.0,1995,"{""type"":""MultiPoint"",""coordinates"":[]}"
10_2_13,0.2914341802978519,68,3.0,1995,"{""type"":""MultiPoint"",""coordinates"":[]}"
10_3_0,57818.89875860017,3,4.0,1995,"{""type"":""MultiPoint"",""coordinates"":[]}"
10_3_1,9027.57868443087,6,4.0,1995,"{""type"":""MultiPoint"",""coordinates"":[]}"
10_3_2,639.587726420282,11,4.0,1995,"{""type"":""MultiPoint"",""coordinates"":[]}"
10_3_3,1881.6747527392151,12,4.0,1995,"{""type"":""MultiPoint"",""coordinates"":[]}"
10_3_4,73.63375060241731,13,4.0,1995,"{""type"":""MultiPoint"",""coordinates"":[]}"
10_3_5,24.255241816040055,15,4.0,1995,"{""type"":""MultiPoint"",""coordinates"":[]}"
10_3_6,244.81247811956683,18,4.0,1995,"{""type"":""MultiPoint"",""coordinates"":[]}"
10_3_7,59.934080877258396,21,4.0,1995,"{""type"":""MultiPoint"",""coordinates"":[]}"
10_3_8,17.122002178710922,23,4.0,1995,"{""type"":""MultiPoint"",""coordinates"":[]}"
10_3_9,4.10687628448487,24,4.0,1995,"{""type"":""MultiPoint"",""coordinates"":[]}"
10_3_10,13.705183441955594,25,4.0,1995,"{""type"":""MultiPoint"",""coordinates"":[]}"
10_3_11,56.147196079589136,29,4.0,1995,"{""type"":""MultiPoint"",""coordinates"":[]}"
10_3_12,0.18135438647460939,30,4.0,1995,"{""type"":""MultiPoint"",""coordinates"":[]}"
10_3_13,613.9816386766938,33,4.0,1995,"{""type"":""MultiPoint"",""coordinates"":[]}"
10_3_14,185.03806274499843,68,4.0,1995,"{""type"":""MultiPoint"",""coordinates"":[]}"
10_4_0,94694.02961845763,3,5.0,1995,"{""type"":""MultiPoint"",""coordinates"":[]}"
10_4_1,10958.064343479413,6,5.0,1995,"{""type"":""MultiPoint"",""coordinates"":[]}"
10_4_2,926.6797558800034,11,5.0,1995,"{""type"":""MultiPoint"",""coordinates"":[]}"
10_4_3,47.01339257104446,13,5.0,1995,"{""type"":""MultiPoint"",""coordinates"":[]}"
10_4_4,3.2061805021972773,15,5.0,1995,"{""type"":""MultiPoint"",""coordinates"":[]}"
10_4_5,356.91253305297903,18,5.0,1995,"{""type"":""MultiPoint"",""coordinates"":[]}"
10_4_6,71.63460757141125,21,5.0,1995,"{""type"":""MultiPoint"",""coordinates"":[]}"
10_4_7,18.710415560974152,23,5.0,1995,"{""type"":""MultiPoint"",""coordinates"":[]}"
10_4_8,4.3070245814208805,24,5.0,1995,"{""type"":""MultiPoint"",""coordinates"":[]}"
10_4_9,2.2866865931396454,25,5.0,1995,"{""type"":""MultiPoint"",""coordinates"":[]}"
10_4_10,0.10077041070556644,30,5.0,1995,"{""type"":""MultiPoint"",""coordinates"":[]}"
10_4_11,1571.7733658846578,33,5.0,1995,"{""type"":""MultiPoint"",""coordinates"":[]}"
10_5_0,49477.31156906458,3,6.0,1995,"{""type"":""MultiPoint"",""coordinates"":[]}"
10_5_1,2290.848478552989,6,6.0,1995,"{""type"":""MultiPoint"",""coordinates"":[]}"
10_5_2,73.66851844366428,11,6.0,1995,"{""type"":""MultiPoint"",""coordinates"":[]}"
10_5_3,408.87661250370905,13,6.0,1995,"{""type"":""MultiPoint"",""coordinates"":[]}"
10_5_4,45.41411598358161,15,6.0,1995,"{""type"":""MultiPoint"",""coordinates"":[]}"
10_5_5,303.0251008485111,18,6.0,1995,"{""type"":""MultiPoint"",""coordinates"":[]}"
10_5_6,99.73963133795155,21,6.0,1995,"{""type"":""MultiPoint"",""coordinates"":[]}"
10_5_7,2.425755971435548,23,6.0,1995,"{""type"":""MultiPoint"",""coordinates"":[]}"
10_5_8,1.0788118480224616,24,6.0,1995,"{""type"":""MultiPoint"",""coordinates"":[]}"
10_5_9,4.308043357543946,25,6.0,1995,"{""type"":""MultiPoint"",""coordinates"":[]}"
10_5_10,1.4997442070922855,29,6.0,1995,"{""type"":""MultiPoint"",""coordinates"":[]}"
10_5_11,0.2038137681274414,30,6.0,1995,"{""type"":""MultiPoint"",""coordinates"":[]}"
10_5_12,411.8343394992661,33,6.0,1995,"{""type"":""MultiPoint"",""coordinates"":[]}"
10_5_13,7.2763022672118955,68,6.0,1995,"{""type"":""MultiPoint"",""coordinates"":[]}"
10_6_0,18780.246092040878,3,7.0,1995,"{""type"":""MultiPoint"",""coordinates"":[]}"
10_6_1,1899.8373664017192,6,7.0,1995,"{""type"":""MultiPoint"",""coordinates"":[]}"
10_6_2,74.98100671765786,11,7.0,1995,"{""type"":""MultiPoint"",""coordinates"":[]}"
10_6_3,67.78228334777877,13,7.0,1995,"{""type"":""MultiPoint"",""coordinates"":[]}"
10_6_4,3714.820903515763,15,7.0,1995,"{""type"":""MultiPoint"",""coordinates"":[]}"
10_6_5,73.56547943310446,18,7.0,1995,"{""type"":""MultiPoint"",""coordinates"":[]}"
10_6_6,767.3985691024701,21,7.0,1995,"{""type"":""MultiPoint"",""coordinates"":[]}"
10_6_7,68.82577962231451,23,7.0,1995,"{""type"":""MultiPoint"",""coordinates"":[]}"
10_6_8,9.940847378784174,24,7.0,1995,"{""type"":""MultiPoint"",""coordinates"":[]}"
10_6_9,31.521274043457048,25,7.0,1995,"{""type"":""MultiPoint"",""coordinates"":[]}"
10_6_10,0.02413436730957031,27,7.0,1995,"{""type"":""MultiPoint"",""coordinates"":[]}"
10_6_11,0.16446181433105503,30,7.0,1995,"{""type"":""MultiPoint"",""coordinates"":[]}"
10_6_12,0.7580510827636725,31,7.0,1995,"{""type"":""MultiPoint"",""coordinates"":[]}"
10_6_13,330.8307243488138,33,7.0,1995,"{""type"":""MultiPoint"",""coordinates"":[]}"
10_6_14,0.9938756477661144,68,7.0,1995,"{""type"":""MultiPoint"",""coordinates"":[]}"
10_7_0,0.0017843005981445312,13,8.0,1995,"{""type"":""MultiPoint"",""coordinates"":[]}"
10_8_0,2441.0002816371843,3,9.0,1995,"{""type"":""MultiPoint"",""coordinates"":[]}"
10_8_1,23.113067093261982,11,9.0,1995,"{""type"":""MultiPoint"",""coordinates"":[]}"
10_8_2,164.7265188554128,13,9.0,1995,"{""type"":""MultiPoint"",""coordinates"":[]}"
10_8_3,70.667361481689,15,9.0,1995,"{""type"":""MultiPoint"",""coordinates"":[]}"
10_8_4,43.39547910192888,18,9.0,1995,"{""type"":""MultiPoint"",""coordinates"":[]}"
10_8_5,103.09351371057207,21,9.0,1995,"{""type"":""MultiPoint"",""coordinates"":[]}"
10_8_6,2.602287275573734,23,9.0,1995,"{""type"":""MultiPoint"",""coordinates"":[]}"
10_8_7,0.3807849103393554,24,9.0,1995,"{""type"":""MultiPoint"",""coordinates"":[]}"
10_8_8,1.2845777167968766,25,9.0,1995,"{""type"":""MultiPoint"",""coordinates"":[]}"
10_8_9,0.8581711245117202,27,9.0,1995,"{""type"":""MultiPoint"",""coordinates"":[]}"
10_8_10,46.94227821313626,33,9.0,1995,"{""type"":""MultiPoint"",""coordinates"":[]}"
10_8_11,0.33968624340820314,68,9.0,1995,"{""type"":""MultiPoint"",""coordinates"":[]}"
10_9_0,4272.9111591407855,3,10.0,1995,"{""type"":""MultiPoint"",""coordinates"":[]}"
10_9_1,9.305659566772425,6,10.0,1995,"{""type"":""MultiPoint"",""coordinates"":[]}"
10_9_2,1.7616765479125907,11,10.0,1995,"{""type"":""MultiPoint"",""coordinates"":[]}"
10_9_3,118.17551338604746,13,10.0,1995,"{""type"":""MultiPoint"",""coordinates"":[]}"
10_9_4,280.9785240402837,15,10.0,1995,"{""type"":""MultiPoint"",""coordinates"":[]}"
10_9_5,0.2877063105468752,18,10.0,1995,"{""type"":""MultiPoint"",""coordinates"":[]}"
10_9_6,222.35463649493104,21,10.0,1995,"{""type"":""MultiPoint"",""coordinates"":[]}"
10_9_7,8.670979656677206,23,10.0,1995,"{""type"":""MultiPoint"",""coordinates"":[]}"
10_9_8,0.14207970086669913,24,10.0,1995,"{""type"":""MultiPoint"",""coordinates"":[]}"
10_9_9,1.833026616760253,25,10.0,1995,"{""type"":""MultiPoint"",""coordinates"":[]}"
10_9_10,0.02323959686279297,30,10.0,1995,"{""type"":""MultiPoint"",""coordinates"":[]}"
10_9_11,18.430934684021047,33,10.0,1995,"{""type"":""MultiPoint"",""coordinates"":[]}"
10_9_12,0.7220880654907227,68,10.0,1995,"{""type"":""MultiPoint"",""coordinates"":[]}"
10_10_0,27247.33812328037,3,11.0,1995,"{""type"":""MultiPoint"",""coordinates"":[]}"
10_10_1,7525.018045153856,6,11.0,1995,"{""type"":""MultiPoint"",""coordinates"":[]}"
10_10_2,2164.589073310164,11,11.0,1995,"{""type"":""MultiPoint"",""coordinates"":[]}"
10_10_3,4009.026278205047,12,11.0,1995,"{""type"":""MultiPoint"",""coordinates"":[]}"
10_10_4,187.34465370775985,13,11.0,1995,"{""type"":""MultiPoint"",""coordinates"":[]}"
10_10_5,288.40699588470557,15,11.0,1995,"{""type"":""MultiPoint"",""coordinates"":[]}"
10_10_6,116.651384824523,18,11.0,1995,"{""type"":""MultiPoint"",""coordinates"":[]}"
10_10_7,242.46702217547565,21,11.0,1995,"{""type"":""MultiPoint"",""coordinates"":[]}"
10_10_8,45.58966066833499,23,11.0,1995,"{""type"":""MultiPoint"",""coordinates"":[]}"
10_10_9,0.18008093682861329,24,11.0,1995,"{""type"":""MultiPoint"",""coordinates"":[]}"
10_10_10,12.327389438110371,25,11.0,1995,"{""type"":""MultiPoint"",""coordinates"":[]}"
10_10_11,8.916176147460938E-4,27,11.0,1995,"{""type"":""MultiPoint"",""coordinates"":[]}"
10_10_12,20.083876910583545,29,11.0,1995,"{""type"":""MultiPoint"",""coordinates"":[]}"
10_10_13,617.1235773828749,33,11.0,1995,"{""type"":""MultiPoint"",""coordinates"":[]}"
10_10_14,164.30129386376785,68,11.0,1995,"{""type"":""MultiPoint"",""coordinates"":[]}"
10_11_0,46638.22585321909,3,12.0,1995,"{""type"":""MultiPoint"",""coordinates"":[]}"
10_11_1,4493.708798679765,6,12.0,1995,"{""type"":""MultiPoint"",""coordinates"":[]}"
10_11_2,97.17746307189954,11,12.0,1995,"{""type"":""MultiPoint"",""coordinates"":[]}"
10_11_3,526.8973028021228,12,12.0,1995,"{""type"":""MultiPoint"",""coordinates"":[]}"
10_11_4,509.77175487823075,13,12.0,1995,"{""type"":""MultiPoint"",""coordinates"":[]}"
10_11_5,2540.6149605796536,15,12.0,1995,"{""type"":""MultiPoint"",""coordinates"":[]}"
10_11_6,36.198922043212846,18,12.0,1995,"{""type"":""MultiPoint"",""coordinates"":[]}"
10_11_7,233.87817324749787,21,12.0,1995,"{""type"":""MultiPoint"",""coordinates"":[]}"
10_11_8,23.630577657714863,23,12.0,1995,"{""type"":""MultiPoint"",""coordinates"":[]}"
10_11_9,4.66691364642335,24,12.0,1995,"{""type"":""MultiPoint"",""coordinates"":[]}"
10_11_10,4.274529996032717,25,12.0,1995,"{""type"":""MultiPoint"",""coordinates"":[]}"
10_11_11,0.21435316937255874,30,12.0,1995,"{""type"":""MultiPoint"",""coordinates"":[]}"
10_11_12,340.66847933428875,33,12.0,1995,"{""type"":""MultiPoint"",""coordinates"":[]}"
10_11_13,1.177725299011231,68,12.0,1995,"{""type"":""MultiPoint"",""coordinates"":[]}"
10_12_0,25663.10663703116,3,13.0,1995,"{""type"":""MultiPoint"",""coordinates"":[]}"
10_12_1,3214.3006222819804,6,13.0,1995,"{""type"":""MultiPoint"",""coordinates"":[]}"
10_12_2,519.8638512559819,11,13.0,1995,"{""type"":""MultiPoint"",""coordinates"":[]}"
10_12_3,6563.475599669932,12,13.0,1995,"{""type"":""MultiPoint"",""coordinates"":[]}"
10_12_4,973.538884586545,13,13.0,1995,"{""type"":""MultiPoint"",""coordinates"":[]}"
10_12_5,7573.342274757788,15,13.0,1995,"{""type"":""MultiPoint"",""coordinates"":[]}"
10_12_6,93.53247611132807,18,13.0,1995,"{""type"":""MultiPoint"",""coordinates"":[]}"
10_12_7,1380.366688633791,21,13.0,1995,"{""type"":""MultiPoint"",""coordinates"":[]}"
10_12_8,114.69632567254665,23,13.0,1995,"{""type"":""MultiPoint"",""coordinates"":[]}"
10_12_9,7.493560308654805,24,13.0,1995,"{""type"":""MultiPoint"",""coordinates"":[]}"
10_12_10,53.765287539672855,25,13.0,1995,"{""type"":""MultiPoint"",""coordinates"":[]}"
10_12_11,260.15426401904375,33,13.0,1995,"{""type"":""MultiPoint"",""coordinates"":[]}"
10_12_12,11.208384874328559,35,13.0,1995,"{""type"":""MultiPoint"",""coordinates"":[]}"
10_12_13,2.36239276422119,68,13.0,1995,"{""type"":""MultiPoint"",""coordinates"":[]}"
11_0_0,0.0017839960327148438,13,1.0,1996,"{""type"":""MultiPoint"",""coordinates"":[]}"
11_1_0,0.001783488037109375,13,2.0,1996,"{""type"":""MultiPoint"",""coordinates"":[]}"
11_2_0,67877.96195997603,3,3.0,1996,"{""type"":""MultiPoint"",""coordinates"":[]}"
11_2_1,5239.723337638857,6,3.0,1996,"{""type"":""MultiPoint"",""coordinates"":[]}"
11_2_2,95.84920930236818,11,3.0,1996,"{""type"":""MultiPoint"",""coordinates"":[]}"
11_2_3,1687.2793259321522,12,3.0,1996,"{""type"":""MultiPoint"",""coordinates"":[]}"
11_2_4,1637.9659446300645,13,3.0,1996,"{""type"":""MultiPoint"",""coordinates"":[]}"
11_2_5,13461.591156845167,15,3.0,1996,"{""type"":""MultiPoint"",""coordinates"":[]}"
11_2_6,31.85082753869608,18,3.0,1996,"{""type"":""MultiPoint"",""coordinates"":[]}"
11_2_7,1960.3654145893486,21,3.0,1996,"{""type"":""MultiPoint"",""coordinates"":[]}"
11_2_8,45.096849467895744,23,3.0,1996,"{""type"":""MultiPoint"",""coordinates"":[]}"
11_2_9,14.669187831787177,24,3.0,1996,"{""type"":""MultiPoint"",""coordinates"":[]}"
11_2_10,17.170339106933564,25,3.0,1996,"{""type"":""MultiPoint"",""coordinates"":[]}"
11_2_11,0.023234362365722645,30,3.0,1996,"{""type"":""MultiPoint"",""coordinates"":[]}"
11_2_12,765.0014034269375,33,3.0,1996,"{""type"":""MultiPoint"",""coordinates"":[]}"
11_2_13,0.6812049043579097,68,3.0,1996,"{""type"":""MultiPoint"",""coordinates"":[]}"
11_3_0,57748.17597591458,3,4.0,1996,"{""type"":""MultiPoint"",""coordinates"":[]}"
11_3_1,9109.938671935275,6,4.0,1996,"{""type"":""MultiPoint"",""coordinates"":[]}"
11_3_2,643.3946199525732,11,4.0,1996,"{""type"":""MultiPoint"",""coordinates"":[]}"
11_3_3,1871.7023466615208,12,4.0,1996,"{""type"":""MultiPoint"",""coordinates"":[]}"
11_3_4,70.66110600866706,13,4.0,1996,"{""type"":""MultiPoint"",""coordinates"":[]}"
11_3_5,22.21972345062256,15,4.0,1996,"{""type"":""MultiPoint"",""coordinates"":[]}"
11_3_6,250.8181577150867,18,4.0,1996,"{""type"":""MultiPoint"",""coordinates"":[]}"
11_3_7,56.58968495428476,21,4.0,1996,"{""type"":""MultiPoint"",""coordinates"":[]}"
11_3_8,2.432922893188475,23,4.0,1996,"{""type"":""MultiPoint"",""coordinates"":[]}"
11_3_9,4.255950411682136,24,4.0,1996,"{""type"":""MultiPoint"",""coordinates"":[]}"
11_3_10,13.934090813781733,25,4.0,1996,"{""type"":""MultiPoint"",""coordinates"":[]}"
11_3_11,55.1696364614863,29,4.0,1996,"{""type"":""MultiPoint"",""coordinates"":[]}"
11_3_12,0.1706316716308593,30,4.0,1996,"{""type"":""MultiPoint"",""coordinates"":[]}"
11_3_13,627.1582274823579,33,4.0,1996,"{""type"":""MultiPoint"",""coordinates"":[]}"
11_3_14,184.03604107183335,68,4.0,1996,"{""type"":""MultiPoint"",""coordinates"":[]}"
11_4_0,94720.31670871635,3,5.0,1996,"{""type"":""MultiPoint"",""coordinates"":[]}"
11_4_1,10896.774989107887,6,5.0,1996,"{""type"":""MultiPoint"",""coordinates"":[]}"
11_4_2,937.4558276188301,11,5.0,1996,"{""type"":""MultiPoint"",""coordinates"":[]}"
11_4_3,47.254110875792946,13,5.0,1996,"{""type"":""MultiPoint"",""coordinates"":[]}"
11_4_4,2.8740858494262764,15,5.0,1996,"{""type"":""MultiPoint"",""coordinates"":[]}"
11_4_5,385.1019568821411,18,5.0,1996,"{""type"":""MultiPoint"",""coordinates"":[]}"
11_4_6,67.23414275994917,21,5.0,1996,"{""type"":""MultiPoint"",""coordinates"":[]}"
11_4_7,11.125661684143056,23,5.0,1996,"{""type"":""MultiPoint"",""coordinates"":[]}"
11_4_8,4.33993069458006,24,5.0,1996,"{""type"":""MultiPoint"",""coordinates"":[]}"
11_4_9,2.0346654353027334,25,5.0,1996,"{""type"":""MultiPoint"",""coordinates"":[]}"
11_4_10,0.16854466461181652,30,5.0,1996,"{""type"":""MultiPoint"",""coordinates"":[]}"
11_4_11,1579.6460565126486,33,5.0,1996,"{""type"":""MultiPoint"",""coordinates"":[]}"
11_4_12,0.39201374261474564,68,5.0,1996,"{""type"":""MultiPoint"",""coordinates"":[]}"
11_5_0,49506.24000866373,3,6.0,1996,"{""type"":""MultiPoint"",""coordinates"":[]}"
11_5_1,2254.7033379968584,6,6.0,1996,"{""type"":""MultiPoint"",""coordinates"":[]}"
11_5_2,72.65934434460408,11,6.0,1996,"{""type"":""MultiPoint"",""coordinates"":[]}"
11_5_3,409.56063675151927,13,6.0,1996,"{""type"":""MultiPoint"",""coordinates"":[]}"
11_5_4,47.401034228881954,15,6.0,1996,"{""type"":""MultiPoint"",""coordinates"":[]}"
11_5_5,315.2776866368417,18,6.0,1996,"{""type"":""MultiPoint"",""coordinates"":[]}"
11_5_6,96.2847444746704,21,6.0,1996,"{""type"":""MultiPoint"",""coordinates"":[]}"
11_5_7,0.642671942810059,23,6.0,1996,"{""type"":""MultiPoint"",""coordinates"":[]}"
11_5_8,1.0984753539428715,24,6.0,1996,"{""type"":""MultiPoint"",""coordinates"":[]}"
11_5_9,3.227476555603029,25,6.0,1996,"{""type"":""MultiPoint"",""coordinates"":[]}"
11_5_10,1.6087751376342798,29,6.0,1996,"{""type"":""MultiPoint"",""coordinates"":[]}"
11_5_11,0.24671908001708995,30,6.0,1996,"{""type"":""MultiPoint"",""coordinates"":[]}"
11_5_12,409.9185583951399,33,6.0,1996,"{""type"":""MultiPoint"",""coordinates"":[]}"
11_5_13,8.641368091186534,68,6.0,1996,"{""type"":""MultiPoint"",""coordinates"":[]}"
11_6_0,18461.658020127586,3,7.0,1996,"{""type"":""MultiPoint"",""coordinates"":[]}"
11_6_1,1901.9003261422404,6,7.0,1996,"{""type"":""MultiPoint"",""coordinates"":[]}"
11_6_2,69.88979000678185,11,7.0,1996,"{""type"":""MultiPoint"",""coordinates"":[]}"
11_6_3,67.86454808361863,13,7.0,1996,"{""type"":""MultiPoint"",""coordinates"":[]}"
11_6_4,4016.4172271999964,15,7.0,1996,"{""type"":""MultiPoint"",""coordinates"":[]}"
11_6_5,71.44169105547972,18,7.0,1996,"{""type"":""MultiPoint"",""coordinates"":[]}"
11_6_6,785.2493034172212,21,7.0,1996,"{""type"":""MultiPoint"",""coordinates"":[]}"
11_6_7,32.40701991455085,23,7.0,1996,"{""type"":""MultiPoint"",""coordinates"":[]}"
11_6_8,11.316557526062004,24,7.0,1996,"{""type"":""MultiPoint"",""coordinates"":[]}"
11_6_9,25.848362604309095,25,7.0,1996,"{""type"":""MultiPoint"",""coordinates"":[]}"
11_6_10,0.02413436730957031,27,7.0,1996,"{""type"":""MultiPoint"",""coordinates"":[]}"
11_6_11,0.16446181433105503,30,7.0,1996,"{""type"":""MultiPoint"",""coordinates"":[]}"
11_6_12,0.7580494122924811,31,7.0,1996,"{""type"":""MultiPoint"",""coordinates"":[]}"
11_6_13,375.81379263439396,33,7.0,1996,"{""type"":""MultiPoint"",""coordinates"":[]}"
11_6_14,0.9375645588378915,68,7.0,1996,"{""type"":""MultiPoint"",""coordinates"":[]}"
11_7_0,0.0017843005981445312,13,8.0,1996,"{""type"":""MultiPoint"",""coordinates"":[]}"
11_8_0,2433.3480175976147,3,9.0,1996,"{""type"":""MultiPoint"",""coordinates"":[]}"
11_8_1,23.16937970422389,11,9.0,1996,"{""type"":""MultiPoint"",""coordinates"":[]}"
11_8_2,164.20001186261456,13,9.0,1996,"{""type"":""MultiPoint"",""coordinates"":[]}"
11_8_3,79.74263285980395,15,9.0,1996,"{""type"":""MultiPoint"",""coordinates"":[]}"
11_8_4,38.75249686743224,18,9.0,1996,"{""type"":""MultiPoint"",""coordinates"":[]}"
11_8_5,107.31556246728633,21,9.0,1996,"{""type"":""MultiPoint"",""coordinates"":[]}"
11_8_6,1.5501103204956048,23,9.0,1996,"{""type"":""MultiPoint"",""coordinates"":[]}"
11_8_7,0.40402732141113273,24,9.0,1996,"{""type"":""MultiPoint"",""coordinates"":[]}"
11_8_8,0.8090119605102527,25,9.0,1996,"{""type"":""MultiPoint"",""coordinates"":[]}"
11_8_9,0.8581711245117202,27,9.0,1996,"{""type"":""MultiPoint"",""coordinates"":[]}"
11_8_10,47.956019727845735,33,9.0,1996,"{""type"":""MultiPoint"",""coordinates"":[]}"
11_8_11,0.2985655501098631,68,9.0,1996,"{""type"":""MultiPoint"",""coordinates"":[]}"
11_9_0,4263.329998314326,3,10.0,1996,"{""type"":""MultiPoint"",""coordinates"":[]}"
11_9_1,9.221639484619104,6,10.0,1996,"{""type"":""MultiPoint"",""coordinates"":[]}"
11_9_2,1.798323707458489,11,10.0,1996,"{""type"":""MultiPoint"",""coordinates"":[]}"
11_9_3,116.69229384832737,13,10.0,1996,"{""type"":""MultiPoint"",""coordinates"":[]}"
11_9_4,289.6423562095358,15,10.0,1996,"{""type"":""MultiPoint"",""coordinates"":[]}"
11_9_5,0.2600075828857425,18,10.0,1996,"{""type"":""MultiPoint"",""coordinates"":[]}"
11_9_6,224.53351211016468,21,10.0,1996,"{""type"":""MultiPoint"",""coordinates"":[]}"
11_9_7,6.24778218151854,23,10.0,1996,"{""type"":""MultiPoint"",""coordinates"":[]}"
11_9_8,0.14297353631591792,24,10.0,1996,"{""type"":""MultiPoint"",""coordinates"":[]}"
11_9_9,2.2182691619262687,25,10.0,1996,"{""type"":""MultiPoint"",""coordinates"":[]}"
11_9_10,0.01877044427490234,30,10.0,1996,"{""type"":""MultiPoint"",""coordinates"":[]}"
11_9_11,20.779039658019943,33,10.0,1996,"{""type"":""MultiPoint"",""coordinates"":[]}"
11_9_12,0.7122575686035156,68,10.0,1996,"{""type"":""MultiPoint"",""coordinates"":[]}"
11_10_0,27231.217590008433,3,11.0,1996,"{""type"":""MultiPoint"",""coordinates"":[]}"
11_10_1,7575.625346569819,6,11.0,1996,"{""type"":""MultiPoint"",""coordinates"":[]}"
11_10_2,2202.4456418922628,11,11.0,1996,"{""type"":""MultiPoint"",""coordinates"":[]}"
11_10_3,3996.9982876348945,12,11.0,1996,"{""type"":""MultiPoint"",""coordinates"":[]}"
11_10_4,181.95431898907032,13,11.0,1996,"{""type"":""MultiPoint"",""coordinates"":[]}"
11_10_5,296.1626798592537,15,11.0,1996,"{""type"":""MultiPoint"",""coordinates"":[]}"
11_10_6,107.80377444128447,18,11.0,1996,"{""type"":""MultiPoint"",""coordinates"":[]}"
11_10_7,230.07276040344186,21,11.0,1996,"{""type"":""MultiPoint"",""coordinates"":[]}"
11_10_8,10.471958829223631,23,11.0,1996,"{""type"":""MultiPoint"",""coordinates"":[]}"
11_10_9,0.18543189343261718,24,11.0,1996,"{""type"":""MultiPoint"",""coordinates"":[]}"
11_10_10,12.351936334289567,25,11.0,1996,"{""type"":""MultiPoint"",""coordinates"":[]}"
11_10_11,8.916176147460938E-4,27,11.0,1996,"{""type"":""MultiPoint"",""coordinates"":[]}"
11_10_12,11.243363999877936,29,11.0,1996,"{""type"":""MultiPoint"",""coordinates"":[]}"
11_10_13,644.679512782352,33,11.0,1996,"{""type"":""MultiPoint"",""coordinates"":[]}"
11_10_14,139.2348521049187,68,11.0,1996,"{""type"":""MultiPoint"",""coordinates"":[]}"
11_11_0,46723.5880164717,3,12.0,1996,"{""type"":""MultiPoint"",""coordinates"":[]}"
11_11_1,4411.29078098011,6,12.0,1996,"{""type"":""MultiPoint"",""coordinates"":[]}"
11_11_2,103.81151500128175,11,12.0,1996,"{""type"":""MultiPoint"",""coordinates"":[]}"
11_11_3,516.9606502330889,12,12.0,1996,"{""type"":""MultiPoint"",""coordinates"":[]}"
11_11_4,507.5058890985072,13,12.0,1996,"{""type"":""MultiPoint"",""coordinates"":[]}"
11_11_5,2589.4797585232477,15,12.0,1996,"{""type"":""MultiPoint"",""coordinates"":[]}"
11_11_6,36.90991465069576,18,12.0,1996,"{""type"":""MultiPoint"",""coordinates"":[]}"
11_11_7,198.34213045184316,21,12.0,1996,"{""type"":""MultiPoint"",""coordinates"":[]}"
11_11_8,19.80916911981203,23,12.0,1996,"{""type"":""MultiPoint"",""coordinates"":[]}"
11_11_9,4.708005254089366,24,12.0,1996,"{""type"":""MultiPoint"",""coordinates"":[]}"
11_11_10,1.1067588550415035,25,12.0,1996,"{""type"":""MultiPoint"",""coordinates"":[]}"
11_11_11,0.06341280059814444,30,12.0,1996,"{""type"":""MultiPoint"",""coordinates"":[]}"
11_11_12,336.3333185245963,33,12.0,1996,"{""type"":""MultiPoint"",""coordinates"":[]}"
11_11_13,1.1964876594238294,68,12.0,1996,"{""type"":""MultiPoint"",""coordinates"":[]}"
11_12_0,25589.35486030711,3,13.0,1996,"{""type"":""MultiPoint"",""coordinates"":[]}"
11_12_1,3147.0190354422616,6,13.0,1996,"{""type"":""MultiPoint"",""coordinates"":[]}"
11_12_2,470.881661036257,11,13.0,1996,"{""type"":""MultiPoint"",""coordinates"":[]}"
11_12_3,6575.70175560418,12,13.0,1996,"{""type"":""MultiPoint"",""coordinates"":[]}"
11_12_4,968.9591521139475,13,13.0,1996,"{""type"":""MultiPoint"",""coordinates"":[]}"
11_12_5,7934.773178434451,15,13.0,1996,"{""type"":""MultiPoint"",""coordinates"":[]}"
11_12_6,81.88023628430072,18,13.0,1996,"{""type"":""MultiPoint"",""coordinates"":[]}"
11_12_7,1217.904941395934,21,13.0,1996,"{""type"":""MultiPoint"",""coordinates"":[]}"
11_12_8,102.12950387860093,23,13.0,1996,"{""type"":""MultiPoint"",""coordinates"":[]}"
11_12_9,7.66230192175295,24,13.0,1996,"{""type"":""MultiPoint"",""coordinates"":[]}"
11_12_10,53.4979577001335,25,13.0,1996,"{""type"":""MultiPoint"",""coordinates"":[]}"
11_12_11,267.23081576135274,33,13.0,1996,"{""type"":""MultiPoint"",""coordinates"":[]}"
11_12_12,10.579220540161074,35,13.0,1996,"{""type"":""MultiPoint"",""coordinates"":[]}"
11_12_13,3.632629085998534,68,13.0,1996,"{""type"":""MultiPoint"",""coordinates"":[]}"
12_0_0,0.0017839960327148438,13,1.0,1997,"{""type"":""MultiPoint"",""coordinates"":[]}"
12_1_0,0.001783488037109375,13,2.0,1997,"{""type"":""MultiPoint"",""coordinates"":[]}"
12_2_0,67551.13137698169,3,3.0,1997,"{""type"":""MultiPoint"",""coordinates"":[]}"
12_2_1,5181.959935519014,6,3.0,1997,"{""type"":""MultiPoint"",""coordinates"":[]}"
12_2_2,98.17849866119374,11,3.0,1997,"{""type"":""MultiPoint"",""coordinates"":[]}"
12_2_3,1667.2279354518737,12,3.0,1997,"{""type"":""MultiPoint"",""coordinates"":[]}"
12_2_4,1624.537549215812,13,3.0,1997,"{""type"":""MultiPoint"",""coordinates"":[]}"
12_2_5,13858.690713569704,15,3.0,1997,"{""type"":""MultiPoint"",""coordinates"":[]}"
12_2_6,32.42666370202616,18,3.0,1997,"{""type"":""MultiPoint"",""coordinates"":[]}"
12_2_7,1979.8264984188113,21,3.0,1997,"{""type"":""MultiPoint"",""coordinates"":[]}"
12_2_8,48.7092416247561,23,3.0,1997,"{""type"":""MultiPoint"",""coordinates"":[]}"
12_2_9,15.226797670898547,24,3.0,1997,"{""type"":""MultiPoint"",""coordinates"":[]}"
12_2_10,10.802358802185058,25,3.0,1997,"{""type"":""MultiPoint"",""coordinates"":[]}"
12_2_11,0.03485159478759764,30,3.0,1997,"{""type"":""MultiPoint"",""coordinates"":[]}"
12_2_12,762.1502615286822,33,3.0,1997,"{""type"":""MultiPoint"",""coordinates"":[]}"
12_2_13,4.326712811157205,68,3.0,1997,"{""type"":""MultiPoint"",""coordinates"":[]}"
12_3_0,57758.4658450082,3,4.0,1997,"{""type"":""MultiPoint"",""coordinates"":[]}"
12_3_1,9079.163216229144,6,4.0,1997,"{""type"":""MultiPoint"",""coordinates"":[]}"
12_3_2,656.7733329210793,11,4.0,1997,"{""type"":""MultiPoint"",""coordinates"":[]}"
12_3_3,1864.8643152383786,12,4.0,1997,"{""type"":""MultiPoint"",""coordinates"":[]}"
12_3_4,70.11362078186049,13,4.0,1997,"{""type"":""MultiPoint"",""coordinates"":[]}"
12_3_5,23.2400986243897,15,4.0,1997,"{""type"":""MultiPoint"",""coordinates"":[]}"
12_3_6,216.4857745833124,18,4.0,1997,"{""type"":""MultiPoint"",""coordinates"":[]}"
12_3_7,80.02140037805152,21,4.0,1997,"{""type"":""MultiPoint"",""coordinates"":[]}"
12_3_8,91.06409481286771,23,4.0,1997,"{""type"":""MultiPoint"",""coordinates"":[]}"
12_3_9,4.338075268493657,24,4.0,1997,"{""type"":""MultiPoint"",""coordinates"":[]}"
12_3_10,12.6317873543091,25,4.0,1997,"{""type"":""MultiPoint"",""coordinates"":[]}"
12_3_11,54.09368078118839,29,4.0,1997,"{""type"":""MultiPoint"",""coordinates"":[]}"
12_3_12,0.19653511834716791,30,4.0,1997,"{""type"":""MultiPoint"",""coordinates"":[]}"
12_3_13,613.0069529192465,33,4.0,1997,"{""type"":""MultiPoint"",""coordinates"":[]}"
12_3_14,136.19905738049184,68,4.0,1997,"{""type"":""MultiPoint"",""coordinates"":[]}"
12_4_0,94744.68807188183,3,5.0,1997,"{""type"":""MultiPoint"",""coordinates"":[]}"
12_4_1,10875.696401978836,6,5.0,1997,"{""type"":""MultiPoint"",""coordinates"":[]}"
12_4_2,932.0945995148176,11,5.0,1997,"{""type"":""MultiPoint"",""coordinates"":[]}"
12_4_3,46.50987312719654,13,5.0,1997,"{""type"":""MultiPoint"",""coordinates"":[]}"
12_4_4,3.2825286658935684,15,5.0,1997,"{""type"":""MultiPoint"",""coordinates"":[]}"
12_4_5,382.31811436608825,18,5.0,1997,"{""type"":""MultiPoint"",""coordinates"":[]}"
12_4_6,71.64727416833517,21,5.0,1997,"{""type"":""MultiPoint"",""coordinates"":[]}"
12_4_7,35.48191938281253,23,5.0,1997,"{""type"":""MultiPoint"",""coordinates"":[]}"
12_4_8,4.517622544067368,24,5.0,1997,"{""type"":""MultiPoint"",""coordinates"":[]}"
12_4_9,2.5927979513549784,25,5.0,1997,"{""type"":""MultiPoint"",""coordinates"":[]}"
12_4_10,0.2291847182006834,30,5.0,1997,"{""type"":""MultiPoint"",""coordinates"":[]}"
12_4_11,1554.5778680334574,33,5.0,1997,"{""type"":""MultiPoint"",""coordinates"":[]}"
12_4_12,1.0824382114257787,68,5.0,1997,"{""type"":""MultiPoint"",""coordinates"":[]}"
12_5_0,49410.99939515157,3,6.0,1997,"{""type"":""MultiPoint"",""coordinates"":[]}"
12_5_1,2312.1948510066813,6,6.0,1997,"{""type"":""MultiPoint"",""coordinates"":[]}"
12_5_2,71.66357140002398,11,6.0,1997,"{""type"":""MultiPoint"",""coordinates"":[]}"
12_5_3,418.11185399065414,13,6.0,1997,"{""type"":""MultiPoint"",""coordinates"":[]}"
12_5_4,49.138564377502895,15,6.0,1997,"{""type"":""MultiPoint"",""coordinates"":[]}"
12_5_5,329.0141693614505,18,6.0,1997,"{""type"":""MultiPoint"",""coordinates"":[]}"
12_5_6,96.94600238098127,21,6.0,1997,"{""type"":""MultiPoint"",""coordinates"":[]}"
12_5_7,0.788363554138184,23,6.0,1997,"{""type"":""MultiPoint"",""coordinates"":[]}"
12_5_8,1.119928406372071,24,6.0,1997,"{""type"":""MultiPoint"",""coordinates"":[]}"
12_5_9,3.162296482727051,25,6.0,1997,"{""type"":""MultiPoint"",""coordinates"":[]}"
12_5_10,1.6883251516723652,29,6.0,1997,"{""type"":""MultiPoint"",""coordinates"":[]}"
12_5_11,0.24403698199462906,30,6.0,1997,"{""type"":""MultiPoint"",""coordinates"":[]}"
12_5_12,425.35600481316925,33,6.0,1997,"{""type"":""MultiPoint"",""coordinates"":[]}"
12_5_13,7.083474595031736,68,6.0,1997,"{""type"":""MultiPoint"",""coordinates"":[]}"
12_6_0,18279.585883621265,3,7.0,1997,"{""type"":""MultiPoint"",""coordinates"":[]}"
12_6_1,1890.262873521402,6,7.0,1997,"{""type"":""MultiPoint"",""coordinates"":[]}"
12_6_2,69.86551249134058,11,7.0,1997,"{""type"":""MultiPoint"",""coordinates"":[]}"
12_6_3,67.4184511738896,13,7.0,1997,"{""type"":""MultiPoint"",""coordinates"":[]}"
12_6_4,4207.638593788564,15,7.0,1997,"{""type"":""MultiPoint"",""coordinates"":[]}"
12_6_5,76.77985723522909,18,7.0,1997,"{""type"":""MultiPoint"",""coordinates"":[]}"
12_6_6,768.6320705069452,21,7.0,1997,"{""type"":""MultiPoint"",""coordinates"":[]}"
12_6_7,44.39254404766856,23,7.0,1997,"{""type"":""MultiPoint"",""coordinates"":[]}"
12_6_8,11.69558026391603,24,7.0,1997,"{""type"":""MultiPoint"",""coordinates"":[]}"
12_6_9,34.68041798107909,25,7.0,1997,"{""type"":""MultiPoint"",""coordinates"":[]}"
12_6_10,0.02413436730957031,27,7.0,1997,"{""type"":""MultiPoint"",""coordinates"":[]}"
12_6_11,0.16446181433105503,30,7.0,1997,"{""type"":""MultiPoint"",""coordinates"":[]}"
12_6_12,0.7589453391113287,31,7.0,1997,"{""type"":""MultiPoint"",""coordinates"":[]}"
12_6_13,368.87898374047296,33,7.0,1997,"{""type"":""MultiPoint"",""coordinates"":[]}"
12_6_14,0.9125389726562514,68,7.0,1997,"{""type"":""MultiPoint"",""coordinates"":[]}"
12_7_0,0.0017843005981445312,13,8.0,1997,"{""type"":""MultiPoint"",""coordinates"":[]}"
12_8_0,2429.36811342965,3,9.0,1997,"{""type"":""MultiPoint"",""coordinates"":[]}"
12_8_1,23.176530438171646,11,9.0,1997,"{""type"":""MultiPoint"",""coordinates"":[]}"
12_8_2,164.18838491724102,13,9.0,1997,"{""type"":""MultiPoint"",""coordinates"":[]}"
12_8_3,82.02311256665101,15,9.0,1997,"{""type"":""MultiPoint"",""coordinates"":[]}"
12_8_4,34.65839633660909,18,9.0,1997,"{""type"":""MultiPoint"",""coordinates"":[]}"
12_8_5,112.97052651306244,21,9.0,1997,"{""type"":""MultiPoint"",""coordinates"":[]}"
12_8_6,1.9801037474365308,23,9.0,1997,"{""type"":""MultiPoint"",""coordinates"":[]}"
12_8_7,0.42458686566162096,24,9.0,1997,"{""type"":""MultiPoint"",""coordinates"":[]}"
12_8_8,1.0137266157226563,25,9.0,1997,"{""type"":""MultiPoint"",""coordinates"":[]}"
12_8_9,0.8581711245117202,27,9.0,1997,"{""type"":""MultiPoint"",""coordinates"":[]}"
12_8_10,47.4437893048721,33,9.0,1997,"{""type"":""MultiPoint"",""coordinates"":[]}"
12_8_11,0.2985655042724608,68,9.0,1997,"{""type"":""MultiPoint"",""coordinates"":[]}"
12_9_0,4253.281665112967,3,10.0,1997,"{""type"":""MultiPoint"",""coordinates"":[]}"
12_9_1,8.776512365234383,6,10.0,1997,"{""type"":""MultiPoint"",""coordinates"":[]}"
12_9_2,1.8886001693725532,11,10.0,1997,"{""type"":""MultiPoint"",""coordinates"":[]}"
12_9_3,116.69051328326388,13,10.0,1997,"{""type"":""MultiPoint"",""coordinates"":[]}"
12_9_4,283.80191811682346,15,10.0,1997,"{""type"":""MultiPoint"",""coordinates"":[]}"
12_9_5,0.2600075828857425,18,10.0,1997,"{""type"":""MultiPoint"",""coordinates"":[]}"
12_9_6,239.62329446306794,21,10.0,1997,"{""type"":""MultiPoint"",""coordinates"":[]}"
12_9_7,7.574189210876436,23,10.0,1997,"{""type"":""MultiPoint"",""coordinates"":[]}"
12_9_8,0.15280571820068353,24,10.0,1997,"{""type"":""MultiPoint"",""coordinates"":[]}"
12_9_9,2.5507847417602525,25,10.0,1997,"{""type"":""MultiPoint"",""coordinates"":[]}"
12_9_10,0.022345768615722652,30,10.0,1997,"{""type"":""MultiPoint"",""coordinates"":[]}"
12_9_11,20.27841583850096,33,10.0,1997,"{""type"":""MultiPoint"",""coordinates"":[]}"
12_9_12,0.6961714364624024,68,10.0,1997,"{""type"":""MultiPoint"",""coordinates"":[]}"
12_10_0,27194.546560484512,3,11.0,1997,"{""type"":""MultiPoint"",""coordinates"":[]}"
12_10_1,7565.508794446296,6,11.0,1997,"{""type"":""MultiPoint"",""coordinates"":[]}"
12_10_2,2201.9197057476094,11,11.0,1997,"{""type"":""MultiPoint"",""coordinates"":[]}"
12_10_3,3971.449264106925,12,11.0,1997,"{""type"":""MultiPoint"",""coordinates"":[]}"
12_10_4,177.52155683410416,13,11.0,1997,"{""type"":""MultiPoint"",""coordinates"":[]}"
12_10_5,305.4978935838015,15,11.0,1997,"{""type"":""MultiPoint"",""coordinates"":[]}"
12_10_6,113.48085885815446,18,11.0,1997,"{""type"":""MultiPoint"",""coordinates"":[]}"
12_10_7,255.79669255023123,21,11.0,1997,"{""type"":""MultiPoint"",""coordinates"":[]}"
12_10_8,37.96373880261221,23,11.0,1997,"{""type"":""MultiPoint"",""coordinates"":[]}"
12_10_9,0.21575073803710937,24,11.0,1997,"{""type"":""MultiPoint"",""coordinates"":[]}"
12_10_10,14.971508185485888,25,11.0,1997,"{""type"":""MultiPoint"",""coordinates"":[]}"
12_10_11,8.916176147460938E-4,27,11.0,1997,"{""type"":""MultiPoint"",""coordinates"":[]}"
12_10_12,16.802488678222595,29,11.0,1997,"{""type"":""MultiPoint"",""coordinates"":[]}"
12_10_13,639.9982648674328,33,11.0,1997,"{""type"":""MultiPoint"",""coordinates"":[]}"
12_10_14,144.77437785907114,68,11.0,1997,"{""type"":""MultiPoint"",""coordinates"":[]}"
12_11_0,46768.653822381384,3,12.0,1997,"{""type"":""MultiPoint"",""coordinates"":[]}"
12_11_1,4385.501588406056,6,12.0,1997,"{""type"":""MultiPoint"",""coordinates"":[]}"
12_11_2,109.39582308129802,11,12.0,1997,"{""type"":""MultiPoint"",""coordinates"":[]}"
12_11_3,514.4029017299135,12,12.0,1997,"{""type"":""MultiPoint"",""coordinates"":[]}"
12_11_4,493.05808863945686,13,12.0,1997,"{""type"":""MultiPoint"",""coordinates"":[]}"
12_11_5,2594.371781528993,15,12.0,1997,"{""type"":""MultiPoint"",""coordinates"":[]}"
12_11_6,35.935942242919864,18,12.0,1997,"{""type"":""MultiPoint"",""coordinates"":[]}"
12_11_7,177.1384609180298,21,12.0,1997,"{""type"":""MultiPoint"",""coordinates"":[]}"
12_11_8,7.961534895263668,23,12.0,1997,"{""type"":""MultiPoint"",""coordinates"":[]}"
12_11_9,5.157276034790043,24,12.0,1997,"{""type"":""MultiPoint"",""coordinates"":[]}"
12_11_10,1.1273270664672856,25,12.0,1997,"{""type"":""MultiPoint"",""coordinates"":[]}"
12_11_11,0.056267688964843694,30,12.0,1997,"{""type"":""MultiPoint"",""coordinates"":[]}"
12_11_12,356.5687319564822,33,12.0,1997,"{""type"":""MultiPoint"",""coordinates"":[]}"
12_11_13,1.7762610543212949,68,12.0,1997,"{""type"":""MultiPoint"",""coordinates"":[]}"
12_12_0,25390.754708941524,3,13.0,1997,"{""type"":""MultiPoint"",""coordinates"":[]}"
12_12_1,3104.5967520109953,6,13.0,1997,"{""type"":""MultiPoint"",""coordinates"":[]}"
12_12_2,459.6796147350482,11,13.0,1997,"{""type"":""MultiPoint"",""coordinates"":[]}"
12_12_3,6534.864465821232,12,13.0,1997,"{""type"":""MultiPoint"",""coordinates"":[]}"
12_12_4,966.0359724701581,13,13.0,1997,"{""type"":""MultiPoint"",""coordinates"":[]}"
12_12_5,8076.266803915292,15,13.0,1997,"{""type"":""MultiPoint"",""coordinates"":[]}"
12_12_6,74.66744461376949,18,13.0,1997,"{""type"":""MultiPoint"",""coordinates"":[]}"
12_12_7,1346.696724140623,21,13.0,1997,"{""type"":""MultiPoint"",""coordinates"":[]}"
12_12_8,105.35258926385521,23,13.0,1997,"{""type"":""MultiPoint"",""coordinates"":[]}"
12_12_9,7.945285138366712,24,13.0,1997,"{""type"":""MultiPoint"",""coordinates"":[]}"
12_12_10,53.52381553832946,25,13.0,1997,"{""type"":""MultiPoint"",""coordinates"":[]}"
12_12_11,299.1778997674554,33,13.0,1997,"{""type"":""MultiPoint"",""coordinates"":[]}"
12_12_12,9.559216662109334,35,13.0,1997,"{""type"":""MultiPoint"",""coordinates"":[]}"
12_12_13,2.0859564877319308,68,13.0,1997,"{""type"":""MultiPoint"",""coordinates"":[]}"
13_0_0,0.0017839960327148438,13,1.0,1998,"{""type"":""MultiPoint"",""coordinates"":[]}"
13_1_0,0.001783488037109375,13,2.0,1998,"{""type"":""MultiPoint"",""coordinates"":[]}"
13_2_0,67392.04798172883,3,3.0,1998,"{""type"":""MultiPoint"",""coordinates"":[]}"
13_2_1,5123.358373537282,6,3.0,1998,"{""type"":""MultiPoint"",""coordinates"":[]}"
13_2_2,101.16775246423347,11,3.0,1998,"{""type"":""MultiPoint"",""coordinates"":[]}"
13_2_3,1617.7191759500122,12,3.0,1998,"{""type"":""MultiPoint"",""coordinates"":[]}"
13_2_4,1635.4315041040165,13,3.0,1998,"{""type"":""MultiPoint"",""coordinates"":[]}"
13_2_5,13994.878985319196,15,3.0,1998,"{""type"":""MultiPoint"",""coordinates"":[]}"
13_2_6,32.80574376336655,18,3.0,1998,"{""type"":""MultiPoint"",""coordinates"":[]}"
13_2_7,2078.2355355373165,21,3.0,1998,"{""type"":""MultiPoint"",""coordinates"":[]}"
13_2_8,45.65849827069093,23,3.0,1998,"{""type"":""MultiPoint"",""coordinates"":[]}"
13_2_9,15.835352250915681,24,3.0,1998,"{""type"":""MultiPoint"",""coordinates"":[]}"
13_2_10,11.316993939636221,25,3.0,1998,"{""type"":""MultiPoint"",""coordinates"":[]}"
13_2_11,0.0580858705444336,30,3.0,1998,"{""type"":""MultiPoint"",""coordinates"":[]}"
13_2_12,785.5662330028023,33,3.0,1998,"{""type"":""MultiPoint"",""coordinates"":[]}"
13_2_13,1.1491798135375966,68,3.0,1998,"{""type"":""MultiPoint"",""coordinates"":[]}"
13_3_0,57790.51221253908,3,4.0,1998,"{""type"":""MultiPoint"",""coordinates"":[]}"
13_3_1,9000.638425248868,6,4.0,1998,"{""type"":""MultiPoint"",""coordinates"":[]}"
13_3_2,647.3735302303458,11,4.0,1998,"{""type"":""MultiPoint"",""coordinates"":[]}"
13_3_3,1884.7563338361772,12,4.0,1998,"{""type"":""MultiPoint"",""coordinates"":[]}"
13_3_4,72.58768980529788,13,4.0,1998,"{""type"":""MultiPoint"",""coordinates"":[]}"
13_3_5,25.384985876586942,15,4.0,1998,"{""type"":""MultiPoint"",""coordinates"":[]}"
13_3_6,248.91996568780465,18,4.0,1998,"{""type"":""MultiPoint"",""coordinates"":[]}"
13_3_7,59.3091835354614,21,4.0,1998,"{""type"":""MultiPoint"",""coordinates"":[]}"
13_3_8,25.44173493133553,23,4.0,1998,"{""type"":""MultiPoint"",""coordinates"":[]}"
13_3_9,4.555794184570318,24,4.0,1998,"{""type"":""MultiPoint"",""coordinates"":[]}"
13_3_10,14.230627358703625,25,4.0,1998,"{""type"":""MultiPoint"",""coordinates"":[]}"
13_3_11,54.29193480779956,29,4.0,1998,"{""type"":""MultiPoint"",""coordinates"":[]}"
13_3_12,0.21529778515624992,30,4.0,1998,"{""type"":""MultiPoint"",""coordinates"":[]}"
13_3_13,615.9814368030964,33,4.0,1998,"{""type"":""MultiPoint"",""coordinates"":[]}"
13_3_14,216.45863476848353,68,4.0,1998,"{""type"":""MultiPoint"",""coordinates"":[]}"
13_4_0,95017.66449459053,3,5.0,1998,"{""type"":""MultiPoint"",""coordinates"":[]}"
13_4_1,10608.970502987466,6,5.0,1998,"{""type"":""MultiPoint"",""coordinates"":[]}"
13_4_2,934.1634878380651,11,5.0,1998,"{""type"":""MultiPoint"",""coordinates"":[]}"
13_4_3,46.791213921508145,13,5.0,1998,"{""type"":""MultiPoint"",""coordinates"":[]}"
13_4_4,3.542377048950208,15,5.0,1998,"{""type"":""MultiPoint"",""coordinates"":[]}"
13_4_5,378.50129222643886,18,5.0,1998,"{""type"":""MultiPoint"",""coordinates"":[]}"
13_4_6,69.21083769714357,21,5.0,1998,"{""type"":""MultiPoint"",""coordinates"":[]}"
13_4_7,28.72713368121339,23,5.0,1998,"{""type"":""MultiPoint"",""coordinates"":[]}"
13_4_8,4.55770680999754,24,5.0,1998,"{""type"":""MultiPoint"",""coordinates"":[]}"
13_4_9,1.7594269073486328,25,5.0,1998,"{""type"":""MultiPoint"",""coordinates"":[]}"
13_4_10,0.19797283209228497,30,5.0,1998,"{""type"":""MultiPoint"",""coordinates"":[]}"
13_4_11,1560.6322480046542,33,5.0,1998,"{""type"":""MultiPoint"",""coordinates"":[]}"
13_5_0,49344.10327594792,3,6.0,1998,"{""type"":""MultiPoint"",""coordinates"":[]}"
13_5_1,2377.176891729052,6,6.0,1998,"{""type"":""MultiPoint"",""coordinates"":[]}"
13_5_2,70.22090529461623,11,6.0,1998,"{""type"":""MultiPoint"",""coordinates"":[]}"
13_5_3,420.32926044560975,13,6.0,1998,"{""type"":""MultiPoint"",""coordinates"":[]}"
13_5_4,48.72208728100593,15,6.0,1998,"{""type"":""MultiPoint"",""coordinates"":[]}"
13_5_5,339.72192013946517,18,6.0,1998,"{""type"":""MultiPoint"",""coordinates"":[]}"
13_5_6,101.07425486627197,21,6.0,1998,"{""type"":""MultiPoint"",""coordinates"":[]}"
13_5_7,0.30568683618164055,23,6.0,1998,"{""type"":""MultiPoint"",""coordinates"":[]}"
13_5_8,1.16372676739502,24,6.0,1998,"{""type"":""MultiPoint"",""coordinates"":[]}"
13_5_9,4.282289503540038,25,6.0,1998,"{""type"":""MultiPoint"",""coordinates"":[]}"
13_5_10,1.6865364866333024,29,6.0,1998,"{""type"":""MultiPoint"",""coordinates"":[]}"
13_5_11,0.1796743831787109,30,6.0,1998,"{""type"":""MultiPoint"",""coordinates"":[]}"
13_5_12,414.2702222936384,33,6.0,1998,"{""type"":""MultiPoint"",""coordinates"":[]}"
13_5_13,4.274105679870606,68,6.0,1998,"{""type"":""MultiPoint"",""coordinates"":[]}"
13_6_0,18121.72319642501,3,7.0,1998,"{""type"":""MultiPoint"",""coordinates"":[]}"
13_6_1,1899.6758728483596,6,7.0,1998,"{""type"":""MultiPoint"",""coordinates"":[]}"
13_6_2,68.03206800666054,11,7.0,1998,"{""type"":""MultiPoint"",""coordinates"":[]}"
13_6_3,67.16637036773729,13,7.0,1998,"{""type"":""MultiPoint"",""coordinates"":[]}"
13_6_4,4373.43486157366,15,7.0,1998,"{""type"":""MultiPoint"",""coordinates"":[]}"
13_6_5,85.51762345983657,18,7.0,1998,"{""type"":""MultiPoint"",""coordinates"":[]}"
13_6_6,745.1890188972031,21,7.0,1998,"{""type"":""MultiPoint"",""coordinates"":[]}"
13_6_7,40.731982308898964,23,7.0,1998,"{""type"":""MultiPoint"",""coordinates"":[]}"
13_6_8,12.371359552001994,24,7.0,1998,"{""type"":""MultiPoint"",""coordinates"":[]}"
13_6_9,33.12331120001236,25,7.0,1998,"{""type"":""MultiPoint"",""coordinates"":[]}"
13_6_10,0.02413436730957031,27,7.0,1998,"{""type"":""MultiPoint"",""coordinates"":[]}"
13_6_11,0.16446181433105503,30,7.0,1998,"{""type"":""MultiPoint"",""coordinates"":[]}"
13_6_12,0.8447600712890632,31,7.0,1998,"{""type"":""MultiPoint"",""coordinates"":[]}"
13_6_13,372.83202144237754,33,7.0,1998,"{""type"":""MultiPoint"",""coordinates"":[]}"
13_6_14,0.8598065308227547,68,7.0,1998,"{""type"":""MultiPoint"",""coordinates"":[]}"
13_7_0,0.0017843005981445312,13,8.0,1998,"{""type"":""MultiPoint"",""coordinates"":[]}"
13_8_0,2414.320885752591,3,9.0,1998,"{""type"":""MultiPoint"",""coordinates"":[]}"
13_8_1,23.178318148865003,11,9.0,1998,"{""type"":""MultiPoint"",""coordinates"":[]}"
13_8_2,163.72359840002912,13,9.0,1998,"{""type"":""MultiPoint"",""coordinates"":[]}"
13_8_3,84.6256403372837,15,9.0,1998,"{""type"":""MultiPoint"",""coordinates"":[]}"
13_8_4,50.03086776867664,18,9.0,1998,"{""type"":""MultiPoint"",""coordinates"":[]}"
13_8_5,110.03914019146922,21,9.0,1998,"{""type"":""MultiPoint"",""coordinates"":[]}"
13_8_6,2.518255864379891,23,9.0,1998,"{""type"":""MultiPoint"",""coordinates"":[]}"
13_8_7,0.44067657904052715,24,9.0,1998,"{""type"":""MultiPoint"",""coordinates"":[]}"
13_8_8,0.9422067160644523,25,9.0,1998,"{""type"":""MultiPoint"",""coordinates"":[]}"
13_8_9,0.8581711245117202,27,9.0,1998,"{""type"":""MultiPoint"",""coordinates"":[]}"
13_8_10,47.34365236328276,33,9.0,1998,"{""type"":""MultiPoint"",""coordinates"":[]}"
13_8_11,0.38259411755371103,68,9.0,1998,"{""type"":""MultiPoint"",""coordinates"":[]}"
13_9_0,4240.7687761416855,3,10.0,1998,"{""type"":""MultiPoint"",""coordinates"":[]}"
13_9_1,8.381438669189592,6,10.0,1998,"{""type"":""MultiPoint"",""coordinates"":[]}"
13_9_2,1.6615665177612289,11,10.0,1998,"{""type"":""MultiPoint"",""coordinates"":[]}"
13_9_3,116.63958515478488,13,10.0,1998,"{""type"":""MultiPoint"",""coordinates"":[]}"
13_9_4,281.12713424414,15,10.0,1998,"{""type"":""MultiPoint"",""coordinates"":[]}"
13_9_5,0.229628618347168,18,10.0,1998,"{""type"":""MultiPoint"",""coordinates"":[]}"
13_9_6,254.66617838933848,21,10.0,1998,"{""type"":""MultiPoint"",""coordinates"":[]}"
13_9_7,8.548546219970671,23,10.0,1998,"{""type"":""MultiPoint"",""coordinates"":[]}"
13_9_8,0.16174368493652339,24,10.0,1998,"{""type"":""MultiPoint"",""coordinates"":[]}"
13_9_9,2.6723294781494125,25,10.0,1998,"{""type"":""MultiPoint"",""coordinates"":[]}"
13_9_10,0.018770446411132808,30,10.0,1998,"{""type"":""MultiPoint"",""coordinates"":[]}"
13_9_11,20.025354544616764,33,10.0,1998,"{""type"":""MultiPoint"",""coordinates"":[]}"
13_9_12,0.6961716986694336,68,10.0,1998,"{""type"":""MultiPoint"",""coordinates"":[]}"
13_10_0,27190.87026740755,3,11.0,1998,"{""type"":""MultiPoint"",""coordinates"":[]}"
13_10_1,7501.12604493264,6,11.0,1998,"{""type"":""MultiPoint"",""coordinates"":[]}"
13_10_2,2223.818762436306,11,11.0,1998,"{""type"":""MultiPoint"",""coordinates"":[]}"
13_10_3,3936.6117865467136,12,11.0,1998,"{""type"":""MultiPoint"",""coordinates"":[]}"
13_10_4,178.57217351342388,13,11.0,1998,"{""type"":""MultiPoint"",""coordinates"":[]}"
13_10_5,343.06619775433427,15,11.0,1998,"{""type"":""MultiPoint"",""coordinates"":[]}"
13_10_6,113.49868263214074,18,11.0,1998,"{""type"":""MultiPoint"",""coordinates"":[]}"
13_10_7,279.64821560870354,21,11.0,1998,"{""type"":""MultiPoint"",""coordinates"":[]}"
13_10_8,23.901501056640676,23,11.0,1998,"{""type"":""MultiPoint"",""coordinates"":[]}"
13_10_9,0.21931863873291013,24,11.0,1998,"{""type"":""MultiPoint"",""coordinates"":[]}"
13_10_10,16.730639648864756,25,11.0,1998,"{""type"":""MultiPoint"",""coordinates"":[]}"
13_10_11,8.916176147460938E-4,27,11.0,1998,"{""type"":""MultiPoint"",""coordinates"":[]}"
13_10_12,17.302457382934545,29,11.0,1998,"{""type"":""MultiPoint"",""coordinates"":[]}"
13_10_13,0.004456799255371093,30,11.0,1998,"{""type"":""MultiPoint"",""coordinates"":[]}"
13_10_14,653.7749843541883,33,11.0,1998,"{""type"":""MultiPoint"",""coordinates"":[]}"
13_10_15,161.3019670303343,68,11.0,1998,"{""type"":""MultiPoint"",""coordinates"":[]}"
13_11_0,46815.19858766093,3,12.0,1998,"{""type"":""MultiPoint"",""coordinates"":[]}"
13_11_1,4355.573943730443,6,12.0,1998,"{""type"":""MultiPoint"",""coordinates"":[]}"
13_11_2,115.11889202050719,11,12.0,1998,"{""type"":""MultiPoint"",""coordinates"":[]}"
13_11_3,500.8002231381829,12,12.0,1998,"{""type"":""MultiPoint"",""coordinates"":[]}"
13_11_4,444.23586573461046,13,12.0,1998,"{""type"":""MultiPoint"",""coordinates"":[]}"
13_11_5,2608.9702325415005,15,12.0,1998,"{""type"":""MultiPoint"",""coordinates"":[]}"
13_11_6,34.773667283203054,18,12.0,1998,"{""type"":""MultiPoint"",""coordinates"":[]}"
13_11_7,189.67196610162355,21,12.0,1998,"{""type"":""MultiPoint"",""coordinates"":[]}"
13_11_8,20.137202500061033,23,12.0,1998,"{""type"":""MultiPoint"",""coordinates"":[]}"
13_11_9,5.3216299033813526,24,12.0,1998,"{""type"":""MultiPoint"",""coordinates"":[]}"
13_11_10,3.379476474243165,25,12.0,1998,"{""type"":""MultiPoint"",""coordinates"":[]}"
13_11_11,0.006251968200683594,30,12.0,1998,"{""type"":""MultiPoint"",""coordinates"":[]}"
13_11_12,356.4882276670523,33,12.0,1998,"{""type"":""MultiPoint"",""coordinates"":[]}"
13_11_13,1.4296409001464863,68,12.0,1998,"{""type"":""MultiPoint"",""coordinates"":[]}"
13_12_0,25222.457566337645,3,13.0,1998,"{""type"":""MultiPoint"",""coordinates"":[]}"
13_12_1,3055.3751953618585,6,13.0,1998,"{""type"":""MultiPoint"",""coordinates"":[]}"
13_12_2,461.21050048138335,11,13.0,1998,"{""type"":""MultiPoint"",""coordinates"":[]}"
13_12_3,6385.383755775684,12,13.0,1998,"{""type"":""MultiPoint"",""coordinates"":[]}"
13_12_4,972.0873999711364,13,13.0,1998,"{""type"":""MultiPoint"",""coordinates"":[]}"
13_12_5,8379.164102239652,15,13.0,1998,"{""type"":""MultiPoint"",""coordinates"":[]}"
13_12_6,81.4166473903203,18,13.0,1998,"{""type"":""MultiPoint"",""coordinates"":[]}"
13_12_7,1386.5619124352445,21,13.0,1998,"{""type"":""MultiPoint"",""coordinates"":[]}"
13_12_8,127.46872135803184,23,13.0,1998,"{""type"":""MultiPoint"",""coordinates"":[]}"
13_12_9,8.261258933105475,24,13.0,1998,"{""type"":""MultiPoint"",""coordinates"":[]}"
13_12_10,43.75603447570774,25,13.0,1998,"{""type"":""MultiPoint"",""coordinates"":[]}"
13_12_11,295.15265025,33,13.0,1998,"{""type"":""MultiPoint"",""coordinates"":[]}"
13_12_12,11.12623783319088,35,13.0,1998,"{""type"":""MultiPoint"",""coordinates"":[]}"
13_12_13,1.785266663452148,68,13.0,1998,"{""type"":""MultiPoint"",""coordinates"":[]}"
14_0_0,0.0017839960327148438,13,1.0,1999,"{""type"":""MultiPoint"",""coordinates"":[]}"
14_1_0,0.001783488037109375,13,2.0,1999,"{""type"":""MultiPoint"",""coordinates"":[]}"
14_2_0,66947.74644307456,3,3.0,1999,"{""type"":""MultiPoint"",""coordinates"":[]}"
14_2_1,5265.929584520598,6,3.0,1999,"{""type"":""MultiPoint"",""coordinates"":[]}"
14_2_2,111.73904121453883,11,3.0,1999,"{""type"":""MultiPoint"",""coordinates"":[]}"
14_2_3,1597.6474156783177,12,3.0,1999,"{""type"":""MultiPoint"",""coordinates"":[]}"
14_2_4,1670.4336608063832,13,3.0,1999,"{""type"":""MultiPoint"",""coordinates"":[]}"
14_2_5,14142.210583455688,15,3.0,1999,"{""type"":""MultiPoint"",""coordinates"":[]}"
14_2_6,34.05185573498534,18,3.0,1999,"{""type"":""MultiPoint"",""coordinates"":[]}"
14_2_7,2198.4878385482334,21,3.0,1999,"{""type"":""MultiPoint"",""coordinates"":[]}"
14_2_8,61.22017214984147,23,3.0,1999,"{""type"":""MultiPoint"",""coordinates"":[]}"
14_2_9,16.55203671478298,24,3.0,1999,"{""type"":""MultiPoint"",""coordinates"":[]}"
14_2_10,11.723563762512207,25,3.0,1999,"{""type"":""MultiPoint"",""coordinates"":[]}"
14_2_11,0.05719224444580078,30,3.0,1999,"{""type"":""MultiPoint"",""coordinates"":[]}"
14_2_12,0.006255595336914063,31,3.0,1999,"{""type"":""MultiPoint"",""coordinates"":[]}"
14_2_13,776.8904044946848,33,3.0,1999,"{""type"":""MultiPoint"",""coordinates"":[]}"
14_2_14,0.5333475567626954,68,3.0,1999,"{""type"":""MultiPoint"",""coordinates"":[]}"
14_3_0,57803.24340276487,3,4.0,1999,"{""type"":""MultiPoint"",""coordinates"":[]}"
14_3_1,8951.920672213744,6,4.0,1999,"{""type"":""MultiPoint"",""coordinates"":[]}"
14_3_2,667.7285454739359,11,4.0,1999,"{""type"":""MultiPoint"",""coordinates"":[]}"
14_3_3,1897.7409096153042,12,4.0,1999,"{""type"":""MultiPoint"",""coordinates"":[]}"
14_3_4,75.36170710131852,13,4.0,1999,"{""type"":""MultiPoint"",""coordinates"":[]}"
14_3_5,28.354052597778413,15,4.0,1999,"{""type"":""MultiPoint"",""coordinates"":[]}"
14_3_6,251.5350741198111,18,4.0,1999,"{""type"":""MultiPoint"",""coordinates"":[]}"
14_3_7,70.303255510559,21,4.0,1999,"{""type"":""MultiPoint"",""coordinates"":[]}"
14_3_8,15.324890786804206,23,4.0,1999,"{""type"":""MultiPoint"",""coordinates"":[]}"
14_3_9,4.765476598937991,24,4.0,1999,"{""type"":""MultiPoint"",""coordinates"":[]}"
14_3_10,14.626159982421882,25,4.0,1999,"{""type"":""MultiPoint"",""coordinates"":[]}"
14_3_11,54.92978476562445,29,4.0,1999,"{""type"":""MultiPoint"",""coordinates"":[]}"
14_3_12,0.15544490167236324,30,4.0,1999,"{""type"":""MultiPoint"",""coordinates"":[]}"
14_3_13,631.4852269885226,33,4.0,1999,"{""type"":""MultiPoint"",""coordinates"":[]}"
14_3_14,193.18318397747353,68,4.0,1999,"{""type"":""MultiPoint"",""coordinates"":[]}"
14_4_0,95078.10421178266,3,5.0,1999,"{""type"":""MultiPoint"",""coordinates"":[]}"
14_4_1,10498.986950778042,6,5.0,1999,"{""type"":""MultiPoint"",""coordinates"":[]}"
14_4_2,954.5076817685435,11,5.0,1999,"{""type"":""MultiPoint"",""coordinates"":[]}"
14_4_3,49.14687171179133,13,5.0,1999,"{""type"":""MultiPoint"",""coordinates"":[]}"
14_4_4,4.237135291015644,15,5.0,1999,"{""type"":""MultiPoint"",""coordinates"":[]}"
14_4_5,387.484321033446,18,5.0,1999,"{""type"":""MultiPoint"",""coordinates"":[]}"
14_4_6,72.15362585791058,21,5.0,1999,"{""type"":""MultiPoint"",""coordinates"":[]}"
14_4_7,34.36339862084959,23,5.0,1999,"{""type"":""MultiPoint"",""coordinates"":[]}"
14_4_8,4.621091576843243,24,5.0,1999,"{""type"":""MultiPoint"",""coordinates"":[]}"
14_4_9,2.1467037252807635,25,5.0,1999,"{""type"":""MultiPoint"",""coordinates"":[]}"
14_4_10,0.1854881119995116,30,5.0,1999,"{""type"":""MultiPoint"",""coordinates"":[]}"
14_4_11,1565.0525682271807,33,5.0,1999,"{""type"":""MultiPoint"",""coordinates"":[]}"
14_4_12,3.728646059082026,68,5.0,1999,"{""type"":""MultiPoint"",""coordinates"":[]}"
14_5_0,49314.64704417966,3,6.0,1999,"{""type"":""MultiPoint"",""coordinates"":[]}"
14_5_1,2353.369870738897,6,6.0,1999,"{""type"":""MultiPoint"",""coordinates"":[]}"
14_5_2,70.94932003399605,11,6.0,1999,"{""type"":""MultiPoint"",""coordinates"":[]}"
14_5_3,426.3114032379678,13,6.0,1999,"{""type"":""MultiPoint"",""coordinates"":[]}"
14_5_4,51.0915413096928,15,6.0,1999,"{""type"":""MultiPoint"",""coordinates"":[]}"
14_5_5,362.2713883315424,18,6.0,1999,"{""type"":""MultiPoint"",""coordinates"":[]}"
14_5_6,110.09346545556676,21,6.0,1999,"{""type"":""MultiPoint"",""coordinates"":[]}"
14_5_7,1.5123564971313477,23,6.0,1999,"{""type"":""MultiPoint"",""coordinates"":[]}"
14_5_8,1.178027027954102,24,6.0,1999,"{""type"":""MultiPoint"",""coordinates"":[]}"
14_5_9,3.684336036743164,25,6.0,1999,"{""type"":""MultiPoint"",""coordinates"":[]}"
14_5_10,1.6758081607666044,29,6.0,1999,"{""type"":""MultiPoint"",""coordinates"":[]}"
14_5_11,0.1725198162231445,30,6.0,1999,"{""type"":""MultiPoint"",""coordinates"":[]}"
14_5_12,426.7935939347518,33,6.0,1999,"{""type"":""MultiPoint"",""coordinates"":[]}"
14_5_13,3.7601628932495124,68,6.0,1999,"{""type"":""MultiPoint"",""coordinates"":[]}"
14_6_0,18050.96580440544,3,7.0,1999,"{""type"":""MultiPoint"",""coordinates"":[]}"
14_6_1,1898.288500864521,6,7.0,1999,"{""type"":""MultiPoint"",""coordinates"":[]}"
14_6_2,67.9703980618969,11,7.0,1999,"{""type"":""MultiPoint"",""coordinates"":[]}"
14_6_3,68.94954105230747,13,7.0,1999,"{""type"":""MultiPoint"",""coordinates"":[]}"
14_6_4,4466.265286650193,15,7.0,1999,"{""type"":""MultiPoint"",""coordinates"":[]}"
14_6_5,103.43230021325641,18,7.0,1999,"{""type"":""MultiPoint"",""coordinates"":[]}"
14_6_6,707.4556908448994,21,7.0,1999,"{""type"":""MultiPoint"",""coordinates"":[]}"
14_6_7,33.65772333746337,23,7.0,1999,"{""type"":""MultiPoint"",""coordinates"":[]}"
14_6_8,12.910371471374532,24,7.0,1999,"{""type"":""MultiPoint"",""coordinates"":[]}"
14_6_9,24.061612193786655,25,7.0,1999,"{""type"":""MultiPoint"",""coordinates"":[]}"
14_6_10,0.02413436730957031,27,7.0,1999,"{""type"":""MultiPoint"",""coordinates"":[]}"
14_6_11,0.2127277575073245,30,7.0,1999,"{""type"":""MultiPoint"",""coordinates"":[]}"
14_6_12,0.9967272246704104,31,7.0,1999,"{""type"":""MultiPoint"",""coordinates"":[]}"
14_6_13,385.4784571790756,33,7.0,1999,"{""type"":""MultiPoint"",""coordinates"":[]}"
14_6_14,1.021573241943358,68,7.0,1999,"{""type"":""MultiPoint"",""coordinates"":[]}"
14_7_0,0.0017843005981445312,13,8.0,1999,"{""type"":""MultiPoint"",""coordinates"":[]}"
14_8_0,2406.906500396052,3,9.0,1999,"{""type"":""MultiPoint"",""coordinates"":[]}"
14_8_1,23.223900651489526,11,9.0,1999,"{""type"":""MultiPoint"",""coordinates"":[]}"
14_8_2,167.9273273922175,13,9.0,1999,"{""type"":""MultiPoint"",""coordinates"":[]}"
14_8_3,91.7778837146609,15,9.0,1999,"{""type"":""MultiPoint"",""coordinates"":[]}"
14_8_4,41.21217609832723,18,9.0,1999,"{""type"":""MultiPoint"",""coordinates"":[]}"
14_8_5,113.09177546472327,21,9.0,1999,"{""type"":""MultiPoint"",""coordinates"":[]}"
14_8_6,1.8799735201416024,23,9.0,1999,"{""type"":""MultiPoint"",""coordinates"":[]}"
14_8_7,0.47375029333496066,24,9.0,1999,"{""type"":""MultiPoint"",""coordinates"":[]}"
14_8_8,1.2380903749999994,25,9.0,1999,"{""type"":""MultiPoint"",""coordinates"":[]}"
14_8_9,0.8581711245117202,27,9.0,1999,"{""type"":""MultiPoint"",""coordinates"":[]}"
14_8_10,49.40951547638106,33,9.0,1999,"{""type"":""MultiPoint"",""coordinates"":[]}"
14_8_11,0.4049428569335938,68,9.0,1999,"{""type"":""MultiPoint"",""coordinates"":[]}"
14_9_0,4213.575480258577,3,10.0,1999,"{""type"":""MultiPoint"",""coordinates"":[]}"
14_9_1,8.031954074218904,6,10.0,1999,"{""type"":""MultiPoint"",""coordinates"":[]}"
14_9_2,1.6132972658691407,11,10.0,1999,"{""type"":""MultiPoint"",""coordinates"":[]}"
14_9_3,118.20972752172746,13,10.0,1999,"{""type"":""MultiPoint"",""coordinates"":[]}"
14_9_4,295.05954128155406,15,10.0,1999,"{""type"":""MultiPoint"",""coordinates"":[]}"
14_9_5,0.39313919995117147,18,10.0,1999,"{""type"":""MultiPoint"",""coordinates"":[]}"
14_9_6,264.9656038911739,21,10.0,1999,"{""type"":""MultiPoint"",""coordinates"":[]}"
14_9_7,7.215630409851052,23,10.0,1999,"{""type"":""MultiPoint"",""coordinates"":[]}"
14_9_8,0.190337919128418,24,10.0,1999,"{""type"":""MultiPoint"",""coordinates"":[]}"
14_9_9,2.0386060762329103,25,10.0,1999,"{""type"":""MultiPoint"",""coordinates"":[]}"
14_9_10,0.016982783569335937,30,10.0,1999,"{""type"":""MultiPoint"",""coordinates"":[]}"
14_9_11,23.379842947143437,33,10.0,1999,"{""type"":""MultiPoint"",""coordinates"":[]}"
14_9_12,0.907080178955078,68,10.0,1999,"{""type"":""MultiPoint"",""coordinates"":[]}"
14_10_0,27218.94743654314,3,11.0,1999,"{""type"":""MultiPoint"",""coordinates"":[]}"
14_10_1,7431.421751386951,6,11.0,1999,"{""type"":""MultiPoint"",""coordinates"":[]}"
14_10_2,2181.423524956992,11,11.0,1999,"{""type"":""MultiPoint"",""coordinates"":[]}"
14_10_3,3970.821890186154,12,11.0,1999,"{""type"":""MultiPoint"",""coordinates"":[]}"
14_10_4,180.47731126806372,13,11.0,1999,"{""type"":""MultiPoint"",""coordinates"":[]}"
14_10_5,346.4136315438234,15,11.0,1999,"{""type"":""MultiPoint"",""coordinates"":[]}"
14_10_6,133.2844909669185,18,11.0,1999,"{""type"":""MultiPoint"",""coordinates"":[]}"
14_10_7,290.2323823729854,21,11.0,1999,"{""type"":""MultiPoint"",""coordinates"":[]}"
14_10_8,21.429483497924835,23,11.0,1999,"{""type"":""MultiPoint"",""coordinates"":[]}"
14_10_9,0.22466769097900388,24,11.0,1999,"{""type"":""MultiPoint"",""coordinates"":[]}"
14_10_10,16.58811958447266,25,11.0,1999,"{""type"":""MultiPoint"",""coordinates"":[]}"
14_10_11,8.916176147460938E-4,27,11.0,1999,"{""type"":""MultiPoint"",""coordinates"":[]}"
14_10_12,17.543896861877386,29,11.0,1999,"{""type"":""MultiPoint"",""coordinates"":[]}"
14_10_13,0.008913398742675781,30,11.0,1999,"{""type"":""MultiPoint"",""coordinates"":[]}"
14_10_14,674.2688044546512,33,11.0,1999,"{""type"":""MultiPoint"",""coordinates"":[]}"
14_10_15,157.36115102911205,68,11.0,1999,"{""type"":""MultiPoint"",""coordinates"":[]}"
14_11_0,46759.063960649844,3,12.0,1999,"{""type"":""MultiPoint"",""coordinates"":[]}"
14_11_1,4338.2319827686115,6,12.0,1999,"{""type"":""MultiPoint"",""coordinates"":[]}"
14_11_2,116.27398744970647,11,12.0,1999,"{""type"":""MultiPoint"",""coordinates"":[]}"
14_11_3,496.14730074306,12,12.0,1999,"{""type"":""MultiPoint"",""coordinates"":[]}"
14_11_4,438.3076714465863,13,12.0,1999,"{""type"":""MultiPoint"",""coordinates"":[]}"
14_11_5,2683.142182287351,15,12.0,1999,"{""type"":""MultiPoint"",""coordinates"":[]}"
14_11_6,32.02190964422601,18,12.0,1999,"{""type"":""MultiPoint"",""coordinates"":[]}"
14_11_7,187.80985348571764,21,12.0,1999,"{""type"":""MultiPoint"",""coordinates"":[]}"
14_11_8,27.576290442443884,23,12.0,1999,"{""type"":""MultiPoint"",""coordinates"":[]}"
14_11_9,5.420766942321779,24,12.0,1999,"{""type"":""MultiPoint"",""coordinates"":[]}"
14_11_10,5.850076823608403,25,12.0,1999,"{""type"":""MultiPoint"",""coordinates"":[]}"
14_11_11,358.6469776676021,33,12.0,1999,"{""type"":""MultiPoint"",""coordinates"":[]}"
14_11_12,2.6128472729492205,68,12.0,1999,"{""type"":""MultiPoint"",""coordinates"":[]}"
14_12_0,25203.997732830227,3,13.0,1999,"{""type"":""MultiPoint"",""coordinates"":[]}"
14_12_1,2971.3574447270526,6,13.0,1999,"{""type"":""MultiPoint"",""coordinates"":[]}"
14_12_2,463.12733137866144,11,13.0,1999,"{""type"":""MultiPoint"",""coordinates"":[]}"
14_12_3,6332.757343239365,12,13.0,1999,"{""type"":""MultiPoint"",""coordinates"":[]}"
14_12_4,970.3181712512858,13,13.0,1999,"{""type"":""MultiPoint"",""coordinates"":[]}"
14_12_5,8535.598768732325,15,13.0,1999,"{""type"":""MultiPoint"",""coordinates"":[]}"
14_12_6,111.64645336932422,18,13.0,1999,"{""type"":""MultiPoint"",""coordinates"":[]}"
14_12_7,1350.4678904079008,21,13.0,1999,"{""type"":""MultiPoint"",""coordinates"":[]}"
14_12_8,115.3629059955443,23,13.0,1999,"{""type"":""MultiPoint"",""coordinates"":[]}"
14_12_9,8.330006900329597,24,13.0,1999,"{""type"":""MultiPoint"",""coordinates"":[]}"
14_12_10,33.27537307934574,25,13.0,1999,"{""type"":""MultiPoint"",""coordinates"":[]}"
14_12_11,0.060683618408203126,31,13.0,1999,"{""type"":""MultiPoint"",""coordinates"":[]}"
14_12_12,320.61170452209376,33,13.0,1999,"{""type"":""MultiPoint"",""coordinates"":[]}"
14_12_13,12.173011356140117,35,13.0,1999,"{""type"":""MultiPoint"",""coordinates"":[]}"
14_12_14,2.1224280980224615,68,13.0,1999,"{""type"":""MultiPoint"",""coordinates"":[]}"
15_0_0,0.0017839960327148438,13,1.0,2000,"{""type"":""MultiPoint"",""coordinates"":[]}"
15_1_0,0.001783488037109375,13,2.0,2000,"{""type"":""MultiPoint"",""coordinates"":[]}"
15_2_0,66443.44945599027,3,3.0,2000,"{""type"":""MultiPoint"",""coordinates"":[]}"
15_2_1,5241.020848880755,6,3.0,2000,"{""type"":""MultiPoint"",""coordinates"":[]}"
15_2_2,110.77000307910181,11,3.0,2000,"{""type"":""MultiPoint"",""coordinates"":[]}"
15_2_3,1593.3241221541014,12,3.0,2000,"{""type"":""MultiPoint"",""coordinates"":[]}"
15_2_4,1736.7232224346717,13,3.0,2000,"{""type"":""MultiPoint"",""coordinates"":[]}"
15_2_5,14465.360490162953,15,3.0,2000,"{""type"":""MultiPoint"",""coordinates"":[]}"
15_2_6,33.7801569167482,18,3.0,2000,"{""type"":""MultiPoint"",""coordinates"":[]}"
15_2_7,2334.237941350812,21,3.0,2000,"{""type"":""MultiPoint"",""coordinates"":[]}"
15_2_8,47.8421271465455,23,3.0,2000,"{""type"":""MultiPoint"",""coordinates"":[]}"
15_2_9,17.080144964477853,24,3.0,2000,"{""type"":""MultiPoint"",""coordinates"":[]}"
15_2_10,24.382661198730418,25,3.0,2000,"{""type"":""MultiPoint"",""coordinates"":[]}"
15_2_11,0.06612893286132812,30,3.0,2000,"{""type"":""MultiPoint"",""coordinates"":[]}"
15_2_12,0.025022380310058594,31,3.0,2000,"{""type"":""MultiPoint"",""coordinates"":[]}"
15_2_13,786.8598308276921,33,3.0,2000,"{""type"":""MultiPoint"",""coordinates"":[]}"
15_2_14,0.30723913140869136,68,3.0,2000,"{""type"":""MultiPoint"",""coordinates"":[]}"
15_3_0,57712.5847244585,3,4.0,2000,"{""type"":""MultiPoint"",""coordinates"":[]}"
15_3_1,8986.49813951412,6,4.0,2000,"{""type"":""MultiPoint"",""coordinates"":[]}"
15_3_2,662.9014631322618,11,4.0,2000,"{""type"":""MultiPoint"",""coordinates"":[]}"
15_3_3,1935.0696697645071,12,4.0,2000,"{""type"":""MultiPoint"",""coordinates"":[]}"
15_3_4,79.74863745861832,13,4.0,2000,"{""type"":""MultiPoint"",""coordinates"":[]}"
15_3_5,31.10366665655524,15,4.0,2000,"{""type"":""MultiPoint"",""coordinates"":[]}"
15_3_6,265.6114790873408,18,4.0,2000,"{""type"":""MultiPoint"",""coordinates"":[]}"
15_3_7,71.71339853442382,21,4.0,2000,"{""type"":""MultiPoint"",""coordinates"":[]}"
15_3_8,2.3755688748779296,23,4.0,2000,"{""type"":""MultiPoint"",""coordinates"":[]}"
15_3_9,4.885933479919437,24,4.0,2000,"{""type"":""MultiPoint"",""coordinates"":[]}"
15_3_10,16.322339540588395,25,4.0,2000,"{""type"":""MultiPoint"",""coordinates"":[]}"
15_3_11,54.17012739221125,29,4.0,2000,"{""type"":""MultiPoint"",""coordinates"":[]}"
15_3_12,0.15633661541748048,30,4.0,2000,"{""type"":""MultiPoint"",""coordinates"":[]}"
15_3_13,645.4532754165623,33,4.0,2000,"{""type"":""MultiPoint"",""coordinates"":[]}"
15_3_14,192.0630274731255,68,4.0,2000,"{""type"":""MultiPoint"",""coordinates"":[]}"
15_4_0,94869.9074318016,3,5.0,2000,"{""type"":""MultiPoint"",""coordinates"":[]}"
15_4_1,10687.348096601942,6,5.0,2000,"{""type"":""MultiPoint"",""coordinates"":[]}"
15_4_2,977.9475675255621,11,5.0,2000,"{""type"":""MultiPoint"",""coordinates"":[]}"
15_4_3,52.79893875158618,13,5.0,2000,"{""type"":""MultiPoint"",""coordinates"":[]}"
15_4_4,4.186200877563495,15,5.0,2000,"{""type"":""MultiPoint"",""coordinates"":[]}"
15_4_5,394.82672619909465,18,5.0,2000,"{""type"":""MultiPoint"",""coordinates"":[]}"
15_4_6,71.14264616662612,21,5.0,2000,"{""type"":""MultiPoint"",""coordinates"":[]}"
15_4_7,25.038798044006338,23,5.0,2000,"{""type"":""MultiPoint"",""coordinates"":[]}"
15_4_8,4.679040741394021,24,5.0,2000,"{""type"":""MultiPoint"",""coordinates"":[]}"
15_4_9,1.7281313602294928,25,5.0,2000,"{""type"":""MultiPoint"",""coordinates"":[]}"
15_4_10,0.19173049310302717,30,5.0,2000,"{""type"":""MultiPoint"",""coordinates"":[]}"
15_4_11,1557.019453981093,33,5.0,2000,"{""type"":""MultiPoint"",""coordinates"":[]}"
15_4_12,7.903932000549317,68,5.0,2000,"{""type"":""MultiPoint"",""coordinates"":[]}"
15_5_0,49321.617785128416,3,6.0,2000,"{""type"":""MultiPoint"",""coordinates"":[]}"
15_5_1,2334.4914257535247,6,6.0,2000,"{""type"":""MultiPoint"",""coordinates"":[]}"
15_5_2,71.46686976782162,11,6.0,2000,"{""type"":""MultiPoint"",""coordinates"":[]}"
15_5_3,427.86423092881876,13,6.0,2000,"{""type"":""MultiPoint"",""coordinates"":[]}"
15_5_4,49.89736117272981,15,6.0,2000,"{""type"":""MultiPoint"",""coordinates"":[]}"
15_5_5,362.46537262731965,18,6.0,2000,"{""type"":""MultiPoint"",""coordinates"":[]}"
15_5_6,115.22420813916071,21,6.0,2000,"{""type"":""MultiPoint"",""coordinates"":[]}"
15_5_7,0.6337415729980471,23,6.0,2000,"{""type"":""MultiPoint"",""coordinates"":[]}"
15_5_8,1.2137746957397468,24,6.0,2000,"{""type"":""MultiPoint"",""coordinates"":[]}"
15_5_9,4.329689018005372,25,6.0,2000,"{""type"":""MultiPoint"",""coordinates"":[]}"
15_5_10,1.7178158813476587,29,6.0,2000,"{""type"":""MultiPoint"",""coordinates"":[]}"
15_5_11,0.20290993328857412,30,6.0,2000,"{""type"":""MultiPoint"",""coordinates"":[]}"
15_5_12,428.1655111812719,33,6.0,2000,"{""type"":""MultiPoint"",""coordinates"":[]}"
15_5_13,8.22014185339352,68,6.0,2000,"{""type"":""MultiPoint"",""coordinates"":[]}"
15_6_0,17937.801391386514,3,7.0,2000,"{""type"":""MultiPoint"",""coordinates"":[]}"
15_6_1,1917.2976647189569,6,7.0,2000,"{""type"":""MultiPoint"",""coordinates"":[]}"
15_6_2,69.027061776497,11,7.0,2000,"{""type"":""MultiPoint"",""coordinates"":[]}"
15_6_3,69.57888480218548,13,7.0,2000,"{""type"":""MultiPoint"",""coordinates"":[]}"
15_6_4,4613.263877585514,15,7.0,2000,"{""type"":""MultiPoint"",""coordinates"":[]}"
15_6_5,89.31421428472616,18,7.0,2000,"{""type"":""MultiPoint"",""coordinates"":[]}"
15_6_6,657.532358329574,21,7.0,2000,"{""type"":""MultiPoint"",""coordinates"":[]}"
15_6_7,42.943431739257875,23,7.0,2000,"{""type"":""MultiPoint"",""coordinates"":[]}"
15_6_8,13.34301028955079,24,7.0,2000,"{""type"":""MultiPoint"",""coordinates"":[]}"
15_6_9,28.600957829406738,25,7.0,2000,"{""type"":""MultiPoint"",""coordinates"":[]}"
15_6_10,0.02413436730957031,27,7.0,2000,"{""type"":""MultiPoint"",""coordinates"":[]}"
15_6_11,0.22613548480224643,30,7.0,2000,"{""type"":""MultiPoint"",""coordinates"":[]}"
15_6_12,1.0128173088378905,31,7.0,2000,"{""type"":""MultiPoint"",""coordinates"":[]}"
15_6_13,380.2922082318071,33,7.0,2000,"{""type"":""MultiPoint"",""coordinates"":[]}"
15_6_14,1.4327007309570323,68,7.0,2000,"{""type"":""MultiPoint"",""coordinates"":[]}"
15_7_0,0.0017843005981445312,13,8.0,2000,"{""type"":""MultiPoint"",""coordinates"":[]}"
15_8_0,2394.706329946525,3,9.0,2000,"{""type"":""MultiPoint"",""coordinates"":[]}"
15_8_1,23.288257009704893,11,9.0,2000,"{""type"":""MultiPoint"",""coordinates"":[]}"
15_8_2,167.39284781476525,13,9.0,2000,"{""type"":""MultiPoint"",""coordinates"":[]}"
15_8_3,101.27591409893982,15,9.0,2000,"{""type"":""MultiPoint"",""coordinates"":[]}"
15_8_4,36.59699687359594,18,9.0,2000,"{""type"":""MultiPoint"",""coordinates"":[]}"
15_8_5,118.82586475091657,21,9.0,2000,"{""type"":""MultiPoint"",""coordinates"":[]}"
15_8_6,2.9911502925415094,23,9.0,2000,"{""type"":""MultiPoint"",""coordinates"":[]}"
15_8_7,0.5032481209106443,24,9.0,2000,"{""type"":""MultiPoint"",""coordinates"":[]}"
15_8_8,1.4025603162231453,25,9.0,2000,"{""type"":""MultiPoint"",""coordinates"":[]}"
15_8_9,0.8581711245117202,27,9.0,2000,"{""type"":""MultiPoint"",""coordinates"":[]}"
15_8_10,50.03972782928631,33,9.0,2000,"{""type"":""MultiPoint"",""coordinates"":[]}"
15_8_11,0.5229391858520507,68,9.0,2000,"{""type"":""MultiPoint"",""coordinates"":[]}"
15_9_0,4204.081705511582,3,10.0,2000,"{""type"":""MultiPoint"",""coordinates"":[]}"
15_9_1,8.224128187561153,6,10.0,2000,"{""type"":""MultiPoint"",""coordinates"":[]}"
15_9_2,1.711617417541506,11,10.0,2000,"{""type"":""MultiPoint"",""coordinates"":[]}"
15_9_3,117.95866118328777,13,10.0,2000,"{""type"":""MultiPoint"",""coordinates"":[]}"
15_9_4,312.97779164905245,15,10.0,2000,"{""type"":""MultiPoint"",""coordinates"":[]}"
15_9_5,0.4905277929077145,18,10.0,2000,"{""type"":""MultiPoint"",""coordinates"":[]}"
15_9_6,257.69852856420766,21,10.0,2000,"{""type"":""MultiPoint"",""coordinates"":[]}"
15_9_7,8.603063319702173,23,10.0,2000,"{""type"":""MultiPoint"",""coordinates"":[]}"
15_9_8,0.19659364868164064,24,10.0,2000,"{""type"":""MultiPoint"",""coordinates"":[]}"
15_9_9,2.0671082210693346,25,10.0,2000,"{""type"":""MultiPoint"",""coordinates"":[]}"
15_9_10,0.01698278350830078,30,10.0,2000,"{""type"":""MultiPoint"",""coordinates"":[]}"
15_9_11,20.422137386352677,33,10.0,2000,"{""type"":""MultiPoint"",""coordinates"":[]}"
15_9_12,1.148378142395017,68,10.0,2000,"{""type"":""MultiPoint"",""coordinates"":[]}"
15_10_0,27198.612886361687,3,11.0,2000,"{""type"":""MultiPoint"",""coordinates"":[]}"
15_10_1,7405.802351645805,6,11.0,2000,"{""type"":""MultiPoint"",""coordinates"":[]}"
15_10_2,2174.452947456324,11,11.0,2000,"{""type"":""MultiPoint"",""coordinates"":[]}"
15_10_3,3981.6882265062955,12,11.0,2000,"{""type"":""MultiPoint"",""coordinates"":[]}"
15_10_4,179.6449842882059,13,11.0,2000,"{""type"":""MultiPoint"",""coordinates"":[]}"
15_10_5,372.8893423356962,15,11.0,2000,"{""type"":""MultiPoint"",""coordinates"":[]}"
15_10_6,130.48582903204348,18,11.0,2000,"{""type"":""MultiPoint"",""coordinates"":[]}"
15_10_7,296.7072283001709,21,11.0,2000,"{""type"":""MultiPoint"",""coordinates"":[]}"
15_10_8,11.24388418707279,23,11.0,2000,"{""type"":""MultiPoint"",""coordinates"":[]}"
15_10_9,0.22555947424316403,24,11.0,2000,"{""type"":""MultiPoint"",""coordinates"":[]}"
15_10_10,19.44662679565427,25,11.0,2000,"{""type"":""MultiPoint"",""coordinates"":[]}"
15_10_11,8.916176147460938E-4,27,11.0,2000,"{""type"":""MultiPoint"",""coordinates"":[]}"
15_10_12,18.10170779394524,29,11.0,2000,"{""type"":""MultiPoint"",""coordinates"":[]}"
15_10_13,0.0026739946289062503,30,11.0,2000,"{""type"":""MultiPoint"",""coordinates"":[]}"
15_10_14,683.7091731439839,33,11.0,2000,"{""type"":""MultiPoint"",""coordinates"":[]}"
15_10_15,167.4340344269401,68,11.0,2000,"{""type"":""MultiPoint"",""coordinates"":[]}"
15_11_0,46549.75984371448,3,12.0,2000,"{""type"":""MultiPoint"",""coordinates"":[]}"
15_11_1,4435.210327903115,6,12.0,2000,"{""type"":""MultiPoint"",""coordinates"":[]}"
15_11_2,110.28841499450635,11,12.0,2000,"{""type"":""MultiPoint"",""coordinates"":[]}"
15_11_3,500.562090937876,12,12.0,2000,"{""type"":""MultiPoint"",""coordinates"":[]}"
15_11_4,435.37508864910575,13,12.0,2000,"{""type"":""MultiPoint"",""coordinates"":[]}"
15_11_5,2804.6574987071785,15,12.0,2000,"{""type"":""MultiPoint"",""coordinates"":[]}"
15_11_6,33.27163000054925,18,12.0,2000,"{""type"":""MultiPoint"",""coordinates"":[]}"
15_11_7,193.7951320527952,21,12.0,2000,"{""type"":""MultiPoint"",""coordinates"":[]}"
15_11_8,23.248593683837928,23,12.0,2000,"{""type"":""MultiPoint"",""coordinates"":[]}"
15_11_9,5.513679838073733,24,12.0,2000,"{""type"":""MultiPoint"",""coordinates"":[]}"
15_11_10,2.899461843933108,25,12.0,2000,"{""type"":""MultiPoint"",""coordinates"":[]}"
15_11_11,0.1920286030273438,30,12.0,2000,"{""type"":""MultiPoint"",""coordinates"":[]}"
15_11_12,353.1266861928705,33,12.0,2000,"{""type"":""MultiPoint"",""coordinates"":[]}"
15_11_13,3.2053305028076196,68,12.0,2000,"{""type"":""MultiPoint"",""coordinates"":[]}"
15_12_0,25062.770523125386,3,13.0,2000,"{""type"":""MultiPoint"",""coordinates"":[]}"
15_12_1,2916.302781515926,6,13.0,2000,"{""type"":""MultiPoint"",""coordinates"":[]}"
15_12_2,454.667254336974,11,13.0,2000,"{""type"":""MultiPoint"",""coordinates"":[]}"
15_12_3,6301.139864889779,12,13.0,2000,"{""type"":""MultiPoint"",""coordinates"":[]}"
15_12_4,971.5733347924432,13,13.0,2000,"{""type"":""MultiPoint"",""coordinates"":[]}"
15_12_5,8600.487954729484,15,13.0,2000,"{""type"":""MultiPoint"",""coordinates"":[]}"
15_12_6,171.8879035804462,18,13.0,2000,"{""type"":""MultiPoint"",""coordinates"":[]}"
15_12_7,1457.5179589059428,21,13.0,2000,"{""type"":""MultiPoint"",""coordinates"":[]}"
15_12_8,130.26760271655345,23,13.0,2000,"{""type"":""MultiPoint"",""coordinates"":[]}"
15_12_9,8.480873312500007,24,13.0,2000,"{""type"":""MultiPoint"",""coordinates"":[]}"
15_12_10,21.26070274487304,25,13.0,2000,"{""type"":""MultiPoint"",""coordinates"":[]}"
15_12_11,0.023227240356445314,30,13.0,2000,"{""type"":""MultiPoint"",""coordinates"":[]}"
15_12_12,0.09280948962402338,31,13.0,2000,"{""type"":""MultiPoint"",""coordinates"":[]}"
15_12_13,317.42448418353223,33,13.0,2000,"{""type"":""MultiPoint"",""coordinates"":[]}"
15_12_14,15.280367607360823,35,13.0,2000,"{""type"":""MultiPoint"",""coordinates"":[]}"
15_12_15,2.0296063354492175,68,13.0,2000,"{""type"":""MultiPoint"",""coordinates"":[]}"
16_0_0,0.0017839960327148438,13,1.0,2001,"{""type"":""MultiPoint"",""coordinates"":[]}"
16_1_0,0.001783488037109375,13,2.0,2001,"{""type"":""MultiPoint"",""coordinates"":[]}"
16_2_0,65998.92931550628,3,3.0,2001,"{""type"":""MultiPoint"",""coordinates"":[]}"
16_2_1,5502.016317400207,6,3.0,2001,"{""type"":""MultiPoint"",""coordinates"":[]}"
16_2_2,105.41577017456054,11,3.0,2001,"{""type"":""MultiPoint"",""coordinates"":[]}"
16_2_3,1588.6923740638,12,3.0,2001,"{""type"":""MultiPoint"",""coordinates"":[]}"
16_2_4,1749.355343212637,13,3.0,2001,"{""type"":""MultiPoint"",""coordinates"":[]}"
16_2_5,14606.638223200534,15,3.0,2001,"{""type"":""MultiPoint"",""coordinates"":[]}"
16_2_6,35.561738205932706,18,3.0,2001,"{""type"":""MultiPoint"",""coordinates"":[]}"
16_2_7,2359.808471968658,21,3.0,2001,"{""type"":""MultiPoint"",""coordinates"":[]}"
16_2_8,80.20505472045909,23,3.0,2001,"{""type"":""MultiPoint"",""coordinates"":[]}"
16_2_9,17.441167311157567,24,3.0,2001,"{""type"":""MultiPoint"",""coordinates"":[]}"
16_2_10,22.753158528869637,25,3.0,2001,"{""type"":""MultiPoint"",""coordinates"":[]}"
16_2_11,0.06612893615722655,30,3.0,2001,"{""type"":""MultiPoint"",""coordinates"":[]}"
16_2_12,0.02323506726074219,31,3.0,2001,"{""type"":""MultiPoint"",""coordinates"":[]}"
16_2_13,767.8173698468585,33,3.0,2001,"{""type"":""MultiPoint"",""coordinates"":[]}"
16_2_14,0.5057274075927733,68,3.0,2001,"{""type"":""MultiPoint"",""coordinates"":[]}"
16_3_0,57686.25930003475,3,4.0,2001,"{""type"":""MultiPoint"",""coordinates"":[]}"
16_3_1,8979.162601198463,6,4.0,2001,"{""type"":""MultiPoint"",""coordinates"":[]}"
16_3_2,663.7528522012883,11,4.0,2001,"{""type"":""MultiPoint"",""coordinates"":[]}"
16_3_3,1938.4381141085014,12,4.0,2001,"{""type"":""MultiPoint"",""coordinates"":[]}"
16_3_4,80.55535559356714,13,4.0,2001,"{""type"":""MultiPoint"",""coordinates"":[]}"
16_3_5,34.67827002136233,15,4.0,2001,"{""type"":""MultiPoint"",""coordinates"":[]}"
16_3_6,273.54568522448614,18,4.0,2001,"{""type"":""MultiPoint"",""coordinates"":[]}"
16_3_7,74.14182389007564,21,4.0,2001,"{""type"":""MultiPoint"",""coordinates"":[]}"
16_3_8,25.005561622863745,23,4.0,2001,"{""type"":""MultiPoint"",""coordinates"":[]}"
16_3_9,4.9876503298950245,24,4.0,2001,"{""type"":""MultiPoint"",""coordinates"":[]}"
16_3_10,16.846519899414073,25,4.0,2001,"{""type"":""MultiPoint"",""coordinates"":[]}"
16_3_11,52.65833350183027,29,4.0,2001,"{""type"":""MultiPoint"",""coordinates"":[]}"
16_3_12,0.15276566900634764,30,4.0,2001,"{""type"":""MultiPoint"",""coordinates"":[]}"
16_3_13,624.9995841909151,33,4.0,2001,"{""type"":""MultiPoint"",""coordinates"":[]}"
16_3_14,205.4733699122199,68,4.0,2001,"{""type"":""MultiPoint"",""coordinates"":[]}"
16_4_0,94835.20239415826,3,5.0,2001,"{""type"":""MultiPoint"",""coordinates"":[]}"
16_4_1,10741.02888700555,6,5.0,2001,"{""type"":""MultiPoint"",""coordinates"":[]}"
16_4_2,967.4502653244501,11,5.0,2001,"{""type"":""MultiPoint"",""coordinates"":[]}"
16_4_3,56.72902734545825,13,5.0,2001,"{""type"":""MultiPoint"",""coordinates"":[]}"
16_4_4,4.547803243530303,15,5.0,2001,"{""type"":""MultiPoint"",""coordinates"":[]}"
16_4_5,388.4920669822387,18,5.0,2001,"{""type"":""MultiPoint"",""coordinates"":[]}"
16_4_6,71.60396761712619,21,5.0,2001,"{""type"":""MultiPoint"",""coordinates"":[]}"
16_4_7,35.212106239685,23,5.0,2001,"{""type"":""MultiPoint"",""coordinates"":[]}"
16_4_8,4.72189761853025,24,5.0,2001,"{""type"":""MultiPoint"",""coordinates"":[]}"
16_4_9,1.894086237976075,25,5.0,2001,"{""type"":""MultiPoint"",""coordinates"":[]}"
16_4_10,0.1712200472412111,30,5.0,2001,"{""type"":""MultiPoint"",""coordinates"":[]}"
16_4_11,1539.7799952920639,33,5.0,2001,"{""type"":""MultiPoint"",""coordinates"":[]}"
16_4_12,7.884977433105465,68,5.0,2001,"{""type"":""MultiPoint"",""coordinates"":[]}"
16_5_0,49310.777898882094,3,6.0,2001,"{""type"":""MultiPoint"",""coordinates"":[]}"
16_5_1,2338.056196210706,6,6.0,2001,"{""type"":""MultiPoint"",""coordinates"":[]}"
16_5_2,71.86820544940122,11,6.0,2001,"{""type"":""MultiPoint"",""coordinates"":[]}"
16_5_3,434.89731384594177,13,6.0,2001,"{""type"":""MultiPoint"",""coordinates"":[]}"
16_5_4,54.04815023211714,15,6.0,2001,"{""type"":""MultiPoint"",""coordinates"":[]}"
16_5_5,359.3087599616714,18,6.0,2001,"{""type"":""MultiPoint"",""coordinates"":[]}"
16_5_6,116.03061109405579,21,6.0,2001,"{""type"":""MultiPoint"",""coordinates"":[]}"
16_5_7,0.9394352387084964,23,6.0,2001,"{""type"":""MultiPoint"",""coordinates"":[]}"
16_5_8,1.236121260620118,24,6.0,2001,"{""type"":""MultiPoint"",""coordinates"":[]}"
16_5_9,4.67911435296631,25,6.0,2001,"{""type"":""MultiPoint"",""coordinates"":[]}"
16_5_10,1.7204985307006861,29,6.0,2001,"{""type"":""MultiPoint"",""coordinates"":[]}"
16_5_11,0.22078511340332027,30,6.0,2001,"{""type"":""MultiPoint"",""coordinates"":[]}"
16_5_12,427.45761177526606,33,6.0,2001,"{""type"":""MultiPoint"",""coordinates"":[]}"
16_5_13,6.270135706115719,68,6.0,2001,"{""type"":""MultiPoint"",""coordinates"":[]}"
16_6_0,17768.427327459747,3,7.0,2001,"{""type"":""MultiPoint"",""coordinates"":[]}"
16_6_1,1942.8228551986172,6,7.0,2001,"{""type"":""MultiPoint"",""coordinates"":[]}"
16_6_2,65.56759797895147,11,7.0,2001,"{""type"":""MultiPoint"",""coordinates"":[]}"
16_6_3,70.11513394317674,13,7.0,2001,"{""type"":""MultiPoint"",""coordinates"":[]}"
16_6_4,4738.862887840386,15,7.0,2001,"{""type"":""MultiPoint"",""coordinates"":[]}"
16_6_5,83.86368217510794,18,7.0,2001,"{""type"":""MultiPoint"",""coordinates"":[]}"
16_6_6,699.1814456564159,21,7.0,2001,"{""type"":""MultiPoint"",""coordinates"":[]}"
16_6_7,40.22283125207507,23,7.0,2001,"{""type"":""MultiPoint"",""coordinates"":[]}"
16_6_8,13.542345628234875,24,7.0,2001,"{""type"":""MultiPoint"",""coordinates"":[]}"
16_6_9,13.968080636840812,25,7.0,2001,"{""type"":""MultiPoint"",""coordinates"":[]}"
16_6_10,0.02413436730957031,27,7.0,2001,"{""type"":""MultiPoint"",""coordinates"":[]}"
16_6_11,0.23417980944824252,30,7.0,2001,"{""type"":""MultiPoint"",""coordinates"":[]}"
16_6_12,0.9565017962646487,31,7.0,2001,"{""type"":""MultiPoint"",""coordinates"":[]}"
16_6_13,382.17420336779634,33,7.0,2001,"{""type"":""MultiPoint"",""coordinates"":[]}"
16_6_14,1.7276417555542047,68,7.0,2001,"{""type"":""MultiPoint"",""coordinates"":[]}"
16_7_0,0.0017843005981445312,13,8.0,2001,"{""type"":""MultiPoint"",""coordinates"":[]}"
16_8_0,2388.941289074535,3,9.0,2001,"{""type"":""MultiPoint"",""coordinates"":[]}"
16_8_1,23.002226505005282,11,9.0,2001,"{""type"":""MultiPoint"",""coordinates"":[]}"
16_8_2,169.00811604993527,13,9.0,2001,"{""type"":""MultiPoint"",""coordinates"":[]}"
16_8_3,104.32160899206922,15,9.0,2001,"{""type"":""MultiPoint"",""coordinates"":[]}"
16_8_4,41.30048716949444,18,9.0,2001,"{""type"":""MultiPoint"",""coordinates"":[]}"
16_8_5,115.32742795788728,21,9.0,2001,"{""type"":""MultiPoint"",""coordinates"":[]}"
16_8_6,2.845435844909674,23,9.0,2001,"{""type"":""MultiPoint"",""coordinates"":[]}"
16_8_7,0.5309586378173825,24,9.0,2001,"{""type"":""MultiPoint"",""coordinates"":[]}"
16_8_8,1.2139410821533214,25,9.0,2001,"{""type"":""MultiPoint"",""coordinates"":[]}"
16_8_9,0.8581711245117202,27,9.0,2001,"{""type"":""MultiPoint"",""coordinates"":[]}"
16_8_10,50.56090663598788,33,9.0,2001,"{""type"":""MultiPoint"",""coordinates"":[]}"
16_8_11,0.4934382894897462,68,9.0,2001,"{""type"":""MultiPoint"",""coordinates"":[]}"
16_9_0,4216.353451865662,3,10.0,2001,"{""type"":""MultiPoint"",""coordinates"":[]}"
16_9_1,8.312617620666604,6,10.0,2001,"{""type"":""MultiPoint"",""coordinates"":[]}"
16_9_2,1.5963140955810535,11,10.0,2001,"{""type"":""MultiPoint"",""coordinates"":[]}"
16_9_3,117.23676407415773,13,10.0,2001,"{""type"":""MultiPoint"",""coordinates"":[]}"
16_9_4,307.85953698083824,15,10.0,2001,"{""type"":""MultiPoint"",""coordinates"":[]}"
16_9_5,0.6388441340942361,18,10.0,2001,"{""type"":""MultiPoint"",""coordinates"":[]}"
16_9_6,251.5700197954078,21,10.0,2001,"{""type"":""MultiPoint"",""coordinates"":[]}"
16_9_7,4.750659891235345,23,10.0,2001,"{""type"":""MultiPoint"",""coordinates"":[]}"
16_9_8,0.20374240087890633,24,10.0,2001,"{""type"":""MultiPoint"",""coordinates"":[]}"
16_9_9,2.152880749694824,25,10.0,2001,"{""type"":""MultiPoint"",""coordinates"":[]}"
16_9_10,0.014301290893554686,30,10.0,2001,"{""type"":""MultiPoint"",""coordinates"":[]}"
16_9_11,23.728437047058012,33,10.0,2001,"{""type"":""MultiPoint"",""coordinates"":[]}"
16_9_12,1.179653861755368,68,10.0,2001,"{""type"":""MultiPoint"",""coordinates"":[]}"
16_10_0,27144.894750847292,3,11.0,2001,"{""type"":""MultiPoint"",""coordinates"":[]}"
16_10_1,7409.9425752789775,6,11.0,2001,"{""type"":""MultiPoint"",""coordinates"":[]}"
16_10_2,2205.8562500660087,11,11.0,2001,"{""type"":""MultiPoint"",""coordinates"":[]}"
16_10_3,3930.9744885677724,12,11.0,2001,"{""type"":""MultiPoint"",""coordinates"":[]}"
16_10_4,189.41113020031472,13,11.0,2001,"{""type"":""MultiPoint"",""coordinates"":[]}"
16_10_5,416.41950081878844,15,11.0,2001,"{""type"":""MultiPoint"",""coordinates"":[]}"
16_10_6,117.8569905599357,18,11.0,2001,"{""type"":""MultiPoint"",""coordinates"":[]}"
16_10_7,305.88732992028815,21,11.0,2001,"{""type"":""MultiPoint"",""coordinates"":[]}"
16_10_8,25.179184803100593,23,11.0,2001,"{""type"":""MultiPoint"",""coordinates"":[]}"
16_10_9,0.22555947424316405,24,11.0,2001,"{""type"":""MultiPoint"",""coordinates"":[]}"
16_10_10,23.589210494445826,25,11.0,2001,"{""type"":""MultiPoint"",""coordinates"":[]}"
16_10_11,8.916176147460938E-4,27,11.0,2001,"{""type"":""MultiPoint"",""coordinates"":[]}"
16_10_12,17.731809361328096,29,11.0,2001,"{""type"":""MultiPoint"",""coordinates"":[]}"
16_10_13,0.0026739946289062503,30,11.0,2001,"{""type"":""MultiPoint"",""coordinates"":[]}"
16_10_14,673.6173047882703,33,11.0,2001,"{""type"":""MultiPoint"",""coordinates"":[]}"
16_10_15,178.8586965678079,68,11.0,2001,"{""type"":""MultiPoint"",""coordinates"":[]}"
16_11_0,46377.01533261732,3,12.0,2001,"{""type"":""MultiPoint"",""coordinates"":[]}"
16_11_1,4445.091481135204,6,12.0,2001,"{""type"":""MultiPoint"",""coordinates"":[]}"
16_11_2,113.76277053979496,11,12.0,2001,"{""type"":""MultiPoint"",""coordinates"":[]}"
16_11_3,497.3593720059744,12,12.0,2001,"{""type"":""MultiPoint"",""coordinates"":[]}"
16_11_4,437.97033165465774,13,12.0,2001,"{""type"":""MultiPoint"",""coordinates"":[]}"
16_11_5,2948.2447246847155,15,12.0,2001,"{""type"":""MultiPoint"",""coordinates"":[]}"
16_11_6,29.62597662499998,18,12.0,2001,"{""type"":""MultiPoint"",""coordinates"":[]}"
16_11_7,210.9270440174565,21,12.0,2001,"{""type"":""MultiPoint"",""coordinates"":[]}"
16_11_8,24.933607936035138,23,12.0,2001,"{""type"":""MultiPoint"",""coordinates"":[]}"
16_11_9,5.603000654724124,24,12.0,2001,"{""type"":""MultiPoint"",""coordinates"":[]}"
16_11_10,5.300745461914055,25,12.0,2001,"{""type"":""MultiPoint"",""coordinates"":[]}"
16_11_11,0.0446568971557617,30,12.0,2001,"{""type"":""MultiPoint"",""coordinates"":[]}"
16_11_12,353.6818773532707,33,12.0,2001,"{""type"":""MultiPoint"",""coordinates"":[]}"
16_11_13,1.5448860407104492,68,12.0,2001,"{""type"":""MultiPoint"",""coordinates"":[]}"
16_12_0,24842.783251953748,3,13.0,2001,"{""type"":""MultiPoint"",""coordinates"":[]}"
16_12_1,2935.618591781922,6,13.0,2001,"{""type"":""MultiPoint"",""coordinates"":[]}"
16_12_2,475.70390199902397,11,13.0,2001,"{""type"":""MultiPoint"",""coordinates"":[]}"
16_12_3,6276.9582174618145,12,13.0,2001,"{""type"":""MultiPoint"",""coordinates"":[]}"
16_12_4,980.0393598642578,13,13.0,2001,"{""type"":""MultiPoint"",""coordinates"":[]}"
16_12_5,8834.567381253795,15,13.0,2001,"{""type"":""MultiPoint"",""coordinates"":[]}"
16_12_6,189.98118924842362,18,13.0,2001,"{""type"":""MultiPoint"",""coordinates"":[]}"
16_12_7,1409.4598402740462,21,13.0,2001,"{""type"":""MultiPoint"",""coordinates"":[]}"
16_12_8,119.18075082495098,23,13.0,2001,"{""type"":""MultiPoint"",""coordinates"":[]}"
16_12_9,8.614806099914556,24,13.0,2001,"{""type"":""MultiPoint"",""coordinates"":[]}"
16_12_10,18.739384563110338,25,13.0,2001,"{""type"":""MultiPoint"",""coordinates"":[]}"
16_12_11,0.025013949340820314,30,13.0,2001,"{""type"":""MultiPoint"",""coordinates"":[]}"
16_12_12,0.09816377795410149,31,13.0,2001,"{""type"":""MultiPoint"",""coordinates"":[]}"
16_12_13,326.6759921940915,33,13.0,2001,"{""type"":""MultiPoint"",""coordinates"":[]}"
16_12_14,10.668409137939424,35,13.0,2001,"{""type"":""MultiPoint"",""coordinates"":[]}"
16_12_15,2.0929951217041007,68,13.0,2001,"{""type"":""MultiPoint"",""coordinates"":[]}"
17_0_0,0.0017839960327148438,13,1.0,2002,"{""type"":""MultiPoint"",""coordinates"":[]}"
17_1_0,0.001783488037109375,13,2.0,2002,"{""type"":""MultiPoint"",""coordinates"":[]}"
17_2_0,65725.88855647646,3,3.0,2002,"{""type"":""MultiPoint"",""coordinates"":[]}"
17_2_1,5590.194525620554,6,3.0,2002,"{""type"":""MultiPoint"",""coordinates"":[]}"
17_2_2,107.40601076110865,11,3.0,2002,"{""type"":""MultiPoint"",""coordinates"":[]}"
17_2_3,1571.0533759627065,12,3.0,2002,"{""type"":""MultiPoint"",""coordinates"":[]}"
17_2_4,1732.4778959353648,13,3.0,2002,"{""type"":""MultiPoint"",""coordinates"":[]}"
17_2_5,14703.112282377544,15,3.0,2002,"{""type"":""MultiPoint"",""coordinates"":[]}"
17_2_6,35.065597750671465,18,3.0,2002,"{""type"":""MultiPoint"",""coordinates"":[]}"
17_2_7,2462.2589809936476,21,3.0,2002,"{""type"":""MultiPoint"",""coordinates"":[]}"
17_2_8,70.55168608593752,23,3.0,2002,"{""type"":""MultiPoint"",""coordinates"":[]}"
17_2_9,17.762854579834343,24,3.0,2002,"{""type"":""MultiPoint"",""coordinates"":[]}"
17_2_10,26.75277189807129,25,3.0,2002,"{""type"":""MultiPoint"",""coordinates"":[]}"
17_2_11,0.07238443048095698,30,3.0,2002,"{""type"":""MultiPoint"",""coordinates"":[]}"
17_2_12,0.017873130187988282,31,3.0,2002,"{""type"":""MultiPoint"",""coordinates"":[]}"
17_2_13,791.5546546991528,33,3.0,2002,"{""type"":""MultiPoint"",""coordinates"":[]}"
17_2_14,1.0599448501586914,68,3.0,2002,"{""type"":""MultiPoint"",""coordinates"":[]}"
17_3_0,57590.62377230591,3,4.0,2002,"{""type"":""MultiPoint"",""coordinates"":[]}"
17_3_1,9063.846802800042,6,4.0,2002,"{""type"":""MultiPoint"",""coordinates"":[]}"
17_3_2,691.1781892155753,11,4.0,2002,"{""type"":""MultiPoint"",""coordinates"":[]}"
17_3_3,1943.721844510601,12,4.0,2002,"{""type"":""MultiPoint"",""coordinates"":[]}"
17_3_4,80.65765392224162,13,4.0,2002,"{""type"":""MultiPoint"",""coordinates"":[]}"
17_3_5,37.96110908050536,15,4.0,2002,"{""type"":""MultiPoint"",""coordinates"":[]}"
17_3_6,271.9711856713245,18,4.0,2002,"{""type"":""MultiPoint"",""coordinates"":[]}"
17_3_7,75.89905549023432,21,4.0,2002,"{""type"":""MultiPoint"",""coordinates"":[]}"
17_3_8,18.358270415344215,23,4.0,2002,"{""type"":""MultiPoint"",""coordinates"":[]}"
17_3_9,5.15539338287354,24,4.0,2002,"{""type"":""MultiPoint"",""coordinates"":[]}"
17_3_10,16.655262468017582,25,4.0,2002,"{""type"":""MultiPoint"",""coordinates"":[]}"
17_3_11,51.647048085936724,29,4.0,2002,"{""type"":""MultiPoint"",""coordinates"":[]}"
17_3_12,0.1813535831909179,30,4.0,2002,"{""type"":""MultiPoint"",""coordinates"":[]}"
17_3_13,635.7529578590667,33,4.0,2002,"{""type"":""MultiPoint"",""coordinates"":[]}"
17_3_14,177.047888607609,68,4.0,2002,"{""type"":""MultiPoint"",""coordinates"":[]}"
17_4_0,95035.74917543391,3,5.0,2002,"{""type"":""MultiPoint"",""coordinates"":[]}"
17_4_1,10513.674879469549,6,5.0,2002,"{""type"":""MultiPoint"",""coordinates"":[]}"
17_4_2,970.8659867330225,11,5.0,2002,"{""type"":""MultiPoint"",""coordinates"":[]}"
17_4_3,59.72460129186957,13,5.0,2002,"{""type"":""MultiPoint"",""coordinates"":[]}"
17_4_4,4.213138631713897,15,5.0,2002,"{""type"":""MultiPoint"",""coordinates"":[]}"
17_4_5,400.61139218225054,18,5.0,2002,"{""type"":""MultiPoint"",""coordinates"":[]}"
17_4_6,73.39771683789036,21,5.0,2002,"{""type"":""MultiPoint"",""coordinates"":[]}"
17_4_7,11.857470184814439,23,5.0,2002,"{""type"":""MultiPoint"",""coordinates"":[]}"
17_4_8,4.753968122619607,24,5.0,2002,"{""type"":""MultiPoint"",""coordinates"":[]}"
17_4_9,1.2444416600952155,25,5.0,2002,"{""type"":""MultiPoint"",""coordinates"":[]}"
17_4_10,0.12930699060058612,30,5.0,2002,"{""type"":""MultiPoint"",""coordinates"":[]}"
17_4_11,1578.4966170065463,33,5.0,2002,"{""type"":""MultiPoint"",""coordinates"":[]}"
17_5_0,49324.363265755914,3,6.0,2002,"{""type"":""MultiPoint"",""coordinates"":[]}"
17_5_1,2313.705521239116,6,6.0,2002,"{""type"":""MultiPoint"",""coordinates"":[]}"
17_5_2,73.71950134515335,11,6.0,2002,"{""type"":""MultiPoint"",""coordinates"":[]}"
17_5_3,434.9332399267538,13,6.0,2002,"{""type"":""MultiPoint"",""coordinates"":[]}"
17_5_4,58.31785689160223,15,6.0,2002,"{""type"":""MultiPoint"",""coordinates"":[]}"
17_5_5,360.4743866168839,18,6.0,2002,"{""type"":""MultiPoint"",""coordinates"":[]}"
17_5_6,116.36950649310303,21,6.0,2002,"{""type"":""MultiPoint"",""coordinates"":[]}"
17_5_7,0.9108243640747075,23,6.0,2002,"{""type"":""MultiPoint"",""coordinates"":[]}"
17_5_8,1.2879680111083993,24,6.0,2002,"{""type"":""MultiPoint"",""coordinates"":[]}"
17_5_9,4.577261114074707,25,6.0,2002,"{""type"":""MultiPoint"",""coordinates"":[]}"
17_5_10,1.7008337307128931,29,6.0,2002,"{""type"":""MultiPoint"",""coordinates"":[]}"
17_5_11,0.22078387408447264,30,6.0,2002,"{""type"":""MultiPoint"",""coordinates"":[]}"
17_5_12,431.7834456416603,33,6.0,2002,"{""type"":""MultiPoint"",""coordinates"":[]}"
17_5_13,5.146442649414062,68,6.0,2002,"{""type"":""MultiPoint"",""coordinates"":[]}"
17_6_0,17758.885169924033,3,7.0,2002,"{""type"":""MultiPoint"",""coordinates"":[]}"
17_6_1,1913.3660020611303,6,7.0,2002,"{""type"":""MultiPoint"",""coordinates"":[]}"
17_6_2,63.922684127754835,11,7.0,2002,"{""type"":""MultiPoint"",""coordinates"":[]}"
17_6_3,70.23388867889493,13,7.0,2002,"{""type"":""MultiPoint"",""coordinates"":[]}"
17_6_4,4794.311328701234,15,7.0,2002,"{""type"":""MultiPoint"",""coordinates"":[]}"
17_6_5,75.88649024279484,18,7.0,2002,"{""type"":""MultiPoint"",""coordinates"":[]}"
17_6_6,690.7068352592495,21,7.0,2002,"{""type"":""MultiPoint"",""coordinates"":[]}"
17_6_7,48.633336254882856,23,7.0,2002,"{""type"":""MultiPoint"",""coordinates"":[]}"
17_6_8,13.843588402709967,24,7.0,2002,"{""type"":""MultiPoint"",""coordinates"":[]}"
17_6_9,12.528901458984365,25,7.0,2002,"{""type"":""MultiPoint"",""coordinates"":[]}"
17_6_10,0.02413436730957031,27,7.0,2002,"{""type"":""MultiPoint"",""coordinates"":[]}"
17_6_11,0.24222530725097688,30,7.0,2002,"{""type"":""MultiPoint"",""coordinates"":[]}"
17_6_12,0.9824253478393556,31,7.0,2002,"{""type"":""MultiPoint"",""coordinates"":[]}"
17_6_13,376.0815852039778,33,7.0,2002,"{""type"":""MultiPoint"",""coordinates"":[]}"
17_6_14,2.0422535285034185,68,7.0,2002,"{""type"":""MultiPoint"",""coordinates"":[]}"
17_7_0,0.0017843005981445312,13,8.0,2002,"{""type"":""MultiPoint"",""coordinates"":[]}"
17_8_0,2387.1640409796023,3,9.0,2002,"{""type"":""MultiPoint"",""coordinates"":[]}"
17_8_1,22.737648004395016,11,9.0,2002,"{""type"":""MultiPoint"",""coordinates"":[]}"
17_8_2,169.72775450831082,13,9.0,2002,"{""type"":""MultiPoint"",""coordinates"":[]}"
17_8_3,108.276375843445,15,9.0,2002,"{""type"":""MultiPoint"",""coordinates"":[]}"
17_8_4,38.021658456970414,18,9.0,2002,"{""type"":""MultiPoint"",""coordinates"":[]}"
17_8_5,116.28836833948004,21,9.0,2002,"{""type"":""MultiPoint"",""coordinates"":[]}"
17_8_6,2.663067852416989,23,9.0,2002,"{""type"":""MultiPoint"",""coordinates"":[]}"
17_8_7,0.5515176686401364,24,9.0,2002,"{""type"":""MultiPoint"",""coordinates"":[]}"
17_8_8,1.171928952331544,25,9.0,2002,"{""type"":""MultiPoint"",""coordinates"":[]}"
17_8_9,0.8581711245117202,27,9.0,2002,"{""type"":""MultiPoint"",""coordinates"":[]}"
17_8_10,50.47507259124916,33,9.0,2002,"{""type"":""MultiPoint"",""coordinates"":[]}"
17_8_11,0.4684030424194334,68,9.0,2002,"{""type"":""MultiPoint"",""coordinates"":[]}"
17_9_0,4211.089074267247,3,10.0,2002,"{""type"":""MultiPoint"",""coordinates"":[]}"
17_9_1,8.228596825927857,6,10.0,2002,"{""type"":""MultiPoint"",""coordinates"":[]}"
17_9_2,1.486378506469726,11,10.0,2002,"{""type"":""MultiPoint"",""coordinates"":[]}"
17_9_3,115.85809920324643,13,10.0,2002,"{""type"":""MultiPoint"",""coordinates"":[]}"
17_9_4,314.881654027826,15,10.0,2002,"{""type"":""MultiPoint"",""coordinates"":[]}"
17_9_5,0.895280301574706,18,10.0,2002,"{""type"":""MultiPoint"",""coordinates"":[]}"
17_9_6,243.33533941143384,21,10.0,2002,"{""type"":""MultiPoint"",""coordinates"":[]}"
17_9_7,12.851252029113795,23,10.0,2002,"{""type"":""MultiPoint"",""coordinates"":[]}"
17_9_8,0.22072090557861337,24,10.0,2002,"{""type"":""MultiPoint"",""coordinates"":[]}"
17_9_9,1.6944028729858382,25,10.0,2002,"{""type"":""MultiPoint"",""coordinates"":[]}"
17_9_10,0.016982782897949217,30,10.0,2002,"{""type"":""MultiPoint"",""coordinates"":[]}"
17_9_11,23.79275817706293,33,10.0,2002,"{""type"":""MultiPoint"",""coordinates"":[]}"
17_9_12,1.2466844965209933,68,10.0,2002,"{""type"":""MultiPoint"",""coordinates"":[]}"
17_10_0,27131.056038914005,3,11.0,2002,"{""type"":""MultiPoint"",""coordinates"":[]}"
17_10_1,7396.244960759869,6,11.0,2002,"{""type"":""MultiPoint"",""coordinates"":[]}"
17_10_2,2181.2988721465754,11,11.0,2002,"{""type"":""MultiPoint"",""coordinates"":[]}"
17_10_3,3931.5518822071285,12,11.0,2002,"{""type"":""MultiPoint"",""coordinates"":[]}"
17_10_4,187.3838893907454,13,11.0,2002,"{""type"":""MultiPoint"",""coordinates"":[]}"
17_10_5,435.61031410693715,15,11.0,2002,"{""type"":""MultiPoint"",""coordinates"":[]}"
17_10_6,138.73600036840833,18,11.0,2002,"{""type"":""MultiPoint"",""coordinates"":[]}"
17_10_7,309.1970329616086,21,11.0,2002,"{""type"":""MultiPoint"",""coordinates"":[]}"
17_10_8,42.120970437438665,23,11.0,2002,"{""type"":""MultiPoint"",""coordinates"":[]}"
17_10_9,0.23001791436767574,24,11.0,2002,"{""type"":""MultiPoint"",""coordinates"":[]}"
17_10_10,27.26799516101082,25,11.0,2002,"{""type"":""MultiPoint"",""coordinates"":[]}"
17_10_11,8.916176147460938E-4,27,11.0,2002,"{""type"":""MultiPoint"",""coordinates"":[]}"
17_10_12,17.676543260192833,29,11.0,2002,"{""type"":""MultiPoint"",""coordinates"":[]}"
17_10_13,0.0026739946289062503,30,11.0,2002,"{""type"":""MultiPoint"",""coordinates"":[]}"
17_10_14,662.0117887997441,33,11.0,2002,"{""type"":""MultiPoint"",""coordinates"":[]}"
17_10_15,180.0584753206771,68,11.0,2002,"{""type"":""MultiPoint"",""coordinates"":[]}"
17_11_0,46283.79699833976,3,12.0,2002,"{""type"":""MultiPoint"",""coordinates"":[]}"
17_11_1,4414.19409852619,6,12.0,2002,"{""type"":""MultiPoint"",""coordinates"":[]}"
17_11_2,114.65467696673572,11,12.0,2002,"{""type"":""MultiPoint"",""coordinates"":[]}"
17_11_3,491.70826723096866,12,12.0,2002,"{""type"":""MultiPoint"",""coordinates"":[]}"
17_11_4,437.6511218510695,13,12.0,2002,"{""type"":""MultiPoint"",""coordinates"":[]}"
17_11_5,3071.32091952895,15,12.0,2002,"{""type"":""MultiPoint"",""coordinates"":[]}"
17_11_6,32.18390182684316,18,12.0,2002,"{""type"":""MultiPoint"",""coordinates"":[]}"
17_11_7,212.91570509027102,21,12.0,2002,"{""type"":""MultiPoint"",""coordinates"":[]}"
17_11_8,23.50346094860839,23,12.0,2002,"{""type"":""MultiPoint"",""coordinates"":[]}"
17_11_9,5.845941980834958,24,12.0,2002,"{""type"":""MultiPoint"",""coordinates"":[]}"
17_11_10,5.741374760437013,25,12.0,2002,"{""type"":""MultiPoint"",""coordinates"":[]}"
17_11_11,0.04823245208740235,30,12.0,2002,"{""type"":""MultiPoint"",""coordinates"":[]}"
17_11_12,356.3848362683704,33,12.0,2002,"{""type"":""MultiPoint"",""coordinates"":[]}"
17_11_13,1.1562718535156262,68,12.0,2002,"{""type"":""MultiPoint"",""coordinates"":[]}"
17_12_0,24728.76981030355,3,13.0,2002,"{""type"":""MultiPoint"",""coordinates"":[]}"
17_12_1,2953.218208770952,6,13.0,2002,"{""type"":""MultiPoint"",""coordinates"":[]}"
17_12_2,485.8637812914431,11,13.0,2002,"{""type"":""MultiPoint"",""coordinates"":[]}"
17_12_3,6274.993300789955,12,13.0,2002,"{""type"":""MultiPoint"",""coordinates"":[]}"
17_12_4,980.7492705299671,13,13.0,2002,"{""type"":""MultiPoint"",""coordinates"":[]}"
17_12_5,8947.422915594943,15,13.0,2002,"{""type"":""MultiPoint"",""coordinates"":[]}"
17_12_6,168.34597611713215,18,13.0,2002,"{""type"":""MultiPoint"",""coordinates"":[]}"
17_12_7,1411.4861299122902,21,13.0,2002,"{""type"":""MultiPoint"",""coordinates"":[]}"
17_12_8,121.10607489385976,23,13.0,2002,"{""type"":""MultiPoint"",""coordinates"":[]}"
17_12_9,8.743352193359383,24,13.0,2002,"{""type"":""MultiPoint"",""coordinates"":[]}"
17_12_10,21.93935746844482,25,13.0,2002,"{""type"":""MultiPoint"",""coordinates"":[]}"
17_12_11,0.023227238525390628,30,13.0,2002,"{""type"":""MultiPoint"",""coordinates"":[]}"
17_12_12,0.09459370135498046,31,13.0,2002,"{""type"":""MultiPoint"",""coordinates"":[]}"
17_12_13,316.1503267014764,33,13.0,2002,"{""type"":""MultiPoint"",""coordinates"":[]}"
17_12_14,10.217742358703578,35,13.0,2002,"{""type"":""MultiPoint"",""coordinates"":[]}"
17_12_15,2.083181640014646,68,13.0,2002,"{""type"":""MultiPoint"",""coordinates"":[]}"
18_0_0,0.0017839960327148438,13,1.0,2003,"{""type"":""MultiPoint"",""coordinates"":[]}"
18_1_0,0.001783488037109375,13,2.0,2003,"{""type"":""MultiPoint"",""coordinates"":[]}"
18_2_0,65399.22966044067,3,3.0,2003,"{""type"":""MultiPoint"",""coordinates"":[]}"
18_2_1,5625.017722973597,6,3.0,2003,"{""type"":""MultiPoint"",""coordinates"":[]}"
18_2_2,109.29551278472924,11,3.0,2003,"{""type"":""MultiPoint"",""coordinates"":[]}"
18_2_3,1560.9196835595149,12,3.0,2003,"{""type"":""MultiPoint"",""coordinates"":[]}"
18_2_4,1752.031429377409,13,3.0,2003,"{""type"":""MultiPoint"",""coordinates"":[]}"
18_2_5,14852.168405671535,15,3.0,2003,"{""type"":""MultiPoint"",""coordinates"":[]}"
18_2_6,35.332913088073795,18,3.0,2003,"{""type"":""MultiPoint"",""coordinates"":[]}"
18_2_7,2591.094255720884,21,3.0,2003,"{""type"":""MultiPoint"",""coordinates"":[]}"
18_2_8,80.20292781622307,23,3.0,2003,"{""type"":""MultiPoint"",""coordinates"":[]}"
18_2_9,18.098839772461307,24,3.0,2003,"{""type"":""MultiPoint"",""coordinates"":[]}"
18_2_10,15.746441084472652,25,3.0,2003,"{""type"":""MultiPoint"",""coordinates"":[]}"
18_2_11,0.06612902764892578,30,3.0,2003,"{""type"":""MultiPoint"",""coordinates"":[]}"
18_2_12,0.030384347351074203,31,3.0,2003,"{""type"":""MultiPoint"",""coordinates"":[]}"
18_2_13,795.2283215985055,33,3.0,2003,"{""type"":""MultiPoint"",""coordinates"":[]}"
18_2_14,0.7667682893066402,68,3.0,2003,"{""type"":""MultiPoint"",""coordinates"":[]}"
18_3_0,57556.81093217987,3,4.0,2003,"{""type"":""MultiPoint"",""coordinates"":[]}"
18_3_1,9110.07226757282,6,4.0,2003,"{""type"":""MultiPoint"",""coordinates"":[]}"
18_3_2,671.191594386956,11,4.0,2003,"{""type"":""MultiPoint"",""coordinates"":[]}"
18_3_3,1937.4151484014292,12,4.0,2003,"{""type"":""MultiPoint"",""coordinates"":[]}"
18_3_4,81.85624450964397,13,4.0,2003,"{""type"":""MultiPoint"",""coordinates"":[]}"
18_3_5,42.476926796630764,15,4.0,2003,"{""type"":""MultiPoint"",""coordinates"":[]}"
18_3_6,270.46412787121506,18,4.0,2003,"{""type"":""MultiPoint"",""coordinates"":[]}"
18_3_7,71.06808722888182,21,4.0,2003,"{""type"":""MultiPoint"",""coordinates"":[]}"
18_3_8,4.48691077960205,23,4.0,2003,"{""type"":""MultiPoint"",""coordinates"":[]}"
18_3_9,5.295511987365729,24,4.0,2003,"{""type"":""MultiPoint"",""coordinates"":[]}"
18_3_10,16.596162358520512,25,4.0,2003,"{""type"":""MultiPoint"",""coordinates"":[]}"
18_3_11,51.48765715930096,29,4.0,2003,"{""type"":""MultiPoint"",""coordinates"":[]}"
18_3_12,0.17688851892089846,30,4.0,2003,"{""type"":""MultiPoint"",""coordinates"":[]}"
18_3_13,636.2163085413787,33,4.0,2003,"{""type"":""MultiPoint"",""coordinates"":[]}"
18_3_14,205.04301910575987,68,4.0,2003,"{""type"":""MultiPoint"",""coordinates"":[]}"
18_4_0,95089.60200643011,3,5.0,2003,"{""type"":""MultiPoint"",""coordinates"":[]}"
18_4_1,10460.587354641844,6,5.0,2003,"{""type"":""MultiPoint"",""coordinates"":[]}"
18_4_2,962.4278698222519,11,5.0,2003,"{""type"":""MultiPoint"",""coordinates"":[]}"
18_4_3,58.857781225402206,13,5.0,2003,"{""type"":""MultiPoint"",""coordinates"":[]}"
18_4_4,4.886278181762731,15,5.0,2003,"{""type"":""MultiPoint"",""coordinates"":[]}"
18_4_5,407.311995439575,18,5.0,2003,"{""type"":""MultiPoint"",""coordinates"":[]}"
18_4_6,69.94509872698947,21,5.0,2003,"{""type"":""MultiPoint"",""coordinates"":[]}"
18_4_7,31.041546421325684,23,5.0,2003,"{""type"":""MultiPoint"",""coordinates"":[]}"
18_4_8,4.794983898864725,24,5.0,2003,"{""type"":""MultiPoint"",""coordinates"":[]}"
18_4_9,1.9465826996459958,25,5.0,2003,"{""type"":""MultiPoint"",""coordinates"":[]}"
18_4_10,0.052615087463378875,30,5.0,2003,"{""type"":""MultiPoint"",""coordinates"":[]}"
18_4_11,1561.4663108384516,33,5.0,2003,"{""type"":""MultiPoint"",""coordinates"":[]}"
18_4_12,1.7982711317138698,68,5.0,2003,"{""type"":""MultiPoint"",""coordinates"":[]}"
18_5_0,49354.03988965784,3,6.0,2003,"{""type"":""MultiPoint"",""coordinates"":[]}"
18_5_1,2286.7029048833897,6,6.0,2003,"{""type"":""MultiPoint"",""coordinates"":[]}"
18_5_2,74.36488497393755,11,6.0,2003,"{""type"":""MultiPoint"",""coordinates"":[]}"
18_5_3,434.4600027893636,13,6.0,2003,"{""type"":""MultiPoint"",""coordinates"":[]}"
18_5_4,58.88275328082338,15,6.0,2003,"{""type"":""MultiPoint"",""coordinates"":[]}"
18_5_5,363.17281985003785,18,6.0,2003,"{""type"":""MultiPoint"",""coordinates"":[]}"
18_5_6,112.55459319030751,21,6.0,2003,"{""type"":""MultiPoint"",""coordinates"":[]}"
18_5_7,1.915389133666992,23,6.0,2003,"{""type"":""MultiPoint"",""coordinates"":[]}"
18_5_8,1.303161165649415,24,6.0,2003,"{""type"":""MultiPoint"",""coordinates"":[]}"
18_5_9,5.6193283785400405,25,6.0,2003,"{""type"":""MultiPoint"",""coordinates"":[]}"
18_5_10,1.782165629272463,29,6.0,2003,"{""type"":""MultiPoint"",""coordinates"":[]}"
18_5_11,0.2368711490478516,30,6.0,2003,"{""type"":""MultiPoint"",""coordinates"":[]}"
18_5_12,429.4077826217019,33,6.0,2003,"{""type"":""MultiPoint"",""coordinates"":[]}"
18_5_13,3.068290950500486,68,6.0,2003,"{""type"":""MultiPoint"",""coordinates"":[]}"
18_6_0,17844.94618724726,3,7.0,2003,"{""type"":""MultiPoint"",""coordinates"":[]}"
18_6_1,1896.846752218106,6,7.0,2003,"{""type"":""MultiPoint"",""coordinates"":[]}"
18_6_2,65.98853254132904,11,7.0,2003,"{""type"":""MultiPoint"",""coordinates"":[]}"
18_6_3,70.65576143701283,13,7.0,2003,"{""type"":""MultiPoint"",""coordinates"":[]}"
18_6_4,4810.31507585889,15,7.0,2003,"{""type"":""MultiPoint"",""coordinates"":[]}"
18_6_5,74.6713737203359,18,7.0,2003,"{""type"":""MultiPoint"",""coordinates"":[]}"
18_6_6,608.2410223620803,21,7.0,2003,"{""type"":""MultiPoint"",""coordinates"":[]}"
18_6_7,48.95460043548577,23,7.0,2003,"{""type"":""MultiPoint"",""coordinates"":[]}"
18_6_8,14.12247528057862,24,7.0,2003,"{""type"":""MultiPoint"",""coordinates"":[]}"
18_6_9,15.344636013061516,25,7.0,2003,"{""type"":""MultiPoint"",""coordinates"":[]}"
18_6_10,0.02413436730957031,27,7.0,2003,"{""type"":""MultiPoint"",""coordinates"":[]}"
18_6_11,0.25295184411621124,30,7.0,2003,"{""type"":""MultiPoint"",""coordinates"":[]}"
18_6_12,1.0253309180297858,31,7.0,2003,"{""type"":""MultiPoint"",""coordinates"":[]}"
18_6_13,368.9157801618015,33,7.0,2003,"{""type"":""MultiPoint"",""coordinates"":[]}"
18_6_14,1.3862344609985364,68,7.0,2003,"{""type"":""MultiPoint"",""coordinates"":[]}"
18_7_0,0.0017843005981445312,13,8.0,2003,"{""type"":""MultiPoint"",""coordinates"":[]}"
18_8_0,2390.4311977372718,3,9.0,2003,"{""type"":""MultiPoint"",""coordinates"":[]}"
18_8_1,22.63753686468531,11,9.0,2003,"{""type"":""MultiPoint"",""coordinates"":[]}"
18_8_2,169.17001088715693,13,9.0,2003,"{""type"":""MultiPoint"",""coordinates"":[]}"
18_8_3,110.33247024346991,15,9.0,2003,"{""type"":""MultiPoint"",""coordinates"":[]}"
18_8_4,37.084094807007254,18,9.0,2003,"{""type"":""MultiPoint"",""coordinates"":[]}"
18_8_5,112.28972343121502,21,9.0,2003,"{""type"":""MultiPoint"",""coordinates"":[]}"
18_8_6,2.883875272888184,23,9.0,2003,"{""type"":""MultiPoint"",""coordinates"":[]}"
18_8_7,0.5550930483398435,24,9.0,2003,"{""type"":""MultiPoint"",""coordinates"":[]}"
18_8_8,1.8441470836791996,25,9.0,2003,"{""type"":""MultiPoint"",""coordinates"":[]}"
18_8_9,0.8581711245117202,27,9.0,2003,"{""type"":""MultiPoint"",""coordinates"":[]}"
18_8_10,49.971748955080024,33,9.0,2003,"{""type"":""MultiPoint"",""coordinates"":[]}"
18_8_11,0.34593790844726546,68,9.0,2003,"{""type"":""MultiPoint"",""coordinates"":[]}"
18_9_0,4211.752837887928,3,10.0,2003,"{""type"":""MultiPoint"",""coordinates"":[]}"
18_9_1,8.27150074725353,6,10.0,2003,"{""type"":""MultiPoint"",""coordinates"":[]}"
18_9_2,1.502468072875976,11,10.0,2003,"{""type"":""MultiPoint"",""coordinates"":[]}"
18_9_3,115.48372094305381,13,10.0,2003,"{""type"":""MultiPoint"",""coordinates"":[]}"
18_9_4,318.4091319591095,15,10.0,2003,"{""type"":""MultiPoint"",""coordinates"":[]}"
18_9_5,0.4315560796508784,18,10.0,2003,"{""type"":""MultiPoint"",""coordinates"":[]}"
18_9_6,246.48640188824092,21,10.0,2003,"{""type"":""MultiPoint"",""coordinates"":[]}"
18_9_7,9.790022020080588,23,10.0,2003,"{""type"":""MultiPoint"",""coordinates"":[]}"
18_9_8,0.22697538317871102,24,10.0,2003,"{""type"":""MultiPoint"",""coordinates"":[]}"
18_9_9,2.2334008590087886,25,10.0,2003,"{""type"":""MultiPoint"",""coordinates"":[]}"
18_9_10,0.018770443786621092,30,10.0,2003,"{""type"":""MultiPoint"",""coordinates"":[]}"
18_9_11,20.361287940857036,33,10.0,2003,"{""type"":""MultiPoint"",""coordinates"":[]}"
18_9_12,0.6291495828247073,68,10.0,2003,"{""type"":""MultiPoint"",""coordinates"":[]}"
18_10_0,27121.65697625562,3,11.0,2003,"{""type"":""MultiPoint"",""coordinates"":[]}"
18_10_1,7392.406191742145,6,11.0,2003,"{""type"":""MultiPoint"",""coordinates"":[]}"
18_10_2,0.006239741821289062,9,11.0,2003,"{""type"":""MultiPoint"",""coordinates"":[]}"
18_10_3,2176.7331687312294,11,11.0,2003,"{""type"":""MultiPoint"",""coordinates"":[]}"
18_10_4,3945.0869761139174,12,11.0,2003,"{""type"":""MultiPoint"",""coordinates"":[]}"
18_10_5,187.62504547881682,13,11.0,2003,"{""type"":""MultiPoint"",""coordinates"":[]}"
18_10_6,450.5284711048622,15,11.0,2003,"{""type"":""MultiPoint"",""coordinates"":[]}"
18_10_7,142.7255017358397,18,11.0,2003,"{""type"":""MultiPoint"",""coordinates"":[]}"
18_10_8,316.49205350634736,21,11.0,2003,"{""type"":""MultiPoint"",""coordinates"":[]}"
18_10_9,17.740688802978532,23,11.0,2003,"{""type"":""MultiPoint"",""coordinates"":[]}"
18_10_10,0.24338757714843753,24,11.0,2003,"{""type"":""MultiPoint"",""coordinates"":[]}"
18_10_11,27.45330786462404,25,11.0,2003,"{""type"":""MultiPoint"",""coordinates"":[]}"
18_10_12,8.916176147460938E-4,27,11.0,2003,"{""type"":""MultiPoint"",""coordinates"":[]}"
18_10_13,14.314730401855407,29,11.0,2003,"{""type"":""MultiPoint"",""coordinates"":[]}"
18_10_14,0.0026739946289062503,30,11.0,2003,"{""type"":""MultiPoint"",""coordinates"":[]}"
18_10_15,677.941231823612,33,11.0,2003,"{""type"":""MultiPoint"",""coordinates"":[]}"
18_10_16,169.49081086761367,68,11.0,2003,"{""type"":""MultiPoint"",""coordinates"":[]}"
18_11_0,45864.13320860259,3,12.0,2003,"{""type"":""MultiPoint"",""coordinates"":[]}"
18_11_1,4435.895768150858,6,12.0,2003,"{""type"":""MultiPoint"",""coordinates"":[]}"
18_11_2,110.66501629736356,11,12.0,2003,"{""type"":""MultiPoint"",""coordinates"":[]}"
18_11_3,494.29130915932126,12,12.0,2003,"{""type"":""MultiPoint"",""coordinates"":[]}"
18_11_4,436.9222649733839,13,12.0,2003,"{""type"":""MultiPoint"",""coordinates"":[]}"
18_11_5,3454.0685073978316,15,12.0,2003,"{""type"":""MultiPoint"",""coordinates"":[]}"
18_11_6,35.75032743652355,18,12.0,2003,"{""type"":""MultiPoint"",""coordinates"":[]}"
18_11_7,229.12133496331873,21,12.0,2003,"{""type"":""MultiPoint"",""coordinates"":[]}"
18_11_8,31.617594214233456,23,12.0,2003,"{""type"":""MultiPoint"",""coordinates"":[]}"
18_11_9,5.9254350365600565,24,12.0,2003,"{""type"":""MultiPoint"",""coordinates"":[]}"
18_11_10,2.49246496105957,25,12.0,2003,"{""type"":""MultiPoint"",""coordinates"":[]}"
18_11_11,0.049125977722167966,30,12.0,2003,"{""type"":""MultiPoint"",""coordinates"":[]}"
18_11_12,348.88224208703554,33,12.0,2003,"{""type"":""MultiPoint"",""coordinates"":[]}"
18_11_13,1.2912083663940455,68,12.0,2003,"{""type"":""MultiPoint"",""coordinates"":[]}"
18_12_0,24541.96072940755,3,13.0,2003,"{""type"":""MultiPoint"",""coordinates"":[]}"
18_12_1,3009.352801737871,6,13.0,2003,"{""type"":""MultiPoint"",""coordinates"":[]}"
18_12_2,474.2211467576916,11,13.0,2003,"{""type"":""MultiPoint"",""coordinates"":[]}"
18_12_3,6271.745414057583,12,13.0,2003,"{""type"":""MultiPoint"",""coordinates"":[]}"
18_12_4,986.822210545043,13,13.0,2003,"{""type"":""MultiPoint"",""coordinates"":[]}"
18_12_5,9083.869155785946,15,13.0,2003,"{""type"":""MultiPoint"",""coordinates"":[]}"
18_12_6,136.4604064371959,18,13.0,2003,"{""type"":""MultiPoint"",""coordinates"":[]}"
18_12_7,1440.270805965274,21,13.0,2003,"{""type"":""MultiPoint"",""coordinates"":[]}"
18_12_8,136.06326587518367,23,13.0,2003,"{""type"":""MultiPoint"",""coordinates"":[]}"
18_12_9,8.899609887146015,24,13.0,2003,"{""type"":""MultiPoint"",""coordinates"":[]}"
18_12_10,32.429632771057086,25,13.0,2003,"{""type"":""MultiPoint"",""coordinates"":[]}"
18_12_11,0.02412059362792969,30,13.0,2003,"{""type"":""MultiPoint"",""coordinates"":[]}"
18_12_12,0.09905523596191401,31,13.0,2003,"{""type"":""MultiPoint"",""coordinates"":[]}"
18_12_13,296.76562369610576,33,13.0,2003,"{""type"":""MultiPoint"",""coordinates"":[]}"
18_12_14,9.953619195068324,35,13.0,2003,"{""type"":""MultiPoint"",""coordinates"":[]}"
18_12_15,2.2696515579833973,68,13.0,2003,"{""type"":""MultiPoint"",""coordinates"":[]}"
19_0_0,0.0017839960327148438,13,1.0,2004,"{""type"":""MultiPoint"",""coordinates"":[]}"
19_1_0,0.001783488037109375,13,2.0,2004,"{""type"":""MultiPoint"",""coordinates"":[]}"
19_2_0,65367.41026338662,3,3.0,2004,"{""type"":""MultiPoint"",""coordinates"":[]}"
19_2_1,5588.416131593822,6,3.0,2004,"{""type"":""MultiPoint"",""coordinates"":[]}"
19_2_2,106.50811720385738,11,3.0,2004,"{""type"":""MultiPoint"",""coordinates"":[]}"
19_2_3,1568.4129210218184,12,3.0,2004,"{""type"":""MultiPoint"",""coordinates"":[]}"
19_2_4,1824.845663566003,13,3.0,2004,"{""type"":""MultiPoint"",""coordinates"":[]}"
19_2_5,14811.650884375618,15,3.0,2004,"{""type"":""MultiPoint"",""coordinates"":[]}"
19_2_6,36.724731031189094,18,3.0,2004,"{""type"":""MultiPoint"",""coordinates"":[]}"
19_2_7,2670.908238423226,21,3.0,2004,"{""type"":""MultiPoint"",""coordinates"":[]}"
19_2_8,45.41863201470946,23,3.0,2004,"{""type"":""MultiPoint"",""coordinates"":[]}"
19_2_9,18.354409099853896,24,3.0,2004,"{""type"":""MultiPoint"",""coordinates"":[]}"
19_2_10,20.080880764831544,25,3.0,2004,"{""type"":""MultiPoint"",""coordinates"":[]}"
19_2_11,0.06523539849853516,30,3.0,2004,"{""type"":""MultiPoint"",""coordinates"":[]}"
19_2_12,0.02680969470214844,31,3.0,2004,"{""type"":""MultiPoint"",""coordinates"":[]}"
19_2_13,774.9764533019973,33,3.0,2004,"{""type"":""MultiPoint"",""coordinates"":[]}"
19_2_14,1.4300246755371078,68,3.0,2004,"{""type"":""MultiPoint"",""coordinates"":[]}"
19_3_0,57643.64279136541,3,4.0,2004,"{""type"":""MultiPoint"",""coordinates"":[]}"
19_3_1,9009.490162832692,6,4.0,2004,"{""type"":""MultiPoint"",""coordinates"":[]}"
19_3_2,685.3327101788946,11,4.0,2004,"{""type"":""MultiPoint"",""coordinates"":[]}"
19_3_3,1929.865544808853,12,4.0,2004,"{""type"":""MultiPoint"",""coordinates"":[]}"
19_3_4,85.7888162825324,13,4.0,2004,"{""type"":""MultiPoint"",""coordinates"":[]}"
19_3_5,42.100791099731346,15,4.0,2004,"{""type"":""MultiPoint"",""coordinates"":[]}"
19_3_6,272.41745751055794,18,4.0,2004,"{""type"":""MultiPoint"",""coordinates"":[]}"
19_3_7,72.77029697949217,21,4.0,2004,"{""type"":""MultiPoint"",""coordinates"":[]}"
19_3_8,13.064477848022472,23,4.0,2004,"{""type"":""MultiPoint"",""coordinates"":[]}"
19_3_9,5.4775417187500075,24,4.0,2004,"{""type"":""MultiPoint"",""coordinates"":[]}"
19_3_10,15.45903205798341,25,4.0,2004,"{""type"":""MultiPoint"",""coordinates"":[]}"
19_3_11,52.66391740508956,29,4.0,2004,"{""type"":""MultiPoint"",""coordinates"":[]}"
19_3_12,0.1759941525268555,30,4.0,2004,"{""type"":""MultiPoint"",""coordinates"":[]}"
19_3_13,643.8275075543794,33,4.0,2004,"{""type"":""MultiPoint"",""coordinates"":[]}"
19_3_14,188.58074560368524,68,4.0,2004,"{""type"":""MultiPoint"",""coordinates"":[]}"
19_4_0,95012.50636035764,3,5.0,2004,"{""type"":""MultiPoint"",""coordinates"":[]}"
19_4_1,10538.243962525436,6,5.0,2004,"{""type"":""MultiPoint"",""coordinates"":[]}"
19_4_2,987.550925588785,11,5.0,2004,"{""type"":""MultiPoint"",""coordinates"":[]}"
19_4_3,55.35400059210152,13,5.0,2004,"{""type"":""MultiPoint"",""coordinates"":[]}"
19_4_4,5.0375063825683775,15,5.0,2004,"{""type"":""MultiPoint"",""coordinates"":[]}"
19_4_5,399.4852108613266,18,5.0,2004,"{""type"":""MultiPoint"",""coordinates"":[]}"
19_4_6,66.45696519818053,21,5.0,2004,"{""type"":""MultiPoint"",""coordinates"":[]}"
19_4_7,11.47893218139649,23,5.0,2004,"{""type"":""MultiPoint"",""coordinates"":[]}"
19_4_8,4.868998620788555,24,5.0,2004,"{""type"":""MultiPoint"",""coordinates"":[]}"
19_4_9,1.191164188720703,25,5.0,2004,"{""type"":""MultiPoint"",""coordinates"":[]}"
19_4_10,0.051723294677734344,30,5.0,2004,"{""type"":""MultiPoint"",""coordinates"":[]}"
19_4_11,1571.2094852302396,33,5.0,2004,"{""type"":""MultiPoint"",""coordinates"":[]}"
19_4_12,1.283459523803708,68,5.0,2004,"{""type"":""MultiPoint"",""coordinates"":[]}"
19_5_0,49344.18788943724,3,6.0,2004,"{""type"":""MultiPoint"",""coordinates"":[]}"
19_5_1,2272.2840808717124,6,6.0,2004,"{""type"":""MultiPoint"",""coordinates"":[]}"
19_5_2,74.0967478887935,11,6.0,2004,"{""type"":""MultiPoint"",""coordinates"":[]}"
19_5_3,431.41901523028076,13,6.0,2004,"{""type"":""MultiPoint"",""coordinates"":[]}"
19_5_4,63.32941580877736,15,6.0,2004,"{""type"":""MultiPoint"",""coordinates"":[]}"
19_5_5,393.8045018878192,18,6.0,2004,"{""type"":""MultiPoint"",""coordinates"":[]}"
19_5_6,110.27228310583469,21,6.0,2004,"{""type"":""MultiPoint"",""coordinates"":[]}"
19_5_7,0.9474666525878908,23,6.0,2004,"{""type"":""MultiPoint"",""coordinates"":[]}"
19_5_8,1.3228239931640635,24,6.0,2004,"{""type"":""MultiPoint"",""coordinates"":[]}"
19_5_9,4.774682291992188,25,6.0,2004,"{""type"":""MultiPoint"",""coordinates"":[]}"
19_5_10,1.8643947353515662,29,6.0,2004,"{""type"":""MultiPoint"",""coordinates"":[]}"
19_5_11,0.2627917396240236,30,6.0,2004,"{""type"":""MultiPoint"",""coordinates"":[]}"
19_5_12,425.89253325701713,33,6.0,2004,"{""type"":""MultiPoint"",""coordinates"":[]}"
19_5_13,3.052210753906248,68,6.0,2004,"{""type"":""MultiPoint"",""coordinates"":[]}"
19_6_0,17942.969778204555,3,7.0,2004,"{""type"":""MultiPoint"",""coordinates"":[]}"
19_6_1,1944.0872196044832,6,7.0,2004,"{""type"":""MultiPoint"",""coordinates"":[]}"
19_6_2,0.015196886718750004,9,7.0,2004,"{""type"":""MultiPoint"",""coordinates"":[]}"
19_6_3,66.06629133490773,11,7.0,2004,"{""type"":""MultiPoint"",""coordinates"":[]}"
19_6_4,70.34028334973276,13,7.0,2004,"{""type"":""MultiPoint"",""coordinates"":[]}"
19_6_5,4700.9332834476045,15,7.0,2004,"{""type"":""MultiPoint"",""coordinates"":[]}"
19_6_6,82.90690176916188,18,7.0,2004,"{""type"":""MultiPoint"",""coordinates"":[]}"
19_6_7,568.2493270013891,21,7.0,2004,"{""type"":""MultiPoint"",""coordinates"":[]}"
19_6_8,42.593520069152625,23,7.0,2004,"{""type"":""MultiPoint"",""coordinates"":[]}"
19_6_9,14.444275484863297,24,7.0,2004,"{""type"":""MultiPoint"",""coordinates"":[]}"
19_6_10,14.546444669677731,25,7.0,2004,"{""type"":""MultiPoint"",""coordinates"":[]}"
19_6_11,0.02413436730957031,27,7.0,2004,"{""type"":""MultiPoint"",""coordinates"":[]}"
19_6_12,0.2931754805297854,30,7.0,2004,"{""type"":""MultiPoint"",""coordinates"":[]}"
19_6_13,1.0298003977050787,31,7.0,2004,"{""type"":""MultiPoint"",""coordinates"":[]}"
19_6_14,371.53678802697505,33,7.0,2004,"{""type"":""MultiPoint"",""coordinates"":[]}"
19_6_15,1.6544287712402383,68,7.0,2004,"{""type"":""MultiPoint"",""coordinates"":[]}"
19_7_0,0.0017843005981445312,13,8.0,2004,"{""type"":""MultiPoint"",""coordinates"":[]}"
19_8_0,2395.5614695985964,3,9.0,2004,"{""type"":""MultiPoint"",""coordinates"":[]}"
19_8_1,22.665246153625777,11,9.0,2004,"{""type"":""MultiPoint"",""coordinates"":[]}"
19_8_2,167.81315174586018,13,9.0,2004,"{""type"":""MultiPoint"",""coordinates"":[]}"
19_8_3,108.25854523870916,15,9.0,2004,"{""type"":""MultiPoint"",""coordinates"":[]}"
19_8_4,36.36378984045503,18,9.0,2004,"{""type"":""MultiPoint"",""coordinates"":[]}"
19_8_5,112.04712606103709,21,9.0,2004,"{""type"":""MultiPoint"",""coordinates"":[]}"
19_8_6,2.322473657958976,23,9.0,2004,"{""type"":""MultiPoint"",""coordinates"":[]}"
19_8_7,0.5568807257690427,24,9.0,2004,"{""type"":""MultiPoint"",""coordinates"":[]}"
19_8_8,1.7002291606445306,25,9.0,2004,"{""type"":""MultiPoint"",""coordinates"":[]}"
19_8_9,0.8581711245117202,27,9.0,2004,"{""type"":""MultiPoint"",""coordinates"":[]}"
19_8_10,49.93243969970864,33,9.0,2004,"{""type"":""MultiPoint"",""coordinates"":[]}"
19_8_11,0.32448435687255844,68,9.0,2004,"{""type"":""MultiPoint"",""coordinates"":[]}"
19_9_0,4221.250742624701,3,10.0,2004,"{""type"":""MultiPoint"",""coordinates"":[]}"
19_9_1,8.450266110595773,6,10.0,2004,"{""type"":""MultiPoint"",""coordinates"":[]}"
19_9_2,1.7384402912597645,11,10.0,2004,"{""type"":""MultiPoint"",""coordinates"":[]}"
19_9_3,114.99403968810952,13,10.0,2004,"{""type"":""MultiPoint"",""coordinates"":[]}"
19_9_4,305.88032522076514,15,10.0,2004,"{""type"":""MultiPoint"",""coordinates"":[]}"
19_9_5,0.7710856515502917,18,10.0,2004,"{""type"":""MultiPoint"",""coordinates"":[]}"
19_9_6,253.17675299767492,21,10.0,2004,"{""type"":""MultiPoint"",""coordinates"":[]}"
19_9_7,6.647964346191403,23,10.0,2004,"{""type"":""MultiPoint"",""coordinates"":[]}"
19_9_8,0.23501878051757816,24,10.0,2004,"{""type"":""MultiPoint"",""coordinates"":[]}"
19_9_9,1.5541687564086903,25,10.0,2004,"{""type"":""MultiPoint"",""coordinates"":[]}"
19_9_10,0.026814920288085936,30,10.0,2004,"{""type"":""MultiPoint"",""coordinates"":[]}"
19_9_11,20.481959682128995,33,10.0,2004,"{""type"":""MultiPoint"",""coordinates"":[]}"
19_9_12,0.3896447376708986,68,10.0,2004,"{""type"":""MultiPoint"",""coordinates"":[]}"
19_10_0,27073.853784156305,3,11.0,2004,"{""type"":""MultiPoint"",""coordinates"":[]}"
19_10_1,7438.494421434978,6,11.0,2004,"{""type"":""MultiPoint"",""coordinates"":[]}"
19_10_2,0.04724373004150395,9,11.0,2004,"{""type"":""MultiPoint"",""coordinates"":[]}"
19_10_3,2137.0590810274925,11,11.0,2004,"{""type"":""MultiPoint"",""coordinates"":[]}"
19_10_4,3937.847208788501,12,11.0,2004,"{""type"":""MultiPoint"",""coordinates"":[]}"
19_10_5,189.34487116991772,13,11.0,2004,"{""type"":""MultiPoint"",""coordinates"":[]}"
19_10_6,484.87568065045593,15,11.0,2004,"{""type"":""MultiPoint"",""coordinates"":[]}"
19_10_7,130.26207523382544,18,11.0,2004,"{""type"":""MultiPoint"",""coordinates"":[]}"
19_10_8,334.4160770845338,21,11.0,2004,"{""type"":""MultiPoint"",""coordinates"":[]}"
19_10_9,34.17390551214591,23,11.0,2004,"{""type"":""MultiPoint"",""coordinates"":[]}"
19_10_10,0.25764810089111334,24,11.0,2004,"{""type"":""MultiPoint"",""coordinates"":[]}"
19_10_11,31.013083973083596,25,11.0,2004,"{""type"":""MultiPoint"",""coordinates"":[]}"
19_10_12,8.916176147460938E-4,27,11.0,2004,"{""type"":""MultiPoint"",""coordinates"":[]}"
19_10_13,15.953567234191945,29,11.0,2004,"{""type"":""MultiPoint"",""coordinates"":[]}"
19_10_14,0.015152643005371093,30,11.0,2004,"{""type"":""MultiPoint"",""coordinates"":[]}"
19_10_15,663.4985157254657,33,11.0,2004,"{""type"":""MultiPoint"",""coordinates"":[]}"
19_10_16,169.33513927850203,68,11.0,2004,"{""type"":""MultiPoint"",""coordinates"":[]}"
19_11_0,45461.06870078045,3,12.0,2004,"{""type"":""MultiPoint"",""coordinates"":[]}"
19_11_1,4432.74474316268,6,12.0,2004,"{""type"":""MultiPoint"",""coordinates"":[]}"
19_11_2,106.32615675347937,11,12.0,2004,"{""type"":""MultiPoint"",""coordinates"":[]}"
19_11_3,502.09234276160885,12,12.0,2004,"{""type"":""MultiPoint"",""coordinates"":[]}"
19_11_4,442.8142830094557,13,12.0,2004,"{""type"":""MultiPoint"",""coordinates"":[]}"
19_11_5,3772.690056424394,15,12.0,2004,"{""type"":""MultiPoint"",""coordinates"":[]}"
19_11_6,39.030730444824236,18,12.0,2004,"{""type"":""MultiPoint"",""coordinates"":[]}"
19_11_7,306.44396896112124,21,12.0,2004,"{""type"":""MultiPoint"",""coordinates"":[]}"
19_11_8,28.844483404540988,23,12.0,2004,"{""type"":""MultiPoint"",""coordinates"":[]}"
19_11_9,5.92901757305908,24,12.0,2004,"{""type"":""MultiPoint"",""coordinates"":[]}"
19_11_10,2.966704561523437,25,12.0,2004,"{""type"":""MultiPoint"",""coordinates"":[]}"
19_11_11,0.0687731563110352,30,12.0,2004,"{""type"":""MultiPoint"",""coordinates"":[]}"
19_11_12,348.8134066696152,33,12.0,2004,"{""type"":""MultiPoint"",""coordinates"":[]}"
19_11_13,1.2724399609985355,68,12.0,2004,"{""type"":""MultiPoint"",""coordinates"":[]}"
19_12_0,24385.521400641883,3,13.0,2004,"{""type"":""MultiPoint"",""coordinates"":[]}"
19_12_1,3050.1510412474563,6,13.0,2004,"{""type"":""MultiPoint"",""coordinates"":[]}"
19_12_2,487.8870570938777,11,13.0,2004,"{""type"":""MultiPoint"",""coordinates"":[]}"
19_12_3,6264.772019083268,12,13.0,2004,"{""type"":""MultiPoint"",""coordinates"":[]}"
19_12_4,986.6730106528296,13,13.0,2004,"{""type"":""MultiPoint"",""coordinates"":[]}"
19_12_5,9302.76241840999,15,13.0,2004,"{""type"":""MultiPoint"",""coordinates"":[]}"
19_12_6,163.37971274677156,18,13.0,2004,"{""type"":""MultiPoint"",""coordinates"":[]}"
19_12_7,1319.4153101431941,21,13.0,2004,"{""type"":""MultiPoint"",""coordinates"":[]}"
19_12_8,112.1741397565922,23,13.0,2004,"{""type"":""MultiPoint"",""coordinates"":[]}"
19_12_9,9.18617694396974,24,13.0,2004,"{""type"":""MultiPoint"",""coordinates"":[]}"
19_12_10,29.87577030725094,25,13.0,2004,"{""type"":""MultiPoint"",""coordinates"":[]}"
19_12_11,0.02322723834228516,30,13.0,2004,"{""type"":""MultiPoint"",""coordinates"":[]}"
19_12_12,0.09191641528320302,31,13.0,2004,"{""type"":""MultiPoint"",""coordinates"":[]}"
19_12_13,307.92033063464334,33,13.0,2004,"{""type"":""MultiPoint"",""coordinates"":[]}"
19_12_14,9.320008525268518,35,13.0,2004,"{""type"":""MultiPoint"",""coordinates"":[]}"
19_12_15,2.053709666320799,68,13.0,2004,"{""type"":""MultiPoint"",""coordinates"":[]}"
20_0_0,0.0017839960327148438,13,1.0,2005,"{""type"":""MultiPoint"",""coordinates"":[]}"
20_1_0,0.001783488037109375,13,2.0,2005,"{""type"":""MultiPoint"",""coordinates"":[]}"
20_2_0,65206.80226918381,3,3.0,2005,"{""type"":""MultiPoint"",""coordinates"":[]}"
20_2_1,5607.018083496478,6,3.0,2005,"{""type"":""MultiPoint"",""coordinates"":[]}"
20_2_2,103.15612474603257,11,3.0,2005,"{""type"":""MultiPoint"",""coordinates"":[]}"
20_2_3,1571.9525555744337,12,3.0,2005,"{""type"":""MultiPoint"",""coordinates"":[]}"
20_2_4,1846.5677149270102,13,3.0,2005,"{""type"":""MultiPoint"",""coordinates"":[]}"
20_2_5,14845.662487093501,15,3.0,2005,"{""type"":""MultiPoint"",""coordinates"":[]}"
20_2_6,36.184775798156686,18,3.0,2005,"{""type"":""MultiPoint"",""coordinates"":[]}"
20_2_7,2739.988256580308,21,3.0,2005,"{""type"":""MultiPoint"",""coordinates"":[]}"
20_2_8,62.66497131109627,23,3.0,2005,"{""type"":""MultiPoint"",""coordinates"":[]}"
20_2_9,18.616224541138088,24,3.0,2005,"{""type"":""MultiPoint"",""coordinates"":[]}"
20_2_10,24.685317109008793,25,3.0,2005,"{""type"":""MultiPoint"",""coordinates"":[]}"
20_2_11,0.06791628271484375,30,3.0,2005,"{""type"":""MultiPoint"",""coordinates"":[]}"
20_2_12,0.08132278692626946,31,3.0,2005,"{""type"":""MultiPoint"",""coordinates"":[]}"
20_2_13,769.8041654868726,33,3.0,2005,"{""type"":""MultiPoint"",""coordinates"":[]}"
20_2_14,1.9772106347045864,68,3.0,2005,"{""type"":""MultiPoint"",""coordinates"":[]}"
20_3_0,57654.59269568691,3,4.0,2005,"{""type"":""MultiPoint"",""coordinates"":[]}"
20_3_1,9005.321865105385,6,4.0,2005,"{""type"":""MultiPoint"",""coordinates"":[]}"
20_3_2,670.2087856452007,11,4.0,2005,"{""type"":""MultiPoint"",""coordinates"":[]}"
20_3_3,1936.5423884716197,12,4.0,2005,"{""type"":""MultiPoint"",""coordinates"":[]}"
20_3_4,87.83660164715626,13,4.0,2005,"{""type"":""MultiPoint"",""coordinates"":[]}"
20_3_5,43.56671369305409,15,4.0,2005,"{""type"":""MultiPoint"",""coordinates"":[]}"
20_3_6,271.4694593497927,18,4.0,2005,"{""type"":""MultiPoint"",""coordinates"":[]}"
20_3_7,75.07150231530761,21,4.0,2005,"{""type"":""MultiPoint"",""coordinates"":[]}"
20_3_8,18.802657857482917,23,4.0,2005,"{""type"":""MultiPoint"",""coordinates"":[]}"
20_3_9,5.587311598815925,24,4.0,2005,"{""type"":""MultiPoint"",""coordinates"":[]}"
20_3_10,15.403379040893581,25,4.0,2005,"{""type"":""MultiPoint"",""coordinates"":[]}"
20_3_11,53.499150929381514,29,4.0,2005,"{""type"":""MultiPoint"",""coordinates"":[]}"
20_3_12,0.1572317764892577,30,4.0,2005,"{""type"":""MultiPoint"",""coordinates"":[]}"
20_3_13,637.0580673869599,33,4.0,2005,"{""type"":""MultiPoint"",""coordinates"":[]}"
20_3_14,185.5399768943444,68,4.0,2005,"{""type"":""MultiPoint"",""coordinates"":[]}"
20_4_0,95094.4177767181,3,5.0,2005,"{""type"":""MultiPoint"",""coordinates"":[]}"
20_4_1,10441.760167287184,6,5.0,2005,"{""type"":""MultiPoint"",""coordinates"":[]}"
20_4_2,1000.9953734473845,11,5.0,2005,"{""type"":""MultiPoint"",""coordinates"":[]}"
20_4_3,54.078456681640056,13,5.0,2005,"{""type"":""MultiPoint"",""coordinates"":[]}"
20_4_4,3.9498351613159373,15,5.0,2005,"{""type"":""MultiPoint"",""coordinates"":[]}"
20_4_5,395.9599201926277,18,5.0,2005,"{""type"":""MultiPoint"",""coordinates"":[]}"
20_4_6,66.2919412753293,21,5.0,2005,"{""type"":""MultiPoint"",""coordinates"":[]}"
20_4_7,39.08271230773925,23,5.0,2005,"{""type"":""MultiPoint"",""coordinates"":[]}"
20_4_8,4.835852194213849,24,5.0,2005,"{""type"":""MultiPoint"",""coordinates"":[]}"
20_4_9,1.6140813985595703,25,5.0,2005,"{""type"":""MultiPoint"",""coordinates"":[]}"
20_4_10,0.035671354736328154,30,5.0,2005,"{""type"":""MultiPoint"",""coordinates"":[]}"
20_4_11,0.010700589477539064,31,5.0,2005,"{""type"":""MultiPoint"",""coordinates"":[]}"
20_4_12,1551.633494628982,33,5.0,2005,"{""type"":""MultiPoint"",""coordinates"":[]}"
20_4_13,0.052711308532714864,68,5.0,2005,"{""type"":""MultiPoint"",""coordinates"":[]}"
20_5_0,49307.610158996205,3,6.0,2005,"{""type"":""MultiPoint"",""coordinates"":[]}"
20_5_1,2297.8117257914614,6,6.0,2005,"{""type"":""MultiPoint"",""coordinates"":[]}"
20_5_2,78.64585010699426,11,6.0,2005,"{""type"":""MultiPoint"",""coordinates"":[]}"
20_5_3,429.5862733941573,13,6.0,2005,"{""type"":""MultiPoint"",""coordinates"":[]}"
20_5_4,62.90395508703686,15,6.0,2005,"{""type"":""MultiPoint"",""coordinates"":[]}"
20_5_5,405.55000066797095,18,6.0,2005,"{""type"":""MultiPoint"",""coordinates"":[]}"
20_5_6,108.33667973425273,21,6.0,2005,"{""type"":""MultiPoint"",""coordinates"":[]}"
20_5_7,1.3622717689208992,23,6.0,2005,"{""type"":""MultiPoint"",""coordinates"":[]}"
20_5_8,1.4014876250000012,24,6.0,2005,"{""type"":""MultiPoint"",""coordinates"":[]}"
20_5_9,3.8237747071533184,25,6.0,2005,"{""type"":""MultiPoint"",""coordinates"":[]}"
20_5_10,1.8384757255859396,29,6.0,2005,"{""type"":""MultiPoint"",""coordinates"":[]}"
20_5_11,0.27620023907470714,30,6.0,2005,"{""type"":""MultiPoint"",""coordinates"":[]}"
20_5_12,421.4373493019396,33,6.0,2005,"{""type"":""MultiPoint"",""coordinates"":[]}"
20_5_13,6.926634508605961,68,6.0,2005,"{""type"":""MultiPoint"",""coordinates"":[]}"
20_6_0,18040.138997353544,3,7.0,2005,"{""type"":""MultiPoint"",""coordinates"":[]}"
20_6_1,1903.2529559612524,6,7.0,2005,"{""type"":""MultiPoint"",""coordinates"":[]}"
20_6_2,0.016090821044921877,9,7.0,2005,"{""type"":""MultiPoint"",""coordinates"":[]}"
20_6_3,69.9274115617115,11,7.0,2005,"{""type"":""MultiPoint"",""coordinates"":[]}"
20_6_4,71.26197244549647,13,7.0,2005,"{""type"":""MultiPoint"",""coordinates"":[]}"
20_6_5,4628.046531746735,15,7.0,2005,"{""type"":""MultiPoint"",""coordinates"":[]}"
20_6_6,100.46375218542173,18,7.0,2005,"{""type"":""MultiPoint"",""coordinates"":[]}"
20_6_7,568.5954587173949,21,7.0,2005,"{""type"":""MultiPoint"",""coordinates"":[]}"
20_6_8,37.42945810723863,23,7.0,2005,"{""type"":""MultiPoint"",""coordinates"":[]}"
20_6_9,14.57924703906253,24,7.0,2005,"{""type"":""MultiPoint"",""coordinates"":[]}"
20_6_10,21.721166486511258,25,7.0,2005,"{""type"":""MultiPoint"",""coordinates"":[]}"
20_6_11,0.02413436730957031,27,7.0,2005,"{""type"":""MultiPoint"",""coordinates"":[]}"
20_6_12,0.3003263457641604,30,7.0,2005,"{""type"":""MultiPoint"",""coordinates"":[]}"
20_6_13,0.9207406601562496,31,7.0,2005,"{""type"":""MultiPoint"",""coordinates"":[]}"
20_6_14,363.452090452085,33,7.0,2005,"{""type"":""MultiPoint"",""coordinates"":[]}"
20_6_15,1.5605146154785148,68,7.0,2005,"{""type"":""MultiPoint"",""coordinates"":[]}"
20_7_0,0.0017843005981445312,13,8.0,2005,"{""type"":""MultiPoint"",""coordinates"":[]}"
20_8_0,2400.8642536743628,3,9.0,2005,"{""type"":""MultiPoint"",""coordinates"":[]}"
20_8_1,22.650944106872803,11,9.0,2005,"{""type"":""MultiPoint"",""coordinates"":[]}"
20_8_2,167.0595469353714,13,9.0,2005,"{""type"":""MultiPoint"",""coordinates"":[]}"
20_8_3,104.23415208807562,15,9.0,2005,"{""type"":""MultiPoint"",""coordinates"":[]}"
20_8_4,43.449129680359334,18,9.0,2005,"{""type"":""MultiPoint"",""coordinates"":[]}"
20_8_5,106.70664877911568,21,9.0,2005,"{""type"":""MultiPoint"",""coordinates"":[]}"
20_8_6,1.9854616911010692,23,9.0,2005,"{""type"":""MultiPoint"",""coordinates"":[]}"
20_8_7,0.5810147824096676,24,9.0,2005,"{""type"":""MultiPoint"",""coordinates"":[]}"
20_8_8,0.8957148983764655,25,9.0,2005,"{""type"":""MultiPoint"",""coordinates"":[]}"
20_8_9,0.8581711245117202,27,9.0,2005,"{""type"":""MultiPoint"",""coordinates"":[]}"
20_8_10,48.89192158917433,33,9.0,2005,"{""type"":""MultiPoint"",""coordinates"":[]}"
20_8_11,0.22704801409912123,68,9.0,2005,"{""type"":""MultiPoint"",""coordinates"":[]}"
20_9_0,4219.316736276304,3,10.0,2005,"{""type"":""MultiPoint"",""coordinates"":[]}"
20_9_1,8.293845958740343,6,10.0,2005,"{""type"":""MultiPoint"",""coordinates"":[]}"
20_9_2,1.8841334480590817,11,10.0,2005,"{""type"":""MultiPoint"",""coordinates"":[]}"
20_9_3,114.67239824572712,13,10.0,2005,"{""type"":""MultiPoint"",""coordinates"":[]}"
20_9_4,300.74853723828227,15,10.0,2005,"{""type"":""MultiPoint"",""coordinates"":[]}"
20_9_5,1.6806596245727572,18,10.0,2005,"{""type"":""MultiPoint"",""coordinates"":[]}"
20_9_6,260.30080362908745,21,10.0,2005,"{""type"":""MultiPoint"",""coordinates"":[]}"
20_9_7,4.426168575256341,23,10.0,2005,"{""type"":""MultiPoint"",""coordinates"":[]}"
20_9_8,0.24127522949218755,24,10.0,2005,"{""type"":""MultiPoint"",""coordinates"":[]}"
20_9_9,2.7007946419677724,25,10.0,2005,"{""type"":""MultiPoint"",""coordinates"":[]}"
20_9_10,0.02770875109863281,30,10.0,2005,"{""type"":""MultiPoint"",""coordinates"":[]}"
20_9_11,20.563304054809663,33,10.0,2005,"{""type"":""MultiPoint"",""coordinates"":[]}"
20_9_12,0.740858134521484,68,10.0,2005,"{""type"":""MultiPoint"",""coordinates"":[]}"
20_10_0,27115.760171682352,3,11.0,2005,"{""type"":""MultiPoint"",""coordinates"":[]}"
20_10_1,7413.277017883571,6,11.0,2005,"{""type"":""MultiPoint"",""coordinates"":[]}"
20_10_2,0.0597232091674805,9,11.0,2005,"{""type"":""MultiPoint"",""coordinates"":[]}"
20_10_3,2119.948385975148,11,11.0,2005,"{""type"":""MultiPoint"",""coordinates"":[]}"
20_10_4,3881.2732543471657,12,11.0,2005,"{""type"":""MultiPoint"",""coordinates"":[]}"
20_10_5,184.34321673559137,13,11.0,2005,"{""type"":""MultiPoint"",""coordinates"":[]}"
20_10_6,522.4212465084838,15,11.0,2005,"{""type"":""MultiPoint"",""coordinates"":[]}"
20_10_7,119.66357547155744,18,11.0,2005,"{""type"":""MultiPoint"",""coordinates"":[]}"
20_10_8,342.0836811144401,21,11.0,2005,"{""type"":""MultiPoint"",""coordinates"":[]}"
20_10_9,47.49691250872786,23,11.0,2005,"{""type"":""MultiPoint"",""coordinates"":[]}"
20_10_10,0.26566975097656254,24,11.0,2005,"{""type"":""MultiPoint"",""coordinates"":[]}"
20_10_11,36.12639875433369,25,11.0,2005,"{""type"":""MultiPoint"",""coordinates"":[]}"
20_10_12,8.916176147460938E-4,27,11.0,2005,"{""type"":""MultiPoint"",""coordinates"":[]}"
20_10_13,17.939352660217374,29,11.0,2005,"{""type"":""MultiPoint"",""coordinates"":[]}"
20_10_14,0.017826633728027345,30,11.0,2005,"{""type"":""MultiPoint"",""coordinates"":[]}"
20_10_15,649.1594111854886,33,11.0,2005,"{""type"":""MultiPoint"",""coordinates"":[]}"
20_10_16,190.6116113226911,68,11.0,2005,"{""type"":""MultiPoint"",""coordinates"":[]}"
20_11_0,45365.871704165256,3,12.0,2005,"{""type"":""MultiPoint"",""coordinates"":[]}"
20_11_1,4424.72940087894,6,12.0,2005,"{""type"":""MultiPoint"",""coordinates"":[]}"
20_11_2,107.27424681481895,11,12.0,2005,"{""type"":""MultiPoint"",""coordinates"":[]}"
20_11_3,499.3938367144954,12,12.0,2005,"{""type"":""MultiPoint"",""coordinates"":[]}"
20_11_4,450.2541294410966,13,12.0,2005,"{""type"":""MultiPoint"",""coordinates"":[]}"
20_11_5,3822.712636319969,15,12.0,2005,"{""type"":""MultiPoint"",""coordinates"":[]}"
20_11_6,41.24486461474611,18,12.0,2005,"{""type"":""MultiPoint"",""coordinates"":[]}"
20_11_7,349.34810134893945,21,12.0,2005,"{""type"":""MultiPoint"",""coordinates"":[]}"
20_11_8,30.905801880920446,23,12.0,2005,"{""type"":""MultiPoint"",""coordinates"":[]}"
20_11_9,5.966526378112788,24,12.0,2005,"{""type"":""MultiPoint"",""coordinates"":[]}"
20_11_10,1.615065269531249,25,12.0,2005,"{""type"":""MultiPoint"",""coordinates"":[]}"
20_11_11,0.059840780822753945,30,12.0,2005,"{""type"":""MultiPoint"",""coordinates"":[]}"
20_11_12,350.75566593170106,33,12.0,2005,"{""type"":""MultiPoint"",""coordinates"":[]}"
20_11_13,0.9739870847167981,68,12.0,2005,"{""type"":""MultiPoint"",""coordinates"":[]}"
20_12_0,24500.740817385114,3,13.0,2005,"{""type"":""MultiPoint"",""coordinates"":[]}"
20_12_1,2977.8834260558497,6,13.0,2005,"{""type"":""MultiPoint"",""coordinates"":[]}"
20_12_2,483.4505570535896,11,13.0,2005,"{""type"":""MultiPoint"",""coordinates"":[]}"
20_12_3,6246.651348202649,12,13.0,2005,"{""type"":""MultiPoint"",""coordinates"":[]}"
20_12_4,983.1037169699068,13,13.0,2005,"{""type"":""MultiPoint"",""coordinates"":[]}"
20_12_5,9335.671729378088,15,13.0,2005,"{""type"":""MultiPoint"",""coordinates"":[]}"
20_12_6,171.54730570074665,18,13.0,2005,"{""type"":""MultiPoint"",""coordinates"":[]}"
20_12_7,1265.3241356597955,21,13.0,2005,"{""type"":""MultiPoint"",""coordinates"":[]}"
20_12_8,113.7946518861695,23,13.0,2005,"{""type"":""MultiPoint"",""coordinates"":[]}"
20_12_9,9.26206095074464,24,13.0,2005,"{""type"":""MultiPoint"",""coordinates"":[]}"
20_12_10,27.92293410375968,25,13.0,2005,"{""type"":""MultiPoint"",""coordinates"":[]}"
20_12_11,0.02412059283447266,30,13.0,2005,"{""type"":""MultiPoint"",""coordinates"":[]}"
20_12_12,0.15616828509521458,31,13.0,2005,"{""type"":""MultiPoint"",""coordinates"":[]}"
20_12_13,302.8603819771724,33,13.0,2005,"{""type"":""MultiPoint"",""coordinates"":[]}"
20_12_14,10.404241910705505,35,13.0,2005,"{""type"":""MultiPoint"",""coordinates"":[]}"
20_12_15,2.4096533939208977,68,13.0,2005,"{""type"":""MultiPoint"",""coordinates"":[]}"
21_0_0,0.0017839960327148438,13,1.0,2006,"{""type"":""MultiPoint"",""coordinates"":[]}"
21_1_0,0.001783488037109375,13,2.0,2006,"{""type"":""MultiPoint"",""coordinates"":[]}"
21_2_0,65107.06314335734,3,3.0,2006,"{""type"":""MultiPoint"",""coordinates"":[]}"
21_2_1,5654.860598218033,6,3.0,2006,"{""type"":""MultiPoint"",""coordinates"":[]}"
21_2_2,108.57019527978524,11,3.0,2006,"{""type"":""MultiPoint"",""coordinates"":[]}"
21_2_3,1574.9639838417872,12,3.0,2006,"{""type"":""MultiPoint"",""coordinates"":[]}"
21_2_4,1847.7774103922839,13,3.0,2006,"{""type"":""MultiPoint"",""coordinates"":[]}"
21_2_5,14935.044396888763,15,3.0,2006,"{""type"":""MultiPoint"",""coordinates"":[]}"
21_2_6,36.37693684808342,18,3.0,2006,"{""type"":""MultiPoint"",""coordinates"":[]}"
21_2_7,2704.271220046556,21,3.0,2006,"{""type"":""MultiPoint"",""coordinates"":[]}"
21_2_8,81.21941251525905,23,3.0,2006,"{""type"":""MultiPoint"",""coordinates"":[]}"
21_2_9,18.667157482727447,24,3.0,2006,"{""type"":""MultiPoint"",""coordinates"":[]}"
21_2_10,21.485037969909644,25,3.0,2006,"{""type"":""MultiPoint"",""coordinates"":[]}"
21_2_11,0.09383299621582031,30,3.0,2006,"{""type"":""MultiPoint"",""coordinates"":[]}"
21_2_12,0.024128720275878906,31,3.0,2006,"{""type"":""MultiPoint"",""coordinates"":[]}"
21_2_13,744.0181492365679,33,3.0,2006,"{""type"":""MultiPoint"",""coordinates"":[]}"
21_2_14,0.7937917579956042,68,3.0,2006,"{""type"":""MultiPoint"",""coordinates"":[]}"
21_3_0,57594.585903997955,3,4.0,2006,"{""type"":""MultiPoint"",""coordinates"":[]}"
21_3_1,9056.816454688824,6,4.0,2006,"{""type"":""MultiPoint"",""coordinates"":[]}"
21_3_2,664.2397857519499,11,4.0,2006,"{""type"":""MultiPoint"",""coordinates"":[]}"
21_3_3,1947.262019774625,12,4.0,2006,"{""type"":""MultiPoint"",""coordinates"":[]}"
21_3_4,84.59144452502498,13,4.0,2006,"{""type"":""MultiPoint"",""coordinates"":[]}"
21_3_5,48.14597292773371,15,4.0,2006,"{""type"":""MultiPoint"",""coordinates"":[]}"
21_3_6,260.47163565863025,18,4.0,2006,"{""type"":""MultiPoint"",""coordinates"":[]}"
21_3_7,84.75887345520032,21,4.0,2006,"{""type"":""MultiPoint"",""coordinates"":[]}"
21_3_8,6.424092124023436,23,4.0,2006,"{""type"":""MultiPoint"",""coordinates"":[]}"
21_3_9,5.719399086975106,24,4.0,2006,"{""type"":""MultiPoint"",""coordinates"":[]}"
21_3_10,15.068416555969256,25,4.0,2006,"{""type"":""MultiPoint"",""coordinates"":[]}"
21_3_11,53.80221696990887,29,4.0,2006,"{""type"":""MultiPoint"",""coordinates"":[]}"
21_3_12,0.15187359008789053,30,4.0,2006,"{""type"":""MultiPoint"",""coordinates"":[]}"
21_3_13,651.5532531612517,33,4.0,2006,"{""type"":""MultiPoint"",""coordinates"":[]}"
21_3_14,187.0664451307269,68,4.0,2006,"{""type"":""MultiPoint"",""coordinates"":[]}"
21_4_0,95000.30314547275,3,5.0,2006,"{""type"":""MultiPoint"",""coordinates"":[]}"
21_4_1,10509.789237773943,6,5.0,2006,"{""type"":""MultiPoint"",""coordinates"":[]}"
21_4_2,1031.370585946596,11,5.0,2006,"{""type"":""MultiPoint"",""coordinates"":[]}"
21_4_3,53.02236784844916,13,5.0,2006,"{""type"":""MultiPoint"",""coordinates"":[]}"
21_4_4,3.981280716003411,15,5.0,2006,"{""type"":""MultiPoint"",""coordinates"":[]}"
21_4_5,398.66661883282495,18,5.0,2006,"{""type"":""MultiPoint"",""coordinates"":[]}"
21_4_6,64.88001418371537,21,5.0,2006,"{""type"":""MultiPoint"",""coordinates"":[]}"
21_4_7,19.707025961303703,23,5.0,2006,"{""type"":""MultiPoint"",""coordinates"":[]}"
21_4_8,4.912562712707501,24,5.0,2006,"{""type"":""MultiPoint"",""coordinates"":[]}"
21_4_9,1.3399776476440433,25,5.0,2006,"{""type"":""MultiPoint"",""coordinates"":[]}"
21_4_10,0.029428948364257822,30,5.0,2006,"{""type"":""MultiPoint"",""coordinates"":[]}"
21_4_11,0.02140108148193359,31,5.0,2006,"{""type"":""MultiPoint"",""coordinates"":[]}"
21_4_12,1565.8579710436543,33,5.0,2006,"{""type"":""MultiPoint"",""coordinates"":[]}"
21_4_13,0.8370763763427731,68,5.0,2006,"{""type"":""MultiPoint"",""coordinates"":[]}"
21_5_0,49297.40705668589,3,6.0,2006,"{""type"":""MultiPoint"",""coordinates"":[]}"
21_5_1,2299.6933278741462,6,6.0,2006,"{""type"":""MultiPoint"",""coordinates"":[]}"
21_5_2,80.51316950500464,11,6.0,2006,"{""type"":""MultiPoint"",""coordinates"":[]}"
21_5_3,426.0074168887844,13,6.0,2006,"{""type"":""MultiPoint"",""coordinates"":[]}"
21_5_4,62.305090643860346,15,6.0,2006,"{""type"":""MultiPoint"",""coordinates"":[]}"
21_5_5,415.1741240100734,18,6.0,2006,"{""type"":""MultiPoint"",""coordinates"":[]}"
21_5_6,105.71625789160082,21,6.0,2006,"{""type"":""MultiPoint"",""coordinates"":[]}"
21_5_7,1.5838930122070327,23,6.0,2006,"{""type"":""MultiPoint"",""coordinates"":[]}"
21_5_8,1.4077442741088877,24,6.0,2006,"{""type"":""MultiPoint"",""coordinates"":[]}"
21_5_9,5.540679247375491,25,6.0,2006,"{""type"":""MultiPoint"",""coordinates"":[]}"
21_5_10,1.755357767150881,29,6.0,2006,"{""type"":""MultiPoint"",""coordinates"":[]}"
21_5_11,0.2797751879272462,30,6.0,2006,"{""type"":""MultiPoint"",""coordinates"":[]}"
21_5_12,426.7699411141337,33,6.0,2006,"{""type"":""MultiPoint"",""coordinates"":[]}"
21_5_13,3.3570035520019554,68,6.0,2006,"{""type"":""MultiPoint"",""coordinates"":[]}"
21_6_0,17895.141155837748,3,7.0,2006,"{""type"":""MultiPoint"",""coordinates"":[]}"
21_6_1,1910.8953533954423,6,7.0,2006,"{""type"":""MultiPoint"",""coordinates"":[]}"
21_6_2,0.012515080627441407,9,7.0,2006,"{""type"":""MultiPoint"",""coordinates"":[]}"
21_6_3,73.95468673669276,11,7.0,2006,"{""type"":""MultiPoint"",""coordinates"":[]}"
21_6_4,73.40701658612117,13,7.0,2006,"{""type"":""MultiPoint"",""coordinates"":[]}"
21_6_5,4666.964104916141,15,7.0,2006,"{""type"":""MultiPoint"",""coordinates"":[]}"
21_6_6,106.69268981842708,18,7.0,2006,"{""type"":""MultiPoint"",""coordinates"":[]}"
21_6_7,653.5906943728412,21,7.0,2006,"{""type"":""MultiPoint"",""coordinates"":[]}"
21_6_8,46.85736576043702,23,7.0,2006,"{""type"":""MultiPoint"",""coordinates"":[]}"
21_6_9,14.970762145690951,24,7.0,2006,"{""type"":""MultiPoint"",""coordinates"":[]}"
21_6_10,22.203115465026862,25,7.0,2006,"{""type"":""MultiPoint"",""coordinates"":[]}"
21_6_11,0.02413436730957031,27,7.0,2006,"{""type"":""MultiPoint"",""coordinates"":[]}"
21_6_12,0.31552244421386755,30,7.0,2006,"{""type"":""MultiPoint"",""coordinates"":[]}"
21_6_13,0.8617408101196289,31,7.0,2006,"{""type"":""MultiPoint"",""coordinates"":[]}"
21_6_14,354.3520940396701,33,7.0,2006,"{""type"":""MultiPoint"",""coordinates"":[]}"
21_6_15,1.447897089355469,68,7.0,2006,"{""type"":""MultiPoint"",""coordinates"":[]}"
21_7_0,0.0017843005981445312,13,8.0,2006,"{""type"":""MultiPoint"",""coordinates"":[]}"
21_8_0,2397.376083262389,3,9.0,2006,"{""type"":""MultiPoint"",""coordinates"":[]}"
21_8_1,22.669714640381113,11,9.0,2006,"{""type"":""MultiPoint"",""coordinates"":[]}"
21_8_2,167.2552879381791,13,9.0,2006,"{""type"":""MultiPoint"",""coordinates"":[]}"
21_8_3,106.22229795459003,15,9.0,2006,"{""type"":""MultiPoint"",""coordinates"":[]}"
21_8_4,45.070612805848185,18,9.0,2006,"{""type"":""MultiPoint"",""coordinates"":[]}"
21_8_5,106.52173629773037,21,9.0,2006,"{""type"":""MultiPoint"",""coordinates"":[]}"
21_8_6,2.698834833435062,23,9.0,2006,"{""type"":""MultiPoint"",""coordinates"":[]}"
21_8_7,0.587271952453613,24,9.0,2006,"{""type"":""MultiPoint"",""coordinates"":[]}"
21_8_8,0.8286697675781252,25,9.0,2006,"{""type"":""MultiPoint"",""coordinates"":[]}"
21_8_9,0.8581711245117202,27,9.0,2006,"{""type"":""MultiPoint"",""coordinates"":[]}"
21_8_10,48.09632395221142,33,9.0,2006,"{""type"":""MultiPoint"",""coordinates"":[]}"
21_8_11,0.21900283453369151,68,9.0,2006,"{""type"":""MultiPoint"",""coordinates"":[]}"
21_9_0,4206.043552108656,3,10.0,2006,"{""type"":""MultiPoint"",""coordinates"":[]}"
21_9_1,8.40915015911874,6,10.0,2006,"{""type"":""MultiPoint"",""coordinates"":[]}"
21_9_2,1.873405917297364,11,10.0,2006,"{""type"":""MultiPoint"",""coordinates"":[]}"
21_9_3,116.20589550573627,13,10.0,2006,"{""type"":""MultiPoint"",""coordinates"":[]}"
21_9_4,309.2782603662822,15,10.0,2006,"{""type"":""MultiPoint"",""coordinates"":[]}"
21_9_5,0.9051089434814417,18,10.0,2006,"{""type"":""MultiPoint"",""coordinates"":[]}"
21_9_6,261.91061728441866,21,10.0,2006,"{""type"":""MultiPoint"",""coordinates"":[]}"
21_9_7,8.087220022033677,23,10.0,2006,"{""type"":""MultiPoint"",""coordinates"":[]}"
21_9_8,0.2537876452636719,24,10.0,2006,"{""type"":""MultiPoint"",""coordinates"":[]}"
21_9_9,2.728439986206056,25,10.0,2006,"{""type"":""MultiPoint"",""coordinates"":[]}"
21_9_10,0.09473956542968746,30,10.0,2006,"{""type"":""MultiPoint"",""coordinates"":[]}"
21_9_11,19.21543115338138,33,10.0,2006,"{""type"":""MultiPoint"",""coordinates"":[]}"
21_9_12,0.5916151505737304,68,10.0,2006,"{""type"":""MultiPoint"",""coordinates"":[]}"
21_10_0,27144.407224535473,3,11.0,2006,"{""type"":""MultiPoint"",""coordinates"":[]}"
21_10_1,7401.898481586016,6,11.0,2006,"{""type"":""MultiPoint"",""coordinates"":[]}"
21_10_2,0.05883181927490238,9,11.0,2006,"{""type"":""MultiPoint"",""coordinates"":[]}"
21_10_3,2094.8738111924054,11,11.0,2006,"{""type"":""MultiPoint"",""coordinates"":[]}"
21_10_4,3861.4816351668696,12,11.0,2006,"{""type"":""MultiPoint"",""coordinates"":[]}"
21_10_5,180.35617873400727,13,11.0,2006,"{""type"":""MultiPoint"",""coordinates"":[]}"
21_10_6,546.3429851618068,15,11.0,2006,"{""type"":""MultiPoint"",""coordinates"":[]}"
21_10_7,127.95318036462398,18,11.0,2006,"{""type"":""MultiPoint"",""coordinates"":[]}"
21_10_8,333.98547795495597,21,11.0,2006,"{""type"":""MultiPoint"",""coordinates"":[]}"
21_10_9,19.11720884429933,23,11.0,2006,"{""type"":""MultiPoint"",""coordinates"":[]}"
21_10_10,0.2834965848388672,24,11.0,2006,"{""type"":""MultiPoint"",""coordinates"":[]}"
21_10_11,41.24913555639655,25,11.0,2006,"{""type"":""MultiPoint"",""coordinates"":[]}"
21_10_12,8.916176147460938E-4,27,11.0,2006,"{""type"":""MultiPoint"",""coordinates"":[]}"
21_10_13,18.294038115417575,29,11.0,2006,"{""type"":""MultiPoint"",""coordinates"":[]}"
21_10_14,0.019609532287597653,30,11.0,2006,"{""type"":""MultiPoint"",""coordinates"":[]}"
21_10_15,674.7440633517476,33,11.0,2006,"{""type"":""MultiPoint"",""coordinates"":[]}"
21_10_16,195.38209724285582,68,11.0,2006,"{""type"":""MultiPoint"",""coordinates"":[]}"
21_11_0,45282.986828830355,3,12.0,2006,"{""type"":""MultiPoint"",""coordinates"":[]}"
21_11_1,4414.119388701497,6,12.0,2006,"{""type"":""MultiPoint"",""coordinates"":[]}"
21_11_2,106.02670699298005,11,12.0,2006,"{""type"":""MultiPoint"",""coordinates"":[]}"
21_11_3,500.7778487022289,12,12.0,2006,"{""type"":""MultiPoint"",""coordinates"":[]}"
21_11_4,454.09683156603546,13,12.0,2006,"{""type"":""MultiPoint"",""coordinates"":[]}"
21_11_5,3858.9721675503492,15,12.0,2006,"{""type"":""MultiPoint"",""coordinates"":[]}"
21_11_6,42.84192141479494,18,12.0,2006,"{""type"":""MultiPoint"",""coordinates"":[]}"
21_11_7,396.0937837842417,21,12.0,2006,"{""type"":""MultiPoint"",""coordinates"":[]}"
21_11_8,19.145724303710946,23,12.0,2006,"{""type"":""MultiPoint"",""coordinates"":[]}"
21_11_9,6.013867499389641,24,12.0,2006,"{""type"":""MultiPoint"",""coordinates"":[]}"
21_11_10,8.404958989562981,25,12.0,2006,"{""type"":""MultiPoint"",""coordinates"":[]}"
21_11_11,0.05626772753906251,30,12.0,2006,"{""type"":""MultiPoint"",""coordinates"":[]}"
21_11_12,360.4659521256709,33,12.0,2006,"{""type"":""MultiPoint"",""coordinates"":[]}"
21_11_13,1.103559435546877,68,12.0,2006,"{""type"":""MultiPoint"",""coordinates"":[]}"
21_12_0,24460.395241443257,3,13.0,2006,"{""type"":""MultiPoint"",""coordinates"":[]}"
21_12_1,2959.7972804660367,6,13.0,2006,"{""type"":""MultiPoint"",""coordinates"":[]}"
21_12_2,462.1466559253589,11,13.0,2006,"{""type"":""MultiPoint"",""coordinates"":[]}"
21_12_3,6249.023322570529,12,13.0,2006,"{""type"":""MultiPoint"",""coordinates"":[]}"
21_12_4,981.8061736936002,13,13.0,2006,"{""type"":""MultiPoint"",""coordinates"":[]}"
21_12_5,9381.592491599633,15,13.0,2006,"{""type"":""MultiPoint"",""coordinates"":[]}"
21_12_6,216.49432763708825,18,13.0,2006,"{""type"":""MultiPoint"",""coordinates"":[]}"
21_12_7,1243.6665460133172,21,13.0,2006,"{""type"":""MultiPoint"",""coordinates"":[]}"
21_12_8,95.69557479211441,23,13.0,2006,"{""type"":""MultiPoint"",""coordinates"":[]}"
21_12_9,9.451310987548837,24,13.0,2006,"{""type"":""MultiPoint"",""coordinates"":[]}"
21_12_10,24.753835387084948,25,13.0,2006,"{""type"":""MultiPoint"",""coordinates"":[]}"
21_12_11,0.04731671588134767,30,13.0,2006,"{""type"":""MultiPoint"",""coordinates"":[]}"
21_12_12,0.1981104215698238,31,13.0,2006,"{""type"":""MultiPoint"",""coordinates"":[]}"
21_12_13,319.19858554437195,33,13.0,2006,"{""type"":""MultiPoint"",""coordinates"":[]}"
21_12_14,24.57544576055886,35,13.0,2006,"{""type"":""MultiPoint"",""coordinates"":[]}"
21_12_15,2.365030548706053,68,13.0,2006,"{""type"":""MultiPoint"",""coordinates"":[]}"
22_0_0,0.0017839960327148438,13,1.0,2007,"{""type"":""MultiPoint"",""coordinates"":[]}"
22_1_0,0.001783488037109375,13,2.0,2007,"{""type"":""MultiPoint"",""coordinates"":[]}"
22_2_0,64821.17904227546,3,3.0,2007,"{""type"":""MultiPoint"",""coordinates"":[]}"
22_2_1,5676.235946368509,6,3.0,2007,"{""type"":""MultiPoint"",""coordinates"":[]}"
22_2_2,103.45581251452663,11,3.0,2007,"{""type"":""MultiPoint"",""coordinates"":[]}"
22_2_3,1579.5319598457227,12,3.0,2007,"{""type"":""MultiPoint"",""coordinates"":[]}"
22_2_4,1861.8348235447975,13,3.0,2007,"{""type"":""MultiPoint"",""coordinates"":[]}"
22_2_5,15307.180788089194,15,3.0,2007,"{""type"":""MultiPoint"",""coordinates"":[]}"
22_2_6,33.945409706298655,18,3.0,2007,"{""type"":""MultiPoint"",""coordinates"":[]}"
22_2_7,2591.8217012367677,21,3.0,2007,"{""type"":""MultiPoint"",""coordinates"":[]}"
22_2_8,95.01758198992921,23,3.0,2007,"{""type"":""MultiPoint"",""coordinates"":[]}"
22_2_9,19.055884406677652,24,3.0,2007,"{""type"":""MultiPoint"",""coordinates"":[]}"
22_2_10,22.05179080346676,25,3.0,2007,"{""type"":""MultiPoint"",""coordinates"":[]}"
22_2_11,0.11617445281982416,30,3.0,2007,"{""type"":""MultiPoint"",""coordinates"":[]}"
22_2_12,0.03395894769287109,31,3.0,2007,"{""type"":""MultiPoint"",""coordinates"":[]}"
22_2_13,722.5502247391934,33,3.0,2007,"{""type"":""MultiPoint"",""coordinates"":[]}"
22_2_14,1.2182966294555657,68,3.0,2007,"{""type"":""MultiPoint"",""coordinates"":[]}"
22_3_0,57475.88575244697,3,4.0,2007,"{""type"":""MultiPoint"",""coordinates"":[]}"
22_3_1,9160.89124901596,6,4.0,2007,"{""type"":""MultiPoint"",""coordinates"":[]}"
22_3_2,667.4897695258767,11,4.0,2007,"{""type"":""MultiPoint"",""coordinates"":[]}"
22_3_3,1953.8651615012634,12,4.0,2007,"{""type"":""MultiPoint"",""coordinates"":[]}"
22_3_4,87.66149438092096,13,4.0,2007,"{""type"":""MultiPoint"",""coordinates"":[]}"
22_3_5,48.88878446008224,15,4.0,2007,"{""type"":""MultiPoint"",""coordinates"":[]}"
22_3_6,261.0729576855466,18,4.0,2007,"{""type"":""MultiPoint"",""coordinates"":[]}"
22_3_7,92.27116428955068,21,4.0,2007,"{""type"":""MultiPoint"",""coordinates"":[]}"
22_3_8,25.44417476770012,23,4.0,2007,"{""type"":""MultiPoint"",""coordinates"":[]}"
22_3_9,5.832714312866219,24,4.0,2007,"{""type"":""MultiPoint"",""coordinates"":[]}"
22_3_10,14.850548542968763,25,4.0,2007,"{""type"":""MultiPoint"",""coordinates"":[]}"
22_3_11,53.79407995080486,29,4.0,2007,"{""type"":""MultiPoint"",""coordinates"":[]}"
22_3_12,0.1456204066162109,30,4.0,2007,"{""type"":""MultiPoint"",""coordinates"":[]}"
22_3_13,624.2080131727874,33,4.0,2007,"{""type"":""MultiPoint"",""coordinates"":[]}"
22_3_14,188.35630293858048,68,4.0,2007,"{""type"":""MultiPoint"",""coordinates"":[]}"
22_4_0,94873.26952711625,3,5.0,2007,"{""type"":""MultiPoint"",""coordinates"":[]}"
22_4_1,10648.947772990703,6,5.0,2007,"{""type"":""MultiPoint"",""coordinates"":[]}"
22_4_2,1033.4754085720763,11,5.0,2007,"{""type"":""MultiPoint"",""coordinates"":[]}"
22_4_3,47.81771012396207,13,5.0,2007,"{""type"":""MultiPoint"",""coordinates"":[]}"
22_4_4,3.9125245648803837,15,5.0,2007,"{""type"":""MultiPoint"",""coordinates"":[]}"
22_4_5,389.34196243988174,18,5.0,2007,"{""type"":""MultiPoint"",""coordinates"":[]}"
22_4_6,69.35168306738228,21,5.0,2007,"{""type"":""MultiPoint"",""coordinates"":[]}"
22_4_7,26.26813676464846,23,5.0,2007,"{""type"":""MultiPoint"",""coordinates"":[]}"
22_4_8,4.947291874145489,24,5.0,2007,"{""type"":""MultiPoint"",""coordinates"":[]}"
22_4_9,1.2327804555053714,25,5.0,2007,"{""type"":""MultiPoint"",""coordinates"":[]}"
22_4_10,0.037454847045898444,30,5.0,2007,"{""type"":""MultiPoint"",""coordinates"":[]}"
22_4_11,0.020509366088867186,31,5.0,2007,"{""type"":""MultiPoint"",""coordinates"":[]}"
22_4_12,1556.095932362746,33,5.0,2007,"{""type"":""MultiPoint"",""coordinates"":[]}"
22_5_0,49303.72633475444,3,6.0,2007,"{""type"":""MultiPoint"",""coordinates"":[]}"
22_5_1,2280.356469140001,6,6.0,2007,"{""type"":""MultiPoint"",""coordinates"":[]}"
22_5_2,78.24268106310993,11,6.0,2007,"{""type"":""MultiPoint"",""coordinates"":[]}"
22_5_3,426.906090756214,13,6.0,2007,"{""type"":""MultiPoint"",""coordinates"":[]}"
22_5_4,60.79185515661688,15,6.0,2007,"{""type"":""MultiPoint"",""coordinates"":[]}"
22_5_5,426.67976293286415,18,6.0,2007,"{""type"":""MultiPoint"",""coordinates"":[]}"
22_5_6,105.62587168463044,21,6.0,2007,"{""type"":""MultiPoint"",""coordinates"":[]}"
22_5_7,1.300594234558106,23,6.0,2007,"{""type"":""MultiPoint"",""coordinates"":[]}"
22_5_8,1.4148941942749034,24,6.0,2007,"{""type"":""MultiPoint"",""coordinates"":[]}"
22_5_9,4.673730713623048,25,6.0,2007,"{""type"":""MultiPoint"",""coordinates"":[]}"
22_5_10,1.7276482036743184,29,6.0,2007,"{""type"":""MultiPoint"",""coordinates"":[]}"
22_5_11,0.2636847328491212,30,6.0,2007,"{""type"":""MultiPoint"",""coordinates"":[]}"
22_5_12,433.15828653619195,33,6.0,2007,"{""type"":""MultiPoint"",""coordinates"":[]}"
22_5_13,2.642933550903318,68,6.0,2007,"{""type"":""MultiPoint"",""coordinates"":[]}"
22_6_0,17660.932676546658,3,7.0,2007,"{""type"":""MultiPoint"",""coordinates"":[]}"
22_6_1,1917.5038109377338,6,7.0,2007,"{""type"":""MultiPoint"",""coordinates"":[]}"
22_6_2,0.017878687622070306,9,7.0,2007,"{""type"":""MultiPoint"",""coordinates"":[]}"
22_6_3,73.0392929062476,11,7.0,2007,"{""type"":""MultiPoint"",""coordinates"":[]}"
22_6_4,73.28558166558919,13,7.0,2007,"{""type"":""MultiPoint"",""coordinates"":[]}"
22_6_5,4748.2343296632325,15,7.0,2007,"{""type"":""MultiPoint"",""coordinates"":[]}"
22_6_6,92.91377408325154,18,7.0,2007,"{""type"":""MultiPoint"",""coordinates"":[]}"
22_6_7,823.7263402927753,21,7.0,2007,"{""type"":""MultiPoint"",""coordinates"":[]}"
22_6_8,55.88919386938504,23,7.0,2007,"{""type"":""MultiPoint"",""coordinates"":[]}"
22_6_9,15.24608331567386,24,7.0,2007,"{""type"":""MultiPoint"",""coordinates"":[]}"
22_6_10,18.0384069956055,25,7.0,2007,"{""type"":""MultiPoint"",""coordinates"":[]}"
22_6_11,0.02413436730957031,27,7.0,2007,"{""type"":""MultiPoint"",""coordinates"":[]}"
22_6_12,0.34055118750000024,30,7.0,2007,"{""type"":""MultiPoint"",""coordinates"":[]}"
22_6_13,0.8840850640869138,31,7.0,2007,"{""type"":""MultiPoint"",""coordinates"":[]}"
22_6_14,340.48588205126794,33,7.0,2007,"{""type"":""MultiPoint"",""coordinates"":[]}"
22_6_15,1.128827232299805,68,7.0,2007,"{""type"":""MultiPoint"",""coordinates"":[]}"
22_7_0,0.0017843005981445312,13,8.0,2007,"{""type"":""MultiPoint"",""coordinates"":[]}"
22_8_0,2393.3744979787275,3,9.0,2007,"{""type"":""MultiPoint"",""coordinates"":[]}"
22_8_1,22.22279166949468,11,9.0,2007,"{""type"":""MultiPoint"",""coordinates"":[]}"
22_8_2,165.58195458966512,13,9.0,2007,"{""type"":""MultiPoint"",""coordinates"":[]}"
22_8_3,105.41782497619664,15,9.0,2007,"{""type"":""MultiPoint"",""coordinates"":[]}"
22_8_4,45.64735000555419,18,9.0,2007,"{""type"":""MultiPoint"",""coordinates"":[]}"
22_8_5,112.33763802167024,21,9.0,2007,"{""type"":""MultiPoint"",""coordinates"":[]}"
22_8_6,2.3555456513671866,23,9.0,2007,"{""type"":""MultiPoint"",""coordinates"":[]}"
22_8_7,0.6015740774536129,24,9.0,2007,"{""type"":""MultiPoint"",""coordinates"":[]}"
22_8_8,0.9055451851806646,25,9.0,2007,"{""type"":""MultiPoint"",""coordinates"":[]}"
22_8_9,0.8581711245117202,27,9.0,2007,"{""type"":""MultiPoint"",""coordinates"":[]}"
22_8_10,48.7980844651507,33,9.0,2007,"{""type"":""MultiPoint"",""coordinates"":[]}"
22_8_11,0.3030296190185546,68,9.0,2007,"{""type"":""MultiPoint"",""coordinates"":[]}"
22_9_0,4220.276348693942,3,10.0,2007,"{""type"":""MultiPoint"",""coordinates"":[]}"
22_9_1,9.015168360778835,6,10.0,2007,"{""type"":""MultiPoint"",""coordinates"":[]}"
22_9_2,1.3978907130737284,11,10.0,2007,"{""type"":""MultiPoint"",""coordinates"":[]}"
22_9_3,114.88161774285726,13,10.0,2007,"{""type"":""MultiPoint"",""coordinates"":[]}"
22_9_4,311.7100220752012,15,10.0,2007,"{""type"":""MultiPoint"",""coordinates"":[]}"
22_9_5,0.7487423522338849,18,10.0,2007,"{""type"":""MultiPoint"",""coordinates"":[]}"
22_9_6,247.6560428619984,21,10.0,2007,"{""type"":""MultiPoint"",""coordinates"":[]}"
22_9_7,4.1070693477172835,23,10.0,2007,"{""type"":""MultiPoint"",""coordinates"":[]}"
22_9_8,0.27434548382568363,24,10.0,2007,"{""type"":""MultiPoint"",""coordinates"":[]}"
22_9_9,1.85525222088623,25,10.0,2007,"{""type"":""MultiPoint"",""coordinates"":[]}"
22_9_10,0.11618948138427723,30,10.0,2007,"{""type"":""MultiPoint"",""coordinates"":[]}"
22_9_11,23.176036663269013,33,10.0,2007,"{""type"":""MultiPoint"",""coordinates"":[]}"
22_9_12,0.3824978107299803,68,10.0,2007,"{""type"":""MultiPoint"",""coordinates"":[]}"
22_10_0,27068.176262965622,3,11.0,2007,"{""type"":""MultiPoint"",""coordinates"":[]}"
22_10_1,7466.396664297148,6,11.0,2007,"{""type"":""MultiPoint"",""coordinates"":[]}"
22_10_2,0.05883181927490238,9,11.0,2007,"{""type"":""MultiPoint"",""coordinates"":[]}"
22_10_3,2075.24658837423,11,11.0,2007,"{""type"":""MultiPoint"",""coordinates"":[]}"
22_10_4,3867.5828844185885,12,11.0,2007,"{""type"":""MultiPoint"",""coordinates"":[]}"
22_10_5,180.22304812688878,13,11.0,2007,"{""type"":""MultiPoint"",""coordinates"":[]}"
22_10_6,562.0442817091122,15,11.0,2007,"{""type"":""MultiPoint"",""coordinates"":[]}"
22_10_7,127.05957606774926,18,11.0,2007,"{""type"":""MultiPoint"",""coordinates"":[]}"
22_10_8,352.02004379498294,21,11.0,2007,"{""type"":""MultiPoint"",""coordinates"":[]}"
22_10_9,44.845941881469535,23,11.0,2007,"{""type"":""MultiPoint"",""coordinates"":[]}"
22_10_10,0.3102368215942384,24,11.0,2007,"{""type"":""MultiPoint"",""coordinates"":[]}"
22_10_11,32.00536468157972,25,11.0,2007,"{""type"":""MultiPoint"",""coordinates"":[]}"
22_10_12,8.916176147460938E-4,27,11.0,2007,"{""type"":""MultiPoint"",""coordinates"":[]}"
22_10_13,19.811240833313114,29,11.0,2007,"{""type"":""MultiPoint"",""coordinates"":[]}"
22_10_14,0.022283640686035156,30,11.0,2007,"{""type"":""MultiPoint"",""coordinates"":[]}"
22_10_15,634.8545108742088,33,11.0,2007,"{""type"":""MultiPoint"",""coordinates"":[]}"
22_10_16,209.78969543645846,68,11.0,2007,"{""type"":""MultiPoint"",""coordinates"":[]}"
22_11_0,45210.052395869294,3,12.0,2007,"{""type"":""MultiPoint"",""coordinates"":[]}"
22_11_1,4446.309213885678,6,12.0,2007,"{""type"":""MultiPoint"",""coordinates"":[]}"
22_11_2,101.82370089135611,11,12.0,2007,"{""type"":""MultiPoint"",""coordinates"":[]}"
22_11_3,506.45104737048234,12,12.0,2007,"{""type"":""MultiPoint"",""coordinates"":[]}"
22_11_4,459.7449508306215,13,12.0,2007,"{""type"":""MultiPoint"",""coordinates"":[]}"
22_11_5,3890.375327826113,15,12.0,2007,"{""type"":""MultiPoint"",""coordinates"":[]}"
22_11_6,42.9157308681641,18,12.0,2007,"{""type"":""MultiPoint"",""coordinates"":[]}"
22_11_7,411.66952049688695,21,12.0,2007,"{""type"":""MultiPoint"",""coordinates"":[]}"
22_11_8,28.953182132141144,23,12.0,2007,"{""type"":""MultiPoint"",""coordinates"":[]}"
22_11_9,6.063881004272454,24,12.0,2007,"{""type"":""MultiPoint"",""coordinates"":[]}"
22_11_10,0.9129338638916014,25,12.0,2007,"{""type"":""MultiPoint"",""coordinates"":[]}"
22_11_11,0.06698538012695314,30,12.0,2007,"{""type"":""MultiPoint"",""coordinates"":[]}"
22_11_12,344.62859333874417,33,12.0,2007,"{""type"":""MultiPoint"",""coordinates"":[]}"
22_11_13,1.138343866088869,68,12.0,2007,"{""type"":""MultiPoint"",""coordinates"":[]}"
22_12_0,24262.08469726302,3,13.0,2007,"{""type"":""MultiPoint"",""coordinates"":[]}"
22_12_1,2987.8709157362105,6,13.0,2007,"{""type"":""MultiPoint"",""coordinates"":[]}"
22_12_2,461.70801954345575,11,13.0,2007,"{""type"":""MultiPoint"",""coordinates"":[]}"
22_12_3,6231.330647526356,12,13.0,2007,"{""type"":""MultiPoint"",""coordinates"":[]}"
22_12_4,984.5184883962619,13,13.0,2007,"{""type"":""MultiPoint"",""coordinates"":[]}"
22_12_5,9576.375484512495,15,13.0,2007,"{""type"":""MultiPoint"",""coordinates"":[]}"
22_12_6,147.39749494995687,18,13.0,2007,"{""type"":""MultiPoint"",""coordinates"":[]}"
22_12_7,1307.5380728523078,21,13.0,2007,"{""type"":""MultiPoint"",""coordinates"":[]}"
22_12_8,93.49550709179732,23,13.0,2007,"{""type"":""MultiPoint"",""coordinates"":[]}"
22_12_9,9.702121181701669,24,13.0,2007,"{""type"":""MultiPoint"",""coordinates"":[]}"
22_12_10,30.364563654846222,25,13.0,2007,"{""type"":""MultiPoint"",""coordinates"":[]}"
22_12_11,0.05266727947998047,30,13.0,2007,"{""type"":""MultiPoint"",""coordinates"":[]}"
22_12_12,0.15884490704345672,31,13.0,2007,"{""type"":""MultiPoint"",""coordinates"":[]}"
22_12_13,307.73437119000215,33,13.0,2007,"{""type"":""MultiPoint"",""coordinates"":[]}"
22_12_14,28.303299882568265,35,13.0,2007,"{""type"":""MultiPoint"",""coordinates"":[]}"
22_12_15,2.572053539123534,68,13.0,2007,"{""type"":""MultiPoint"",""coordinates"":[]}"
23_0_0,0.0017839960327148438,13,1.0,2008,"{""type"":""MultiPoint"",""coordinates"":[]}"
23_1_0,0.001783488037109375,13,2.0,2008,"{""type"":""MultiPoint"",""coordinates"":[]}"
23_2_0,64432.959615771724,3,3.0,2008,"{""type"":""MultiPoint"",""coordinates"":[]}"
23_2_1,5560.531642954415,6,3.0,2008,"{""type"":""MultiPoint"",""coordinates"":[]}"
23_2_2,96.20338994140607,11,3.0,2008,"{""type"":""MultiPoint"",""coordinates"":[]}"
23_2_3,1581.6765162594727,12,3.0,2008,"{""type"":""MultiPoint"",""coordinates"":[]}"
23_2_4,1857.2338993834849,13,3.0,2008,"{""type"":""MultiPoint"",""coordinates"":[]}"
23_2_5,15901.968671754723,15,3.0,2008,"{""type"":""MultiPoint"",""coordinates"":[]}"
23_2_6,33.031801367187384,18,3.0,2008,"{""type"":""MultiPoint"",""coordinates"":[]}"
23_2_7,2490.919998107521,21,3.0,2008,"{""type"":""MultiPoint"",""coordinates"":[]}"
23_2_8,84.35883361352546,23,3.0,2008,"{""type"":""MultiPoint"",""coordinates"":[]}"
23_2_9,19.326653054199646,24,3.0,2008,"{""type"":""MultiPoint"",""coordinates"":[]}"
23_2_10,25.98636171203609,25,3.0,2008,"{""type"":""MultiPoint"",""coordinates"":[]}"
23_2_11,0.10813165582275389,30,3.0,2008,"{""type"":""MultiPoint"",""coordinates"":[]}"
23_2_12,0.07417351104736324,31,3.0,2008,"{""type"":""MultiPoint"",""coordinates"":[]}"
23_2_13,750.3036395008505,33,3.0,2008,"{""type"":""MultiPoint"",""coordinates"":[]}"
23_2_14,0.5460669637451168,68,3.0,2008,"{""type"":""MultiPoint"",""coordinates"":[]}"
23_3_0,57520.934060819556,3,4.0,2008,"{""type"":""MultiPoint"",""coordinates"":[]}"
23_3_1,9079.164416416916,6,4.0,2008,"{""type"":""MultiPoint"",""coordinates"":[]}"
23_3_2,685.801206533571,11,4.0,2008,"{""type"":""MultiPoint"",""coordinates"":[]}"
23_3_3,1927.3869098030762,12,4.0,2008,"{""type"":""MultiPoint"",""coordinates"":[]}"
23_3_4,85.43132279241995,13,4.0,2008,"{""type"":""MultiPoint"",""coordinates"":[]}"
23_3_5,49.14848143481369,15,4.0,2008,"{""type"":""MultiPoint"",""coordinates"":[]}"
23_3_6,267.71462717999117,18,4.0,2008,"{""type"":""MultiPoint"",""coordinates"":[]}"
23_3_7,90.6277430803831,21,4.0,2008,"{""type"":""MultiPoint"",""coordinates"":[]}"
23_3_8,19.992697669982917,23,4.0,2008,"{""type"":""MultiPoint"",""coordinates"":[]}"
23_3_9,5.874659626647957,24,4.0,2008,"{""type"":""MultiPoint"",""coordinates"":[]}"
23_3_10,15.947219826171883,25,4.0,2008,"{""type"":""MultiPoint"",""coordinates"":[]}"
23_3_11,54.74861032934505,29,4.0,2008,"{""type"":""MultiPoint"",""coordinates"":[]}"
23_3_12,0.13490055377197266,30,4.0,2008,"{""type"":""MultiPoint"",""coordinates"":[]}"
23_3_13,630.1819188802459,33,4.0,2008,"{""type"":""MultiPoint"",""coordinates"":[]}"
23_3_14,227.56901245176925,68,4.0,2008,"{""type"":""MultiPoint"",""coordinates"":[]}"
23_4_0,94885.78350151762,3,5.0,2008,"{""type"":""MultiPoint"",""coordinates"":[]}"
23_4_1,10633.949059257424,6,5.0,2008,"{""type"":""MultiPoint"",""coordinates"":[]}"
23_4_2,1039.9164861820016,11,5.0,2008,"{""type"":""MultiPoint"",""coordinates"":[]}"
23_4_3,47.161518218322186,13,5.0,2008,"{""type"":""MultiPoint"",""coordinates"":[]}"
23_4_4,4.007493646057151,15,5.0,2008,"{""type"":""MultiPoint"",""coordinates"":[]}"
23_4_5,384.53405431469776,18,5.0,2008,"{""type"":""MultiPoint"",""coordinates"":[]}"
23_4_6,68.98369984381019,21,5.0,2008,"{""type"":""MultiPoint"",""coordinates"":[]}"
23_4_7,21.66256755810547,23,5.0,2008,"{""type"":""MultiPoint"",""coordinates"":[]}"
23_4_8,5.0482020258178535,24,5.0,2008,"{""type"":""MultiPoint"",""coordinates"":[]}"
23_4_9,2.07994384979248,25,5.0,2008,"{""type"":""MultiPoint"",""coordinates"":[]}"
23_4_10,0.04102196472167969,30,5.0,2008,"{""type"":""MultiPoint"",""coordinates"":[]}"
23_4_11,0.02675131958007812,31,5.0,2008,"{""type"":""MultiPoint"",""coordinates"":[]}"
23_4_12,1560.532256583386,33,5.0,2008,"{""type"":""MultiPoint"",""coordinates"":[]}"
23_4_13,0.9921382639770483,68,5.0,2008,"{""type"":""MultiPoint"",""coordinates"":[]}"
23_5_0,49284.12653770558,3,6.0,2008,"{""type"":""MultiPoint"",""coordinates"":[]}"
23_5_1,2285.643720190346,6,6.0,2008,"{""type"":""MultiPoint"",""coordinates"":[]}"
23_5_2,79.97027366314666,11,6.0,2008,"{""type"":""MultiPoint"",""coordinates"":[]}"
23_5_3,428.43259675249374,13,6.0,2008,"{""type"":""MultiPoint"",""coordinates"":[]}"
23_5_4,61.32091030951008,15,6.0,2008,"{""type"":""MultiPoint"",""coordinates"":[]}"
23_5_5,443.68681737030477,18,6.0,2008,"{""type"":""MultiPoint"",""coordinates"":[]}"
23_5_6,105.08090558770661,21,6.0,2008,"{""type"":""MultiPoint"",""coordinates"":[]}"
23_5_7,1.5222830288085942,23,6.0,2008,"{""type"":""MultiPoint"",""coordinates"":[]}"
23_5_8,1.4738876165771493,24,6.0,2008,"{""type"":""MultiPoint"",""coordinates"":[]}"
23_5_9,4.13396876715088,25,6.0,2008,"{""type"":""MultiPoint"",""coordinates"":[]}"
23_5_10,1.7276489855957051,29,6.0,2008,"{""type"":""MultiPoint"",""coordinates"":[]}"
23_5_11,0.2636838260498048,30,6.0,2008,"{""type"":""MultiPoint"",""coordinates"":[]}"
23_5_12,426.83230758312794,33,6.0,2008,"{""type"":""MultiPoint"",""coordinates"":[]}"
23_5_13,3.2952962675781228,68,6.0,2008,"{""type"":""MultiPoint"",""coordinates"":[]}"
23_6_0,17651.605707063725,3,7.0,2008,"{""type"":""MultiPoint"",""coordinates"":[]}"
23_6_1,1905.3185246299756,6,7.0,2008,"{""type"":""MultiPoint"",""coordinates"":[]}"
23_6_2,0.014302951293945312,9,7.0,2008,"{""type"":""MultiPoint"",""coordinates"":[]}"
23_6_3,73.17248113500688,11,7.0,2008,"{""type"":""MultiPoint"",""coordinates"":[]}"
23_6_4,69.19119481634597,13,7.0,2008,"{""type"":""MultiPoint"",""coordinates"":[]}"
23_6_5,4731.997431582419,15,7.0,2008,"{""type"":""MultiPoint"",""coordinates"":[]}"
23_6_6,89.18007307269568,18,7.0,2008,"{""type"":""MultiPoint"",""coordinates"":[]}"
23_6_7,877.3000804348087,21,7.0,2008,"{""type"":""MultiPoint"",""coordinates"":[]}"
23_6_8,50.39012697418213,23,7.0,2008,"{""type"":""MultiPoint"",""coordinates"":[]}"
23_6_9,15.671567156494174,24,7.0,2008,"{""type"":""MultiPoint"",""coordinates"":[]}"
23_6_10,15.80971936132814,25,7.0,2008,"{""type"":""MultiPoint"",""coordinates"":[]}"
23_6_11,0.02413436730957031,27,7.0,2008,"{""type"":""MultiPoint"",""coordinates"":[]}"
23_6_12,0.3137371397094732,30,7.0,2008,"{""type"":""MultiPoint"",""coordinates"":[]}"
23_6_13,0.8492213548583979,31,7.0,2008,"{""type"":""MultiPoint"",""coordinates"":[]}"
23_6_14,339.3814071433694,33,7.0,2008,"{""type"":""MultiPoint"",""coordinates"":[]}"
23_6_15,1.4711396822509772,68,7.0,2008,"{""type"":""MultiPoint"",""coordinates"":[]}"
23_7_0,0.0017843005981445312,13,8.0,2008,"{""type"":""MultiPoint"",""coordinates"":[]}"
23_8_0,2388.921588637554,3,9.0,2008,"{""type"":""MultiPoint"",""coordinates"":[]}"
23_8_1,22.291617201904312,11,9.0,2008,"{""type"":""MultiPoint"",""coordinates"":[]}"
23_8_2,163.01389776471171,13,9.0,2008,"{""type"":""MultiPoint"",""coordinates"":[]}"
23_8_3,104.87962338525473,15,9.0,2008,"{""type"":""MultiPoint"",""coordinates"":[]}"
23_8_4,40.21805347961457,18,9.0,2008,"{""type"":""MultiPoint"",""coordinates"":[]}"
23_8_5,124.99002325463945,21,9.0,2008,"{""type"":""MultiPoint"",""coordinates"":[]}"
23_8_6,2.2536460866699217,23,9.0,2008,"{""type"":""MultiPoint"",""coordinates"":[]}"
23_8_7,0.6087247192382809,24,9.0,2008,"{""type"":""MultiPoint"",""coordinates"":[]}"
23_8_8,0.9922500454711924,25,9.0,2008,"{""type"":""MultiPoint"",""coordinates"":[]}"
23_8_9,0.8581711245117202,27,9.0,2008,"{""type"":""MultiPoint"",""coordinates"":[]}"
23_8_10,49.18779948944283,33,9.0,2008,"{""type"":""MultiPoint"",""coordinates"":[]}"
23_8_11,0.18861217498779292,68,9.0,2008,"{""type"":""MultiPoint"",""coordinates"":[]}"
23_9_0,4239.561136760955,3,10.0,2008,"{""type"":""MultiPoint"",""coordinates"":[]}"
23_9_1,8.893607669982904,6,10.0,2008,"{""type"":""MultiPoint"",""coordinates"":[]}"
23_9_2,1.4792282929077119,11,10.0,2008,"{""type"":""MultiPoint"",""coordinates"":[]}"
23_9_3,109.62351013317752,13,10.0,2008,"{""type"":""MultiPoint"",""coordinates"":[]}"
23_9_4,316.6221178261038,15,10.0,2008,"{""type"":""MultiPoint"",""coordinates"":[]}"
23_9_5,0.46729502069091783,18,10.0,2008,"{""type"":""MultiPoint"",""coordinates"":[]}"
23_9_6,228.82710611822372,21,10.0,2008,"{""type"":""MultiPoint"",""coordinates"":[]}"
23_9_7,6.052055352355965,23,10.0,2008,"{""type"":""MultiPoint"",""coordinates"":[]}"
23_9_8,0.3136728602905273,24,10.0,2008,"{""type"":""MultiPoint"",""coordinates"":[]}"
23_9_9,1.9607578485717763,25,10.0,2008,"{""type"":""MultiPoint"",""coordinates"":[]}"
23_9_10,0.12423370581054677,30,10.0,2008,"{""type"":""MultiPoint"",""coordinates"":[]}"
23_9_11,21.03083223059098,33,10.0,2008,"{""type"":""MultiPoint"",""coordinates"":[]}"
23_9_12,0.6416699880981436,68,10.0,2008,"{""type"":""MultiPoint"",""coordinates"":[]}"
23_10_0,27014.437239897004,3,11.0,2008,"{""type"":""MultiPoint"",""coordinates"":[]}"
23_10_1,7520.290697319262,6,11.0,2008,"{""type"":""MultiPoint"",""coordinates"":[]}"
23_10_2,0.08022518737792973,9,11.0,2008,"{""type"":""MultiPoint"",""coordinates"":[]}"
23_10_3,2035.8354980956246,11,11.0,2008,"{""type"":""MultiPoint"",""coordinates"":[]}"
23_10_4,3862.8912325183082,12,11.0,2008,"{""type"":""MultiPoint"",""coordinates"":[]}"
23_10_5,182.3238202506076,13,11.0,2008,"{""type"":""MultiPoint"",""coordinates"":[]}"
23_10_6,587.6731791311049,15,11.0,2008,"{""type"":""MultiPoint"",""coordinates"":[]}"
23_10_7,130.8952273115238,18,11.0,2008,"{""type"":""MultiPoint"",""coordinates"":[]}"
23_10_8,363.74616705712924,21,11.0,2008,"{""type"":""MultiPoint"",""coordinates"":[]}"
23_10_9,33.91968919934078,23,11.0,2008,"{""type"":""MultiPoint"",""coordinates"":[]}"
23_10_10,0.312910754272461,24,11.0,2008,"{""type"":""MultiPoint"",""coordinates"":[]}"
23_10_11,33.3686012160647,25,11.0,2008,"{""type"":""MultiPoint"",""coordinates"":[]}"
23_10_12,8.916176147460938E-4,27,11.0,2008,"{""type"":""MultiPoint"",""coordinates"":[]}"
23_10_13,19.959272491394128,29,11.0,2008,"{""type"":""MultiPoint"",""coordinates"":[]}"
23_10_14,0.03208869653320312,30,11.0,2008,"{""type"":""MultiPoint"",""coordinates"":[]}"
23_10_15,649.193651980349,33,11.0,2008,"{""type"":""MultiPoint"",""coordinates"":[]}"
23_10_16,205.48795463677524,68,11.0,2008,"{""type"":""MultiPoint"",""coordinates"":[]}"
23_11_0,45135.56758943904,3,12.0,2008,"{""type"":""MultiPoint"",""coordinates"":[]}"
23_11_1,4465.968151816755,6,12.0,2008,"{""type"":""MultiPoint"",""coordinates"":[]}"
23_11_2,101.2145295968002,11,12.0,2008,"{""type"":""MultiPoint"",""coordinates"":[]}"
23_11_3,505.5518692779626,12,12.0,2008,"{""type"":""MultiPoint"",""coordinates"":[]}"
23_11_4,455.70502879033864,13,12.0,2008,"{""type"":""MultiPoint"",""coordinates"":[]}"
23_11_5,3930.386143805146,15,12.0,2008,"{""type"":""MultiPoint"",""coordinates"":[]}"
23_11_6,40.90329879351815,18,12.0,2008,"{""type"":""MultiPoint"",""coordinates"":[]}"
23_11_7,430.28125344207785,21,12.0,2008,"{""type"":""MultiPoint"",""coordinates"":[]}"
23_11_8,28.01813963085939,23,12.0,2008,"{""type"":""MultiPoint"",""coordinates"":[]}"
23_11_9,6.079076541564935,24,12.0,2008,"{""type"":""MultiPoint"",""coordinates"":[]}"
23_11_10,3.46760201287842,25,12.0,2008,"{""type"":""MultiPoint"",""coordinates"":[]}"
23_11_11,0.06073342211914067,30,12.0,2008,"{""type"":""MultiPoint"",""coordinates"":[]}"
23_11_12,346.78274989361506,33,12.0,2008,"{""type"":""MultiPoint"",""coordinates"":[]}"
23_11_13,1.1196411611328152,68,12.0,2008,"{""type"":""MultiPoint"",""coordinates"":[]}"
23_12_0,24080.00477849732,3,13.0,2008,"{""type"":""MultiPoint"",""coordinates"":[]}"
23_12_1,3013.4300758910667,6,13.0,2008,"{""type"":""MultiPoint"",""coordinates"":[]}"
23_12_2,444.46276080578474,11,13.0,2008,"{""type"":""MultiPoint"",""coordinates"":[]}"
23_12_3,6038.2988272603525,12,13.0,2008,"{""type"":""MultiPoint"",""coordinates"":[]}"
23_12_4,993.4319861691935,13,13.0,2008,"{""type"":""MultiPoint"",""coordinates"":[]}"
23_12_5,9771.05090536806,15,13.0,2008,"{""type"":""MultiPoint"",""coordinates"":[]}"
23_12_6,146.38865214849986,18,13.0,2008,"{""type"":""MultiPoint"",""coordinates"":[]}"
23_12_7,1457.9143613910526,21,13.0,2008,"{""type"":""MultiPoint"",""coordinates"":[]}"
23_12_8,117.25851134954829,23,13.0,2008,"{""type"":""MultiPoint"",""coordinates"":[]}"
23_12_9,9.889619280578618,24,13.0,2008,"{""type"":""MultiPoint"",""coordinates"":[]}"
23_12_10,31.20039720904545,25,13.0,2008,"{""type"":""MultiPoint"",""coordinates"":[]}"
23_12_11,0.05445039941406249,30,13.0,2008,"{""type"":""MultiPoint"",""coordinates"":[]}"
23_12_12,0.20524961004638628,31,13.0,2008,"{""type"":""MultiPoint"",""coordinates"":[]}"
23_12_13,290.8958566294553,33,13.0,2008,"{""type"":""MultiPoint"",""coordinates"":[]}"
23_12_14,34.51542216900532,35,13.0,2008,"{""type"":""MultiPoint"",""coordinates"":[]}"
23_12_15,2.2053953289184536,68,13.0,2008,"{""type"":""MultiPoint"",""coordinates"":[]}"
24_0_0,0.0017839960327148438,13,1.0,2009,"{""type"":""MultiPoint"",""coordinates"":[]}"
24_1_0,0.001783488037109375,13,2.0,2009,"{""type"":""MultiPoint"",""coordinates"":[]}"
24_2_0,64478.78244071141,3,3.0,2009,"{""type"":""MultiPoint"",""coordinates"":[]}"
24_2_1,5378.199256754363,6,3.0,2009,"{""type"":""MultiPoint"",""coordinates"":[]}"
24_2_2,94.35780646728537,11,3.0,2009,"{""type"":""MultiPoint"",""coordinates"":[]}"
24_2_3,1577.164257500521,12,3.0,2009,"{""type"":""MultiPoint"",""coordinates"":[]}"
24_2_4,1791.1493210266472,13,3.0,2009,"{""type"":""MultiPoint"",""coordinates"":[]}"
24_2_5,16259.401584299776,15,3.0,2009,"{""type"":""MultiPoint"",""coordinates"":[]}"
24_2_6,30.658503222595133,18,3.0,2009,"{""type"":""MultiPoint"",""coordinates"":[]}"
24_2_7,2386.419590284066,21,3.0,2009,"{""type"":""MultiPoint"",""coordinates"":[]}"
24_2_8,57.19881037304693,23,3.0,2009,"{""type"":""MultiPoint"",""coordinates"":[]}"
24_2_9,19.547368100464286,24,3.0,2009,"{""type"":""MultiPoint"",""coordinates"":[]}"
24_2_10,12.581190144103997,25,3.0,2009,"{""type"":""MultiPoint"",""coordinates"":[]}"
24_2_11,0.13941079968261716,30,3.0,2009,"{""type"":""MultiPoint"",""coordinates"":[]}"
24_2_12,0.05004475927734374,31,3.0,2009,"{""type"":""MultiPoint"",""coordinates"":[]}"
24_2_13,748.754831032711,33,3.0,2009,"{""type"":""MultiPoint"",""coordinates"":[]}"
24_2_14,0.8249800756225576,68,3.0,2009,"{""type"":""MultiPoint"",""coordinates"":[]}"
24_3_0,57651.432778774026,3,4.0,2009,"{""type"":""MultiPoint"",""coordinates"":[]}"
24_3_1,8963.79114424271,6,4.0,2009,"{""type"":""MultiPoint"",""coordinates"":[]}"
24_3_2,690.0131855982037,11,4.0,2009,"{""type"":""MultiPoint"",""coordinates"":[]}"
24_3_3,1934.7673110557596,12,4.0,2009,"{""type"":""MultiPoint"",""coordinates"":[]}"
24_3_4,80.81161070495666,13,4.0,2009,"{""type"":""MultiPoint"",""coordinates"":[]}"
24_3_5,49.6479264437248,15,4.0,2009,"{""type"":""MultiPoint"",""coordinates"":[]}"
24_3_6,270.50959652245984,18,4.0,2009,"{""type"":""MultiPoint"",""coordinates"":[]}"
24_3_7,92.88852433392307,21,4.0,2009,"{""type"":""MultiPoint"",""coordinates"":[]}"
24_3_8,14.751789825073248,23,4.0,2009,"{""type"":""MultiPoint"",""coordinates"":[]}"
24_3_9,5.937123736145028,24,4.0,2009,"{""type"":""MultiPoint"",""coordinates"":[]}"
24_3_10,15.856684880187997,25,4.0,2009,"{""type"":""MultiPoint"",""coordinates"":[]}"
24_3_11,55.02679077117869,29,4.0,2009,"{""type"":""MultiPoint"",""coordinates"":[]}"
24_3_12,0.13758501098632808,30,4.0,2009,"{""type"":""MultiPoint"",""coordinates"":[]}"
24_3_13,633.2419260142796,33,4.0,2009,"{""type"":""MultiPoint"",""coordinates"":[]}"
24_3_14,201.84380948540263,68,4.0,2009,"{""type"":""MultiPoint"",""coordinates"":[]}"
24_4_0,94945.03046234972,3,5.0,2009,"{""type"":""MultiPoint"",""coordinates"":[]}"
24_4_1,10564.377682974116,6,5.0,2009,"{""type"":""MultiPoint"",""coordinates"":[]}"
24_4_2,1058.8629664819948,11,5.0,2009,"{""type"":""MultiPoint"",""coordinates"":[]}"
24_4_3,47.632811934875,13,5.0,2009,"{""type"":""MultiPoint"",""coordinates"":[]}"
24_4_4,4.5757326132812715,15,5.0,2009,"{""type"":""MultiPoint"",""coordinates"":[]}"
24_4_5,382.33799798614433,18,5.0,2009,"{""type"":""MultiPoint"",""coordinates"":[]}"
24_4_6,68.52661083532715,21,5.0,2009,"{""type"":""MultiPoint"",""coordinates"":[]}"
24_4_7,36.62527217144776,23,5.0,2009,"{""type"":""MultiPoint"",""coordinates"":[]}"
24_4_8,5.054331141357405,24,5.0,2009,"{""type"":""MultiPoint"",""coordinates"":[]}"
24_4_9,1.5506311300048832,25,5.0,2009,"{""type"":""MultiPoint"",""coordinates"":[]}"
24_4_10,0.03210420904541016,30,5.0,2009,"{""type"":""MultiPoint"",""coordinates"":[]}"
24_4_11,0.0267512808227539,31,5.0,2009,"{""type"":""MultiPoint"",""coordinates"":[]}"
24_4_12,1538.459484533035,33,5.0,2009,"{""type"":""MultiPoint"",""coordinates"":[]}"
24_4_13,1.625854903625486,68,5.0,2009,"{""type"":""MultiPoint"",""coordinates"":[]}"
24_5_0,49242.97970836521,3,6.0,2009,"{""type"":""MultiPoint"",""coordinates"":[]}"
24_5_1,2308.024676870695,6,6.0,2009,"{""type"":""MultiPoint"",""coordinates"":[]}"
24_5_2,82.42851213586397,11,6.0,2009,"{""type"":""MultiPoint"",""coordinates"":[]}"
24_5_3,426.03950769658553,13,6.0,2009,"{""type"":""MultiPoint"",""coordinates"":[]}"
24_5_4,61.04203299237108,15,6.0,2009,"{""type"":""MultiPoint"",""coordinates"":[]}"
24_5_5,456.69353178027654,18,6.0,2009,"{""type"":""MultiPoint"",""coordinates"":[]}"
24_5_6,106.83566876098574,21,6.0,2009,"{""type"":""MultiPoint"",""coordinates"":[]}"
24_5_7,0.7141946920776368,23,6.0,2009,"{""type"":""MultiPoint"",""coordinates"":[]}"
24_5_8,1.4881875902709971,24,6.0,2009,"{""type"":""MultiPoint"",""coordinates"":[]}"
24_5_9,4.541453670349123,25,6.0,2009,"{""type"":""MultiPoint"",""coordinates"":[]}"
24_5_10,1.6489978813476573,29,6.0,2009,"{""type"":""MultiPoint"",""coordinates"":[]}"
24_5_11,0.256531608581543,30,6.0,2009,"{""type"":""MultiPoint"",""coordinates"":[]}"
24_5_12,426.22765039105013,33,6.0,2009,"{""type"":""MultiPoint"",""coordinates"":[]}"
24_5_13,8.59018321789538,68,6.0,2009,"{""type"":""MultiPoint"",""coordinates"":[]}"
24_6_0,17682.485852265,3,7.0,2009,"{""type"":""MultiPoint"",""coordinates"":[]}"
24_6_1,1918.749486624326,6,7.0,2009,"{""type"":""MultiPoint"",""coordinates"":[]}"
24_6_2,0.01966656097412109,9,7.0,2009,"{""type"":""MultiPoint"",""coordinates"":[]}"
24_6_3,76.78937067736055,11,7.0,2009,"{""type"":""MultiPoint"",""coordinates"":[]}"
24_6_4,67.77889497766182,13,7.0,2009,"{""type"":""MultiPoint"",""coordinates"":[]}"
24_6_5,4689.662651006957,15,7.0,2009,"{""type"":""MultiPoint"",""coordinates"":[]}"
24_6_6,103.82689427197019,18,7.0,2009,"{""type"":""MultiPoint"",""coordinates"":[]}"
24_6_7,857.8503320998462,21,7.0,2009,"{""type"":""MultiPoint"",""coordinates"":[]}"
24_6_8,39.04619570605465,23,7.0,2009,"{""type"":""MultiPoint"",""coordinates"":[]}"
24_6_9,16.039841067443906,24,7.0,2009,"{""type"":""MultiPoint"",""coordinates"":[]}"
24_6_10,16.053535691040036,25,7.0,2009,"{""type"":""MultiPoint"",""coordinates"":[]}"
24_6_11,0.02413436730957031,27,7.0,2009,"{""type"":""MultiPoint"",""coordinates"":[]}"
24_6_12,0.3119507534179694,30,7.0,2009,"{""type"":""MultiPoint"",""coordinates"":[]}"
24_6_13,0.9019599000854491,31,7.0,2009,"{""type"":""MultiPoint"",""coordinates"":[]}"
24_6_14,350.9604834018524,33,7.0,2009,"{""type"":""MultiPoint"",""coordinates"":[]}"
24_6_15,1.189599493713378,68,7.0,2009,"{""type"":""MultiPoint"",""coordinates"":[]}"
24_7_0,0.0017843005981445312,13,8.0,2009,"{""type"":""MultiPoint"",""coordinates"":[]}"
24_8_0,2390.4911485085504,3,9.0,2009,"{""type"":""MultiPoint"",""coordinates"":[]}"
24_8_1,22.137875614074773,11,9.0,2009,"{""type"":""MultiPoint"",""coordinates"":[]}"
24_8_2,159.73426524786834,13,9.0,2009,"{""type"":""MultiPoint"",""coordinates"":[]}"
24_8_3,100.53239896637429,15,9.0,2009,"{""type"":""MultiPoint"",""coordinates"":[]}"
24_8_4,43.121338585999226,18,9.0,2009,"{""type"":""MultiPoint"",""coordinates"":[]}"
24_8_5,127.97151462152323,21,9.0,2009,"{""type"":""MultiPoint"",""coordinates"":[]}"
24_8_6,1.9041134020385697,23,9.0,2009,"{""type"":""MultiPoint"",""coordinates"":[]}"
24_8_7,0.6140882725219723,24,9.0,2009,"{""type"":""MultiPoint"",""coordinates"":[]}"
24_8_8,1.0181698950195324,25,9.0,2009,"{""type"":""MultiPoint"",""coordinates"":[]}"
24_8_9,0.8581711245117202,27,9.0,2009,"{""type"":""MultiPoint"",""coordinates"":[]}"
24_8_10,49.871641165407596,33,9.0,2009,"{""type"":""MultiPoint"",""coordinates"":[]}"
24_8_11,0.14928196008300776,68,9.0,2009,"{""type"":""MultiPoint"",""coordinates"":[]}"
24_9_0,4247.063983592253,3,10.0,2009,"{""type"":""MultiPoint"",""coordinates"":[]}"
24_9_1,9.072372994140613,6,10.0,2009,"{""type"":""MultiPoint"",""coordinates"":[]}"
24_9_2,1.5954257535400387,11,10.0,2009,"{""type"":""MultiPoint"",""coordinates"":[]}"
24_9_3,109.51261737390007,13,10.0,2009,"{""type"":""MultiPoint"",""coordinates"":[]}"
24_9_4,322.59687570341566,15,10.0,2009,"{""type"":""MultiPoint"",""coordinates"":[]}"
24_9_5,0.2081833081054687,18,10.0,2009,"{""type"":""MultiPoint"",""coordinates"":[]}"
24_9_6,213.080245502989,21,10.0,2009,"{""type"":""MultiPoint"",""coordinates"":[]}"
24_9_7,6.179851543762194,23,10.0,2009,"{""type"":""MultiPoint"",""coordinates"":[]}"
24_9_8,0.3413801951904297,24,10.0,2009,"{""type"":""MultiPoint"",""coordinates"":[]}"
24_9_9,3.463979843994138,25,10.0,2009,"{""type"":""MultiPoint"",""coordinates"":[]}"
24_9_10,0.10993333331298819,30,10.0,2009,"{""type"":""MultiPoint"",""coordinates"":[]}"
24_9_11,21.86475691113296,33,10.0,2009,"{""type"":""MultiPoint"",""coordinates"":[]}"
24_9_12,0.5076177522583004,68,10.0,2009,"{""type"":""MultiPoint"",""coordinates"":[]}"
24_10_0,27052.58100513333,3,11.0,2009,"{""type"":""MultiPoint"",""coordinates"":[]}"
24_10_1,7491.271734409919,6,11.0,2009,"{""type"":""MultiPoint"",""coordinates"":[]}"
24_10_2,0.09092187756347657,9,11.0,2009,"{""type"":""MultiPoint"",""coordinates"":[]}"
24_10_3,2025.4702697000466,11,11.0,2009,"{""type"":""MultiPoint"",""coordinates"":[]}"
24_10_4,3848.5772386226745,12,11.0,2009,"{""type"":""MultiPoint"",""coordinates"":[]}"
24_10_5,177.82749617822068,13,11.0,2009,"{""type"":""MultiPoint"",""coordinates"":[]}"
24_10_6,595.2558732389568,15,11.0,2009,"{""type"":""MultiPoint"",""coordinates"":[]}"
24_10_7,131.53112291107115,18,11.0,2009,"{""type"":""MultiPoint"",""coordinates"":[]}"
24_10_8,363.1519575538334,21,11.0,2009,"{""type"":""MultiPoint"",""coordinates"":[]}"
24_10_9,33.22223563909899,23,11.0,2009,"{""type"":""MultiPoint"",""coordinates"":[]}"
24_10_10,0.3218239185791016,24,11.0,2009,"{""type"":""MultiPoint"",""coordinates"":[]}"
24_10_11,32.4907723999026,25,11.0,2009,"{""type"":""MultiPoint"",""coordinates"":[]}"
24_10_12,8.916176147460938E-4,27,11.0,2009,"{""type"":""MultiPoint"",""coordinates"":[]}"
24_10_13,20.954746919372596,29,11.0,2009,"{""type"":""MultiPoint"",""coordinates"":[]}"
24_10_14,0.033871187927246096,30,11.0,2009,"{""type"":""MultiPoint"",""coordinates"":[]}"
24_10_15,652.2432089069231,33,11.0,2009,"{""type"":""MultiPoint"",""coordinates"":[]}"
24_10_16,215.4231771453801,68,11.0,2009,"{""type"":""MultiPoint"",""coordinates"":[]}"
24_11_0,45213.75970061094,3,12.0,2009,"{""type"":""MultiPoint"",""coordinates"":[]}"
24_11_1,4487.133536340244,6,12.0,2009,"{""type"":""MultiPoint"",""coordinates"":[]}"
24_11_2,102.73022669842346,11,12.0,2009,"{""type"":""MultiPoint"",""coordinates"":[]}"
24_11_3,505.5769475789224,12,12.0,2009,"{""type"":""MultiPoint"",""coordinates"":[]}"
24_11_4,441.30126640038367,13,12.0,2009,"{""type"":""MultiPoint"",""coordinates"":[]}"
24_11_5,3881.7232333172374,15,12.0,2009,"{""type"":""MultiPoint"",""coordinates"":[]}"
24_11_6,38.16328362524421,18,12.0,2009,"{""type"":""MultiPoint"",""coordinates"":[]}"
24_11_7,402.14606877563637,21,12.0,2009,"{""type"":""MultiPoint"",""coordinates"":[]}"
24_11_8,18.651727728027346,23,12.0,2009,"{""type"":""MultiPoint"",""coordinates"":[]}"
24_11_9,6.124635313232415,24,12.0,2009,"{""type"":""MultiPoint"",""coordinates"":[]}"
24_11_10,1.2041546271362302,25,12.0,2009,"{""type"":""MultiPoint"",""coordinates"":[]}"
24_11_11,0.05090889532470703,30,12.0,2009,"{""type"":""MultiPoint"",""coordinates"":[]}"
24_11_12,351.3329324330441,33,12.0,2009,"{""type"":""MultiPoint"",""coordinates"":[]}"
24_11_13,1.2071852803955099,68,12.0,2009,"{""type"":""MultiPoint"",""coordinates"":[]}"
24_12_0,23972.526047533556,3,13.0,2009,"{""type"":""MultiPoint"",""coordinates"":[]}"
24_12_1,2964.4252364686818,6,13.0,2009,"{""type"":""MultiPoint"",""coordinates"":[]}"
24_12_2,2.1702400513915947,9,13.0,2009,"{""type"":""MultiPoint"",""coordinates"":[]}"
24_12_3,427.5772251356803,11,13.0,2009,"{""type"":""MultiPoint"",""coordinates"":[]}"
24_12_4,5615.108915696885,12,13.0,2009,"{""type"":""MultiPoint"",""coordinates"":[]}"
24_12_5,999.341052862506,13,13.0,2009,"{""type"":""MultiPoint"",""coordinates"":[]}"
24_12_6,9905.438838438626,15,13.0,2009,"{""type"":""MultiPoint"",""coordinates"":[]}"
24_12_7,174.86352851257394,18,13.0,2009,"{""type"":""MultiPoint"",""coordinates"":[]}"
24_12_8,1578.7193456099235,21,13.0,2009,"{""type"":""MultiPoint"",""coordinates"":[]}"
24_12_9,81.48061772534189,23,13.0,2009,"{""type"":""MultiPoint"",""coordinates"":[]}"
24_12_10,10.052087754699714,24,13.0,2009,"{""type"":""MultiPoint"",""coordinates"":[]}"
24_12_11,19.440081576355027,25,13.0,2009,"{""type"":""MultiPoint"",""coordinates"":[]}"
24_12_12,0.05801903601074218,30,13.0,2009,"{""type"":""MultiPoint"",""coordinates"":[]}"
24_12_13,0.1695536506958003,31,13.0,2009,"{""type"":""MultiPoint"",""coordinates"":[]}"
24_12_14,311.6819459439079,33,13.0,2009,"{""type"":""MultiPoint"",""coordinates"":[]}"
24_12_15,365.8759733176905,35,13.0,2009,"{""type"":""MultiPoint"",""coordinates"":[]}"
24_12_16,2.2785401928710924,68,13.0,2009,"{""type"":""MultiPoint"",""coordinates"":[]}"
25_0_0,0.0017839960327148438,13,1.0,2010,"{""type"":""MultiPoint"",""coordinates"":[]}"
25_1_0,0.001783488037109375,13,2.0,2010,"{""type"":""MultiPoint"",""coordinates"":[]}"
25_2_0,64182.8966496675,3,3.0,2010,"{""type"":""MultiPoint"",""coordinates"":[]}"
25_2_1,5390.556613356134,6,3.0,2010,"{""type"":""MultiPoint"",""coordinates"":[]}"
25_2_2,90.52927492944328,11,3.0,2010,"{""type"":""MultiPoint"",""coordinates"":[]}"
25_2_3,1563.537971974913,12,3.0,2010,"{""type"":""MultiPoint"",""coordinates"":[]}"
25_2_4,1753.9262940297767,13,3.0,2010,"{""type"":""MultiPoint"",""coordinates"":[]}"
25_2_5,16534.429963715007,15,3.0,2010,"{""type"":""MultiPoint"",""coordinates"":[]}"
25_2_6,32.09323704046628,18,3.0,2010,"{""type"":""MultiPoint"",""coordinates"":[]}"
25_2_7,2440.535534261243,21,3.0,2010,"{""type"":""MultiPoint"",""coordinates"":[]}"
25_2_8,90.32083192846689,23,3.0,2010,"{""type"":""MultiPoint"",""coordinates"":[]}"
25_2_9,20.019221632324605,24,3.0,2010,"{""type"":""MultiPoint"",""coordinates"":[]}"
25_2_10,13.92802664410401,25,3.0,2010,"{""type"":""MultiPoint"",""coordinates"":[]}"
25_2_11,0.12153790026855471,30,3.0,2010,"{""type"":""MultiPoint"",""coordinates"":[]}"
25_2_12,0.08221640692138665,31,3.0,2010,"{""type"":""MultiPoint"",""coordinates"":[]}"
25_2_13,721.630852699826,33,3.0,2010,"{""type"":""MultiPoint"",""coordinates"":[]}"
25_2_14,0.6211693639526371,68,3.0,2010,"{""type"":""MultiPoint"",""coordinates"":[]}"
25_3_0,57664.177359756744,3,4.0,2010,"{""type"":""MultiPoint"",""coordinates"":[]}"
25_3_1,8956.51330892798,6,4.0,2010,"{""type"":""MultiPoint"",""coordinates"":[]}"
25_3_2,679.6859186246348,11,4.0,2010,"{""type"":""MultiPoint"",""coordinates"":[]}"
25_3_3,1924.460113285509,12,4.0,2010,"{""type"":""MultiPoint"",""coordinates"":[]}"
25_3_4,77.66353277392658,13,4.0,2010,"{""type"":""MultiPoint"",""coordinates"":[]}"
25_3_5,49.39143768670575,15,4.0,2010,"{""type"":""MultiPoint"",""coordinates"":[]}"
25_3_6,291.3547932033675,18,4.0,2010,"{""type"":""MultiPoint"",""coordinates"":[]}"
25_3_7,74.72625961334232,21,4.0,2010,"{""type"":""MultiPoint"",""coordinates"":[]}"
25_3_8,6.424518454589846,23,4.0,2010,"{""type"":""MultiPoint"",""coordinates"":[]}"
25_3_9,6.04070032379151,24,4.0,2010,"{""type"":""MultiPoint"",""coordinates"":[]}"
25_3_10,16.34593577844239,25,4.0,2010,"{""type"":""MultiPoint"",""coordinates"":[]}"
25_3_11,54.10589050414959,29,4.0,2010,"{""type"":""MultiPoint"",""coordinates"":[]}"
25_3_12,0.1474129893798828,30,4.0,2010,"{""type"":""MultiPoint"",""coordinates"":[]}"
25_3_13,640.3658048780483,33,4.0,2010,"{""type"":""MultiPoint"",""coordinates"":[]}"
25_3_14,219.2548005984937,68,4.0,2010,"{""type"":""MultiPoint"",""coordinates"":[]}"
25_4_0,94990.06496220754,3,5.0,2010,"{""type"":""MultiPoint"",""coordinates"":[]}"
25_4_1,10524.750714756161,6,5.0,2010,"{""type"":""MultiPoint"",""coordinates"":[]}"
25_4_2,1047.635799876206,11,5.0,2010,"{""type"":""MultiPoint"",""coordinates"":[]}"
25_4_3,48.55463125146408,13,5.0,2010,"{""type"":""MultiPoint"",""coordinates"":[]}"
25_4_4,4.381788107482934,15,5.0,2010,"{""type"":""MultiPoint"",""coordinates"":[]}"
25_4_5,384.027955453063,18,5.0,2010,"{""type"":""MultiPoint"",""coordinates"":[]}"
25_4_6,65.03936956518507,21,5.0,2010,"{""type"":""MultiPoint"",""coordinates"":[]}"
25_4_7,60.30254209362793,23,5.0,2010,"{""type"":""MultiPoint"",""coordinates"":[]}"
25_4_8,5.082742590087875,24,5.0,2010,"{""type"":""MultiPoint"",""coordinates"":[]}"
25_4_9,1.7820524970703127,25,5.0,2010,"{""type"":""MultiPoint"",""coordinates"":[]}"
25_4_10,0.05261488226318357,30,5.0,2010,"{""type"":""MultiPoint"",""coordinates"":[]}"
25_4_11,0.028534713317871083,31,5.0,2010,"{""type"":""MultiPoint"",""coordinates"":[]}"
25_4_12,1518.6825635947434,33,5.0,2010,"{""type"":""MultiPoint"",""coordinates"":[]}"
25_4_13,4.332422957153257,68,5.0,2010,"{""type"":""MultiPoint"",""coordinates"":[]}"
25_5_0,49264.01342465623,3,6.0,2010,"{""type"":""MultiPoint"",""coordinates"":[]}"
25_5_1,2273.307022237046,6,6.0,2010,"{""type"":""MultiPoint"",""coordinates"":[]}"
25_5_2,83.89719422143511,11,6.0,2010,"{""type"":""MultiPoint"",""coordinates"":[]}"
25_5_3,428.64680651920594,13,6.0,2010,"{""type"":""MultiPoint"",""coordinates"":[]}"
25_5_4,59.43856374505688,15,6.0,2010,"{""type"":""MultiPoint"",""coordinates"":[]}"
25_5_5,464.247228422611,18,6.0,2010,"{""type"":""MultiPoint"",""coordinates"":[]}"
25_5_6,108.72666426037539,21,6.0,2010,"{""type"":""MultiPoint"",""coordinates"":[]}"
25_5_7,0.6319341228027348,23,6.0,2010,"{""type"":""MultiPoint"",""coordinates"":[]}"
25_5_8,1.5203639079589855,24,6.0,2010,"{""type"":""MultiPoint"",""coordinates"":[]}"
25_5_9,3.8059108581542977,25,6.0,2010,"{""type"":""MultiPoint"",""coordinates"":[]}"
25_5_10,1.6355913233032242,29,6.0,2010,"{""type"":""MultiPoint"",""coordinates"":[]}"
25_5_11,0.2583192274780273,30,6.0,2010,"{""type"":""MultiPoint"",""coordinates"":[]}"
25_5_12,430.46711962597465,33,6.0,2010,"{""type"":""MultiPoint"",""coordinates"":[]}"
25_5_13,6.9146945261230455,68,6.0,2010,"{""type"":""MultiPoint"",""coordinates"":[]}"
25_6_0,17652.330541775085,3,7.0,2010,"{""type"":""MultiPoint"",""coordinates"":[]}"
25_6_1,1926.5517870614824,6,7.0,2010,"{""type"":""MultiPoint"",""coordinates"":[]}"
25_6_2,0.01966656097412109,9,7.0,2010,"{""type"":""MultiPoint"",""coordinates"":[]}"
25_6_3,79.40154616441488,11,7.0,2010,"{""type"":""MultiPoint"",""coordinates"":[]}"
25_6_4,67.6904362554328,13,7.0,2010,"{""type"":""MultiPoint"",""coordinates"":[]}"
25_6_5,4675.8918355069345,15,7.0,2010,"{""type"":""MultiPoint"",""coordinates"":[]}"
25_6_6,94.44822283440578,18,7.0,2010,"{""type"":""MultiPoint"",""coordinates"":[]}"
25_6_7,912.0131845225753,21,7.0,2010,"{""type"":""MultiPoint"",""coordinates"":[]}"
25_6_8,53.94515208343504,23,7.0,2010,"{""type"":""MultiPoint"",""coordinates"":[]}"
25_6_9,16.454594112548882,24,7.0,2010,"{""type"":""MultiPoint"",""coordinates"":[]}"
25_6_10,14.35944578466797,25,7.0,2010,"{""type"":""MultiPoint"",""coordinates"":[]}"
25_6_11,0.02413436730957031,27,7.0,2010,"{""type"":""MultiPoint"",""coordinates"":[]}"
25_6_12,0.3843526669921881,30,7.0,2010,"{""type"":""MultiPoint"",""coordinates"":[]}"
25_6_13,0.955594192749023,31,7.0,2010,"{""type"":""MultiPoint"",""coordinates"":[]}"
25_6_14,326.3525058997777,33,7.0,2010,"{""type"":""MultiPoint"",""coordinates"":[]}"
25_6_15,0.86784907647705,68,7.0,2010,"{""type"":""MultiPoint"",""coordinates"":[]}"
25_7_0,0.0017843005981445312,13,8.0,2010,"{""type"":""MultiPoint"",""coordinates"":[]}"
25_8_0,2384.9649566409485,3,9.0,2010,"{""type"":""MultiPoint"",""coordinates"":[]}"
25_8_1,22.16648054809575,11,9.0,2010,"{""type"":""MultiPoint"",""coordinates"":[]}"
25_8_2,159.03256500842645,13,9.0,2010,"{""type"":""MultiPoint"",""coordinates"":[]}"
25_8_3,101.13399265308068,15,9.0,2010,"{""type"":""MultiPoint"",""coordinates"":[]}"
25_8_4,45.47832430303948,18,9.0,2010,"{""type"":""MultiPoint"",""coordinates"":[]}"
25_8_5,131.15411855670243,21,9.0,2010,"{""type"":""MultiPoint"",""coordinates"":[]}"
25_8_6,1.3847229294433585,23,9.0,2010,"{""type"":""MultiPoint"",""coordinates"":[]}"
25_8_7,0.6239207675781246,24,9.0,2010,"{""type"":""MultiPoint"",""coordinates"":[]}"
25_8_8,1.4865756626586908,25,9.0,2010,"{""type"":""MultiPoint"",""coordinates"":[]}"
25_8_9,0.8581711245117202,27,9.0,2010,"{""type"":""MultiPoint"",""coordinates"":[]}"
25_8_10,49.92888376910554,33,9.0,2010,"{""type"":""MultiPoint"",""coordinates"":[]}"
25_8_11,0.19129540045166005,68,9.0,2010,"{""type"":""MultiPoint"",""coordinates"":[]}"
25_9_0,4238.200172575569,3,10.0,2010,"{""type"":""MultiPoint"",""coordinates"":[]}"
25_9_1,8.789026111450204,6,10.0,2010,"{""type"":""MultiPoint"",""coordinates"":[]}"
25_9_2,1.6240277912597647,11,10.0,2010,"{""type"":""MultiPoint"",""coordinates"":[]}"
25_9_3,108.65566628478905,13,10.0,2010,"{""type"":""MultiPoint"",""coordinates"":[]}"
25_9_4,324.0240819952902,15,10.0,2010,"{""type"":""MultiPoint"",""coordinates"":[]}"
25_9_5,2.1211540148315433,18,10.0,2010,"{""type"":""MultiPoint"",""coordinates"":[]}"
25_9_6,221.82488877654814,21,10.0,2010,"{""type"":""MultiPoint"",""coordinates"":[]}"
25_9_7,6.287136584472645,23,10.0,2010,"{""type"":""MultiPoint"",""coordinates"":[]}"
25_9_8,0.35746759686279295,24,10.0,2010,"{""type"":""MultiPoint"",""coordinates"":[]}"
25_9_9,2.8303070974731437,25,10.0,2010,"{""type"":""MultiPoint"",""coordinates"":[]}"
25_9_10,0.09742003332519522,30,10.0,2010,"{""type"":""MultiPoint"",""coordinates"":[]}"
25_9_11,20.541894218078617,33,10.0,2010,"{""type"":""MultiPoint"",""coordinates"":[]}"
25_9_12,0.24398072814941396,68,10.0,2010,"{""type"":""MultiPoint"",""coordinates"":[]}"
25_10_0,26996.3690953873,3,11.0,2010,"{""type"":""MultiPoint"",""coordinates"":[]}"
25_10_1,7506.35009826081,6,11.0,2010,"{""type"":""MultiPoint"",""coordinates"":[]}"
25_10_2,0.09092187756347657,9,11.0,2010,"{""type"":""MultiPoint"",""coordinates"":[]}"
25_10_3,2058.292244095692,11,11.0,2010,"{""type"":""MultiPoint"",""coordinates"":[]}"
25_10_4,3825.211318504228,12,11.0,2010,"{""type"":""MultiPoint"",""coordinates"":[]}"
25_10_5,182.02414546551387,13,11.0,2010,"{""type"":""MultiPoint"",""coordinates"":[]}"
25_10_6,601.0785434550826,15,11.0,2010,"{""type"":""MultiPoint"",""coordinates"":[]}"
25_10_7,145.87002128082275,18,11.0,2010,"{""type"":""MultiPoint"",""coordinates"":[]}"
25_10_8,375.4796028350826,21,11.0,2010,"{""type"":""MultiPoint"",""coordinates"":[]}"
25_10_9,22.27941822277821,23,11.0,2010,"{""type"":""MultiPoint"",""coordinates"":[]}"
25_10_10,0.3227152784423829,24,11.0,2010,"{""type"":""MultiPoint"",""coordinates"":[]}"
25_10_11,30.111651902710122,25,11.0,2010,"{""type"":""MultiPoint"",""coordinates"":[]}"
25_10_12,8.916176147460938E-4,27,11.0,2010,"{""type"":""MultiPoint"",""coordinates"":[]}"
25_10_13,21.817128506408604,29,11.0,2010,"{""type"":""MultiPoint"",""coordinates"":[]}"
25_10_14,0.08735219464111325,30,11.0,2010,"{""type"":""MultiPoint"",""coordinates"":[]}"
25_10_15,663.0421311147481,33,11.0,2010,"{""type"":""MultiPoint"",""coordinates"":[]}"
25_10_16,212.02106736113805,68,11.0,2010,"{""type"":""MultiPoint"",""coordinates"":[]}"
25_11_0,45212.30318609562,3,12.0,2010,"{""type"":""MultiPoint"",""coordinates"":[]}"
25_11_1,4461.595205607614,6,12.0,2010,"{""type"":""MultiPoint"",""coordinates"":[]}"
25_11_2,99.96280296520858,11,12.0,2010,"{""type"":""MultiPoint"",""coordinates"":[]}"
25_11_3,510.9188310250193,12,12.0,2010,"{""type"":""MultiPoint"",""coordinates"":[]}"
25_11_4,444.7863068535091,13,12.0,2010,"{""type"":""MultiPoint"",""coordinates"":[]}"
25_11_5,3934.5843814978884,15,12.0,2010,"{""type"":""MultiPoint"",""coordinates"":[]}"
25_11_6,37.6761011884156,18,12.0,2010,"{""type"":""MultiPoint"",""coordinates"":[]}"
25_11_7,377.55987946350103,21,12.0,2010,"{""type"":""MultiPoint"",""coordinates"":[]}"
25_11_8,29.239882536315914,23,12.0,2010,"{""type"":""MultiPoint"",""coordinates"":[]}"
25_11_9,6.1746660056152285,24,12.0,2010,"{""type"":""MultiPoint"",""coordinates"":[]}"
25_11_10,2.910205987060546,25,12.0,2010,"{""type"":""MultiPoint"",""coordinates"":[]}"
25_11_11,0.0446569219970703,30,12.0,2010,"{""type"":""MultiPoint"",""coordinates"":[]}"
25_11_12,331.8771560646967,33,12.0,2010,"{""type"":""MultiPoint"",""coordinates"":[]}"
25_11_13,1.472545411437991,68,12.0,2010,"{""type"":""MultiPoint"",""coordinates"":[]}"
25_12_0,23858.092807173278,3,13.0,2010,"{""type"":""MultiPoint"",""coordinates"":[]}"
25_12_1,2942.110024800676,6,13.0,2010,"{""type"":""MultiPoint"",""coordinates"":[]}"
25_12_2,2.178274839660638,9,13.0,2010,"{""type"":""MultiPoint"",""coordinates"":[]}"
25_12_3,426.97651418689213,11,13.0,2010,"{""type"":""MultiPoint"",""coordinates"":[]}"
25_12_4,5444.834980022638,12,13.0,2010,"{""type"":""MultiPoint"",""coordinates"":[]}"
25_12_5,999.0746087559426,13,13.0,2010,"{""type"":""MultiPoint"",""coordinates"":[]}"
25_12_6,10133.72655076088,15,13.0,2010,"{""type"":""MultiPoint"",""coordinates"":[]}"
25_12_7,163.53870337164753,18,13.0,2010,"{""type"":""MultiPoint"",""coordinates"":[]}"
25_12_8,1670.395878916623,21,13.0,2010,"{""type"":""MultiPoint"",""coordinates"":[]}"
25_12_9,92.69978898376515,23,13.0,2010,"{""type"":""MultiPoint"",""coordinates"":[]}"
25_12_10,10.130661423278813,24,13.0,2010,"{""type"":""MultiPoint"",""coordinates"":[]}"
25_12_11,16.6231610686035,25,13.0,2010,"{""type"":""MultiPoint"",""coordinates"":[]}"
25_12_12,0.05623711541748046,30,13.0,2010,"{""type"":""MultiPoint"",""coordinates"":[]}"
25_12_13,0.19364788867187444,31,13.0,2010,"{""type"":""MultiPoint"",""coordinates"":[]}"
25_12_14,295.09444827337546,33,13.0,2010,"{""type"":""MultiPoint"",""coordinates"":[]}"
25_12_15,372.5664825271655,35,13.0,2010,"{""type"":""MultiPoint"",""coordinates"":[]}"
25_12_16,2.9144793992919924,68,13.0,2010,"{""type"":""MultiPoint"",""coordinates"":[]}"
26_0_0,0.0017839960327148438,13,1.0,2011,"{""type"":""MultiPoint"",""coordinates"":[]}"
26_1_0,0.001783488037109375,13,2.0,2011,"{""type"":""MultiPoint"",""coordinates"":[]}"
26_2_0,63914.02613902483,3,3.0,2011,"{""type"":""MultiPoint"",""coordinates"":[]}"
26_2_1,5385.967939661532,6,3.0,2011,"{""type"":""MultiPoint"",""coordinates"":[]}"
26_2_2,88.24463342358382,11,3.0,2011,"{""type"":""MultiPoint"",""coordinates"":[]}"
26_2_3,1558.2471818242966,12,3.0,2011,"{""type"":""MultiPoint"",""coordinates"":[]}"
26_2_4,1721.4800524601665,13,3.0,2011,"{""type"":""MultiPoint"",""coordinates"":[]}"
26_2_5,16719.72542033626,15,3.0,2011,"{""type"":""MultiPoint"",""coordinates"":[]}"
26_2_6,33.080123411621116,18,3.0,2011,"{""type"":""MultiPoint"",""coordinates"":[]}"
26_2_7,2534.8084734382937,21,3.0,2011,"{""type"":""MultiPoint"",""coordinates"":[]}"
26_2_8,91.27942993847671,23,3.0,2011,"{""type"":""MultiPoint"",""coordinates"":[]}"
26_2_9,20.344508854919848,24,3.0,2011,"{""type"":""MultiPoint"",""coordinates"":[]}"
26_2_10,40.51012288317871,25,3.0,2011,"{""type"":""MultiPoint"",""coordinates"":[]}"
26_2_11,0.1224315997924805,30,3.0,2011,"{""type"":""MultiPoint"",""coordinates"":[]}"
26_2_12,0.08757839398193351,31,3.0,2011,"{""type"":""MultiPoint"",""coordinates"":[]}"
26_2_13,725.8376150178792,33,3.0,2011,"{""type"":""MultiPoint"",""coordinates"":[]}"
26_2_14,1.467745281982419,68,3.0,2011,"{""type"":""MultiPoint"",""coordinates"":[]}"
26_3_0,57524.485996068084,3,4.0,2011,"{""type"":""MultiPoint"",""coordinates"":[]}"
26_3_1,9111.453422585308,6,4.0,2011,"{""type"":""MultiPoint"",""coordinates"":[]}"
26_3_2,670.7086305136102,11,4.0,2011,"{""type"":""MultiPoint"",""coordinates"":[]}"
26_3_3,1930.7511863118036,12,4.0,2011,"{""type"":""MultiPoint"",""coordinates"":[]}"
26_3_4,78.06501024615542,13,4.0,2011,"{""type"":""MultiPoint"",""coordinates"":[]}"
26_3_5,49.74744785626138,15,4.0,2011,"{""type"":""MultiPoint"",""coordinates"":[]}"
26_3_6,280.5476033424667,18,4.0,2011,"{""type"":""MultiPoint"",""coordinates"":[]}"
26_3_7,83.24688939483649,21,4.0,2011,"{""type"":""MultiPoint"",""coordinates"":[]}"
26_3_8,10.322732633911135,23,4.0,2011,"{""type"":""MultiPoint"",""coordinates"":[]}"
26_3_9,6.137977133056646,24,4.0,2011,"{""type"":""MultiPoint"",""coordinates"":[]}"
26_3_10,15.345385736999518,25,4.0,2011,"{""type"":""MultiPoint"",""coordinates"":[]}"
26_3_11,53.286387204405926,29,4.0,2011,"{""type"":""MultiPoint"",""coordinates"":[]}"
26_3_12,0.14026321618652343,30,4.0,2011,"{""type"":""MultiPoint"",""coordinates"":[]}"
26_3_13,639.3009157264369,33,4.0,2011,"{""type"":""MultiPoint"",""coordinates"":[]}"
26_3_14,207.11793942942953,68,4.0,2011,"{""type"":""MultiPoint"",""coordinates"":[]}"
26_4_0,95216.04784691853,3,5.0,2011,"{""type"":""MultiPoint"",""coordinates"":[]}"
26_4_1,10311.51218216139,6,5.0,2011,"{""type"":""MultiPoint"",""coordinates"":[]}"
26_4_2,1043.9375767623148,11,5.0,2011,"{""type"":""MultiPoint"",""coordinates"":[]}"
26_4_3,45.973778619506206,13,5.0,2011,"{""type"":""MultiPoint"",""coordinates"":[]}"
26_4_4,3.5129717554321287,15,5.0,2011,"{""type"":""MultiPoint"",""coordinates"":[]}"
26_4_5,376.9803330443734,18,5.0,2011,"{""type"":""MultiPoint"",""coordinates"":[]}"
26_4_6,65.25650314025806,21,5.0,2011,"{""type"":""MultiPoint"",""coordinates"":[]}"
26_4_7,31.669223075500447,23,5.0,2011,"{""type"":""MultiPoint"",""coordinates"":[]}"
26_4_8,5.130804510009752,24,5.0,2011,"{""type"":""MultiPoint"",""coordinates"":[]}"
26_4_9,1.3792734672241207,25,5.0,2011,"{""type"":""MultiPoint"",""coordinates"":[]}"
26_4_10,0.11147148773193373,30,5.0,2011,"{""type"":""MultiPoint"",""coordinates"":[]}"
26_4_11,0.02942643011474608,31,5.0,2011,"{""type"":""MultiPoint"",""coordinates"":[]}"
26_4_12,1550.5868449615618,33,5.0,2011,"{""type"":""MultiPoint"",""coordinates"":[]}"
26_4_13,2.59045821185303,68,5.0,2011,"{""type"":""MultiPoint"",""coordinates"":[]}"
26_5_0,49235.46811783021,3,6.0,2011,"{""type"":""MultiPoint"",""coordinates"":[]}"
26_5_1,2300.521797690365,6,6.0,2011,"{""type"":""MultiPoint"",""coordinates"":[]}"
26_5_2,82.03265192114229,11,6.0,2011,"{""type"":""MultiPoint"",""coordinates"":[]}"
26_5_3,429.5580261841903,13,6.0,2011,"{""type"":""MultiPoint"",""coordinates"":[]}"
26_5_4,59.11411468158044,15,6.0,2011,"{""type"":""MultiPoint"",""coordinates"":[]}"
26_5_5,468.277992603397,18,6.0,2011,"{""type"":""MultiPoint"",""coordinates"":[]}"
26_5_6,113.40872525488233,21,6.0,2011,"{""type"":""MultiPoint"",""coordinates"":[]}"
26_5_7,0.7847902230224612,23,6.0,2011,"{""type"":""MultiPoint"",""coordinates"":[]}"
26_5_8,1.5364528255004894,24,6.0,2011,"{""type"":""MultiPoint"",""coordinates"":[]}"
26_5_9,3.9167701028442377,25,6.0,2011,"{""type"":""MultiPoint"",""coordinates"":[]}"
26_5_10,1.606095382141115,29,6.0,2011,"{""type"":""MultiPoint"",""coordinates"":[]}"
26_5_11,0.262789190612793,30,6.0,2011,"{""type"":""MultiPoint"",""coordinates"":[]}"
26_5_12,425.09010384460197,33,6.0,2011,"{""type"":""MultiPoint"",""coordinates"":[]}"
26_5_13,5.932409919616701,68,6.0,2011,"{""type"":""MultiPoint"",""coordinates"":[]}"
26_6_0,17473.21486853105,3,7.0,2011,"{""type"":""MultiPoint"",""coordinates"":[]}"
26_6_1,1942.4879007611821,6,7.0,2011,"{""type"":""MultiPoint"",""coordinates"":[]}"
26_6_2,8.939352416992188E-4,9,7.0,2011,"{""type"":""MultiPoint"",""coordinates"":[]}"
26_6_3,80.02279503214764,11,7.0,2011,"{""type"":""MultiPoint"",""coordinates"":[]}"
26_6_4,67.81654725878971,13,7.0,2011,"{""type"":""MultiPoint"",""coordinates"":[]}"
26_6_5,4717.446121703285,15,7.0,2011,"{""type"":""MultiPoint"",""coordinates"":[]}"
26_6_6,104.9397361022933,18,7.0,2011,"{""type"":""MultiPoint"",""coordinates"":[]}"
26_6_7,1022.4245764247905,21,7.0,2011,"{""type"":""MultiPoint"",""coordinates"":[]}"
26_6_8,50.54288057080079,23,7.0,2011,"{""type"":""MultiPoint"",""coordinates"":[]}"
26_6_9,17.133067158203186,24,7.0,2011,"{""type"":""MultiPoint"",""coordinates"":[]}"
26_6_10,13.892714026672365,25,7.0,2011,"{""type"":""MultiPoint"",""coordinates"":[]}"
26_6_11,0.02413436730957031,27,7.0,2011,"{""type"":""MultiPoint"",""coordinates"":[]}"
26_6_12,0.6998846216430674,30,7.0,2011,"{""type"":""MultiPoint"",""coordinates"":[]}"
26_6_13,0.8858671224365233,31,7.0,2011,"{""type"":""MultiPoint"",""coordinates"":[]}"
26_6_14,329.31961214947313,33,7.0,2011,"{""type"":""MultiPoint"",""coordinates"":[]}"
26_6_15,0.8392491000976554,68,7.0,2011,"{""type"":""MultiPoint"",""coordinates"":[]}"
26_7_0,0.0017843005981445312,13,8.0,2011,"{""type"":""MultiPoint"",""coordinates"":[]}"
26_8_0,2365.764063116323,3,9.0,2011,"{""type"":""MultiPoint"",""coordinates"":[]}"
26_8_1,22.464132217712777,11,9.0,2011,"{""type"":""MultiPoint"",""coordinates"":[]}"
26_8_2,158.25669180224892,13,9.0,2011,"{""type"":""MultiPoint"",""coordinates"":[]}"
26_8_3,103.3151723358819,15,9.0,2011,"{""type"":""MultiPoint"",""coordinates"":[]}"
26_8_4,45.26104866510079,18,9.0,2011,"{""type"":""MultiPoint"",""coordinates"":[]}"
26_8_5,148.2811143412465,21,9.0,2011,"{""type"":""MultiPoint"",""coordinates"":[]}"
26_8_6,1.3516489091796893,23,9.0,2011,"{""type"":""MultiPoint"",""coordinates"":[]}"
26_8_7,0.6355418217163082,24,9.0,2011,"{""type"":""MultiPoint"",""coordinates"":[]}"
26_8_8,1.616190747619629,25,9.0,2011,"{""type"":""MultiPoint"",""coordinates"":[]}"
26_8_9,0.8581711245117202,27,9.0,2011,"{""type"":""MultiPoint"",""coordinates"":[]}"
26_8_10,50.431283980104055,33,9.0,2011,"{""type"":""MultiPoint"",""coordinates"":[]}"
26_8_11,0.1689483023071288,68,9.0,2011,"{""type"":""MultiPoint"",""coordinates"":[]}"
26_9_0,4225.021986462818,3,10.0,2011,"{""type"":""MultiPoint"",""coordinates"":[]}"
26_9_1,8.773830794006345,6,10.0,2011,"{""type"":""MultiPoint"",""coordinates"":[]}"
26_9_2,1.6222382896118195,11,10.0,2011,"{""type"":""MultiPoint"",""coordinates"":[]}"
26_9_3,107.92121677130142,13,10.0,2011,"{""type"":""MultiPoint"",""coordinates"":[]}"
26_9_4,327.3228217692086,15,10.0,2011,"{""type"":""MultiPoint"",""coordinates"":[]}"
26_9_5,1.2544642267456123,18,10.0,2011,"{""type"":""MultiPoint"",""coordinates"":[]}"
26_9_6,233.0373055585298,21,10.0,2011,"{""type"":""MultiPoint"",""coordinates"":[]}"
26_9_7,6.754659277038597,23,10.0,2011,"{""type"":""MultiPoint"",""coordinates"":[]}"
26_9_8,0.3923250904541016,24,10.0,2011,"{""type"":""MultiPoint"",""coordinates"":[]}"
26_9_9,3.21462002142334,25,10.0,2011,"{""type"":""MultiPoint"",""coordinates"":[]}"
26_9_10,0.08490866595458983,30,10.0,2011,"{""type"":""MultiPoint"",""coordinates"":[]}"
26_9_11,19.909076127868698,33,10.0,2011,"{""type"":""MultiPoint"",""coordinates"":[]}"
26_9_12,0.2877707530517578,68,10.0,2011,"{""type"":""MultiPoint"",""coordinates"":[]}"
26_10_0,26922.330443881274,3,11.0,2011,"{""type"":""MultiPoint"",""coordinates"":[]}"
26_10_1,7543.892099264923,6,11.0,2011,"{""type"":""MultiPoint"",""coordinates"":[]}"
26_10_2,0.10429274053955079,9,11.0,2011,"{""type"":""MultiPoint"",""coordinates"":[]}"
26_10_3,2096.1081653971232,11,11.0,2011,"{""type"":""MultiPoint"",""coordinates"":[]}"
26_10_4,3809.5665401410893,12,11.0,2011,"{""type"":""MultiPoint"",""coordinates"":[]}"
26_10_5,180.33655051757452,13,11.0,2011,"{""type"":""MultiPoint"",""coordinates"":[]}"
26_10_6,597.4802111676668,15,11.0,2011,"{""type"":""MultiPoint"",""coordinates"":[]}"
26_10_7,144.8294906163335,18,11.0,2011,"{""type"":""MultiPoint"",""coordinates"":[]}"
26_10_8,415.9771896625367,21,11.0,2011,"{""type"":""MultiPoint"",""coordinates"":[]}"
26_10_9,24.93193842114258,23,11.0,2011,"{""type"":""MultiPoint"",""coordinates"":[]}"
26_10_10,0.3227152784423829,24,11.0,2011,"{""type"":""MultiPoint"",""coordinates"":[]}"
26_10_11,30.88260594085712,25,11.0,2011,"{""type"":""MultiPoint"",""coordinates"":[]}"
26_10_12,8.916176147460938E-4,27,11.0,2011,"{""type"":""MultiPoint"",""coordinates"":[]}"
26_10_13,21.87592816131586,29,11.0,2011,"{""type"":""MultiPoint"",""coordinates"":[]}"
26_10_14,0.09804791912841797,30,11.0,2011,"{""type"":""MultiPoint"",""coordinates"":[]}"
26_10_15,647.8801172558614,33,11.0,2011,"{""type"":""MultiPoint"",""coordinates"":[]}"
26_10_16,203.83111937725425,68,11.0,2011,"{""type"":""MultiPoint"",""coordinates"":[]}"
26_11_0,45127.27417691306,3,12.0,2011,"{""type"":""MultiPoint"",""coordinates"":[]}"
26_11_1,4433.868763082401,6,12.0,2011,"{""type"":""MultiPoint"",""coordinates"":[]}"
26_11_2,98.8101359075926,11,12.0,2011,"{""type"":""MultiPoint"",""coordinates"":[]}"
26_11_3,497.9472774189551,12,12.0,2011,"{""type"":""MultiPoint"",""coordinates"":[]}"
26_11_4,451.2325239714905,13,12.0,2011,"{""type"":""MultiPoint"",""coordinates"":[]}"
26_11_5,4010.371929057338,15,12.0,2011,"{""type"":""MultiPoint"",""coordinates"":[]}"
26_11_6,36.72210967065438,18,12.0,2011,"{""type"":""MultiPoint"",""coordinates"":[]}"
26_11_7,418.99194487359784,21,12.0,2011,"{""type"":""MultiPoint"",""coordinates"":[]}"
26_11_8,14.213024420043949,23,12.0,2011,"{""type"":""MultiPoint"",""coordinates"":[]}"
26_11_9,6.303279605529783,24,12.0,2011,"{""type"":""MultiPoint"",""coordinates"":[]}"
26_11_10,2.062530747070314,25,12.0,2011,"{""type"":""MultiPoint"",""coordinates"":[]}"
26_11_11,0.03393926708984373,30,12.0,2011,"{""type"":""MultiPoint"",""coordinates"":[]}"
26_11_12,351.87665003479015,33,12.0,2011,"{""type"":""MultiPoint"",""coordinates"":[]}"
26_11_13,1.3975226542968753,68,12.0,2011,"{""type"":""MultiPoint"",""coordinates"":[]}"
26_12_0,23802.981729448304,3,13.0,2011,"{""type"":""MultiPoint"",""coordinates"":[]}"
26_12_1,2889.070874820162,6,13.0,2011,"{""type"":""MultiPoint"",""coordinates"":[]}"
26_12_2,2.1782749223632747,9,13.0,2011,"{""type"":""MultiPoint"",""coordinates"":[]}"
26_12_3,426.7422695794096,11,13.0,2011,"{""type"":""MultiPoint"",""coordinates"":[]}"
26_12_4,5363.275042919075,12,13.0,2011,"{""type"":""MultiPoint"",""coordinates"":[]}"
26_12_5,999.2775365756245,13,13.0,2011,"{""type"":""MultiPoint"",""coordinates"":[]}"
26_12_6,10247.531049025887,15,13.0,2011,"{""type"":""MultiPoint"",""coordinates"":[]}"
26_12_7,156.24582184259555,18,13.0,2011,"{""type"":""MultiPoint"",""coordinates"":[]}"
26_12_8,1755.2626642917567,21,13.0,2011,"{""type"":""MultiPoint"",""coordinates"":[]}"
26_12_9,77.43276280950938,23,13.0,2011,"{""type"":""MultiPoint"",""coordinates"":[]}"
26_12_10,10.400212201843267,24,13.0,2011,"{""type"":""MultiPoint"",""coordinates"":[]}"
26_12_11,16.951141456603974,25,13.0,2011,"{""type"":""MultiPoint"",""coordinates"":[]}"
26_12_12,0.05892080993652344,30,13.0,2011,"{""type"":""MultiPoint"",""coordinates"":[]}"
26_12_13,0.14367445489501926,31,13.0,2011,"{""type"":""MultiPoint"",""coordinates"":[]}"
26_12_14,308.4963890701901,33,13.0,2011,"{""type"":""MultiPoint"",""coordinates"":[]}"
26_12_15,372.3960036492938,35,13.0,2011,"{""type"":""MultiPoint"",""coordinates"":[]}"
26_12_16,2.7628816303100554,68,13.0,2011,"{""type"":""MultiPoint"",""coordinates"":[]}"
27_0_0,0.0017839960327148438,13,1.0,2012,"{""type"":""MultiPoint"",""coordinates"":[]}"
27_1_0,0.001783488037109375,13,2.0,2012,"{""type"":""MultiPoint"",""coordinates"":[]}"
27_2_0,63494.10586672302,3,3.0,2012,"{""type"":""MultiPoint"",""coordinates"":[]}"
27_2_1,5430.569751746337,6,3.0,2012,"{""type"":""MultiPoint"",""coordinates"":[]}"
27_2_2,91.08364975085436,11,3.0,2012,"{""type"":""MultiPoint"",""coordinates"":[]}"
27_2_3,1538.962755018506,12,3.0,2012,"{""type"":""MultiPoint"",""coordinates"":[]}"
27_2_4,1699.3718766152977,13,3.0,2012,"{""type"":""MultiPoint"",""coordinates"":[]}"
27_2_5,16979.64698692411,15,3.0,2012,"{""type"":""MultiPoint"",""coordinates"":[]}"
27_2_6,34.37813450030521,18,3.0,2012,"{""type"":""MultiPoint"",""coordinates"":[]}"
27_2_7,2690.3469459121907,21,3.0,2012,"{""type"":""MultiPoint"",""coordinates"":[]}"
27_2_8,80.1881295226442,23,3.0,2012,"{""type"":""MultiPoint"",""coordinates"":[]}"
27_2_9,21.024565204040936,24,3.0,2012,"{""type"":""MultiPoint"",""coordinates"":[]}"
27_2_10,23.793347781127913,25,3.0,2012,"{""type"":""MultiPoint"",""coordinates"":[]}"
27_2_11,0.15907127069091803,30,3.0,2012,"{""type"":""MultiPoint"",""coordinates"":[]}"
27_2_12,0.09740861535644521,31,3.0,2012,"{""type"":""MultiPoint"",""coordinates"":[]}"
27_2_13,750.7116815344195,33,3.0,2012,"{""type"":""MultiPoint"",""coordinates"":[]}"
27_2_14,0.7892244331054684,68,3.0,2012,"{""type"":""MultiPoint"",""coordinates"":[]}"
27_3_0,57605.75850299495,3,4.0,2012,"{""type"":""MultiPoint"",""coordinates"":[]}"
27_3_1,9044.565798780543,6,4.0,2012,"{""type"":""MultiPoint"",""coordinates"":[]}"
27_3_2,678.6205874292614,11,4.0,2012,"{""type"":""MultiPoint"",""coordinates"":[]}"
27_3_3,1944.2699073972715,12,4.0,2012,"{""type"":""MultiPoint"",""coordinates"":[]}"
27_3_4,75.66824065515202,13,4.0,2012,"{""type"":""MultiPoint"",""coordinates"":[]}"
27_3_5,51.450066265929216,15,4.0,2012,"{""type"":""MultiPoint"",""coordinates"":[]}"
27_3_6,285.13732885211084,18,4.0,2012,"{""type"":""MultiPoint"",""coordinates"":[]}"
27_3_7,79.75128991204853,21,4.0,2012,"{""type"":""MultiPoint"",""coordinates"":[]}"
27_3_8,17.265882006286606,23,4.0,2012,"{""type"":""MultiPoint"",""coordinates"":[]}"
27_3_9,6.181704076904302,24,4.0,2012,"{""type"":""MultiPoint"",""coordinates"":[]}"
27_3_10,14.92054383483888,25,4.0,2012,"{""type"":""MultiPoint"",""coordinates"":[]}"
27_3_11,54.11482056152265,29,4.0,2012,"{""type"":""MultiPoint"",""coordinates"":[]}"
27_3_12,0.1947624639282226,30,4.0,2012,"{""type"":""MultiPoint"",""coordinates"":[]}"
27_3_13,615.5137601695537,33,4.0,2012,"{""type"":""MultiPoint"",""coordinates"":[]}"
27_3_14,187.24459199882625,68,4.0,2012,"{""type"":""MultiPoint"",""coordinates"":[]}"
27_4_0,95082.44574751444,3,5.0,2012,"{""type"":""MultiPoint"",""coordinates"":[]}"
27_4_1,10474.38323993289,6,5.0,2012,"{""type"":""MultiPoint"",""coordinates"":[]}"
27_4_2,1023.3832563049205,11,5.0,2012,"{""type"":""MultiPoint"",""coordinates"":[]}"
27_4_3,46.35294721832217,13,5.0,2012,"{""type"":""MultiPoint"",""coordinates"":[]}"
27_4_4,3.769822925842297,15,5.0,2012,"{""type"":""MultiPoint"",""coordinates"":[]}"
27_4_5,376.6407675533442,18,5.0,2012,"{""type"":""MultiPoint"",""coordinates"":[]}"
27_4_6,59.402081599487914,21,5.0,2012,"{""type"":""MultiPoint"",""coordinates"":[]}"
27_4_7,38.69646145471188,23,5.0,2012,"{""type"":""MultiPoint"",""coordinates"":[]}"
27_4_8,5.199466381713855,24,5.0,2012,"{""type"":""MultiPoint"",""coordinates"":[]}"
27_4_9,2.242219440551758,25,5.0,2012,"{""type"":""MultiPoint"",""coordinates"":[]}"
27_4_10,0.11860539971923846,30,5.0,2012,"{""type"":""MultiPoint"",""coordinates"":[]}"
27_4_11,0.03210153814697264,31,5.0,2012,"{""type"":""MultiPoint"",""coordinates"":[]}"
27_4_12,1540.6063109915942,33,5.0,2012,"{""type"":""MultiPoint"",""coordinates"":[]}"
27_4_13,1.4456662903442423,68,5.0,2012,"{""type"":""MultiPoint"",""coordinates"":[]}"
27_5_0,49182.625374868505,3,6.0,2012,"{""type"":""MultiPoint"",""coordinates"":[]}"
27_5_1,2336.3506141441703,6,6.0,2012,"{""type"":""MultiPoint"",""coordinates"":[]}"
27_5_2,83.63803355383276,11,6.0,2012,"{""type"":""MultiPoint"",""coordinates"":[]}"
27_5_3,432.7770817833148,13,6.0,2012,"{""type"":""MultiPoint"",""coordinates"":[]}"
27_5_4,54.935600942261054,15,6.0,2012,"{""type"":""MultiPoint"",""coordinates"":[]}"
27_5_5,483.4903344545338,18,6.0,2012,"{""type"":""MultiPoint"",""coordinates"":[]}"
27_5_6,117.94940471612495,21,6.0,2012,"{""type"":""MultiPoint"",""coordinates"":[]}"
27_5_7,0.9599925482177737,23,6.0,2012,"{""type"":""MultiPoint"",""coordinates"":[]}"
27_5_8,1.5436020759277356,24,6.0,2012,"{""type"":""MultiPoint"",""coordinates"":[]}"
27_5_9,7.4383667069702115,25,6.0,2012,"{""type"":""MultiPoint"",""coordinates"":[]}"
27_5_10,1.645422511779787,29,6.0,2012,"{""type"":""MultiPoint"",""coordinates"":[]}"
27_5_11,0.25921378454589855,30,6.0,2012,"{""type"":""MultiPoint"",""coordinates"":[]}"
27_5_12,421.37193750042536,33,6.0,2012,"{""type"":""MultiPoint"",""coordinates"":[]}"
27_5_13,2.5258580641479487,68,6.0,2012,"{""type"":""MultiPoint"",""coordinates"":[]}"
27_6_0,17479.047365022183,3,7.0,2012,"{""type"":""MultiPoint"",""coordinates"":[]}"
27_6_1,1907.632612637477,6,7.0,2012,"{""type"":""MultiPoint"",""coordinates"":[]}"
27_6_2,8.939352416992188E-4,9,7.0,2012,"{""type"":""MultiPoint"",""coordinates"":[]}"
27_6_3,78.23399404172591,11,7.0,2012,"{""type"":""MultiPoint"",""coordinates"":[]}"
27_6_4,68.03469782867494,13,7.0,2012,"{""type"":""MultiPoint"",""coordinates"":[]}"
27_6_5,4752.778059838098,15,7.0,2012,"{""type"":""MultiPoint"",""coordinates"":[]}"
27_6_6,97.23937929778918,18,7.0,2012,"{""type"":""MultiPoint"",""coordinates"":[]}"
27_6_7,1022.2908183961549,21,7.0,2012,"{""type"":""MultiPoint"",""coordinates"":[]}"
27_6_8,38.739216273498386,23,7.0,2012,"{""type"":""MultiPoint"",""coordinates"":[]}"
27_6_9,17.738215514282345,24,7.0,2012,"{""type"":""MultiPoint"",""coordinates"":[]}"
27_6_10,13.630808370117197,25,7.0,2012,"{""type"":""MultiPoint"",""coordinates"":[]}"
27_6_11,0.02413436730957031,27,7.0,2012,"{""type"":""MultiPoint"",""coordinates"":[]}"
27_6_12,1.0091601071166985,30,7.0,2012,"{""type"":""MultiPoint"",""coordinates"":[]}"
27_6_13,0.9037439916381834,31,7.0,2012,"{""type"":""MultiPoint"",""coordinates"":[]}"
27_6_14,343.44125064941204,33,7.0,2012,"{""type"":""MultiPoint"",""coordinates"":[]}"
27_6_15,0.9464985950927723,68,7.0,2012,"{""type"":""MultiPoint"",""coordinates"":[]}"
27_7_0,0.0017843005981445312,13,8.0,2012,"{""type"":""MultiPoint"",""coordinates"":[]}"
27_8_0,2358.7825872362564,3,9.0,2012,"{""type"":""MultiPoint"",""coordinates"":[]}"
27_8_1,22.4471484895633,11,9.0,2012,"{""type"":""MultiPoint"",""coordinates"":[]}"
27_8_2,158.8511290544474,13,9.0,2012,"{""type"":""MultiPoint"",""coordinates"":[]}"
27_8_3,102.80837917273332,15,9.0,2012,"{""type"":""MultiPoint"",""coordinates"":[]}"
27_8_4,42.505214094055816,18,9.0,2012,"{""type"":""MultiPoint"",""coordinates"":[]}"
27_8_5,157.89590072070155,21,9.0,2012,"{""type"":""MultiPoint"",""coordinates"":[]}"
27_8_6,1.520603749694822,23,9.0,2012,"{""type"":""MultiPoint"",""coordinates"":[]}"
27_8_7,0.6480567261962886,24,9.0,2012,"{""type"":""MultiPoint"",""coordinates"":[]}"
27_8_8,1.365001563415529,25,9.0,2012,"{""type"":""MultiPoint"",""coordinates"":[]}"
27_8_9,0.8581711245117202,27,9.0,2012,"{""type"":""MultiPoint"",""coordinates"":[]}"
27_8_10,50.55733652789459,33,9.0,2012,"{""type"":""MultiPoint"",""coordinates"":[]}"
27_8_11,0.16447890447998034,68,9.0,2012,"{""type"":""MultiPoint"",""coordinates"":[]}"
27_9_0,4219.52091538894,3,10.0,2012,"{""type"":""MultiPoint"",""coordinates"":[]}"
27_9_1,8.54858670996095,6,10.0,2012,"{""type"":""MultiPoint"",""coordinates"":[]}"
27_9_2,1.565924907287599,11,10.0,2012,"{""type"":""MultiPoint"",""coordinates"":[]}"
27_9_3,108.74153803784108,13,10.0,2012,"{""type"":""MultiPoint"",""coordinates"":[]}"
27_9_4,330.4423031875211,15,10.0,2012,"{""type"":""MultiPoint"",""coordinates"":[]}"
27_9_5,0.3734781882934578,18,10.0,2012,"{""type"":""MultiPoint"",""coordinates"":[]}"
27_9_6,235.97109821246167,21,10.0,2012,"{""type"":""MultiPoint"",""coordinates"":[]}"
27_9_7,6.410529672790532,23,10.0,2012,"{""type"":""MultiPoint"",""coordinates"":[]}"
27_9_8,0.4075194993896484,24,10.0,2012,"{""type"":""MultiPoint"",""coordinates"":[]}"
27_9_9,2.929567309387208,25,10.0,2012,"{""type"":""MultiPoint"",""coordinates"":[]}"
27_9_10,0.11529783410644531,30,10.0,2012,"{""type"":""MultiPoint"",""coordinates"":[]}"
27_9_11,20.331847469238248,33,10.0,2012,"{""type"":""MultiPoint"",""coordinates"":[]}"
27_9_12,0.2386173906860351,68,10.0,2012,"{""type"":""MultiPoint"",""coordinates"":[]}"
27_10_0,26919.693802769336,3,11.0,2012,"{""type"":""MultiPoint"",""coordinates"":[]}"
27_10_1,7538.744481556176,6,11.0,2012,"{""type"":""MultiPoint"",""coordinates"":[]}"
27_10_2,0.10518413232421876,9,11.0,2012,"{""type"":""MultiPoint"",""coordinates"":[]}"
27_10_3,2084.7736566013896,11,11.0,2012,"{""type"":""MultiPoint"",""coordinates"":[]}"
27_10_4,3829.8886515858717,12,11.0,2012,"{""type"":""MultiPoint"",""coordinates"":[]}"
27_10_5,183.6888678403301,13,11.0,2012,"{""type"":""MultiPoint"",""coordinates"":[]}"
27_10_6,587.5400585787991,15,11.0,2012,"{""type"":""MultiPoint"",""coordinates"":[]}"
27_10_7,162.23934408453405,18,11.0,2012,"{""type"":""MultiPoint"",""coordinates"":[]}"
27_10_8,421.0066274526375,21,11.0,2012,"{""type"":""MultiPoint"",""coordinates"":[]}"
27_10_9,29.585522307494998,23,11.0,2012,"{""type"":""MultiPoint"",""coordinates"":[]}"
27_10_10,0.32271527844238285,24,11.0,2012,"{""type"":""MultiPoint"",""coordinates"":[]}"
27_10_11,29.3517912244264,25,11.0,2012,"{""type"":""MultiPoint"",""coordinates"":[]}"
27_10_12,8.916176147460938E-4,27,11.0,2012,"{""type"":""MultiPoint"",""coordinates"":[]}"
27_10_13,21.8332977554931,29,11.0,2012,"{""type"":""MultiPoint"",""coordinates"":[]}"
27_10_14,0.09091710961914062,30,11.0,2012,"{""type"":""MultiPoint"",""coordinates"":[]}"
27_10_15,642.6281069376234,33,11.0,2012,"{""type"":""MultiPoint"",""coordinates"":[]}"
27_10_16,188.95443052886714,68,11.0,2012,"{""type"":""MultiPoint"",""coordinates"":[]}"
27_11_0,44968.08359234726,3,12.0,2012,"{""type"":""MultiPoint"",""coordinates"":[]}"
27_11_1,4455.2035932548,6,12.0,2012,"{""type"":""MultiPoint"",""coordinates"":[]}"
27_11_2,99.56511665600567,11,12.0,2012,"{""type"":""MultiPoint"",""coordinates"":[]}"
27_11_3,489.8857548206825,12,12.0,2012,"{""type"":""MultiPoint"",""coordinates"":[]}"
27_11_4,460.2452957657441,13,12.0,2012,"{""type"":""MultiPoint"",""coordinates"":[]}"
27_11_5,4069.8354014841952,15,12.0,2012,"{""type"":""MultiPoint"",""coordinates"":[]}"
27_11_6,38.5244420693359,18,12.0,2012,"{""type"":""MultiPoint"",""coordinates"":[]}"
27_11_7,483.5651005914336,21,12.0,2012,"{""type"":""MultiPoint"",""coordinates"":[]}"
27_11_8,17.137281689697275,23,12.0,2012,"{""type"":""MultiPoint"",""coordinates"":[]}"
27_11_9,6.413137927673327,24,12.0,2012,"{""type"":""MultiPoint"",""coordinates"":[]}"
27_11_10,2.6562325110473615,25,12.0,2012,"{""type"":""MultiPoint"",""coordinates"":[]}"
27_11_11,0.06698538739013678,30,12.0,2012,"{""type"":""MultiPoint"",""coordinates"":[]}"
27_11_12,358.2958472694694,33,12.0,2012,"{""type"":""MultiPoint"",""coordinates"":[]}"
27_11_13,1.6280258493042006,68,12.0,2012,"{""type"":""MultiPoint"",""coordinates"":[]}"
27_12_0,23716.996329838883,3,13.0,2012,"{""type"":""MultiPoint"",""coordinates"":[]}"
27_12_1,2934.928453652359,6,13.0,2012,"{""type"":""MultiPoint"",""coordinates"":[]}"
27_12_2,2.1791672943725517,9,13.0,2012,"{""type"":""MultiPoint"",""coordinates"":[]}"
27_12_3,424.1934545597517,11,13.0,2012,"{""type"":""MultiPoint"",""coordinates"":[]}"
27_12_4,5296.422306626788,12,13.0,2012,"{""type"":""MultiPoint"",""coordinates"":[]}"
27_12_5,999.1619553107982,13,13.0,2012,"{""type"":""MultiPoint"",""coordinates"":[]}"
27_12_6,10253.8592955273,15,13.0,2012,"{""type"":""MultiPoint"",""coordinates"":[]}"
27_12_7,248.33443090027905,18,13.0,2012,"{""type"":""MultiPoint"",""coordinates"":[]}"
27_12_8,1729.1109203238534,21,13.0,2012,"{""type"":""MultiPoint"",""coordinates"":[]}"
27_12_9,80.34586285900899,23,13.0,2012,"{""type"":""MultiPoint"",""coordinates"":[]}"
27_12_10,10.548387191284192,24,13.0,2012,"{""type"":""MultiPoint"",""coordinates"":[]}"
27_12_11,20.601389471191396,25,13.0,2012,"{""type"":""MultiPoint"",""coordinates"":[]}"
27_12_12,0.06159729162597656,30,13.0,2012,"{""type"":""MultiPoint"",""coordinates"":[]}"
27_12_13,0.29984301788330164,31,13.0,2012,"{""type"":""MultiPoint"",""coordinates"":[]}"
27_12_14,325.0567875366203,33,13.0,2012,"{""type"":""MultiPoint"",""coordinates"":[]}"
27_12_15,386.39680005035666,35,13.0,2012,"{""type"":""MultiPoint"",""coordinates"":[]}"
27_12_16,2.710268054626461,68,13.0,2012,"{""type"":""MultiPoint"",""coordinates"":[]}"
28_0_0,0.0017839960327148438,13,1.0,2013,"{""type"":""MultiPoint"",""coordinates"":[]}"
28_1_0,0.001783488037109375,13,2.0,2013,"{""type"":""MultiPoint"",""coordinates"":[]}"
28_2_0,63294.37589914046,3,3.0,2013,"{""type"":""MultiPoint"",""coordinates"":[]}"
28_2_1,5398.37715432431,6,3.0,2013,"{""type"":""MultiPoint"",""coordinates"":[]}"
28_2_2,95.66471953247077,11,3.0,2013,"{""type"":""MultiPoint"",""coordinates"":[]}"
28_2_3,1543.6881814787062,12,3.0,2013,"{""type"":""MultiPoint"",""coordinates"":[]}"
28_2_4,1714.3521785496994,13,3.0,2013,"{""type"":""MultiPoint"",""coordinates"":[]}"
28_2_5,17172.338285595924,15,3.0,2013,"{""type"":""MultiPoint"",""coordinates"":[]}"
28_2_6,33.92763743829348,18,3.0,2013,"{""type"":""MultiPoint"",""coordinates"":[]}"
28_2_7,2700.931153832335,21,3.0,2013,"{""type"":""MultiPoint"",""coordinates"":[]}"
28_2_8,65.00574706677253,23,3.0,2013,"{""type"":""MultiPoint"",""coordinates"":[]}"
28_2_9,21.586678055298403,24,3.0,2013,"{""type"":""MultiPoint"",""coordinates"":[]}"
28_2_10,25.956236799743674,25,3.0,2013,"{""type"":""MultiPoint"",""coordinates"":[]}"
28_2_11,0.18677442663574223,30,3.0,2013,"{""type"":""MultiPoint"",""coordinates"":[]}"
28_2_12,0.09383399786376945,31,3.0,2013,"{""type"":""MultiPoint"",""coordinates"":[]}"
28_2_13,766.4896686721153,33,3.0,2013,"{""type"":""MultiPoint"",""coordinates"":[]}"
28_2_14,2.255246640930181,68,3.0,2013,"{""type"":""MultiPoint"",""coordinates"":[]}"
28_3_0,57606.784239561115,3,4.0,2013,"{""type"":""MultiPoint"",""coordinates"":[]}"
28_3_1,9016.775987107643,6,4.0,2013,"{""type"":""MultiPoint"",""coordinates"":[]}"
28_3_2,681.8159252456666,11,4.0,2013,"{""type"":""MultiPoint"",""coordinates"":[]}"
28_3_3,1951.49984273392,12,4.0,2013,"{""type"":""MultiPoint"",""coordinates"":[]}"
28_3_4,77.68935852899232,13,4.0,2013,"{""type"":""MultiPoint"",""coordinates"":[]}"
28_3_5,51.76771735577293,15,4.0,2013,"{""type"":""MultiPoint"",""coordinates"":[]}"
28_3_6,289.2068898278793,18,4.0,2013,"{""type"":""MultiPoint"",""coordinates"":[]}"
28_3_7,74.94966112011714,21,4.0,2013,"{""type"":""MultiPoint"",""coordinates"":[]}"
28_3_8,3.1338587087402336,23,4.0,2013,"{""type"":""MultiPoint"",""coordinates"":[]}"
28_3_9,6.286120464416513,24,4.0,2013,"{""type"":""MultiPoint"",""coordinates"":[]}"
28_3_10,14.564649872253433,25,4.0,2013,"{""type"":""MultiPoint"",""coordinates"":[]}"
28_3_11,53.84711154168623,29,4.0,2013,"{""type"":""MultiPoint"",""coordinates"":[]}"
28_3_12,0.1795763933105468,30,4.0,2013,"{""type"":""MultiPoint"",""coordinates"":[]}"
28_3_13,639.4550577148422,33,4.0,2013,"{""type"":""MultiPoint"",""coordinates"":[]}"
28_3_14,192.70179122282855,68,4.0,2013,"{""type"":""MultiPoint"",""coordinates"":[]}"
28_4_0,95037.39487189795,3,5.0,2013,"{""type"":""MultiPoint"",""coordinates"":[]}"
28_4_1,10525.153560372975,6,5.0,2013,"{""type"":""MultiPoint"",""coordinates"":[]}"
28_4_2,1004.8940899246177,11,5.0,2013,"{""type"":""MultiPoint"",""coordinates"":[]}"
28_4_3,45.60306314843676,13,5.0,2013,"{""type"":""MultiPoint"",""coordinates"":[]}"
28_4_4,3.0871324985351514,15,5.0,2013,"{""type"":""MultiPoint"",""coordinates"":[]}"
28_4_5,378.8280323032834,18,5.0,2013,"{""type"":""MultiPoint"",""coordinates"":[]}"
28_4_6,63.043509177062475,21,5.0,2013,"{""type"":""MultiPoint"",""coordinates"":[]}"
28_4_7,16.22478875213621,23,5.0,2013,"{""type"":""MultiPoint"",""coordinates"":[]}"
28_4_8,5.259200067321763,24,5.0,2013,"{""type"":""MultiPoint"",""coordinates"":[]}"
28_4_9,1.8222427229614255,25,5.0,2013,"{""type"":""MultiPoint"",""coordinates"":[]}"
28_4_10,0.1275230654296877,30,5.0,2013,"{""type"":""MultiPoint"",""coordinates"":[]}"
28_4_11,0.030318104797363275,31,5.0,2013,"{""type"":""MultiPoint"",""coordinates"":[]}"
28_4_12,1573.1181074850601,33,5.0,2013,"{""type"":""MultiPoint"",""coordinates"":[]}"
28_4_13,0.13225502563476588,68,5.0,2013,"{""type"":""MultiPoint"",""coordinates"":[]}"
28_5_0,49157.074842229995,3,6.0,2013,"{""type"":""MultiPoint"",""coordinates"":[]}"
28_5_1,2342.6610763360795,6,6.0,2013,"{""type"":""MultiPoint"",""coordinates"":[]}"
28_5_2,83.56465959008754,11,6.0,2013,"{""type"":""MultiPoint"",""coordinates"":[]}"
28_5_3,430.03738644303314,13,6.0,2013,"{""type"":""MultiPoint"",""coordinates"":[]}"
28_5_4,54.15620764288354,15,6.0,2013,"{""type"":""MultiPoint"",""coordinates"":[]}"
28_5_5,502.39942918598,18,6.0,2013,"{""type"":""MultiPoint"",""coordinates"":[]}"
28_5_6,120.50053482202071,21,6.0,2013,"{""type"":""MultiPoint"",""coordinates"":[]}"
28_5_7,0.5613249822998043,23,6.0,2013,"{""type"":""MultiPoint"",""coordinates"":[]}"
28_5_8,1.5632652247314467,24,6.0,2013,"{""type"":""MultiPoint"",""coordinates"":[]}"
28_5_9,5.328893099853516,25,6.0,2013,"{""type"":""MultiPoint"",""coordinates"":[]}"
28_5_10,1.540852575378418,29,6.0,2013,"{""type"":""MultiPoint"",""coordinates"":[]}"
28_5_11,0.25295558300781257,30,6.0,2013,"{""type"":""MultiPoint"",""coordinates"":[]}"
28_5_12,419.2920192145979,33,6.0,2013,"{""type"":""MultiPoint"",""coordinates"":[]}"
28_5_13,8.57739072491455,68,6.0,2013,"{""type"":""MultiPoint"",""coordinates"":[]}"
28_6_0,17335.66967964081,3,7.0,2013,"{""type"":""MultiPoint"",""coordinates"":[]}"
28_6_1,1932.1848214428521,6,7.0,2013,"{""type"":""MultiPoint"",""coordinates"":[]}"
28_6_2,78.61047271396357,11,7.0,2013,"{""type"":""MultiPoint"",""coordinates"":[]}"
28_6_3,68.4673777448737,13,7.0,2013,"{""type"":""MultiPoint"",""coordinates"":[]}"
28_6_4,4957.262803794774,15,7.0,2013,"{""type"":""MultiPoint"",""coordinates"":[]}"
28_6_5,95.42030444652782,18,7.0,2013,"{""type"":""MultiPoint"",""coordinates"":[]}"
28_6_6,920.7637532789721,21,7.0,2013,"{""type"":""MultiPoint"",""coordinates"":[]}"
28_6_7,43.451371737244,23,7.0,2013,"{""type"":""MultiPoint"",""coordinates"":[]}"
28_6_8,18.387171595947358,24,7.0,2013,"{""type"":""MultiPoint"",""coordinates"":[]}"
28_6_9,16.538767560791015,25,7.0,2013,"{""type"":""MultiPoint"",""coordinates"":[]}"
28_6_10,0.02413436730957031,27,7.0,2013,"{""type"":""MultiPoint"",""coordinates"":[]}"
28_6_11,1.276430174194335,30,7.0,2013,"{""type"":""MultiPoint"",""coordinates"":[]}"
28_6_12,0.9394994785766603,31,7.0,2013,"{""type"":""MultiPoint"",""coordinates"":[]}"
28_6_13,351.8997021559427,33,7.0,2013,"{""type"":""MultiPoint"",""coordinates"":[]}"
28_6_14,0.7945587332153315,68,7.0,2013,"{""type"":""MultiPoint"",""coordinates"":[]}"
28_7_0,0.0017843005981445312,13,8.0,2013,"{""type"":""MultiPoint"",""coordinates"":[]}"
28_8_0,2355.6204788718705,3,9.0,2013,"{""type"":""MultiPoint"",""coordinates"":[]}"
28_8_1,22.214748051025424,11,9.0,2013,"{""type"":""MultiPoint"",""coordinates"":[]}"
28_8_2,159.1273073582812,13,9.0,2013,"{""type"":""MultiPoint"",""coordinates"":[]}"
28_8_3,111.59497859948773,15,9.0,2013,"{""type"":""MultiPoint"",""coordinates"":[]}"
28_8_4,43.76924727545196,18,9.0,2013,"{""type"":""MultiPoint"",""coordinates"":[]}"
28_8_5,150.7749486502079,21,9.0,2013,"{""type"":""MultiPoint"",""coordinates"":[]}"
28_8_6,3.1332968652954354,23,9.0,2013,"{""type"":""MultiPoint"",""coordinates"":[]}"
28_8_7,0.6525262545776364,24,9.0,2013,"{""type"":""MultiPoint"",""coordinates"":[]}"
28_8_8,1.2050037758178722,25,9.0,2013,"{""type"":""MultiPoint"",""coordinates"":[]}"
28_8_9,0.8581711245117202,27,9.0,2013,"{""type"":""MultiPoint"",""coordinates"":[]}"
28_8_10,49.15741527697905,33,9.0,2013,"{""type"":""MultiPoint"",""coordinates"":[]}"
28_8_11,0.2958852604980469,68,9.0,2013,"{""type"":""MultiPoint"",""coordinates"":[]}"
28_9_0,4194.069752084033,3,10.0,2013,"{""type"":""MultiPoint"",""coordinates"":[]}"
28_9_1,8.544116758117699,6,10.0,2013,"{""type"":""MultiPoint"",""coordinates"":[]}"
28_9_2,1.3183323875122062,11,10.0,2013,"{""type"":""MultiPoint"",""coordinates"":[]}"
28_9_3,109.20889409246735,13,10.0,2013,"{""type"":""MultiPoint"",""coordinates"":[]}"
28_9_4,343.7676777723822,15,10.0,2013,"{""type"":""MultiPoint"",""coordinates"":[]}"
28_9_5,0.22783721124267595,18,10.0,2013,"{""type"":""MultiPoint"",""coordinates"":[]}"
28_9_6,245.57092214373642,21,10.0,2013,"{""type"":""MultiPoint"",""coordinates"":[]}"
28_9_7,6.128056503845191,23,10.0,2013,"{""type"":""MultiPoint"",""coordinates"":[]}"
28_9_8,0.43612085803222655,24,10.0,2013,"{""type"":""MultiPoint"",""coordinates"":[]}"
28_9_9,2.7419015958251984,25,10.0,2013,"{""type"":""MultiPoint"",""coordinates"":[]}"
28_9_10,0.12691808599853519,30,10.0,2013,"{""type"":""MultiPoint"",""coordinates"":[]}"
28_9_11,23.205564300537244,33,10.0,2013,"{""type"":""MultiPoint"",""coordinates"":[]}"
28_9_12,0.25113001422119136,68,10.0,2013,"{""type"":""MultiPoint"",""coordinates"":[]}"
28_10_0,26960.905106535516,3,11.0,2013,"{""type"":""MultiPoint"",""coordinates"":[]}"
28_10_1,7504.782905468841,6,11.0,2013,"{""type"":""MultiPoint"",""coordinates"":[]}"
28_10_2,0.11677220568847654,9,11.0,2013,"{""type"":""MultiPoint"",""coordinates"":[]}"
28_10_3,2053.6581260597145,11,11.0,2013,"{""type"":""MultiPoint"",""coordinates"":[]}"
28_10_4,3851.906323710553,12,11.0,2013,"{""type"":""MultiPoint"",""coordinates"":[]}"
28_10_5,184.20561741631803,13,11.0,2013,"{""type"":""MultiPoint"",""coordinates"":[]}"
28_10_6,610.2129988936188,15,11.0,2013,"{""type"":""MultiPoint"",""coordinates"":[]}"
28_10_7,155.5789103892215,18,11.0,2013,"{""type"":""MultiPoint"",""coordinates"":[]}"
28_10_8,405.5461465341187,21,11.0,2013,"{""type"":""MultiPoint"",""coordinates"":[]}"
28_10_9,20.200659417602516,23,11.0,2013,"{""type"":""MultiPoint"",""coordinates"":[]}"
28_10_10,0.3227152784423829,24,11.0,2013,"{""type"":""MultiPoint"",""coordinates"":[]}"
28_10_11,27.097326574340926,25,11.0,2013,"{""type"":""MultiPoint"",""coordinates"":[]}"
28_10_12,8.916176147460938E-4,27,11.0,2013,"{""type"":""MultiPoint"",""coordinates"":[]}"
28_10_13,20.856741828247106,29,11.0,2013,"{""type"":""MultiPoint"",""coordinates"":[]}"
28_10_14,0.11409148553466797,30,11.0,2013,"{""type"":""MultiPoint"",""coordinates"":[]}"
28_10_15,661.5459474118082,33,11.0,2013,"{""type"":""MultiPoint"",""coordinates"":[]}"
28_10_16,183.39706653356808,68,11.0,2013,"{""type"":""MultiPoint"",""coordinates"":[]}"
28_11_0,44895.164387568,3,12.0,2013,"{""type"":""MultiPoint"",""coordinates"":[]}"
28_11_1,4462.212035242368,6,12.0,2013,"{""type"":""MultiPoint"",""coordinates"":[]}"
28_11_2,101.96517858294627,11,12.0,2013,"{""type"":""MultiPoint"",""coordinates"":[]}"
28_11_3,485.19013605792736,12,12.0,2013,"{""type"":""MultiPoint"",""coordinates"":[]}"
28_11_4,455.7374260819011,13,12.0,2013,"{""type"":""MultiPoint"",""coordinates"":[]}"
28_11_5,4065.4051875431655,15,12.0,2013,"{""type"":""MultiPoint"",""coordinates"":[]}"
28_11_6,39.21829213629135,18,12.0,2013,"{""type"":""MultiPoint"",""coordinates"":[]}"
28_11_7,544.2217432361497,21,12.0,2013,"{""type"":""MultiPoint"",""coordinates"":[]}"
28_11_8,5.748803959411622,23,12.0,2013,"{""type"":""MultiPoint"",""coordinates"":[]}"
28_11_9,6.598916677307125,24,12.0,2013,"{""type"":""MultiPoint"",""coordinates"":[]}"
28_11_10,3.571013927368165,25,12.0,2013,"{""type"":""MultiPoint"",""coordinates"":[]}"
28_11_11,0.052695171691894534,30,12.0,2013,"{""type"":""MultiPoint"",""coordinates"":[]}"
28_11_12,376.63809865539616,33,12.0,2013,"{""type"":""MultiPoint"",""coordinates"":[]}"
28_11_13,9.38189278417969,68,12.0,2013,"{""type"":""MultiPoint"",""coordinates"":[]}"
28_12_0,23596.553932798106,3,13.0,2013,"{""type"":""MultiPoint"",""coordinates"":[]}"
28_12_1,3002.6240330453434,6,13.0,2013,"{""type"":""MultiPoint"",""coordinates"":[]}"
28_12_2,2.1961284771118095,9,13.0,2013,"{""type"":""MultiPoint"",""coordinates"":[]}"
28_12_3,426.21794499218413,11,13.0,2013,"{""type"":""MultiPoint"",""coordinates"":[]}"
28_12_4,5226.795235306825,12,13.0,2013,"{""type"":""MultiPoint"",""coordinates"":[]}"
28_12_5,992.5444526477219,13,13.0,2013,"{""type"":""MultiPoint"",""coordinates"":[]}"
28_12_6,10308.173968121528,15,13.0,2013,"{""type"":""MultiPoint"",""coordinates"":[]}"
28_12_7,274.2337716212209,18,13.0,2013,"{""type"":""MultiPoint"",""coordinates"":[]}"
28_12_8,1757.0996304597786,21,13.0,2013,"{""type"":""MultiPoint"",""coordinates"":[]}"
28_12_9,73.56138206890898,23,13.0,2013,"{""type"":""MultiPoint"",""coordinates"":[]}"
28_12_10,10.727824298645027,24,13.0,2013,"{""type"":""MultiPoint"",""coordinates"":[]}"
28_12_11,18.92239991162107,25,13.0,2013,"{""type"":""MultiPoint"",""coordinates"":[]}"
28_12_12,0.05624579016113281,30,13.0,2013,"{""type"":""MultiPoint"",""coordinates"":[]}"
28_12_13,0.3730192951660176,31,13.0,2013,"{""type"":""MultiPoint"",""coordinates"":[]}"
28_12_14,342.7659703807366,33,13.0,2013,"{""type"":""MultiPoint"",""coordinates"":[]}"
28_12_15,395.6108916162143,35,13.0,2013,"{""type"":""MultiPoint"",""coordinates"":[]}"
28_12_16,2.7504186765136693,68,13.0,2013,"{""type"":""MultiPoint"",""coordinates"":[]}"
29_0_0,0.0017839960327148438,13,1.0,2014,"{""type"":""MultiPoint"",""coordinates"":[]}"
29_1_0,0.001783488037109375,13,2.0,2014,"{""type"":""MultiPoint"",""coordinates"":[]}"
29_2_0,62818.430040734704,3,3.0,2014,"{""type"":""MultiPoint"",""coordinates"":[]}"
29_2_1,5484.642348001327,6,3.0,2014,"{""type"":""MultiPoint"",""coordinates"":[]}"
29_2_2,100.69283421447744,11,3.0,2014,"{""type"":""MultiPoint"",""coordinates"":[]}"
29_2_3,1559.3783978392985,12,3.0,2014,"{""type"":""MultiPoint"",""coordinates"":[]}"
29_2_4,1731.539527155091,13,3.0,2014,"{""type"":""MultiPoint"",""coordinates"":[]}"
29_2_5,17562.774435415075,15,3.0,2014,"{""type"":""MultiPoint"",""coordinates"":[]}"
29_2_6,37.76771709588617,18,3.0,2014,"{""type"":""MultiPoint"",""coordinates"":[]}"
29_2_7,2670.482434396959,21,3.0,2014,"{""type"":""MultiPoint"",""coordinates"":[]}"
29_2_8,75.12143672839362,23,3.0,2014,"{""type"":""MultiPoint"",""coordinates"":[]}"
29_2_9,22.017410353516123,24,3.0,2014,"{""type"":""MultiPoint"",""coordinates"":[]}"
29_2_10,25.040590642639142,25,3.0,2014,"{""type"":""MultiPoint"",""coordinates"":[]}"
29_2_11,0.18945572235107427,30,3.0,2014,"{""type"":""MultiPoint"",""coordinates"":[]}"
29_2_12,0.07149255688476557,31,3.0,2014,"{""type"":""MultiPoint"",""coordinates"":[]}"
29_2_13,746.0872757883255,33,3.0,2014,"{""type"":""MultiPoint"",""coordinates"":[]}"
29_2_14,0.9939989063720702,68,3.0,2014,"{""type"":""MultiPoint"",""coordinates"":[]}"
29_3_0,57610.17030798628,3,4.0,2014,"{""type"":""MultiPoint"",""coordinates"":[]}"
29_3_1,9003.220104528147,6,4.0,2014,"{""type"":""MultiPoint"",""coordinates"":[]}"
29_3_2,673.4334399646617,11,4.0,2014,"{""type"":""MultiPoint"",""coordinates"":[]}"
29_3_3,1958.6017670012393,12,4.0,2014,"{""type"":""MultiPoint"",""coordinates"":[]}"
29_3_4,80.49217477349926,13,4.0,2014,"{""type"":""MultiPoint"",""coordinates"":[]}"
29_3_5,50.58195975915453,15,4.0,2014,"{""type"":""MultiPoint"",""coordinates"":[]}"
29_3_6,292.28375963995205,18,4.0,2014,"{""type"":""MultiPoint"",""coordinates"":[]}"
29_3_7,79.92441881604007,21,4.0,2014,"{""type"":""MultiPoint"",""coordinates"":[]}"
29_3_8,24.107172609619123,23,4.0,2014,"{""type"":""MultiPoint"",""coordinates"":[]}"
29_3_9,6.418172791198736,24,4.0,2014,"{""type"":""MultiPoint"",""coordinates"":[]}"
29_3_10,14.400973806030283,25,4.0,2014,"{""type"":""MultiPoint"",""coordinates"":[]}"
29_3_11,51.587540402281945,29,4.0,2014,"{""type"":""MultiPoint"",""coordinates"":[]}"
29_3_12,0.30913408398437503,30,4.0,2014,"{""type"":""MultiPoint"",""coordinates"":[]}"
29_3_13,613.0167554716755,33,4.0,2014,"{""type"":""MultiPoint"",""coordinates"":[]}"
29_3_14,202.11010576463318,68,4.0,2014,"{""type"":""MultiPoint"",""coordinates"":[]}"
29_4_0,95161.93876078552,3,5.0,2014,"{""type"":""MultiPoint"",""coordinates"":[]}"
29_4_1,10423.081775638826,6,5.0,2014,"{""type"":""MultiPoint"",""coordinates"":[]}"
29_4_2,959.0189491936596,11,5.0,2014,"{""type"":""MultiPoint"",""coordinates"":[]}"
29_4_3,45.00182336486734,13,5.0,2014,"{""type"":""MultiPoint"",""coordinates"":[]}"
29_4_4,3.2683556967773377,15,5.0,2014,"{""type"":""MultiPoint"",""coordinates"":[]}"
29_4_5,394.0710693353266,18,5.0,2014,"{""type"":""MultiPoint"",""coordinates"":[]}"
29_4_6,61.69727557745298,21,5.0,2014,"{""type"":""MultiPoint"",""coordinates"":[]}"
29_4_7,10.073998945312509,23,5.0,2014,"{""type"":""MultiPoint"",""coordinates"":[]}"
29_4_8,5.317982883361802,24,5.0,2014,"{""type"":""MultiPoint"",""coordinates"":[]}"
29_4_9,1.536482143371582,25,5.0,2014,"{""type"":""MultiPoint"",""coordinates"":[]}"
29_4_10,0.13822426800537127,30,5.0,2014,"{""type"":""MultiPoint"",""coordinates"":[]}"
29_4_11,0.0303180884399414,31,5.0,2014,"{""type"":""MultiPoint"",""coordinates"":[]}"
29_4_12,1587.5378032357314,33,5.0,2014,"{""type"":""MultiPoint"",""coordinates"":[]}"
29_4_13,2.005875389160159,68,5.0,2014,"{""type"":""MultiPoint"",""coordinates"":[]}"
29_5_0,49093.41480648259,3,6.0,2014,"{""type"":""MultiPoint"",""coordinates"":[]}"
29_5_1,2368.8752915800997,6,6.0,2014,"{""type"":""MultiPoint"",""coordinates"":[]}"
29_5_2,84.7757882026974,11,6.0,2014,"{""type"":""MultiPoint"",""coordinates"":[]}"
29_5_3,442.91734997917655,13,6.0,2014,"{""type"":""MultiPoint"",""coordinates"":[]}"
29_5_4,53.18994874182175,15,6.0,2014,"{""type"":""MultiPoint"",""coordinates"":[]}"
29_5_5,518.9123910296697,18,6.0,2014,"{""type"":""MultiPoint"",""coordinates"":[]}"
29_5_6,126.82245819311471,21,6.0,2014,"{""type"":""MultiPoint"",""coordinates"":[]}"
29_5_7,0.6587966832885741,23,6.0,2014,"{""type"":""MultiPoint"",""coordinates"":[]}"
29_5_8,1.5918646319580085,24,6.0,2014,"{""type"":""MultiPoint"",""coordinates"":[]}"
29_5_9,5.106277977783202,25,6.0,2014,"{""type"":""MultiPoint"",""coordinates"":[]}"
29_5_10,1.4997377828979497,29,6.0,2014,"{""type"":""MultiPoint"",""coordinates"":[]}"
29_5_11,0.2610001906127931,30,6.0,2014,"{""type"":""MultiPoint"",""coordinates"":[]}"
29_5_12,427.51884941955325,33,6.0,2014,"{""type"":""MultiPoint"",""coordinates"":[]}"
29_5_13,1.9662767596435535,68,6.0,2014,"{""type"":""MultiPoint"",""coordinates"":[]}"
29_6_0,17405.077097983783,3,7.0,2014,"{""type"":""MultiPoint"",""coordinates"":[]}"
29_6_1,1911.779365591318,6,7.0,2014,"{""type"":""MultiPoint"",""coordinates"":[]}"
29_6_2,78.79011941916744,11,7.0,2014,"{""type"":""MultiPoint"",""coordinates"":[]}"
29_6_3,70.00856286651671,13,7.0,2014,"{""type"":""MultiPoint"",""coordinates"":[]}"
29_6_4,5014.140272257815,15,7.0,2014,"{""type"":""MultiPoint"",""coordinates"":[]}"
29_6_5,148.95726723833764,18,7.0,2014,"{""type"":""MultiPoint"",""coordinates"":[]}"
29_6_6,761.9809944416472,21,7.0,2014,"{""type"":""MultiPoint"",""coordinates"":[]}"
29_6_7,32.79452186535647,23,7.0,2014,"{""type"":""MultiPoint"",""coordinates"":[]}"
29_6_8,19.01824236419685,24,7.0,2014,"{""type"":""MultiPoint"",""coordinates"":[]}"
29_6_9,15.620816938232437,25,7.0,2014,"{""type"":""MultiPoint"",""coordinates"":[]}"
29_6_10,0.02413436730957031,27,7.0,2014,"{""type"":""MultiPoint"",""coordinates"":[]}"
29_6_11,1.389060939819334,30,7.0,2014,"{""type"":""MultiPoint"",""coordinates"":[]}"
29_6_12,1.040513486999512,31,7.0,2014,"{""type"":""MultiPoint"",""coordinates"":[]}"
29_6_13,360.3262662299781,33,7.0,2014,"{""type"":""MultiPoint"",""coordinates"":[]}"
29_6_14,0.743612875976562,68,7.0,2014,"{""type"":""MultiPoint"",""coordinates"":[]}"
29_7_0,0.0017843005981445312,13,8.0,2014,"{""type"":""MultiPoint"",""coordinates"":[]}"
29_8_0,2353.1050235954845,3,9.0,2014,"{""type"":""MultiPoint"",""coordinates"":[]}"
29_8_1,21.791958976196504,11,9.0,2014,"{""type"":""MultiPoint"",""coordinates"":[]}"
29_8_2,159.86021630237255,13,9.0,2014,"{""type"":""MultiPoint"",""coordinates"":[]}"
29_8_3,114.65225002191343,15,9.0,2014,"{""type"":""MultiPoint"",""coordinates"":[]}"
29_8_4,36.46551768237328,18,9.0,2014,"{""type"":""MultiPoint"",""coordinates"":[]}"
29_8_5,157.64603234491048,21,9.0,2014,"{""type"":""MultiPoint"",""coordinates"":[]}"
29_8_6,2.464615220703131,23,9.0,2014,"{""type"":""MultiPoint"",""coordinates"":[]}"
29_8_7,0.6784481799316401,24,9.0,2014,"{""type"":""MultiPoint"",""coordinates"":[]}"
29_8_8,1.0217488937377928,25,9.0,2014,"{""type"":""MultiPoint"",""coordinates"":[]}"
29_8_9,0.8581711245117202,27,9.0,2014,"{""type"":""MultiPoint"",""coordinates"":[]}"
29_8_10,49.452405924867264,33,9.0,2014,"{""type"":""MultiPoint"",""coordinates"":[]}"
29_8_11,0.40761909704589827,68,9.0,2014,"{""type"":""MultiPoint"",""coordinates"":[]}"
29_9_0,4171.913238782821,3,10.0,2014,"{""type"":""MultiPoint"",""coordinates"":[]}"
29_9_1,8.478867799377465,6,10.0,2014,"{""type"":""MultiPoint"",""coordinates"":[]}"
29_9_2,1.3451468253173824,11,10.0,2014,"{""type"":""MultiPoint"",""coordinates"":[]}"
29_9_3,108.09287846783371,13,10.0,2014,"{""type"":""MultiPoint"",""coordinates"":[]}"
29_9_4,353.4023202191373,15,10.0,2014,"{""type"":""MultiPoint"",""coordinates"":[]}"
29_9_5,0.40486188885498015,18,10.0,2014,"{""type"":""MultiPoint"",""coordinates"":[]}"
29_9_6,259.7861466464208,21,10.0,2014,"{""type"":""MultiPoint"",""coordinates"":[]}"
29_9_7,5.802688180541984,23,10.0,2014,"{""type"":""MultiPoint"",""coordinates"":[]}"
29_9_8,0.45399596972656253,24,10.0,2014,"{""type"":""MultiPoint"",""coordinates"":[]}"
29_9_9,2.275383925109864,25,10.0,2014,"{""type"":""MultiPoint"",""coordinates"":[]}"
29_9_10,0.12066144567871097,30,10.0,2014,"{""type"":""MultiPoint"",""coordinates"":[]}"
29_9_11,23.28330926190192,33,10.0,2014,"{""type"":""MultiPoint"",""coordinates"":[]}"
29_9_12,0.23772439520263663,68,10.0,2014,"{""type"":""MultiPoint"",""coordinates"":[]}"
29_10_0,26920.803025436566,3,11.0,2014,"{""type"":""MultiPoint"",""coordinates"":[]}"
29_10_1,7562.408793393117,6,11.0,2014,"{""type"":""MultiPoint"",""coordinates"":[]}"
29_10_2,0.11588081390380858,9,11.0,2014,"{""type"":""MultiPoint"",""coordinates"":[]}"
29_10_3,2062.9594277740725,11,11.0,2014,"{""type"":""MultiPoint"",""coordinates"":[]}"
29_10_4,3828.407255199142,12,11.0,2014,"{""type"":""MultiPoint"",""coordinates"":[]}"
29_10_5,189.96676400921277,13,11.0,2014,"{""type"":""MultiPoint"",""coordinates"":[]}"
29_10_6,589.3831408315465,15,11.0,2014,"{""type"":""MultiPoint"",""coordinates"":[]}"
29_10_7,149.79043905566434,18,11.0,2014,"{""type"":""MultiPoint"",""coordinates"":[]}"
29_10_8,411.54289510772685,21,11.0,2014,"{""type"":""MultiPoint"",""coordinates"":[]}"
29_10_9,54.06817360858156,23,11.0,2014,"{""type"":""MultiPoint"",""coordinates"":[]}"
29_10_10,0.32271527844238285,24,11.0,2014,"{""type"":""MultiPoint"",""coordinates"":[]}"
29_10_11,31.593914476135502,25,11.0,2014,"{""type"":""MultiPoint"",""coordinates"":[]}"
29_10_12,8.916176147460938E-4,27,11.0,2014,"{""type"":""MultiPoint"",""coordinates"":[]}"
29_10_13,19.130744317871187,29,11.0,2014,"{""type"":""MultiPoint"",""coordinates"":[]}"
29_10_14,0.09002536962890625,30,11.0,2014,"{""type"":""MultiPoint"",""coordinates"":[]}"
29_10_15,629.8945262862576,33,11.0,2014,"{""type"":""MultiPoint"",""coordinates"":[]}"
29_10_16,189.96973478491057,68,11.0,2014,"{""type"":""MultiPoint"",""coordinates"":[]}"
29_11_0,44809.76653496396,3,12.0,2014,"{""type"":""MultiPoint"",""coordinates"":[]}"
29_11_1,4442.470057102178,6,12.0,2014,"{""type"":""MultiPoint"",""coordinates"":[]}"
29_11_2,99.15748838214031,11,12.0,2014,"{""type"":""MultiPoint"",""coordinates"":[]}"
29_11_3,485.5763355695304,12,12.0,2014,"{""type"":""MultiPoint"",""coordinates"":[]}"
29_11_4,472.983233342341,13,12.0,2014,"{""type"":""MultiPoint"",""coordinates"":[]}"
29_11_5,4121.514584636133,15,12.0,2014,"{""type"":""MultiPoint"",""coordinates"":[]}"
29_11_6,38.655934491516,18,12.0,2014,"{""type"":""MultiPoint"",""coordinates"":[]}"
29_11_7,579.4460393923272,21,12.0,2014,"{""type"":""MultiPoint"",""coordinates"":[]}"
29_11_8,9.244704160827636,23,12.0,2014,"{""type"":""MultiPoint"",""coordinates"":[]}"
29_11_9,6.682868194641119,24,12.0,2014,"{""type"":""MultiPoint"",""coordinates"":[]}"
29_11_10,2.495372291320801,25,12.0,2014,"{""type"":""MultiPoint"",""coordinates"":[]}"
29_11_11,0.07234421960449226,30,12.0,2014,"{""type"":""MultiPoint"",""coordinates"":[]}"
29_11_12,380.45357176641807,33,12.0,2014,"{""type"":""MultiPoint"",""coordinates"":[]}"
29_11_13,2.5867391111450178,68,12.0,2014,"{""type"":""MultiPoint"",""coordinates"":[]}"
29_12_0,23627.47032446286,3,13.0,2014,"{""type"":""MultiPoint"",""coordinates"":[]}"
29_12_1,2896.1935769052366,6,13.0,2014,"{""type"":""MultiPoint"",""coordinates"":[]}"
29_12_2,2.587008375427241,9,13.0,2014,"{""type"":""MultiPoint"",""coordinates"":[]}"
29_12_3,411.2733025402821,11,13.0,2014,"{""type"":""MultiPoint"",""coordinates"":[]}"
29_12_4,5195.9273062456405,12,13.0,2014,"{""type"":""MultiPoint"",""coordinates"":[]}"
29_12_5,989.4112688961983,13,13.0,2014,"{""type"":""MultiPoint"",""coordinates"":[]}"
29_12_6,10491.15283496271,15,13.0,2014,"{""type"":""MultiPoint"",""coordinates"":[]}"
29_12_7,261.5866044357942,18,13.0,2014,"{""type"":""MultiPoint"",""coordinates"":[]}"
29_12_8,1683.1262172781464,21,13.0,2014,"{""type"":""MultiPoint"",""coordinates"":[]}"
29_12_9,106.32776280523643,23,13.0,2014,"{""type"":""MultiPoint"",""coordinates"":[]}"
29_12_10,10.894742656372074,24,13.0,2014,"{""type"":""MultiPoint"",""coordinates"":[]}"
29_12_11,22.64857340411378,25,13.0,2014,"{""type"":""MultiPoint"",""coordinates"":[]}"
29_12_12,0.07766354919433593,30,13.0,2014,"{""type"":""MultiPoint"",""coordinates"":[]}"
29_12_13,0.2650392741088864,31,13.0,2014,"{""type"":""MultiPoint"",""coordinates"":[]}"
29_12_14,318.29549874334623,33,13.0,2014,"{""type"":""MultiPoint"",""coordinates"":[]}"
29_12_15,411.26639089124046,35,13.0,2014,"{""type"":""MultiPoint"",""coordinates"":[]}"
29_12_16,2.703134081726071,68,13.0,2014,"{""type"":""MultiPoint"",""coordinates"":[]}"
30_0_0,0.0017839960327148438,13,1.0,2015,"{""type"":""MultiPoint"",""coordinates"":[]}"
30_1_0,0.001783488037109375,13,2.0,2015,"{""type"":""MultiPoint"",""coordinates"":[]}"
30_2_0,62712.8994201002,3,3.0,2015,"{""type"":""MultiPoint"",""coordinates"":[]}"
30_2_1,5458.019348789287,6,3.0,2015,"{""type"":""MultiPoint"",""coordinates"":[]}"
30_2_2,1.0544644074707028,9,3.0,2015,"{""type"":""MultiPoint"",""coordinates"":[]}"
30_2_3,107.45970995782494,11,3.0,2015,"{""type"":""MultiPoint"",""coordinates"":[]}"
30_2_4,1555.3926540567436,12,3.0,2015,"{""type"":""MultiPoint"",""coordinates"":[]}"
30_2_5,1733.4549289400152,13,3.0,2015,"{""type"":""MultiPoint"",""coordinates"":[]}"
30_2_6,17725.086443256732,15,3.0,2015,"{""type"":""MultiPoint"",""coordinates"":[]}"
30_2_7,37.20647414422598,18,3.0,2015,"{""type"":""MultiPoint"",""coordinates"":[]}"
30_2_8,2628.6478877157056,21,3.0,2015,"{""type"":""MultiPoint"",""coordinates"":[]}"
30_2_9,66.64154174530042,23,3.0,2015,"{""type"":""MultiPoint"",""coordinates"":[]}"
30_2_10,22.530340888794374,24,3.0,2015,"{""type"":""MultiPoint"",""coordinates"":[]}"
30_2_11,29.14003729046628,25,3.0,2015,"{""type"":""MultiPoint"",""coordinates"":[]}"
30_2_12,0.1894549372558594,30,3.0,2015,"{""type"":""MultiPoint"",""coordinates"":[]}"
30_2_13,0.1286866303100586,31,3.0,2015,"{""type"":""MultiPoint"",""coordinates"":[]}"
30_2_14,756.0729414289494,33,3.0,2015,"{""type"":""MultiPoint"",""coordinates"":[]}"
30_2_15,1.305061261840813,68,3.0,2015,"{""type"":""MultiPoint"",""coordinates"":[]}"
30_3_0,57532.66466595901,3,4.0,2015,"{""type"":""MultiPoint"",""coordinates"":[]}"
30_3_1,9076.315806216775,6,4.0,2015,"{""type"":""MultiPoint"",""coordinates"":[]}"
30_3_2,677.3834933102412,11,4.0,2015,"{""type"":""MultiPoint"",""coordinates"":[]}"
30_3_3,1994.3279129973378,12,4.0,2015,"{""type"":""MultiPoint"",""coordinates"":[]}"
30_3_4,82.07061507122877,13,4.0,2015,"{""type"":""MultiPoint"",""coordinates"":[]}"
30_3_5,52.02789612145913,15,4.0,2015,"{""type"":""MultiPoint"",""coordinates"":[]}"
30_3_6,289.2334555570042,18,4.0,2015,"{""type"":""MultiPoint"",""coordinates"":[]}"
30_3_7,80.54215556646722,21,4.0,2015,"{""type"":""MultiPoint"",""coordinates"":[]}"
30_3_8,10.13066355175782,23,4.0,2015,"{""type"":""MultiPoint"",""coordinates"":[]}"
30_3_9,6.668870349121096,24,4.0,2015,"{""type"":""MultiPoint"",""coordinates"":[]}"
30_3_10,13.756752011779788,25,4.0,2015,"{""type"":""MultiPoint"",""coordinates"":[]}"
30_3_11,51.711978987120766,29,4.0,2015,"{""type"":""MultiPoint"",""coordinates"":[]}"
30_3_12,0.40652084515380843,30,4.0,2015,"{""type"":""MultiPoint"",""coordinates"":[]}"
30_3_13,629.4782801169405,33,4.0,2015,"{""type"":""MultiPoint"",""coordinates"":[]}"
30_3_14,163.93872073706314,68,4.0,2015,"{""type"":""MultiPoint"",""coordinates"":[]}"
30_4_0,95348.43749692563,3,5.0,2015,"{""type"":""MultiPoint"",""coordinates"":[]}"
30_4_1,10212.890773798385,6,5.0,2015,"{""type"":""MultiPoint"",""coordinates"":[]}"
30_4_2,966.2822607847872,11,5.0,2015,"{""type"":""MultiPoint"",""coordinates"":[]}"
30_4_3,45.83261152288754,13,5.0,2015,"{""type"":""MultiPoint"",""coordinates"":[]}"
30_4_4,4.005861683105486,15,5.0,2015,"{""type"":""MultiPoint"",""coordinates"":[]}"
30_4_5,405.0260393192141,18,5.0,2015,"{""type"":""MultiPoint"",""coordinates"":[]}"
30_4_6,61.62914408380124,21,5.0,2015,"{""type"":""MultiPoint"",""coordinates"":[]}"
30_4_7,33.74987610693357,23,5.0,2015,"{""type"":""MultiPoint"",""coordinates"":[]}"
30_4_8,5.484735348632799,24,5.0,2015,"{""type"":""MultiPoint"",""coordinates"":[]}"
30_4_9,1.4169997706298831,25,5.0,2015,"{""type"":""MultiPoint"",""coordinates"":[]}"
30_4_10,0.13822431262207047,30,5.0,2015,"{""type"":""MultiPoint"",""coordinates"":[]}"
30_4_11,0.032101520080566395,31,5.0,2015,"{""type"":""MultiPoint"",""coordinates"":[]}"
30_4_12,1569.5656182266407,33,5.0,2015,"{""type"":""MultiPoint"",""coordinates"":[]}"
30_4_13,0.22695114282226572,68,5.0,2015,"{""type"":""MultiPoint"",""coordinates"":[]}"
30_5_0,49075.34815228225,3,6.0,2015,"{""type"":""MultiPoint"",""coordinates"":[]}"
30_5_1,2371.222469589447,6,6.0,2015,"{""type"":""MultiPoint"",""coordinates"":[]}"
30_5_2,89.2074984251704,11,6.0,2015,"{""type"":""MultiPoint"",""coordinates"":[]}"
30_5_3,443.79769124138505,13,6.0,2015,"{""type"":""MultiPoint"",""coordinates"":[]}"
30_5_4,54.16152669689992,15,6.0,2015,"{""type"":""MultiPoint"",""coordinates"":[]}"
30_5_5,530.9262237672167,18,6.0,2015,"{""type"":""MultiPoint"",""coordinates"":[]}"
30_5_6,126.16602169281039,21,6.0,2015,"{""type"":""MultiPoint"",""coordinates"":[]}"
30_5_7,0.34590292614746093,23,6.0,2015,"{""type"":""MultiPoint"",""coordinates"":[]}"
30_5_8,1.613315077331544,24,6.0,2015,"{""type"":""MultiPoint"",""coordinates"":[]}"
30_5_9,4.738132938354494,25,6.0,2015,"{""type"":""MultiPoint"",""coordinates"":[]}"
30_5_10,1.45326236291504,29,6.0,2015,"{""type"":""MultiPoint"",""coordinates"":[]}"
30_5_11,0.27619470050048833,30,6.0,2015,"{""type"":""MultiPoint"",""coordinates"":[]}"
30_5_12,425.67780414550555,33,6.0,2015,"{""type"":""MultiPoint"",""coordinates"":[]}"
30_5_13,2.57664180841064,68,6.0,2015,"{""type"":""MultiPoint"",""coordinates"":[]}"
30_6_0,17356.739984392094,3,7.0,2015,"{""type"":""MultiPoint"",""coordinates"":[]}"
30_6_1,1810.1858043454972,6,7.0,2015,"{""type"":""MultiPoint"",""coordinates"":[]}"
30_6_2,0.23956948248290985,9,7.0,2015,"{""type"":""MultiPoint"",""coordinates"":[]}"
30_6_3,77.2140701474446,11,7.0,2015,"{""type"":""MultiPoint"",""coordinates"":[]}"
30_6_4,69.96930469915836,13,7.0,2015,"{""type"":""MultiPoint"",""coordinates"":[]}"
30_6_5,5296.050141597435,15,7.0,2015,"{""type"":""MultiPoint"",""coordinates"":[]}"
30_6_6,147.63752488927858,18,7.0,2015,"{""type"":""MultiPoint"",""coordinates"":[]}"
30_6_7,635.5595962657341,21,7.0,2015,"{""type"":""MultiPoint"",""coordinates"":[]}"
30_6_8,51.736337501282016,23,7.0,2015,"{""type"":""MultiPoint"",""coordinates"":[]}"
30_6_9,20.133824657348686,24,7.0,2015,"{""type"":""MultiPoint"",""coordinates"":[]}"
30_6_10,12.75124689764405,25,7.0,2015,"{""type"":""MultiPoint"",""coordinates"":[]}"
30_6_11,0.02413436730957031,27,7.0,2015,"{""type"":""MultiPoint"",""coordinates"":[]}"
30_6_12,1.4936409574584963,30,7.0,2015,"{""type"":""MultiPoint"",""coordinates"":[]}"
30_6_13,1.107559576477051,31,7.0,2015,"{""type"":""MultiPoint"",""coordinates"":[]}"
30_6_14,340.1420406910981,33,7.0,2015,"{""type"":""MultiPoint"",""coordinates"":[]}"
30_6_15,0.7060683991088869,68,7.0,2015,"{""type"":""MultiPoint"",""coordinates"":[]}"
30_7_0,0.0017843005981445312,13,8.0,2015,"{""type"":""MultiPoint"",""coordinates"":[]}"
30_8_0,2351.7677038532074,3,9.0,2015,"{""type"":""MultiPoint"",""coordinates"":[]}"
30_8_1,21.73475197796659,11,9.0,2015,"{""type"":""MultiPoint"",""coordinates"":[]}"
30_8_2,158.7393283380163,13,9.0,2015,"{""type"":""MultiPoint"",""coordinates"":[]}"
30_8_3,122.44127002592671,15,9.0,2015,"{""type"":""MultiPoint"",""coordinates"":[]}"
30_8_4,37.14027110064783,18,9.0,2015,"{""type"":""MultiPoint"",""coordinates"":[]}"
30_8_5,151.53498993902795,21,9.0,2015,"{""type"":""MultiPoint"",""coordinates"":[]}"
30_8_6,2.9401709205322315,23,9.0,2015,"{""type"":""MultiPoint"",""coordinates"":[]}"
30_8_7,0.6918568890380853,24,9.0,2015,"{""type"":""MultiPoint"",""coordinates"":[]}"
30_8_8,0.9171627676391592,25,9.0,2015,"{""type"":""MultiPoint"",""coordinates"":[]}"
30_8_9,0.8581711245117202,27,9.0,2015,"{""type"":""MultiPoint"",""coordinates"":[]}"
30_8_10,49.23339408630547,33,9.0,2015,"{""type"":""MultiPoint"",""coordinates"":[]}"
30_8_11,0.4049363412475584,68,9.0,2015,"{""type"":""MultiPoint"",""coordinates"":[]}"
30_9_0,4127.902482774313,3,10.0,2015,"{""type"":""MultiPoint"",""coordinates"":[]}"
30_9_1,7.922905735412782,6,10.0,2015,"{""type"":""MultiPoint"",""coordinates"":[]}"
30_9_2,1.2128608381347652,11,10.0,2015,"{""type"":""MultiPoint"",""coordinates"":[]}"
30_9_3,106.81157232318064,13,10.0,2015,"{""type"":""MultiPoint"",""coordinates"":[]}"
30_9_4,375.87214862777887,15,10.0,2015,"{""type"":""MultiPoint"",""coordinates"":[]}"
30_9_5,1.0439135061035147,18,10.0,2015,"{""type"":""MultiPoint"",""coordinates"":[]}"
30_9_6,283.900828675285,21,10.0,2015,"{""type"":""MultiPoint"",""coordinates"":[]}"
30_9_7,6.538336429443317,23,10.0,2015,"{""type"":""MultiPoint"",""coordinates"":[]}"
30_9_8,0.500472958679199,24,10.0,2015,"{""type"":""MultiPoint"",""coordinates"":[]}"
30_9_9,1.8928959415893547,25,10.0,2015,"{""type"":""MultiPoint"",""coordinates"":[]}"
30_9_10,0.10367873492431644,30,10.0,2015,"{""type"":""MultiPoint"",""coordinates"":[]}"
30_9_11,21.643104832641814,33,10.0,2015,"{""type"":""MultiPoint"",""coordinates"":[]}"
30_9_12,0.25202243035888655,68,10.0,2015,"{""type"":""MultiPoint"",""coordinates"":[]}"
30_10_0,26936.161678249453,3,11.0,2015,"{""type"":""MultiPoint"",""coordinates"":[]}"
30_10_1,7619.519968573257,6,11.0,2015,"{""type"":""MultiPoint"",""coordinates"":[]}"
30_10_2,0.10518412194824218,9,11.0,2015,"{""type"":""MultiPoint"",""coordinates"":[]}"
30_10_3,2116.3042743552774,11,11.0,2015,"{""type"":""MultiPoint"",""coordinates"":[]}"
30_10_4,3775.198819429353,12,11.0,2015,"{""type"":""MultiPoint"",""coordinates"":[]}"
30_10_5,187.78790986108112,13,11.0,2015,"{""type"":""MultiPoint"",""coordinates"":[]}"
30_10_6,563.4630270777004,15,11.0,2015,"{""type"":""MultiPoint"",""coordinates"":[]}"
30_10_7,148.56979559405562,18,11.0,2015,"{""type"":""MultiPoint"",""coordinates"":[]}"
30_10_8,381.6761536511231,21,11.0,2015,"{""type"":""MultiPoint"",""coordinates"":[]}"
30_10_9,21.55400789398199,23,11.0,2015,"{""type"":""MultiPoint"",""coordinates"":[]}"
30_10_10,0.32984578527832037,24,11.0,2015,"{""type"":""MultiPoint"",""coordinates"":[]}"
30_10_11,31.849717201477326,25,11.0,2015,"{""type"":""MultiPoint"",""coordinates"":[]}"
30_10_12,8.916176147460938E-4,27,11.0,2015,"{""type"":""MultiPoint"",""coordinates"":[]}"
30_10_13,18.317949922729564,29,11.0,2015,"{""type"":""MultiPoint"",""coordinates"":[]}"
30_10_14,0.112310759765625,30,11.0,2015,"{""type"":""MultiPoint"",""coordinates"":[]}"
30_10_15,666.1732716749302,33,11.0,2015,"{""type"":""MultiPoint"",""coordinates"":[]}"
30_10_16,173.32354159167372,68,11.0,2015,"{""type"":""MultiPoint"",""coordinates"":[]}"
30_11_0,44647.329393590546,3,12.0,2015,"{""type"":""MultiPoint"",""coordinates"":[]}"
30_11_1,4481.163819933806,6,12.0,2015,"{""type"":""MultiPoint"",""coordinates"":[]}"
30_11_2,102.33680646972559,11,12.0,2015,"{""type"":""MultiPoint"",""coordinates"":[]}"
30_11_3,480.22786574584217,12,12.0,2015,"{""type"":""MultiPoint"",""coordinates"":[]}"
30_11_4,478.30575509080984,13,12.0,2015,"{""type"":""MultiPoint"",""coordinates"":[]}"
30_11_5,4062.270814717395,15,12.0,2015,"{""type"":""MultiPoint"",""coordinates"":[]}"
30_11_6,36.02511068310551,18,12.0,2015,"{""type"":""MultiPoint"",""coordinates"":[]}"
30_11_7,757.8413191220036,21,12.0,2015,"{""type"":""MultiPoint"",""coordinates"":[]}"
30_11_8,11.516819132263187,23,12.0,2015,"{""type"":""MultiPoint"",""coordinates"":[]}"
30_11_9,6.885615263183594,24,12.0,2015,"{""type"":""MultiPoint"",""coordinates"":[]}"
30_11_10,1.3500702412719732,25,12.0,2015,"{""type"":""MultiPoint"",""coordinates"":[]}"
30_11_11,0.06519910937500002,30,12.0,2015,"{""type"":""MultiPoint"",""coordinates"":[]}"
30_11_12,382.76091168432606,33,12.0,2015,"{""type"":""MultiPoint"",""coordinates"":[]}"
30_11_13,3.0263068402710003,68,12.0,2015,"{""type"":""MultiPoint"",""coordinates"":[]}"
30_12_0,23793.930670806272,3,13.0,2015,"{""type"":""MultiPoint"",""coordinates"":[]}"
30_12_1,2735.9675891846514,6,13.0,2015,"{""type"":""MultiPoint"",""coordinates"":[]}"
30_12_2,18.29700854931641,9,13.0,2015,"{""type"":""MultiPoint"",""coordinates"":[]}"
30_12_3,411.69636329699455,11,13.0,2015,"{""type"":""MultiPoint"",""coordinates"":[]}"
30_12_4,5075.316612117263,12,13.0,2015,"{""type"":""MultiPoint"",""coordinates"":[]}"
30_12_5,980.8150547689307,13,13.0,2015,"{""type"":""MultiPoint"",""coordinates"":[]}"
30_12_6,10434.052001186225,15,13.0,2015,"{""type"":""MultiPoint"",""coordinates"":[]}"
30_12_7,282.293081203859,18,13.0,2015,"{""type"":""MultiPoint"",""coordinates"":[]}"
30_12_8,1798.7060742791236,21,13.0,2015,"{""type"":""MultiPoint"",""coordinates"":[]}"
30_12_9,114.1225917713621,23,13.0,2015,"{""type"":""MultiPoint"",""coordinates"":[]}"
30_12_10,11.228589007019043,24,13.0,2015,"{""type"":""MultiPoint"",""coordinates"":[]}"
30_12_11,30.782973624816837,25,13.0,2015,"{""type"":""MultiPoint"",""coordinates"":[]}"
30_12_12,0.12585683782958987,30,13.0,2015,"{""type"":""MultiPoint"",""coordinates"":[]}"
30_12_13,0.4319150109863293,31,13.0,2015,"{""type"":""MultiPoint"",""coordinates"":[]}"
30_12_14,317.81000273705916,33,13.0,2015,"{""type"":""MultiPoint"",""coordinates"":[]}"
30_12_15,422.7297027539757,35,13.0,2015,"{""type"":""MultiPoint"",""coordinates"":[]}"
30_12_16,2.901162370361328,68,13.0,2015,"{""type"":""MultiPoint"",""coordinates"":[]}"
31_0_0,0.0017839960327148438,13,1.0,2016,"{""type"":""MultiPoint"",""coordinates"":[]}"
31_1_0,0.001783488037109375,13,2.0,2016,"{""type"":""MultiPoint"",""coordinates"":[]}"
31_2_0,62373.943340055725,3,3.0,2016,"{""type"":""MultiPoint"",""coordinates"":[]}"
31_2_1,5492.3492942224275,6,3.0,2016,"{""type"":""MultiPoint"",""coordinates"":[]}"
31_2_2,2.531786594116203,9,3.0,2016,"{""type"":""MultiPoint"",""coordinates"":[]}"
31_2_3,110.84361778179988,11,3.0,2016,"{""type"":""MultiPoint"",""coordinates"":[]}"
31_2_4,1544.064262391564,12,3.0,2016,"{""type"":""MultiPoint"",""coordinates"":[]}"
31_2_5,1724.4458007065555,13,3.0,2016,"{""type"":""MultiPoint"",""coordinates"":[]}"
31_2_6,18041.84719476441,15,3.0,2016,"{""type"":""MultiPoint"",""coordinates"":[]}"
31_2_7,33.27749372021483,18,3.0,2016,"{""type"":""MultiPoint"",""coordinates"":[]}"
31_2_8,2611.913257476446,21,3.0,2016,"{""type"":""MultiPoint"",""coordinates"":[]}"
31_2_9,82.46308861822516,23,3.0,2016,"{""type"":""MultiPoint"",""coordinates"":[]}"
31_2_10,22.915499357239185,24,3.0,2016,"{""type"":""MultiPoint"",""coordinates"":[]}"
31_2_11,43.45789603155514,25,3.0,2016,"{""type"":""MultiPoint"",""coordinates"":[]}"
31_2_12,0.550551935913085,30,3.0,2016,"{""type"":""MultiPoint"",""coordinates"":[]}"
31_2_13,0.15102802966308598,31,3.0,2016,"{""type"":""MultiPoint"",""coordinates"":[]}"
31_2_14,750.3752693228097,33,3.0,2016,"{""type"":""MultiPoint"",""coordinates"":[]}"
31_2_15,0.10001454327392574,68,3.0,2016,"{""type"":""MultiPoint"",""coordinates"":[]}"
31_3_0,57572.646037450075,3,4.0,2016,"{""type"":""MultiPoint"",""coordinates"":[]}"
31_3_1,9028.151972695385,6,4.0,2016,"{""type"":""MultiPoint"",""coordinates"":[]}"
31_3_2,650.697318541565,11,4.0,2016,"{""type"":""MultiPoint"",""coordinates"":[]}"
31_3_3,1944.427861554938,12,4.0,2016,"{""type"":""MultiPoint"",""coordinates"":[]}"
31_3_4,82.44728054473953,13,4.0,2016,"{""type"":""MultiPoint"",""coordinates"":[]}"
31_3_5,53.18044966076545,15,4.0,2016,"{""type"":""MultiPoint"",""coordinates"":[]}"
31_3_6,270.41773098663094,18,4.0,2016,"{""type"":""MultiPoint"",""coordinates"":[]}"
31_3_7,101.54318086584456,21,4.0,2016,"{""type"":""MultiPoint"",""coordinates"":[]}"
31_3_8,7.099254088928225,23,4.0,2016,"{""type"":""MultiPoint"",""coordinates"":[]}"
31_3_9,6.811638866760257,24,4.0,2016,"{""type"":""MultiPoint"",""coordinates"":[]}"
31_3_10,14.960339068237317,25,4.0,2016,"{""type"":""MultiPoint"",""coordinates"":[]}"
31_3_11,52.16011610052431,29,4.0,2016,"{""type"":""MultiPoint"",""coordinates"":[]}"
31_3_12,0.41900374902343734,30,4.0,2016,"{""type"":""MultiPoint"",""coordinates"":[]}"
31_3_13,635.2333995651828,33,4.0,2016,"{""type"":""MultiPoint"",""coordinates"":[]}"
31_3_14,240.46220366001992,68,4.0,2016,"{""type"":""MultiPoint"",""coordinates"":[]}"
31_4_0,95352.31704621686,3,5.0,2016,"{""type"":""MultiPoint"",""coordinates"":[]}"
31_4_1,10206.09906886208,6,5.0,2016,"{""type"":""MultiPoint"",""coordinates"":[]}"
31_4_2,962.8023013318357,11,5.0,2016,"{""type"":""MultiPoint"",""coordinates"":[]}"
31_4_3,45.20222355242867,13,5.0,2016,"{""type"":""MultiPoint"",""coordinates"":[]}"
31_4_4,4.61461595397952,15,5.0,2016,"{""type"":""MultiPoint"",""coordinates"":[]}"
31_4_5,408.1103407265634,18,5.0,2016,"{""type"":""MultiPoint"",""coordinates"":[]}"
31_4_6,56.772582168517864,21,5.0,2016,"{""type"":""MultiPoint"",""coordinates"":[]}"
31_4_7,27.484499576354995,23,5.0,2016,"{""type"":""MultiPoint"",""coordinates"":[]}"
31_4_8,5.741759835021959,24,5.0,2016,"{""type"":""MultiPoint"",""coordinates"":[]}"
31_4_9,1.3232473765869144,25,5.0,2016,"{""type"":""MultiPoint"",""coordinates"":[]}"
31_4_10,0.16765295806884786,30,5.0,2016,"{""type"":""MultiPoint"",""coordinates"":[]}"
31_4_11,0.027642939453124994,31,5.0,2016,"{""type"":""MultiPoint"",""coordinates"":[]}"
31_4_12,1582.1475798715371,33,5.0,2016,"{""type"":""MultiPoint"",""coordinates"":[]}"
31_4_13,1.9081331770019507,68,5.0,2016,"{""type"":""MultiPoint"",""coordinates"":[]}"
31_5_0,49079.59161019545,3,6.0,2016,"{""type"":""MultiPoint"",""coordinates"":[]}"
31_5_1,2359.6439241494613,6,6.0,2016,"{""type"":""MultiPoint"",""coordinates"":[]}"
31_5_2,90.85040635070769,11,6.0,2016,"{""type"":""MultiPoint"",""coordinates"":[]}"
31_5_3,447.6068893128568,13,6.0,2016,"{""type"":""MultiPoint"",""coordinates"":[]}"
31_5_4,53.48852587353582,15,6.0,2016,"{""type"":""MultiPoint"",""coordinates"":[]}"
31_5_5,528.7450154724164,18,6.0,2016,"{""type"":""MultiPoint"",""coordinates"":[]}"
31_5_6,126.88908350036651,21,6.0,2016,"{""type"":""MultiPoint"",""coordinates"":[]}"
31_5_7,2.585819167968749,23,6.0,2016,"{""type"":""MultiPoint"",""coordinates"":[]}"
31_5_8,1.748293863342286,24,6.0,2016,"{""type"":""MultiPoint"",""coordinates"":[]}"
31_5_9,6.336142381652832,25,6.0,2016,"{""type"":""MultiPoint"",""coordinates"":[]}"
31_5_10,1.5596168811645523,29,6.0,2016,"{""type"":""MultiPoint"",""coordinates"":[]}"
31_5_11,0.301224135986328,30,6.0,2016,"{""type"":""MultiPoint"",""coordinates"":[]}"
31_5_12,427.41437211651413,33,6.0,2016,"{""type"":""MultiPoint"",""coordinates"":[]}"
31_5_13,0.7499142528686511,68,6.0,2016,"{""type"":""MultiPoint"",""coordinates"":[]}"
31_6_0,17436.340488057846,3,7.0,2016,"{""type"":""MultiPoint"",""coordinates"":[]}"
31_6_1,1782.0604859404161,6,7.0,2016,"{""type"":""MultiPoint"",""coordinates"":[]}"
31_6_2,0.34594606958007773,9,7.0,2016,"{""type"":""MultiPoint"",""coordinates"":[]}"
31_6_3,78.1401671196134,11,7.0,2016,"{""type"":""MultiPoint"",""coordinates"":[]}"
31_6_4,68.56316671893379,13,7.0,2016,"{""type"":""MultiPoint"",""coordinates"":[]}"
31_6_5,5356.554784662193,15,7.0,2016,"{""type"":""MultiPoint"",""coordinates"":[]}"
31_6_6,141.79891112450872,18,7.0,2016,"{""type"":""MultiPoint"",""coordinates"":[]}"
31_6_7,532.179073389446,21,7.0,2016,"{""type"":""MultiPoint"",""coordinates"":[]}"
31_6_8,57.66886856445338,23,7.0,2016,"{""type"":""MultiPoint"",""coordinates"":[]}"
31_6_9,20.847155374878025,24,7.0,2016,"{""type"":""MultiPoint"",""coordinates"":[]}"
31_6_10,12.661835080566394,25,7.0,2016,"{""type"":""MultiPoint"",""coordinates"":[]}"
31_6_11,0.02413436730957031,27,7.0,2016,"{""type"":""MultiPoint"",""coordinates"":[]}"
31_6_12,1.5615659995117188,30,7.0,2016,"{""type"":""MultiPoint"",""coordinates"":[]}"
31_6_13,1.210360227600098,31,7.0,2016,"{""type"":""MultiPoint"",""coordinates"":[]}"
31_6_14,330.86160075018034,33,7.0,2016,"{""type"":""MultiPoint"",""coordinates"":[]}"
31_6_15,0.8723054193725585,68,7.0,2016,"{""type"":""MultiPoint"",""coordinates"":[]}"
31_7_0,0.0017843005981445312,13,8.0,2016,"{""type"":""MultiPoint"",""coordinates"":[]}"
31_8_0,2368.858248515187,3,9.0,2016,"{""type"":""MultiPoint"",""coordinates"":[]}"
31_8_1,21.57743451104783,11,9.0,2016,"{""type"":""MultiPoint"",""coordinates"":[]}"
31_8_2,161.51482951538512,13,9.0,2016,"{""type"":""MultiPoint"",""coordinates"":[]}"
31_8_3,120.83396779875818,15,9.0,2016,"{""type"":""MultiPoint"",""coordinates"":[]}"
31_8_4,34.35609744580141,18,9.0,2016,"{""type"":""MultiPoint"",""coordinates"":[]}"
31_8_5,136.1104785736702,21,9.0,2016,"{""type"":""MultiPoint"",""coordinates"":[]}"
31_8_6,2.4172164425048845,23,9.0,2016,"{""type"":""MultiPoint"",""coordinates"":[]}"
31_8_7,0.7043709741210932,24,9.0,2016,"{""type"":""MultiPoint"",""coordinates"":[]}"
31_8_8,0.9278829311523438,25,9.0,2016,"{""type"":""MultiPoint"",""coordinates"":[]}"
31_8_9,0.8581711245117202,27,9.0,2016,"{""type"":""MultiPoint"",""coordinates"":[]}"
31_8_10,49.550754675660755,33,9.0,2016,"{""type"":""MultiPoint"",""coordinates"":[]}"
31_8_11,0.6945548562011716,68,9.0,2016,"{""type"":""MultiPoint"",""coordinates"":[]}"
31_9_0,4135.724561032904,3,10.0,2016,"{""type"":""MultiPoint"",""coordinates"":[]}"
31_9_1,7.672634492370786,6,10.0,2016,"{""type"":""MultiPoint"",""coordinates"":[]}"
31_9_2,1.3424720340576173,11,10.0,2016,"{""type"":""MultiPoint"",""coordinates"":[]}"
31_9_3,106.67048996972576,13,10.0,2016,"{""type"":""MultiPoint"",""coordinates"":[]}"
31_9_4,372.4380419694718,15,10.0,2016,"{""type"":""MultiPoint"",""coordinates"":[]}"
31_9_5,1.040032522583007,18,10.0,2016,"{""type"":""MultiPoint"",""coordinates"":[]}"
31_9_6,280.3381075405848,21,10.0,2016,"{""type"":""MultiPoint"",""coordinates"":[]}"
31_9_7,4.855261977050787,23,10.0,2016,"{""type"":""MultiPoint"",""coordinates"":[]}"
31_9_8,0.5049417158813476,24,10.0,2016,"{""type"":""MultiPoint"",""coordinates"":[]}"
31_9_9,1.9259162047119127,25,10.0,2016,"{""type"":""MultiPoint"",""coordinates"":[]}"
31_9_10,0.10546744775390632,30,10.0,2016,"{""type"":""MultiPoint"",""coordinates"":[]}"
31_9_11,22.565518851135387,33,10.0,2016,"{""type"":""MultiPoint"",""coordinates"":[]}"
31_9_12,0.413778049560547,68,10.0,2016,"{""type"":""MultiPoint"",""coordinates"":[]}"
31_10_0,27028.510679031322,3,11.0,2016,"{""type"":""MultiPoint"",""coordinates"":[]}"
31_10_1,7628.2141052030465,6,11.0,2016,"{""type"":""MultiPoint"",""coordinates"":[]}"
31_10_2,5.427913684570329,9,11.0,2016,"{""type"":""MultiPoint"",""coordinates"":[]}"
31_10_3,2068.5161875346985,11,11.0,2016,"{""type"":""MultiPoint"",""coordinates"":[]}"
31_10_4,3784.800822768889,12,11.0,2016,"{""type"":""MultiPoint"",""coordinates"":[]}"
31_10_5,180.043556509883,13,11.0,2016,"{""type"":""MultiPoint"",""coordinates"":[]}"
31_10_6,548.2608179639918,15,11.0,2016,"{""type"":""MultiPoint"",""coordinates"":[]}"
31_10_7,152.74652255896083,18,11.0,2016,"{""type"":""MultiPoint"",""coordinates"":[]}"
31_10_8,355.5869947270505,21,11.0,2016,"{""type"":""MultiPoint"",""coordinates"":[]}"
31_10_9,20.164846652221712,23,11.0,2016,"{""type"":""MultiPoint"",""coordinates"":[]}"
31_10_10,0.33162811456298835,24,11.0,2016,"{""type"":""MultiPoint"",""coordinates"":[]}"
31_10_11,22.02615048205569,25,11.0,2016,"{""type"":""MultiPoint"",""coordinates"":[]}"
31_10_12,8.916176147460938E-4,27,11.0,2016,"{""type"":""MultiPoint"",""coordinates"":[]}"
31_10_13,15.097880534057563,29,11.0,2016,"{""type"":""MultiPoint"",""coordinates"":[]}"
31_10_14,0.14083361090087892,30,11.0,2016,"{""type"":""MultiPoint"",""coordinates"":[]}"
31_10_15,668.7423170014662,33,11.0,2016,"{""type"":""MultiPoint"",""coordinates"":[]}"
31_10_16,161.83619936529405,68,11.0,2016,"{""type"":""MultiPoint"",""coordinates"":[]}"
31_11_0,44385.86577419338,3,12.0,2016,"{""type"":""MultiPoint"",""coordinates"":[]}"
31_11_1,4521.191003547865,6,12.0,2016,"{""type"":""MultiPoint"",""coordinates"":[]}"
31_11_2,104.52687134680026,11,12.0,2016,"{""type"":""MultiPoint"",""coordinates"":[]}"
31_11_3,479.28297479168515,12,12.0,2016,"{""type"":""MultiPoint"",""coordinates"":[]}"
31_11_4,473.19055748241504,13,12.0,2016,"{""type"":""MultiPoint"",""coordinates"":[]}"
31_11_5,3985.9811646397584,15,12.0,2016,"{""type"":""MultiPoint"",""coordinates"":[]}"
31_11_6,38.67320129278556,18,12.0,2016,"{""type"":""MultiPoint"",""coordinates"":[]}"
31_11_7,1059.026691215259,21,12.0,2016,"{""type"":""MultiPoint"",""coordinates"":[]}"
31_11_8,3.72846498187256,23,12.0,2016,"{""type"":""MultiPoint"",""coordinates"":[]}"
31_11_9,7.09108442114257,24,12.0,2016,"{""type"":""MultiPoint"",""coordinates"":[]}"
31_11_10,1.6556342244262694,25,12.0,2016,"{""type"":""MultiPoint"",""coordinates"":[]}"
31_11_11,0.05716085070800774,30,12.0,2016,"{""type"":""MultiPoint"",""coordinates"":[]}"
31_11_12,389.652403442261,33,12.0,2016,"{""type"":""MultiPoint"",""coordinates"":[]}"
31_11_13,1.1828211929931656,68,12.0,2016,"{""type"":""MultiPoint"",""coordinates"":[]}"
31_12_0,23741.525940751544,3,13.0,2016,"{""type"":""MultiPoint"",""coordinates"":[]}"
31_12_1,2746.1209351823786,6,13.0,2016,"{""type"":""MultiPoint"",""coordinates"":[]}"
31_12_2,21.067201683349616,9,13.0,2016,"{""type"":""MultiPoint"",""coordinates"":[]}"
31_12_3,395.78116107806454,11,13.0,2016,"{""type"":""MultiPoint"",""coordinates"":[]}"
31_12_4,5097.901824466253,12,13.0,2016,"{""type"":""MultiPoint"",""coordinates"":[]}"
31_12_5,970.1564531781929,13,13.0,2016,"{""type"":""MultiPoint"",""coordinates"":[]}"
31_12_6,10298.649244764238,15,13.0,2016,"{""type"":""MultiPoint"",""coordinates"":[]}"
31_12_7,387.1443890168506,18,13.0,2016,"{""type"":""MultiPoint"",""coordinates"":[]}"
31_12_8,1850.803731308057,21,13.0,2016,"{""type"":""MultiPoint"",""coordinates"":[]}"
31_12_9,81.18185544207772,23,13.0,2016,"{""type"":""MultiPoint"",""coordinates"":[]}"
31_12_10,11.463344301635741,24,13.0,2016,"{""type"":""MultiPoint"",""coordinates"":[]}"
31_12_11,26.853362641052154,25,13.0,2016,"{""type"":""MultiPoint"",""coordinates"":[]}"
31_12_12,0.146377440612793,30,13.0,2016,"{""type"":""MultiPoint"",""coordinates"":[]}"
31_12_13,0.6657224820556642,31,13.0,2016,"{""type"":""MultiPoint"",""coordinates"":[]}"
31_12_14,359.08065149188053,33,13.0,2016,"{""type"":""MultiPoint"",""coordinates"":[]}"
31_12_15,439.08056737488704,35,13.0,2016,"{""type"":""MultiPoint"",""coordinates"":[]}"
31_12_16,3.584486903686525,68,13.0,2016,"{""type"":""MultiPoint"",""coordinates"":[]}"
32_0_0,0.0017839960327148438,13,1.0,2017,"{""type"":""MultiPoint"",""coordinates"":[]}"
32_1_0,0.001783488037109375,13,2.0,2017,"{""type"":""MultiPoint"",""coordinates"":[]}"
32_2_0,61875.59936792624,3,3.0,2017,"{""type"":""MultiPoint"",""coordinates"":[]}"
32_2_1,5490.672882835592,6,3.0,2017,"{""type"":""MultiPoint"",""coordinates"":[]}"
32_2_2,2.5210611644897396,9,3.0,2017,"{""type"":""MultiPoint"",""coordinates"":[]}"
32_2_3,116.93509160485938,11,3.0,2017,"{""type"":""MultiPoint"",""coordinates"":[]}"
32_2_4,1537.7220765074283,12,3.0,2017,"{""type"":""MultiPoint"",""coordinates"":[]}"
32_2_5,1715.2933451414067,13,3.0,2017,"{""type"":""MultiPoint"",""coordinates"":[]}"
32_2_6,18447.650494990758,15,3.0,2017,"{""type"":""MultiPoint"",""coordinates"":[]}"
32_2_7,36.07277410784916,18,3.0,2017,"{""type"":""MultiPoint"",""coordinates"":[]}"
32_2_8,2733.3550308509007,21,3.0,2017,"{""type"":""MultiPoint"",""coordinates"":[]}"
32_2_9,88.35655211456323,23,3.0,2017,"{""type"":""MultiPoint"",""coordinates"":[]}"
32_2_10,23.321219921936336,24,3.0,2017,"{""type"":""MultiPoint"",""coordinates"":[]}"
32_2_11,26.767538525085474,25,3.0,2017,"{""type"":""MultiPoint"",""coordinates"":[]}"
32_2_12,0.6533378738403313,30,3.0,2017,"{""type"":""MultiPoint"",""coordinates"":[]}"
32_2_13,0.11617537548828107,31,3.0,2017,"{""type"":""MultiPoint"",""coordinates"":[]}"
32_2_14,740.1326166669263,33,3.0,2017,"{""type"":""MultiPoint"",""coordinates"":[]}"
32_2_15,0.05982994531250004,68,3.0,2017,"{""type"":""MultiPoint"",""coordinates"":[]}"
32_3_0,57578.08197682945,3,4.0,2017,"{""type"":""MultiPoint"",""coordinates"":[]}"
32_3_1,9036.753461371773,6,4.0,2017,"{""type"":""MultiPoint"",""coordinates"":[]}"
32_3_2,591.2573369893834,11,4.0,2017,"{""type"":""MultiPoint"",""coordinates"":[]}"
32_3_3,1948.6094001428971,12,4.0,2017,"{""type"":""MultiPoint"",""coordinates"":[]}"
32_3_4,79.75918664764475,13,4.0,2017,"{""type"":""MultiPoint"",""coordinates"":[]}"
32_3_5,53.59480340814104,15,4.0,2017,"{""type"":""MultiPoint"",""coordinates"":[]}"
32_3_6,268.457693815733,18,4.0,2017,"{""type"":""MultiPoint"",""coordinates"":[]}"
32_3_7,101.68827099566654,21,4.0,2017,"{""type"":""MultiPoint"",""coordinates"":[]}"
32_3_8,19.7432633887329,23,4.0,2017,"{""type"":""MultiPoint"",""coordinates"":[]}"
32_3_9,6.992741118652344,24,4.0,2017,"{""type"":""MultiPoint"",""coordinates"":[]}"
32_3_10,16.15168444238282,25,4.0,2017,"{""type"":""MultiPoint"",""coordinates"":[]}"
32_3_11,50.419044631652085,29,4.0,2017,"{""type"":""MultiPoint"",""coordinates"":[]}"
32_3_12,0.46814230224609343,30,4.0,2017,"{""type"":""MultiPoint"",""coordinates"":[]}"
32_3_13,621.0539640647552,33,4.0,2017,"{""type"":""MultiPoint"",""coordinates"":[]}"
32_3_14,287.62681724943536,68,4.0,2017,"{""type"":""MultiPoint"",""coordinates"":[]}"
32_4_0,95323.24482403154,3,5.0,2017,"{""type"":""MultiPoint"",""coordinates"":[]}"
32_4_1,10201.92863479576,6,5.0,2017,"{""type"":""MultiPoint"",""coordinates"":[]}"
32_4_2,976.627349586727,11,5.0,2017,"{""type"":""MultiPoint"",""coordinates"":[]}"
32_4_3,47.66142002880812,13,5.0,2017,"{""type"":""MultiPoint"",""coordinates"":[]}"
32_4_4,3.741997612548839,15,5.0,2017,"{""type"":""MultiPoint"",""coordinates"":[]}"
32_4_5,420.3937066464241,18,5.0,2017,"{""type"":""MultiPoint"",""coordinates"":[]}"
32_4_6,62.11288274792486,21,5.0,2017,"{""type"":""MultiPoint"",""coordinates"":[]}"
32_4_7,38.01184911303712,23,5.0,2017,"{""type"":""MultiPoint"",""coordinates"":[]}"
32_4_8,5.906738794677727,24,5.0,2017,"{""type"":""MultiPoint"",""coordinates"":[]}"
32_4_9,1.6924108782958993,25,5.0,2017,"{""type"":""MultiPoint"",""coordinates"":[]}"
32_4_10,0.17657058758544944,30,5.0,2017,"{""type"":""MultiPoint"",""coordinates"":[]}"
32_4_11,0.02407613525390624,31,5.0,2017,"{""type"":""MultiPoint"",""coordinates"":[]}"
32_4_12,1571.8226745163126,33,5.0,2017,"{""type"":""MultiPoint"",""coordinates"":[]}"
32_4_13,1.3637462545776358,68,5.0,2017,"{""type"":""MultiPoint"",""coordinates"":[]}"
32_4_14,0.009812816833496094,75,5.0,2017,"{""type"":""MultiPoint"",""coordinates"":[]}"
32_5_0,49071.980016001195,3,6.0,2017,"{""type"":""MultiPoint"",""coordinates"":[]}"
32_5_1,2359.5480108136444,6,6.0,2017,"{""type"":""MultiPoint"",""coordinates"":[]}"
32_5_2,90.79690558929406,11,6.0,2017,"{""type"":""MultiPoint"",""coordinates"":[]}"
32_5_3,447.2497064757001,13,6.0,2017,"{""type"":""MultiPoint"",""coordinates"":[]}"
32_5_4,54.89176495977841,15,6.0,2017,"{""type"":""MultiPoint"",""coordinates"":[]}"
32_5_5,527.8881831041908,18,6.0,2017,"{""type"":""MultiPoint"",""coordinates"":[]}"
32_5_6,130.59828618566863,21,6.0,2017,"{""type"":""MultiPoint"",""coordinates"":[]}"
32_5_7,1.9950523563842764,23,6.0,2017,"{""type"":""MultiPoint"",""coordinates"":[]}"
32_5_8,1.8385696055908207,24,6.0,2017,"{""type"":""MultiPoint"",""coordinates"":[]}"
32_5_9,10.655423663574181,25,6.0,2017,"{""type"":""MultiPoint"",""coordinates"":[]}"
32_5_10,1.5202910618286145,29,6.0,2017,"{""type"":""MultiPoint"",""coordinates"":[]}"
32_5_11,0.3012247457275391,30,6.0,2017,"{""type"":""MultiPoint"",""coordinates"":[]}"
32_5_12,426.7205786359232,33,6.0,2017,"{""type"":""MultiPoint"",""coordinates"":[]}"
32_5_13,1.5268244558715796,68,6.0,2017,"{""type"":""MultiPoint"",""coordinates"":[]}"
32_6_0,17421.688285264754,3,7.0,2017,"{""type"":""MultiPoint"",""coordinates"":[]}"
32_6_1,1793.8280638945128,6,7.0,2017,"{""type"":""MultiPoint"",""coordinates"":[]}"
32_6_2,0.43623421295165965,9,7.0,2017,"{""type"":""MultiPoint"",""coordinates"":[]}"
32_6_3,80.36885410807761,11,7.0,2017,"{""type"":""MultiPoint"",""coordinates"":[]}"
32_6_4,69.35862248657287,13,7.0,2017,"{""type"":""MultiPoint"",""coordinates"":[]}"
32_6_5,5343.965883525337,15,7.0,2017,"{""type"":""MultiPoint"",""coordinates"":[]}"
32_6_6,173.92608910418355,18,7.0,2017,"{""type"":""MultiPoint"",""coordinates"":[]}"
32_6_7,505.11472436777825,21,7.0,2017,"{""type"":""MultiPoint"",""coordinates"":[]}"
32_6_8,48.46857223809832,23,7.0,2017,"{""type"":""MultiPoint"",""coordinates"":[]}"
32_6_9,22.087866623535213,24,7.0,2017,"{""type"":""MultiPoint"",""coordinates"":[]}"
32_6_10,18.17468583325194,25,7.0,2017,"{""type"":""MultiPoint"",""coordinates"":[]}"
32_6_11,0.02413436730957031,27,7.0,2017,"{""type"":""MultiPoint"",""coordinates"":[]}"
32_6_12,1.6026777274169917,30,7.0,2017,"{""type"":""MultiPoint"",""coordinates"":[]}"
32_6_13,1.3274628046264663,31,7.0,2017,"{""type"":""MultiPoint"",""coordinates"":[]}"
32_6_14,340.1996944506202,33,7.0,2017,"{""type"":""MultiPoint"",""coordinates"":[]}"
32_6_15,1.1189978571166992,68,7.0,2017,"{""type"":""MultiPoint"",""coordinates"":[]}"
32_7_0,0.0017843005981445312,13,8.0,2017,"{""type"":""MultiPoint"",""coordinates"":[]}"
32_8_0,2378.390354294789,3,9.0,2017,"{""type"":""MultiPoint"",""coordinates"":[]}"
32_8_1,21.547043459289906,11,9.0,2017,"{""type"":""MultiPoint"",""coordinates"":[]}"
32_8_2,166.2247036144492,13,9.0,2017,"{""type"":""MultiPoint"",""coordinates"":[]}"
32_8_3,116.42949332788139,15,9.0,2017,"{""type"":""MultiPoint"",""coordinates"":[]}"
32_8_4,37.997112057494604,18,9.0,2017,"{""type"":""MultiPoint"",""coordinates"":[]}"
32_8_5,121.71390033593876,21,9.0,2017,"{""type"":""MultiPoint"",""coordinates"":[]}"
32_8_6,2.9553712090454125,23,9.0,2017,"{""type"":""MultiPoint"",""coordinates"":[]}"
32_8_7,0.716885890808105,24,9.0,2017,"{""type"":""MultiPoint"",""coordinates"":[]}"
32_8_8,0.7723387843627932,25,9.0,2017,"{""type"":""MultiPoint"",""coordinates"":[]}"
32_8_9,0.8581711245117202,27,9.0,2017,"{""type"":""MultiPoint"",""coordinates"":[]}"
32_8_10,49.617794806214924,33,9.0,2017,"{""type"":""MultiPoint"",""coordinates"":[]}"
32_8_11,1.1808384591674794,68,9.0,2017,"{""type"":""MultiPoint"",""coordinates"":[]}"
32_9_0,4135.47000638407,3,10.0,2017,"{""type"":""MultiPoint"",""coordinates"":[]}"
32_9_1,7.610066465271167,6,10.0,2017,"{""type"":""MultiPoint"",""coordinates"":[]}"
32_9_2,1.4479420928955102,11,10.0,2017,"{""type"":""MultiPoint"",""coordinates"":[]}"
32_9_3,106.77416450665189,13,10.0,2017,"{""type"":""MultiPoint"",""coordinates"":[]}"
32_9_4,371.09757587896866,15,10.0,2017,"{""type"":""MultiPoint"",""coordinates"":[]}"
32_9_5,1.5654945249023478,18,10.0,2017,"{""type"":""MultiPoint"",""coordinates"":[]}"
32_9_6,282.06030803984885,21,10.0,2017,"{""type"":""MultiPoint"",""coordinates"":[]}"
32_9_7,5.218176088317852,23,10.0,2017,"{""type"":""MultiPoint"",""coordinates"":[]}"
32_9_8,0.5397999454345699,24,10.0,2017,"{""type"":""MultiPoint"",""coordinates"":[]}"
32_9_9,2.3620265348510743,25,10.0,2017,"{""type"":""MultiPoint"",""coordinates"":[]}"
32_9_10,0.08759101672363283,30,10.0,2017,"{""type"":""MultiPoint"",""coordinates"":[]}"
32_9_11,20.74653405798348,33,10.0,2017,"{""type"":""MultiPoint"",""coordinates"":[]}"
32_9_12,0.6175382719116211,68,10.0,2017,"{""type"":""MultiPoint"",""coordinates"":[]}"
32_10_0,27035.261258087787,3,11.0,2017,"{""type"":""MultiPoint"",""coordinates"":[]}"
32_10_1,7631.423267412508,6,11.0,2017,"{""type"":""MultiPoint"",""coordinates"":[]}"
32_10_2,5.469811522583027,9,11.0,2017,"{""type"":""MultiPoint"",""coordinates"":[]}"
32_10_3,1960.9989657254494,11,11.0,2017,"{""type"":""MultiPoint"",""coordinates"":[]}"
32_10_4,3847.892603559248,12,11.0,2017,"{""type"":""MultiPoint"",""coordinates"":[]}"
32_10_5,188.06186282842572,13,11.0,2017,"{""type"":""MultiPoint"",""coordinates"":[]}"
32_10_6,581.9789206691325,15,11.0,2017,"{""type"":""MultiPoint"",""coordinates"":[]}"
32_10_7,135.62374809283492,18,11.0,2017,"{""type"":""MultiPoint"",""coordinates"":[]}"
32_10_8,352.26095339971914,21,11.0,2017,"{""type"":""MultiPoint"",""coordinates"":[]}"
32_10_9,37.40706101568617,23,11.0,2017,"{""type"":""MultiPoint"",""coordinates"":[]}"
32_10_10,0.339650247253418,24,11.0,2017,"{""type"":""MultiPoint"",""coordinates"":[]}"
32_10_11,19.661227874633823,25,11.0,2017,"{""type"":""MultiPoint"",""coordinates"":[]}"
32_10_12,8.916176147460938E-4,27,11.0,2017,"{""type"":""MultiPoint"",""coordinates"":[]}"
32_10_13,17.752199040588334,29,11.0,2017,"{""type"":""MultiPoint"",""coordinates"":[]}"
32_10_14,0.15153086968994145,30,11.0,2017,"{""type"":""MultiPoint"",""coordinates"":[]}"
32_10_15,654.0382673786652,33,11.0,2017,"{""type"":""MultiPoint"",""coordinates"":[]}"
32_10_16,172.1261280187364,68,11.0,2017,"{""type"":""MultiPoint"",""coordinates"":[]}"
32_11_0,44110.40350602486,3,12.0,2017,"{""type"":""MultiPoint"",""coordinates"":[]}"
32_11_1,4541.4463372847395,6,12.0,2017,"{""type"":""MultiPoint"",""coordinates"":[]}"
32_11_2,102.33981675500385,11,12.0,2017,"{""type"":""MultiPoint"",""coordinates"":[]}"
32_11_3,478.0916127757519,12,12.0,2017,"{""type"":""MultiPoint"",""coordinates"":[]}"
32_11_4,460.88569973461165,13,12.0,2017,"{""type"":""MultiPoint"",""coordinates"":[]}"
32_11_5,4118.787479852984,15,12.0,2017,"{""type"":""MultiPoint"",""coordinates"":[]}"
32_11_6,40.213345034789796,18,12.0,2017,"{""type"":""MultiPoint"",""coordinates"":[]}"
32_11_7,1193.2435425408219,21,12.0,2017,"{""type"":""MultiPoint"",""coordinates"":[]}"
32_11_8,6.38823276312255,23,12.0,2017,"{""type"":""MultiPoint"",""coordinates"":[]}"
32_11_9,7.189334725952137,24,12.0,2017,"{""type"":""MultiPoint"",""coordinates"":[]}"
32_11_10,3.764573580444335,25,12.0,2017,"{""type"":""MultiPoint"",""coordinates"":[]}"
32_11_11,0.07323819940185539,30,12.0,2017,"{""type"":""MultiPoint"",""coordinates"":[]}"
32_11_12,387.4042896734009,33,12.0,2017,"{""type"":""MultiPoint"",""coordinates"":[]}"
32_11_13,0.8747986775512702,68,12.0,2017,"{""type"":""MultiPoint"",""coordinates"":[]}"
32_12_0,23506.728324880965,3,13.0,2017,"{""type"":""MultiPoint"",""coordinates"":[]}"
32_12_1,2769.6040233122153,6,13.0,2017,"{""type"":""MultiPoint"",""coordinates"":[]}"
32_12_2,21.20108317254641,9,13.0,2017,"{""type"":""MultiPoint"",""coordinates"":[]}"
32_12_3,373.191392253113,11,13.0,2017,"{""type"":""MultiPoint"",""coordinates"":[]}"
32_12_4,5103.273759380439,12,13.0,2017,"{""type"":""MultiPoint"",""coordinates"":[]}"
32_12_5,964.1625866755874,13,13.0,2017,"{""type"":""MultiPoint"",""coordinates"":[]}"
32_12_6,10692.239388668266,15,13.0,2017,"{""type"":""MultiPoint"",""coordinates"":[]}"
32_12_7,329.27420562495496,18,13.0,2017,"{""type"":""MultiPoint"",""coordinates"":[]}"
32_12_8,1735.865143718267,21,13.0,2017,"{""type"":""MultiPoint"",""coordinates"":[]}"
32_12_9,87.79797764617904,23,13.0,2017,"{""type"":""MultiPoint"",""coordinates"":[]}"
32_12_10,11.838245226745613,24,13.0,2017,"{""type"":""MultiPoint"",""coordinates"":[]}"
32_12_11,35.39121146453841,25,13.0,2017,"{""type"":""MultiPoint"",""coordinates"":[]}"
32_12_12,0.15440749969482426,30,13.0,2017,"{""type"":""MultiPoint"",""coordinates"":[]}"
32_12_13,0.8156440478515621,31,13.0,2017,"{""type"":""MultiPoint"",""coordinates"":[]}"
32_12_14,351.41135146972545,33,13.0,2017,"{""type"":""MultiPoint"",""coordinates"":[]}"
32_12_15,444.76408943128416,35,13.0,2017,"{""type"":""MultiPoint"",""coordinates"":[]}"
32_12_16,3.4944150346069325,68,13.0,2017,"{""type"":""MultiPoint"",""coordinates"":[]}"
33_0_0,0.0017839960327148438,13,1.0,2018,"{""type"":""MultiPoint"",""coordinates"":[]}"
33_1_0,0.001783488037109375,13,2.0,2018,"{""type"":""MultiPoint"",""coordinates"":[]}"
33_2_0,61294.60953766886,3,3.0,2018,"{""type"":""MultiPoint"",""coordinates"":[]}"
33_2_1,5560.3009061447,6,3.0,2018,"{""type"":""MultiPoint"",""coordinates"":[]}"
33_2_2,2.5085482644653263,9,3.0,2018,"{""type"":""MultiPoint"",""coordinates"":[]}"
33_2_3,120.91340025183179,11,3.0,2018,"{""type"":""MultiPoint"",""coordinates"":[]}"
33_2_4,1526.7813525157155,12,3.0,2018,"{""type"":""MultiPoint"",""coordinates"":[]}"
33_2_5,1687.4419433693474,13,3.0,2018,"{""type"":""MultiPoint"",""coordinates"":[]}"
33_2_6,18811.18840511313,15,3.0,2018,"{""type"":""MultiPoint"",""coordinates"":[]}"
33_2_7,34.70786259503182,18,3.0,2018,"{""type"":""MultiPoint"",""coordinates"":[]}"
33_2_8,2928.426590486569,21,3.0,2018,"{""type"":""MultiPoint"",""coordinates"":[]}"
33_2_9,65.16568526116947,23,3.0,2018,"{""type"":""MultiPoint"",""coordinates"":[]}"
33_2_10,23.654548969543697,24,3.0,2018,"{""type"":""MultiPoint"",""coordinates"":[]}"
33_2_11,18.592663375183125,25,3.0,2018,"{""type"":""MultiPoint"",""coordinates"":[]}"
33_2_12,1.1547351920776365,30,3.0,2018,"{""type"":""MultiPoint"",""coordinates"":[]}"
33_2_13,0.1644329060668947,31,3.0,2018,"{""type"":""MultiPoint"",""coordinates"":[]}"
33_2_14,759.5196622009838,33,3.0,2018,"{""type"":""MultiPoint"",""coordinates"":[]}"
33_2_15,0.0991212372436523,68,3.0,2018,"{""type"":""MultiPoint"",""coordinates"":[]}"
33_3_0,57464.75464332231,3,4.0,2018,"{""type"":""MultiPoint"",""coordinates"":[]}"
33_3_1,9141.098915419241,6,4.0,2018,"{""type"":""MultiPoint"",""coordinates"":[]}"
33_3_2,657.8878936683917,11,4.0,2018,"{""type"":""MultiPoint"",""coordinates"":[]}"
33_3_3,1958.1803341489683,12,4.0,2018,"{""type"":""MultiPoint"",""coordinates"":[]}"
33_3_4,79.47963562970037,13,4.0,2018,"{""type"":""MultiPoint"",""coordinates"":[]}"
33_3_5,55.44798192663462,15,4.0,2018,"{""type"":""MultiPoint"",""coordinates"":[]}"
33_3_6,281.84051948577695,18,4.0,2018,"{""type"":""MultiPoint"",""coordinates"":[]}"
33_3_7,92.21232131274431,21,4.0,2018,"{""type"":""MultiPoint"",""coordinates"":[]}"
33_3_8,21.92048704467771,23,4.0,2018,"{""type"":""MultiPoint"",""coordinates"":[]}"
33_3_9,7.231845066894536,24,4.0,2018,"{""type"":""MultiPoint"",""coordinates"":[]}"
33_3_10,17.449391370239272,25,4.0,2018,"{""type"":""MultiPoint"",""coordinates"":[]}"
33_3_11,49.76105582311935,29,4.0,2018,"{""type"":""MultiPoint"",""coordinates"":[]}"
33_3_12,0.4618902301025387,30,4.0,2018,"{""type"":""MultiPoint"",""coordinates"":[]}"
33_3_13,619.5211742677583,33,4.0,2018,"{""type"":""MultiPoint"",""coordinates"":[]}"
33_3_14,213.40969868180795,68,4.0,2018,"{""type"":""MultiPoint"",""coordinates"":[]}"
33_4_0,95392.59882078289,3,5.0,2018,"{""type"":""MultiPoint"",""coordinates"":[]}"
33_4_1,10120.160143796946,6,5.0,2018,"{""type"":""MultiPoint"",""coordinates"":[]}"
33_4_2,977.2509475692622,11,5.0,2018,"{""type"":""MultiPoint"",""coordinates"":[]}"
33_4_3,46.64128745471154,13,5.0,2018,"{""type"":""MultiPoint"",""coordinates"":[]}"
33_4_4,3.3059612514648515,15,5.0,2018,"{""type"":""MultiPoint"",""coordinates"":[]}"
33_4_5,438.5955516691898,18,5.0,2018,"{""type"":""MultiPoint"",""coordinates"":[]}"
33_4_6,58.355730336608815,21,5.0,2018,"{""type"":""MultiPoint"",""coordinates"":[]}"
33_4_7,39.26704591290283,23,5.0,2018,"{""type"":""MultiPoint"",""coordinates"":[]}"
33_4_8,6.145828392089841,24,5.0,2018,"{""type"":""MultiPoint"",""coordinates"":[]}"
33_4_9,1.8406414575195316,25,5.0,2018,"{""type"":""MultiPoint"",""coordinates"":[]}"
33_4_10,0.14179172369384785,30,5.0,2018,"{""type"":""MultiPoint"",""coordinates"":[]}"
33_4_11,0.03388501074218747,31,5.0,2018,"{""type"":""MultiPoint"",""coordinates"":[]}"
33_4_12,1568.165530967486,33,5.0,2018,"{""type"":""MultiPoint"",""coordinates"":[]}"
33_4_13,2.205715403564457,68,5.0,2018,"{""type"":""MultiPoint"",""coordinates"":[]}"
33_4_14,0.009812816833496094,75,5.0,2018,"{""type"":""MultiPoint"",""coordinates"":[]}"
33_5_0,49020.49723331577,3,6.0,2018,"{""type"":""MultiPoint"",""coordinates"":[]}"
33_5_1,2395.1733312714236,6,6.0,2018,"{""type"":""MultiPoint"",""coordinates"":[]}"
33_5_2,90.94078199389618,11,6.0,2018,"{""type"":""MultiPoint"",""coordinates"":[]}"
33_5_3,451.5124266129699,13,6.0,2018,"{""type"":""MultiPoint"",""coordinates"":[]}"
33_5_4,55.43165233691455,15,6.0,2018,"{""type"":""MultiPoint"",""coordinates"":[]}"
33_5_5,542.2729173136636,18,6.0,2018,"{""type"":""MultiPoint"",""coordinates"":[]}"
33_5_6,127.69681351672325,21,6.0,2018,"{""type"":""MultiPoint"",""coordinates"":[]}"
33_5_7,2.326684402893066,23,6.0,2018,"{""type"":""MultiPoint"",""coordinates"":[]}"
33_5_8,1.887727942138672,24,6.0,2018,"{""type"":""MultiPoint"",""coordinates"":[]}"
33_5_9,7.469586460266111,25,6.0,2018,"{""type"":""MultiPoint"",""coordinates"":[]}"
33_5_10,1.5998391395874039,29,6.0,2018,"{""type"":""MultiPoint"",""coordinates"":[]}"
33_5_11,0.2913915126953125,30,6.0,2018,"{""type"":""MultiPoint"",""coordinates"":[]}"
33_5_12,427.8538642130721,33,6.0,2018,"{""type"":""MultiPoint"",""coordinates"":[]}"
33_5_13,2.5565876221313455,68,6.0,2018,"{""type"":""MultiPoint"",""coordinates"":[]}"
33_6_0,17367.825284542345,3,7.0,2018,"{""type"":""MultiPoint"",""coordinates"":[]}"
33_6_1,1778.0757267484078,6,7.0,2018,"{""type"":""MultiPoint"",""coordinates"":[]}"
33_6_2,0.4693097238159176,9,7.0,2018,"{""type"":""MultiPoint"",""coordinates"":[]}"
33_6_3,79.47848385539031,11,7.0,2018,"{""type"":""MultiPoint"",""coordinates"":[]}"
33_6_4,68.61575107196109,13,7.0,2018,"{""type"":""MultiPoint"",""coordinates"":[]}"
33_6_5,5390.440628199502,15,7.0,2018,"{""type"":""MultiPoint"",""coordinates"":[]}"
33_6_6,138.593706181515,18,7.0,2018,"{""type"":""MultiPoint"",""coordinates"":[]}"
33_6_7,563.1327347520598,21,7.0,2018,"{""type"":""MultiPoint"",""coordinates"":[]}"
33_6_8,52.85471460839865,23,7.0,2018,"{""type"":""MultiPoint"",""coordinates"":[]}"
33_6_9,22.67784210150152,24,7.0,2018,"{""type"":""MultiPoint"",""coordinates"":[]}"
33_6_10,18.79239047766111,25,7.0,2018,"{""type"":""MultiPoint"",""coordinates"":[]}"
33_6_11,0.02413436730957031,27,7.0,2018,"{""type"":""MultiPoint"",""coordinates"":[]}"
33_6_12,1.7591048479003888,30,7.0,2018,"{""type"":""MultiPoint"",""coordinates"":[]}"
33_6_13,1.4222194012451186,31,7.0,2018,"{""type"":""MultiPoint"",""coordinates"":[]}"
33_6_14,336.48668522167833,33,7.0,2018,"{""type"":""MultiPoint"",""coordinates"":[]}"
33_6_15,1.042132765625,68,7.0,2018,"{""type"":""MultiPoint"",""coordinates"":[]}"
33_7_0,0.0017843005981445312,13,8.0,2018,"{""type"":""MultiPoint"",""coordinates"":[]}"
33_8_0,2383.005632800863,3,9.0,2018,"{""type"":""MultiPoint"",""coordinates"":[]}"
33_8_1,21.596205154907693,11,9.0,2018,"{""type"":""MultiPoint"",""coordinates"":[]}"
33_8_2,165.65895122290937,13,9.0,2018,"{""type"":""MultiPoint"",""coordinates"":[]}"
33_8_3,112.24948466040144,15,9.0,2018,"{""type"":""MultiPoint"",""coordinates"":[]}"
33_8_4,40.723349748412616,18,9.0,2018,"{""type"":""MultiPoint"",""coordinates"":[]}"
33_8_5,118.42270030023263,21,9.0,2018,"{""type"":""MultiPoint"",""coordinates"":[]}"
33_8_6,3.074276598693872,23,9.0,2018,"{""type"":""MultiPoint"",""coordinates"":[]}"
33_8_7,0.7320821289672848,24,9.0,2018,"{""type"":""MultiPoint"",""coordinates"":[]}"
33_8_8,0.9886673121948245,25,9.0,2018,"{""type"":""MultiPoint"",""coordinates"":[]}"
33_8_9,0.8581711245117202,27,9.0,2018,"{""type"":""MultiPoint"",""coordinates"":[]}"
33_8_10,49.84749480200354,33,9.0,2018,"{""type"":""MultiPoint"",""coordinates"":[]}"
33_8_11,1.2469915097656232,68,9.0,2018,"{""type"":""MultiPoint"",""coordinates"":[]}"
33_9_0,4118.903605128185,3,10.0,2018,"{""type"":""MultiPoint"",""coordinates"":[]}"
33_9_1,7.56984379315203,6,10.0,2018,"{""type"":""MultiPoint"",""coordinates"":[]}"
33_9_2,1.4184432123413109,11,10.0,2018,"{""type"":""MultiPoint"",""coordinates"":[]}"
33_9_3,108.65866097833174,13,10.0,2018,"{""type"":""MultiPoint"",""coordinates"":[]}"
33_9_4,372.5526880799355,15,10.0,2018,"{""type"":""MultiPoint"",""coordinates"":[]}"
33_9_5,1.158176300964353,18,10.0,2018,"{""type"":""MultiPoint"",""coordinates"":[]}"
33_9_6,295.92143664037326,21,10.0,2018,"{""type"":""MultiPoint"",""coordinates"":[]}"
33_9_7,3.951618857788083,23,10.0,2018,"{""type"":""MultiPoint"",""coordinates"":[]}"
33_9_8,0.5532060549926752,24,10.0,2018,"{""type"":""MultiPoint"",""coordinates"":[]}"
33_9_9,2.4630346954345708,25,10.0,2018,"{""type"":""MultiPoint"",""coordinates"":[]}"
33_9_10,0.07865250274658203,30,10.0,2018,"{""type"":""MultiPoint"",""coordinates"":[]}"
33_9_11,21.786960658996744,33,10.0,2018,"{""type"":""MultiPoint"",""coordinates"":[]}"
33_9_12,0.5808969045410156,68,10.0,2018,"{""type"":""MultiPoint"",""coordinates"":[]}"
33_10_0,26993.937420196424,3,11.0,2018,"{""type"":""MultiPoint"",""coordinates"":[]}"
33_10_1,7658.743739903017,6,11.0,2018,"{""type"":""MultiPoint"",""coordinates"":[]}"
33_10_2,5.434154603881854,9,11.0,2018,"{""type"":""MultiPoint"",""coordinates"":[]}"
33_10_3,1925.0763581229255,11,11.0,2018,"{""type"":""MultiPoint"",""coordinates"":[]}"
33_10_4,3879.4030171193817,12,11.0,2018,"{""type"":""MultiPoint"",""coordinates"":[]}"
33_10_5,181.96303428106296,13,11.0,2018,"{""type"":""MultiPoint"",""coordinates"":[]}"
33_10_6,598.109682140021,15,11.0,2018,"{""type"":""MultiPoint"",""coordinates"":[]}"
33_10_7,138.5372564431762,18,11.0,2018,"{""type"":""MultiPoint"",""coordinates"":[]}"
33_10_8,361.17069690423523,21,11.0,2018,"{""type"":""MultiPoint"",""coordinates"":[]}"
33_10_9,45.367127966979815,23,11.0,2018,"{""type"":""MultiPoint"",""coordinates"":[]}"
33_10_10,0.3423239344482422,24,11.0,2018,"{""type"":""MultiPoint"",""coordinates"":[]}"
33_10_11,16.807170458923373,25,11.0,2018,"{""type"":""MultiPoint"",""coordinates"":[]}"
33_10_12,0.002674663818359375,27,11.0,2018,"{""type"":""MultiPoint"",""coordinates"":[]}"
33_10_13,18.24583083917232,29,11.0,2018,"{""type"":""MultiPoint"",""coordinates"":[]}"
33_10_14,0.19699048925781254,30,11.0,2018,"{""type"":""MultiPoint"",""coordinates"":[]}"
33_10_15,653.5908473579125,33,11.0,2018,"{""type"":""MultiPoint"",""coordinates"":[]}"
33_10_16,163.52002193597198,68,11.0,2018,"{""type"":""MultiPoint"",""coordinates"":[]}"
33_11_0,43720.72206338773,3,12.0,2018,"{""type"":""MultiPoint"",""coordinates"":[]}"
33_11_1,4619.3250085041045,6,12.0,2018,"{""type"":""MultiPoint"",""coordinates"":[]}"
33_11_2,98.26801327838051,11,12.0,2018,"{""type"":""MultiPoint"",""coordinates"":[]}"
33_11_3,481.5153664713796,12,12.0,2018,"{""type"":""MultiPoint"",""coordinates"":[]}"
33_11_4,455.68461160802536,13,12.0,2018,"{""type"":""MultiPoint"",""coordinates"":[]}"
33_11_5,4417.451912561913,15,12.0,2018,"{""type"":""MultiPoint"",""coordinates"":[]}"
33_11_6,40.471444329040295,18,12.0,2018,"{""type"":""MultiPoint"",""coordinates"":[]}"
33_11_7,1209.5328607172135,21,12.0,2018,"{""type"":""MultiPoint"",""coordinates"":[]}"
33_11_8,8.735326406250003,23,12.0,2018,"{""type"":""MultiPoint"",""coordinates"":[]}"
33_11_9,7.274194434753407,24,12.0,2018,"{""type"":""MultiPoint"",""coordinates"":[]}"
33_11_10,5.457563717163084,25,12.0,2018,"{""type"":""MultiPoint"",""coordinates"":[]}"
33_11_11,0.07145292767333976,30,12.0,2018,"{""type"":""MultiPoint"",""coordinates"":[]}"
33_11_12,385.37011823791516,33,12.0,2018,"{""type"":""MultiPoint"",""coordinates"":[]}"
33_11_13,1.225871041748047,68,12.0,2018,"{""type"":""MultiPoint"",""coordinates"":[]}"
33_12_0,23070.85389584202,3,13.0,2018,"{""type"":""MultiPoint"",""coordinates"":[]}"
33_12_1,2792.409684133158,6,13.0,2018,"{""type"":""MultiPoint"",""coordinates"":[]}"
33_12_2,21.303714063598658,9,13.0,2018,"{""type"":""MultiPoint"",""coordinates"":[]}"
33_12_3,379.8111817420686,11,13.0,2018,"{""type"":""MultiPoint"",""coordinates"":[]}"
33_12_4,5097.501855429309,12,13.0,2018,"{""type"":""MultiPoint"",""coordinates"":[]}"
33_12_5,960.0236217741597,13,13.0,2018,"{""type"":""MultiPoint"",""coordinates"":[]}"
33_12_6,11142.054046089495,15,13.0,2018,"{""type"":""MultiPoint"",""coordinates"":[]}"
33_12_7,325.15648769306614,18,13.0,2018,"{""type"":""MultiPoint"",""coordinates"":[]}"
33_12_8,1690.085182802261,21,13.0,2018,"{""type"":""MultiPoint"",""coordinates"":[]}"
33_12_9,116.62949749694728,23,13.0,2018,"{""type"":""MultiPoint"",""coordinates"":[]}"
33_12_10,12.074799845520046,24,13.0,2018,"{""type"":""MultiPoint"",""coordinates"":[]}"
33_12_11,32.140332976501405,25,13.0,2018,"{""type"":""MultiPoint"",""coordinates"":[]}"
33_12_12,0.15262989538574223,30,13.0,2018,"{""type"":""MultiPoint"",""coordinates"":[]}"
33_12_13,0.7737005525512689,31,13.0,2018,"{""type"":""MultiPoint"",""coordinates"":[]}"
33_12_14,331.03575545208656,33,13.0,2018,"{""type"":""MultiPoint"",""coordinates"":[]}"
33_12_15,455.3834927564155,35,13.0,2018,"{""type"":""MultiPoint"",""coordinates"":[]}"
33_12_16,3.8173709630737296,68,13.0,2018,"{""type"":""MultiPoint"",""coordinates"":[]}"
34_0_0,0.0017839960327148438,13,1.0,2019,"{""type"":""MultiPoint"",""coordinates"":[]}"
34_1_0,0.001783488037109375,13,2.0,2019,"{""type"":""MultiPoint"",""coordinates"":[]}"
34_2_0,60840.54957246656,3,3.0,2019,"{""type"":""MultiPoint"",""coordinates"":[]}"
34_2_1,5605.129093267789,6,3.0,2019,"{""type"":""MultiPoint"",""coordinates"":[]}"
34_2_2,3.488027920043936,9,3.0,2019,"{""type"":""MultiPoint"",""coordinates"":[]}"
34_2_3,126.42512435882644,11,3.0,2019,"{""type"":""MultiPoint"",""coordinates"":[]}"
34_2_4,1521.2478613493306,12,3.0,2019,"{""type"":""MultiPoint"",""coordinates"":[]}"
34_2_5,1688.7851825119178,13,3.0,2019,"{""type"":""MultiPoint"",""coordinates"":[]}"
34_2_6,19061.692386870283,15,3.0,2019,"{""type"":""MultiPoint"",""coordinates"":[]}"
34_2_7,32.64520362487804,18,3.0,2019,"{""type"":""MultiPoint"",""coordinates"":[]}"
34_2_8,3089.9596639567803,21,3.0,2019,"{""type"":""MultiPoint"",""coordinates"":[]}"
34_2_9,79.50267224444607,23,3.0,2019,"{""type"":""MultiPoint"",""coordinates"":[]}"
34_2_10,24.68229174047892,24,3.0,2019,"{""type"":""MultiPoint"",""coordinates"":[]}"
34_2_11,15.118724946655274,25,3.0,2019,"{""type"":""MultiPoint"",""coordinates"":[]}"
34_2_12,1.3102461062011732,30,3.0,2019,"{""type"":""MultiPoint"",""coordinates"":[]}"
34_2_13,0.08579101782226546,31,3.0,2019,"{""type"":""MultiPoint"",""coordinates"":[]}"
34_2_14,744.4922648320266,33,3.0,2019,"{""type"":""MultiPoint"",""coordinates"":[]}"
34_2_15,0.11528833813476554,68,3.0,2019,"{""type"":""MultiPoint"",""coordinates"":[]}"
34_3_0,57378.44775607651,3,4.0,2019,"{""type"":""MultiPoint"",""coordinates"":[]}"
34_3_1,9208.126486513707,6,4.0,2019,"{""type"":""MultiPoint"",""coordinates"":[]}"
34_3_2,641.9975851893214,11,4.0,2019,"{""type"":""MultiPoint"",""coordinates"":[]}"
34_3_3,1963.0543137214572,12,4.0,2019,"{""type"":""MultiPoint"",""coordinates"":[]}"
34_3_4,78.88771818170235,13,4.0,2019,"{""type"":""MultiPoint"",""coordinates"":[]}"
34_3_5,58.726852611998794,15,4.0,2019,"{""type"":""MultiPoint"",""coordinates"":[]}"
34_3_6,273.3976257684312,18,4.0,2019,"{""type"":""MultiPoint"",""coordinates"":[]}"
34_3_7,102.9818403802489,21,4.0,2019,"{""type"":""MultiPoint"",""coordinates"":[]}"
34_3_8,17.441995621765116,23,4.0,2019,"{""type"":""MultiPoint"",""coordinates"":[]}"
34_3_9,7.46647499377443,24,4.0,2019,"{""type"":""MultiPoint"",""coordinates"":[]}"
34_3_10,15.278641034484872,25,4.0,2019,"{""type"":""MultiPoint"",""coordinates"":[]}"
34_3_11,49.50675882946707,29,4.0,2019,"{""type"":""MultiPoint"",""coordinates"":[]}"
34_3_12,0.49939484600830014,30,4.0,2019,"{""type"":""MultiPoint"",""coordinates"":[]}"
34_3_13,627.8039048103003,33,4.0,2019,"{""type"":""MultiPoint"",""coordinates"":[]}"
34_3_14,236.99762269883573,68,4.0,2019,"{""type"":""MultiPoint"",""coordinates"":[]}"
34_3_15,0.04281612060546874,75,4.0,2019,"{""type"":""MultiPoint"",""coordinates"":[]}"
34_4_0,95397.48054108919,3,5.0,2019,"{""type"":""MultiPoint"",""coordinates"":[]}"
34_4_1,10084.197199090517,6,5.0,2019,"{""type"":""MultiPoint"",""coordinates"":[]}"
34_4_2,1030.550507685358,11,5.0,2019,"{""type"":""MultiPoint"",""coordinates"":[]}"
34_4_3,47.42608855377145,13,5.0,2019,"{""type"":""MultiPoint"",""coordinates"":[]}"
34_4_4,3.0536623651123027,15,5.0,2019,"{""type"":""MultiPoint"",""coordinates"":[]}"
34_4_5,436.3175289374396,18,5.0,2019,"{""type"":""MultiPoint"",""coordinates"":[]}"
34_4_6,64.81541412744107,21,5.0,2019,"{""type"":""MultiPoint"",""coordinates"":[]}"
34_4_7,24.177530176940913,23,5.0,2019,"{""type"":""MultiPoint"",""coordinates"":[]}"
34_4_8,6.303713150085445,24,5.0,2019,"{""type"":""MultiPoint"",""coordinates"":[]}"
34_4_9,1.7022505960693357,25,5.0,2019,"{""type"":""MultiPoint"",""coordinates"":[]}"
34_4_10,0.1319821779785158,30,5.0,2019,"{""type"":""MultiPoint"",""coordinates"":[]}"
34_4_11,0.04904409570312498,31,5.0,2019,"{""type"":""MultiPoint"",""coordinates"":[]}"
34_4_12,1557.8722897089365,33,5.0,2019,"{""type"":""MultiPoint"",""coordinates"":[]}"
34_4_13,0.6311299747314435,68,5.0,2019,"{""type"":""MultiPoint"",""coordinates"":[]}"
34_4_14,0.009812816833496094,75,5.0,2019,"{""type"":""MultiPoint"",""coordinates"":[]}"
34_5_0,48999.08554894421,3,6.0,2019,"{""type"":""MultiPoint"",""coordinates"":[]}"
34_5_1,2405.1226107737048,6,6.0,2019,"{""type"":""MultiPoint"",""coordinates"":[]}"
34_5_2,87.66914046691845,11,6.0,2019,"{""type"":""MultiPoint"",""coordinates"":[]}"
34_5_3,453.38227085656183,13,6.0,2019,"{""type"":""MultiPoint"",""coordinates"":[]}"
34_5_4,57.91462111315935,15,6.0,2019,"{""type"":""MultiPoint"",""coordinates"":[]}"
34_5_5,557.4856721673026,18,6.0,2019,"{""type"":""MultiPoint"",""coordinates"":[]}"
34_5_6,127.96825759637534,21,6.0,2019,"{""type"":""MultiPoint"",""coordinates"":[]}"
34_5_7,1.257671791809082,23,6.0,2019,"{""type"":""MultiPoint"",""coordinates"":[]}"
34_5_8,1.9377825373535165,24,6.0,2019,"{""type"":""MultiPoint"",""coordinates"":[]}"
34_5_9,4.460173583068849,25,6.0,2019,"{""type"":""MultiPoint"",""coordinates"":[]}"
34_5_10,1.4121545377807616,29,6.0,2019,"{""type"":""MultiPoint"",""coordinates"":[]}"
34_5_11,0.27977072180175794,30,6.0,2019,"{""type"":""MultiPoint"",""coordinates"":[]}"
34_5_12,428.56188415911635,33,6.0,2019,"{""type"":""MultiPoint"",""coordinates"":[]}"
34_5_13,0.9732784048461911,68,6.0,2019,"{""type"":""MultiPoint"",""coordinates"":[]}"
34_6_0,17308.321491603387,3,7.0,2019,"{""type"":""MultiPoint"",""coordinates"":[]}"
34_6_1,1759.4232819355404,6,7.0,2019,"{""type"":""MultiPoint"",""coordinates"":[]}"
34_6_2,0.42818864276123003,9,7.0,2019,"{""type"":""MultiPoint"",""coordinates"":[]}"
34_6_3,80.91149831070918,11,7.0,2019,"{""type"":""MultiPoint"",""coordinates"":[]}"
34_6_4,69.28347860211241,13,7.0,2019,"{""type"":""MultiPoint"",""coordinates"":[]}"
34_6_5,5460.573693089329,15,7.0,2019,"{""type"":""MultiPoint"",""coordinates"":[]}"
34_6_6,105.11663902831637,18,7.0,2019,"{""type"":""MultiPoint"",""coordinates"":[]}"
34_6_7,601.3647777931894,21,7.0,2019,"{""type"":""MultiPoint"",""coordinates"":[]}"
34_6_8,51.21870235577395,23,7.0,2019,"{""type"":""MultiPoint"",""coordinates"":[]}"
34_6_9,24.049072227172914,24,7.0,2019,"{""type"":""MultiPoint"",""coordinates"":[]}"
34_6_10,20.73398731274414,25,7.0,2019,"{""type"":""MultiPoint"",""coordinates"":[]}"
34_6_11,0.02413436730957031,27,7.0,2019,"{""type"":""MultiPoint"",""coordinates"":[]}"
34_6_12,1.8797747606201156,30,7.0,2019,"{""type"":""MultiPoint"",""coordinates"":[]}"
34_6_13,1.4007673677978534,31,7.0,2019,"{""type"":""MultiPoint"",""coordinates"":[]}"
34_6_14,336.0863607928451,33,7.0,2019,"{""type"":""MultiPoint"",""coordinates"":[]}"
34_6_15,0.8750006768188477,68,7.0,2019,"{""type"":""MultiPoint"",""coordinates"":[]}"
34_7_0,0.0017843005981445312,13,8.0,2019,"{""type"":""MultiPoint"",""coordinates"":[]}"
34_8_0,2386.6275563665254,3,9.0,2019,"{""type"":""MultiPoint"",""coordinates"":[]}"
34_8_1,21.9063688158573,11,9.0,2019,"{""type"":""MultiPoint"",""coordinates"":[]}"
34_8_2,165.50162819574913,13,9.0,2019,"{""type"":""MultiPoint"",""coordinates"":[]}"
34_8_3,113.10408298004054,15,9.0,2019,"{""type"":""MultiPoint"",""coordinates"":[]}"
34_8_4,39.94109204138257,18,9.0,2019,"{""type"":""MultiPoint"",""coordinates"":[]}"
34_8_5,114.26361557373079,21,9.0,2019,"{""type"":""MultiPoint"",""coordinates"":[]}"
34_8_6,3.414867178710958,23,9.0,2019,"{""type"":""MultiPoint"",""coordinates"":[]}"
34_8_7,0.7410211132812498,24,9.0,2019,"{""type"":""MultiPoint"",""coordinates"":[]}"
34_8_8,1.0995152266845698,25,9.0,2019,"{""type"":""MultiPoint"",""coordinates"":[]}"
34_8_9,0.8581711245117202,27,9.0,2019,"{""type"":""MultiPoint"",""coordinates"":[]}"
34_8_10,49.59450996936202,33,9.0,2019,"{""type"":""MultiPoint"",""coordinates"":[]}"
34_8_11,1.351578778076171,68,9.0,2019,"{""type"":""MultiPoint"",""coordinates"":[]}"
34_9_0,4102.193149968386,3,10.0,2019,"{""type"":""MultiPoint"",""coordinates"":[]}"
34_9_1,7.632411870117377,6,10.0,2019,"{""type"":""MultiPoint"",""coordinates"":[]}"
34_9_2,1.3791137745971687,11,10.0,2019,"{""type"":""MultiPoint"",""coordinates"":[]}"
34_9_3,109.3484906268296,13,10.0,2019,"{""type"":""MultiPoint"",""coordinates"":[]}"
34_9_4,376.5729041627768,15,10.0,2019,"{""type"":""MultiPoint"",""coordinates"":[]}"
34_9_5,1.3670532618408255,18,10.0,2019,"{""type"":""MultiPoint"",""coordinates"":[]}"
34_9_6,308.13555050622284,21,10.0,2019,"{""type"":""MultiPoint"",""coordinates"":[]}"
34_9_7,5.506888390441881,23,10.0,2019,"{""type"":""MultiPoint"",""coordinates"":[]}"
34_9_8,0.5764426633300773,24,10.0,2019,"{""type"":""MultiPoint"",""coordinates"":[]}"
34_9_9,2.0001281386108403,25,10.0,2019,"{""type"":""MultiPoint"",""coordinates"":[]}"
34_9_10,0.06435112615966797,30,10.0,2019,"{""type"":""MultiPoint"",""coordinates"":[]}"
34_9_11,20.466837224975734,33,10.0,2019,"{""type"":""MultiPoint"",""coordinates"":[]}"
34_9_12,0.3539020935058595,68,10.0,2019,"{""type"":""MultiPoint"",""coordinates"":[]}"
34_10_0,26958.307140550107,3,11.0,2019,"{""type"":""MultiPoint"",""coordinates"":[]}"
34_10_1,7682.048406763567,6,11.0,2019,"{""type"":""MultiPoint"",""coordinates"":[]}"
34_10_2,5.112350488220247,9,11.0,2019,"{""type"":""MultiPoint"",""coordinates"":[]}"
34_10_3,1931.4114931121112,11,11.0,2019,"{""type"":""MultiPoint"",""coordinates"":[]}"
34_10_4,3877.734798006213,12,11.0,2019,"{""type"":""MultiPoint"",""coordinates"":[]}"
34_10_5,180.91791475982495,13,11.0,2019,"{""type"":""MultiPoint"",""coordinates"":[]}"
34_10_6,602.5218890961954,15,11.0,2019,"{""type"":""MultiPoint"",""coordinates"":[]}"
34_10_7,134.72822955615226,18,11.0,2019,"{""type"":""MultiPoint"",""coordinates"":[]}"
34_10_8,377.04668338354423,21,11.0,2019,"{""type"":""MultiPoint"",""coordinates"":[]}"
34_10_9,44.1076161373291,23,11.0,2019,"{""type"":""MultiPoint"",""coordinates"":[]}"
34_10_10,0.3744047509765626,24,11.0,2019,"{""type"":""MultiPoint"",""coordinates"":[]}"
34_10_11,16.983758429199238,25,11.0,2019,"{""type"":""MultiPoint"",""coordinates"":[]}"
34_10_12,0.001782884033203125,27,11.0,2019,"{""type"":""MultiPoint"",""coordinates"":[]}"
34_10_13,18.413275666992178,29,11.0,2019,"{""type"":""MultiPoint"",""coordinates"":[]}"
34_10_14,0.2629503367919922,30,11.0,2019,"{""type"":""MultiPoint"",""coordinates"":[]}"
34_10_15,651.1336785515165,33,11.0,2019,"{""type"":""MultiPoint"",""coordinates"":[]}"
34_10_16,159.34197488787598,68,11.0,2019,"{""type"":""MultiPoint"",""coordinates"":[]}"
34_11_0,43506.99690316905,3,12.0,2019,"{""type"":""MultiPoint"",""coordinates"":[]}"
34_11_1,4655.724796281177,6,12.0,2019,"{""type"":""MultiPoint"",""coordinates"":[]}"
34_11_2,94.38584482720837,11,12.0,2019,"{""type"":""MultiPoint"",""coordinates"":[]}"
34_11_3,487.71380312781986,12,12.0,2019,"{""type"":""MultiPoint"",""coordinates"":[]}"
34_11_4,454.8860394425586,13,12.0,2019,"{""type"":""MultiPoint"",""coordinates"":[]}"
34_11_5,4727.959355003131,15,12.0,2019,"{""type"":""MultiPoint"",""coordinates"":[]}"
34_11_6,39.26830783154279,18,12.0,2019,"{""type"":""MultiPoint"",""coordinates"":[]}"
34_11_7,1085.7551294035584,21,12.0,2019,"{""type"":""MultiPoint"",""coordinates"":[]}"
34_11_8,22.269237095520076,23,12.0,2019,"{""type"":""MultiPoint"",""coordinates"":[]}"
34_11_9,7.354579527099594,24,12.0,2019,"{""type"":""MultiPoint"",""coordinates"":[]}"
34_11_10,1.5233027378540043,25,12.0,2019,"{""type"":""MultiPoint"",""coordinates"":[]}"
34_11_11,0.07502425018310549,30,12.0,2019,"{""type"":""MultiPoint"",""coordinates"":[]}"
34_11_12,366.44467850018174,33,12.0,2019,"{""type"":""MultiPoint"",""coordinates"":[]}"
34_11_13,0.7488064264526383,68,12.0,2019,"{""type"":""MultiPoint"",""coordinates"":[]}"
34_12_0,22845.802490056663,3,13.0,2019,"{""type"":""MultiPoint"",""coordinates"":[]}"
34_12_1,2799.348894380467,6,13.0,2019,"{""type"":""MultiPoint"",""coordinates"":[]}"
34_12_2,21.480447748474152,9,13.0,2019,"{""type"":""MultiPoint"",""coordinates"":[]}"
34_12_3,389.49303097217245,11,13.0,2019,"{""type"":""MultiPoint"",""coordinates"":[]}"
34_12_4,5083.981450162146,12,13.0,2019,"{""type"":""MultiPoint"",""coordinates"":[]}"
34_12_5,958.4408073597432,13,13.0,2019,"{""type"":""MultiPoint"",""coordinates"":[]}"
34_12_6,11338.57748354168,15,13.0,2019,"{""type"":""MultiPoint"",""coordinates"":[]}"
34_12_7,366.10585273394827,18,13.0,2019,"{""type"":""MultiPoint"",""coordinates"":[]}"
34_12_8,1692.3694624438042,21,13.0,2019,"{""type"":""MultiPoint"",""coordinates"":[]}"
34_12_9,108.45990478588807,23,13.0,2019,"{""type"":""MultiPoint"",""coordinates"":[]}"
34_12_10,12.45413399707036,24,13.0,2019,"{""type"":""MultiPoint"",""coordinates"":[]}"
34_12_11,29.500077823486265,25,13.0,2019,"{""type"":""MultiPoint"",""coordinates"":[]}"
34_12_12,0.21067233111572273,30,13.0,2019,"{""type"":""MultiPoint"",""coordinates"":[]}"
34_12_13,0.7969041982421872,31,13.0,2019,"{""type"":""MultiPoint"",""coordinates"":[]}"
34_12_14,319.69277175445467,33,13.0,2019,"{""type"":""MultiPoint"",""coordinates"":[]}"
34_12_15,460.81647316559565,35,13.0,2019,"{""type"":""MultiPoint"",""coordinates"":[]}"
34_12_16,3.676392053100584,68,13.0,2019,"{""type"":""MultiPoint"",""coordinates"":[]}"
35_0_0,0.0017839960327148438,13,1.0,2020,"{""type"":""MultiPoint"",""coordinates"":[]}"
35_1_0,0.001783488037109375,13,2.0,2020,"{""type"":""MultiPoint"",""coordinates"":[]}"
35_2_0,60407.44447536964,3,3.0,2020,"{""type"":""MultiPoint"",""coordinates"":[]}"
35_2_1,5737.7647644678555,6,3.0,2020,"{""type"":""MultiPoint"",""coordinates"":[]}"
35_2_2,3.4683674241943274,9,3.0,2020,"{""type"":""MultiPoint"",""coordinates"":[]}"
35_2_3,123.98057364740059,11,3.0,2020,"{""type"":""MultiPoint"",""coordinates"":[]}"
35_2_4,1506.0786824827073,12,3.0,2020,"{""type"":""MultiPoint"",""coordinates"":[]}"
35_2_5,1673.3888957058577,13,3.0,2020,"{""type"":""MultiPoint"",""coordinates"":[]}"
35_2_6,19405.018802695027,15,3.0,2020,"{""type"":""MultiPoint"",""coordinates"":[]}"
35_2_7,32.159128547363295,18,3.0,2020,"{""type"":""MultiPoint"",""coordinates"":[]}"
35_2_8,3056.4295182063843,21,3.0,2020,"{""type"":""MultiPoint"",""coordinates"":[]}"
35_2_9,74.90539815380879,23,3.0,2020,"{""type"":""MultiPoint"",""coordinates"":[]}"
35_2_10,25.511596014282553,24,3.0,2020,"{""type"":""MultiPoint"",""coordinates"":[]}"
35_2_11,13.53157752392579,25,3.0,2020,"{""type"":""MultiPoint"",""coordinates"":[]}"
35_2_12,1.7757098214721658,30,3.0,2020,"{""type"":""MultiPoint"",""coordinates"":[]}"
35_2_13,0.1715821641235354,31,3.0,2020,"{""type"":""MultiPoint"",""coordinates"":[]}"
35_2_14,766.8943039089916,33,3.0,2020,"{""type"":""MultiPoint"",""coordinates"":[]}"
35_2_15,6.706019419677792,68,3.0,2020,"{""type"":""MultiPoint"",""coordinates"":[]}"
35_3_0,57328.928053646836,3,4.0,2020,"{""type"":""MultiPoint"",""coordinates"":[]}"
35_3_1,9228.695029391765,6,4.0,2020,"{""type"":""MultiPoint"",""coordinates"":[]}"
35_3_2,665.3575109948661,11,4.0,2020,"{""type"":""MultiPoint"",""coordinates"":[]}"
35_3_3,1969.0502751611236,12,4.0,2020,"{""type"":""MultiPoint"",""coordinates"":[]}"
35_3_4,77.85302461444161,13,4.0,2020,"{""type"":""MultiPoint"",""coordinates"":[]}"
35_3_5,59.44619330078073,15,4.0,2020,"{""type"":""MultiPoint"",""coordinates"":[]}"
35_3_6,309.6413519248636,18,4.0,2020,"{""type"":""MultiPoint"",""coordinates"":[]}"
35_3_7,83.2817136276858,21,4.0,2020,"{""type"":""MultiPoint"",""coordinates"":[]}"
35_3_8,8.03698575421142,23,4.0,2020,"{""type"":""MultiPoint"",""coordinates"":[]}"
35_3_9,8.17751398492433,24,4.0,2020,"{""type"":""MultiPoint"",""coordinates"":[]}"
35_3_10,14.462424615417477,25,4.0,2020,"{""type"":""MultiPoint"",""coordinates"":[]}"
35_3_11,51.463480344420766,29,4.0,2020,"{""type"":""MultiPoint"",""coordinates"":[]}"
35_3_12,0.8665428098754877,30,4.0,2020,"{""type"":""MultiPoint"",""coordinates"":[]}"
35_3_13,642.5325279298687,33,4.0,2020,"{""type"":""MultiPoint"",""coordinates"":[]}"
35_3_14,212.82234317692362,68,4.0,2020,"{""type"":""MultiPoint"",""coordinates"":[]}"
35_3_15,0.04281612060546874,75,4.0,2020,"{""type"":""MultiPoint"",""coordinates"":[]}"
35_4_0,95342.76786626756,3,5.0,2020,"{""type"":""MultiPoint"",""coordinates"":[]}"
35_4_1,10124.582062525573,6,5.0,2020,"{""type"":""MultiPoint"",""coordinates"":[]}"
35_4_2,1015.6369016422627,11,5.0,2020,"{""type"":""MultiPoint"",""coordinates"":[]}"
35_4_3,48.95463440167168,13,5.0,2020,"{""type"":""MultiPoint"",""coordinates"":[]}"
35_4_4,2.9520700217285167,15,5.0,2020,"{""type"":""MultiPoint"",""coordinates"":[]}"
35_4_5,451.0196980130629,18,5.0,2020,"{""type"":""MultiPoint"",""coordinates"":[]}"
35_4_6,59.75018655084213,21,5.0,2020,"{""type"":""MultiPoint"",""coordinates"":[]}"
35_4_7,27.528696466308567,23,5.0,2020,"{""type"":""MultiPoint"",""coordinates"":[]}"
35_4_8,6.478478884765613,24,5.0,2020,"{""type"":""MultiPoint"",""coordinates"":[]}"
35_4_9,2.028576766174316,25,5.0,2020,"{""type"":""MultiPoint"",""coordinates"":[]}"
35_4_10,0.12753078057861342,30,5.0,2020,"{""type"":""MultiPoint"",""coordinates"":[]}"
35_4_11,0.05171930139160153,31,5.0,2020,"{""type"":""MultiPoint"",""coordinates"":[]}"
35_4_12,1570.621982750565,33,5.0,2020,"{""type"":""MultiPoint"",""coordinates"":[]}"
35_4_13,2.2084773568725584,68,5.0,2020,"{""type"":""MultiPoint"",""coordinates"":[]}"
35_4_14,0.009812816833496094,75,5.0,2020,"{""type"":""MultiPoint"",""coordinates"":[]}"
35_5_0,48967.53239729972,3,6.0,2020,"{""type"":""MultiPoint"",""coordinates"":[]}"
35_5_1,2412.6161801419594,6,6.0,2020,"{""type"":""MultiPoint"",""coordinates"":[]}"
35_5_2,87.05149764074656,11,6.0,2020,"{""type"":""MultiPoint"",""coordinates"":[]}"
35_5_3,457.61149753277084,13,6.0,2020,"{""type"":""MultiPoint"",""coordinates"":[]}"
35_5_4,55.05633204864576,15,6.0,2020,"{""type"":""MultiPoint"",""coordinates"":[]}"
35_5_5,570.173476370243,18,6.0,2020,"{""type"":""MultiPoint"",""coordinates"":[]}"
35_5_6,132.31333836676006,21,6.0,2020,"{""type"":""MultiPoint"",""coordinates"":[]}"
35_5_7,1.1396688728027347,23,6.0,2020,"{""type"":""MultiPoint"",""coordinates"":[]}"
35_5_8,2.0414621063232437,24,6.0,2020,"{""type"":""MultiPoint"",""coordinates"":[]}"
35_5_9,5.726835895324706,25,6.0,2020,"{""type"":""MultiPoint"",""coordinates"":[]}"
35_5_10,1.497951892700196,29,6.0,2020,"{""type"":""MultiPoint"",""coordinates"":[]}"
35_5_11,0.27976893762207045,30,6.0,2020,"{""type"":""MultiPoint"",""coordinates"":[]}"
35_5_12,425.71167257641423,33,6.0,2020,"{""type"":""MultiPoint"",""coordinates"":[]}"
35_5_13,8.758757971984817,68,6.0,2020,"{""type"":""MultiPoint"",""coordinates"":[]}"
35_6_0,17040.5927754639,3,7.0,2020,"{""type"":""MultiPoint"",""coordinates"":[]}"
35_6_1,1814.2093096574174,6,7.0,2020,"{""type"":""MultiPoint"",""coordinates"":[]}"
35_6_2,0.40405212664794876,9,7.0,2020,"{""type"":""MultiPoint"",""coordinates"":[]}"
35_6_3,80.628991137549,11,7.0,2020,"{""type"":""MultiPoint"",""coordinates"":[]}"
35_6_4,69.93512005462698,13,7.0,2020,"{""type"":""MultiPoint"",""coordinates"":[]}"
35_6_5,5574.865951437681,15,7.0,2020,"{""type"":""MultiPoint"",""coordinates"":[]}"
35_6_6,150.88153603790326,18,7.0,2020,"{""type"":""MultiPoint"",""coordinates"":[]}"
35_6_7,656.0673773849929,21,7.0,2020,"{""type"":""MultiPoint"",""coordinates"":[]}"
35_6_8,31.792784830810742,23,7.0,2020,"{""type"":""MultiPoint"",""coordinates"":[]}"
35_6_9,24.912570665649458,24,7.0,2020,"{""type"":""MultiPoint"",""coordinates"":[]}"
35_6_10,19.151791072509756,25,7.0,2020,"{""type"":""MultiPoint"",""coordinates"":[]}"
35_6_11,0.02413436730957031,27,7.0,2020,"{""type"":""MultiPoint"",""coordinates"":[]}"
35_6_12,2.050501994628905,30,7.0,2020,"{""type"":""MultiPoint"",""coordinates"":[]}"
35_6_13,1.470492415466311,31,7.0,2020,"{""type"":""MultiPoint"",""coordinates"":[]}"
35_6_14,352.36683876055537,33,7.0,2020,"{""type"":""MultiPoint"",""coordinates"":[]}"
35_6_15,2.3366214586181573,68,7.0,2020,"{""type"":""MultiPoint"",""coordinates"":[]}"
35_7_0,0.0017843005981445312,13,8.0,2020,"{""type"":""MultiPoint"",""coordinates"":[]}"
35_8_0,2391.6707694141396,3,9.0,2020,"{""type"":""MultiPoint"",""coordinates"":[]}"
35_8_1,21.83307545343045,11,9.0,2020,"{""type"":""MultiPoint"",""coordinates"":[]}"
35_8_2,165.29065762641247,13,9.0,2020,"{""type"":""MultiPoint"",""coordinates"":[]}"
35_8_3,113.63330812829503,15,9.0,2020,"{""type"":""MultiPoint"",""coordinates"":[]}"
35_8_4,35.85147484216302,18,9.0,2020,"{""type"":""MultiPoint"",""coordinates"":[]}"
35_8_5,113.23399632653829,21,9.0,2020,"{""type"":""MultiPoint"",""coordinates"":[]}"
35_8_6,3.2307147504882994,23,9.0,2020,"{""type"":""MultiPoint"",""coordinates"":[]}"
35_8_7,0.7463845931396481,24,9.0,2020,"{""type"":""MultiPoint"",""coordinates"":[]}"
35_8_8,0.8581584182739257,25,9.0,2020,"{""type"":""MultiPoint"",""coordinates"":[]}"
35_8_9,0.8581711245117202,27,9.0,2020,"{""type"":""MultiPoint"",""coordinates"":[]}"
35_8_10,49.81711191162272,33,9.0,2020,"{""type"":""MultiPoint"",""coordinates"":[]}"
35_8_11,1.380184775024413,68,9.0,2020,"{""type"":""MultiPoint"",""coordinates"":[]}"
35_9_0,4091.5071650425402,3,10.0,2020,"{""type"":""MultiPoint"",""coordinates"":[]}"
35_9_1,8.008714460571454,6,10.0,2020,"{""type"":""MultiPoint"",""coordinates"":[]}"
35_9_2,1.5149759747924858,11,10.0,2020,"{""type"":""MultiPoint"",""coordinates"":[]}"
35_9_3,109.81677726446344,13,10.0,2020,"{""type"":""MultiPoint"",""coordinates"":[]}"
35_9_4,390.76861524129623,15,10.0,2020,"{""type"":""MultiPoint"",""coordinates"":[]}"
35_9_5,1.7147856767578147,18,10.0,2020,"{""type"":""MultiPoint"",""coordinates"":[]}"
35_9_6,304.6571698306214,21,10.0,2020,"{""type"":""MultiPoint"",""coordinates"":[]}"
35_9_7,3.4403541564330995,23,10.0,2020,"{""type"":""MultiPoint"",""coordinates"":[]}"
35_9_8,0.5925309161376943,24,10.0,2020,"{""type"":""MultiPoint"",""coordinates"":[]}"
35_9_9,1.7355709402465818,25,10.0,2020,"{""type"":""MultiPoint"",""coordinates"":[]}"
35_9_10,0.0706077903442383,30,10.0,2020,"{""type"":""MultiPoint"",""coordinates"":[]}"
35_9_11,21.33651835168476,33,10.0,2020,"{""type"":""MultiPoint"",""coordinates"":[]}"
35_9_12,0.4334381619873049,68,10.0,2020,"{""type"":""MultiPoint"",""coordinates"":[]}"
35_10_0,26995.551939232195,3,11.0,2020,"{""type"":""MultiPoint"",""coordinates"":[]}"
35_10_1,7648.609707141083,6,11.0,2020,"{""type"":""MultiPoint"",""coordinates"":[]}"
35_10_2,4.696945058959964,9,11.0,2020,"{""type"":""MultiPoint"",""coordinates"":[]}"
35_10_3,1922.2805722603066,11,11.0,2020,"{""type"":""MultiPoint"",""coordinates"":[]}"
35_10_4,3867.956356727406,12,11.0,2020,"{""type"":""MultiPoint"",""coordinates"":[]}"
35_10_5,178.79396671929763,13,11.0,2020,"{""type"":""MultiPoint"",""coordinates"":[]}"
35_10_6,586.1418588560194,15,11.0,2020,"{""type"":""MultiPoint"",""coordinates"":[]}"
35_10_7,154.84604279193144,18,11.0,2020,"{""type"":""MultiPoint"",""coordinates"":[]}"
35_10_8,374.6059273420414,21,11.0,2020,"{""type"":""MultiPoint"",""coordinates"":[]}"
35_10_9,28.856472695251515,23,11.0,2020,"{""type"":""MultiPoint"",""coordinates"":[]}"
35_10_10,0.4127162634277345,24,11.0,2020,"{""type"":""MultiPoint"",""coordinates"":[]}"
35_10_11,17.334200516723634,25,11.0,2020,"{""type"":""MultiPoint"",""coordinates"":[]}"
35_10_12,0.001782884033203125,27,11.0,2020,"{""type"":""MultiPoint"",""coordinates"":[]}"
35_10_13,18.48720809588619,29,11.0,2020,"{""type"":""MultiPoint"",""coordinates"":[]}"
35_10_14,0.26473349493408205,30,11.0,2020,"{""type"":""MultiPoint"",""coordinates"":[]}"
35_10_15,672.6517733085354,33,11.0,2020,"{""type"":""MultiPoint"",""coordinates"":[]}"
35_10_16,168.9561439725318,68,11.0,2020,"{""type"":""MultiPoint"",""coordinates"":[]}"
35_11_0,43264.17756090908,3,12.0,2020,"{""type"":""MultiPoint"",""coordinates"":[]}"
35_11_1,4665.665475941272,6,12.0,2020,"{""type"":""MultiPoint"",""coordinates"":[]}"
35_11_2,90.44148313726724,11,12.0,2020,"{""type"":""MultiPoint"",""coordinates"":[]}"
35_11_3,481.4322119367087,12,12.0,2020,"{""type"":""MultiPoint"",""coordinates"":[]}"
35_11_4,451.0330863425237,13,12.0,2020,"{""type"":""MultiPoint"",""coordinates"":[]}"
35_11_5,5201.512147148663,15,12.0,2020,"{""type"":""MultiPoint"",""coordinates"":[]}"
35_11_6,43.22419602526834,18,12.0,2020,"{""type"":""MultiPoint"",""coordinates"":[]}"
35_11_7,843.8249424085632,21,12.0,2020,"{""type"":""MultiPoint"",""coordinates"":[]}"
35_11_8,13.476515025817877,23,12.0,2020,"{""type"":""MultiPoint"",""coordinates"":[]}"
35_11_9,7.493920047973617,24,12.0,2020,"{""type"":""MultiPoint"",""coordinates"":[]}"
35_11_10,5.345970783569334,25,12.0,2020,"{""type"":""MultiPoint"",""coordinates"":[]}"
35_11_11,0.09735282916259777,30,12.0,2020,"{""type"":""MultiPoint"",""coordinates"":[]}"
35_11_12,381.48231043102993,33,12.0,2020,"{""type"":""MultiPoint"",""coordinates"":[]}"
35_11_13,1.8986346561279315,68,12.0,2020,"{""type"":""MultiPoint"",""coordinates"":[]}"
35_12_0,22556.823311544038,3,13.0,2020,"{""type"":""MultiPoint"",""coordinates"":[]}"
35_12_1,2725.181222036107,6,13.0,2020,"{""type"":""MultiPoint"",""coordinates"":[]}"
35_12_2,26.244768375610363,9,13.0,2020,"{""type"":""MultiPoint"",""coordinates"":[]}"
35_12_3,381.20254174170213,11,13.0,2020,"{""type"":""MultiPoint"",""coordinates"":[]}"
35_12_4,4993.5694930974605,12,13.0,2020,"{""type"":""MultiPoint"",""coordinates"":[]}"
35_12_5,965.7325816835782,13,13.0,2020,"{""type"":""MultiPoint"",""coordinates"":[]}"
35_12_6,11565.659652450067,15,13.0,2020,"{""type"":""MultiPoint"",""coordinates"":[]}"
35_12_7,431.5538038070711,18,13.0,2020,"{""type"":""MultiPoint"",""coordinates"":[]}"
35_12_8,1822.5801976680996,21,13.0,2020,"{""type"":""MultiPoint"",""coordinates"":[]}"
35_12_9,94.17990776678438,23,13.0,2020,"{""type"":""MultiPoint"",""coordinates"":[]}"
35_12_10,13.169908186706598,24,13.0,2020,"{""type"":""MultiPoint"",""coordinates"":[]}"
35_12_11,43.187324453247115,25,13.0,2020,"{""type"":""MultiPoint"",""coordinates"":[]}"
35_12_12,0.22406362066650395,30,13.0,2020,"{""type"":""MultiPoint"",""coordinates"":[]}"
35_12_13,0.5773765728149417,31,13.0,2020,"{""type"":""MultiPoint"",""coordinates"":[]}"
35_12_14,352.15870199713186,33,13.0,2020,"{""type"":""MultiPoint"",""coordinates"":[]}"
35_12_15,454.76513474757,35,13.0,2020,"{""type"":""MultiPoint"",""coordinates"":[]}"
35_12_16,4.397259759094238,68,13.0,2020,"{""type"":""MultiPoint"",""coordinates"":[]}"
36_0_0,0.0017839960327148438,13,1.0,2021,"{""type"":""MultiPoint"",""coordinates"":[]}"
36_1_0,0.001783488037109375,13,2.0,2021,"{""type"":""MultiPoint"",""coordinates"":[]}"
36_2_0,60387.36751749114,3,3.0,2021,"{""type"":""MultiPoint"",""coordinates"":[]}"
36_2_1,5845.457114896351,6,3.0,2021,"{""type"":""MultiPoint"",""coordinates"":[]}"
36_2_2,9.049802468017603,9,3.0,2021,"{""type"":""MultiPoint"",""coordinates"":[]}"
36_2_3,126.9576399017947,11,3.0,2021,"{""type"":""MultiPoint"",""coordinates"":[]}"
36_2_4,1479.1894058363473,12,3.0,2021,"{""type"":""MultiPoint"",""coordinates"":[]}"
36_2_5,1666.8934456056977,13,3.0,2021,"{""type"":""MultiPoint"",""coordinates"":[]}"
36_2_6,19567.48640844029,15,3.0,2021,"{""type"":""MultiPoint"",""coordinates"":[]}"
36_2_7,36.4286845684205,18,3.0,2021,"{""type"":""MultiPoint"",""coordinates"":[]}"
36_2_8,2799.7731269977285,21,3.0,2021,"{""type"":""MultiPoint"",""coordinates"":[]}"
36_2_9,83.18150522601344,23,3.0,2021,"{""type"":""MultiPoint"",""coordinates"":[]}"
36_2_10,26.464249316223334,24,3.0,2021,"{""type"":""MultiPoint"",""coordinates"":[]}"
36_2_11,27.07255853363034,25,3.0,2021,"{""type"":""MultiPoint"",""coordinates"":[]}"
36_2_12,1.650623855957031,30,3.0,2021,"{""type"":""MultiPoint"",""coordinates"":[]}"
36_2_13,0.11975000018310532,31,3.0,2021,"{""type"":""MultiPoint"",""coordinates"":[]}"
36_2_14,778.1214891244458,33,3.0,2021,"{""type"":""MultiPoint"",""coordinates"":[]}"
36_2_15,0.01607329040527344,68,3.0,2021,"{""type"":""MultiPoint"",""coordinates"":[]}"
36_3_0,57268.76147457782,3,4.0,2021,"{""type"":""MultiPoint"",""coordinates"":[]}"
36_3_1,9271.714819790213,6,4.0,2021,"{""type"":""MultiPoint"",""coordinates"":[]}"
36_3_2,649.6547881793784,11,4.0,2021,"{""type"":""MultiPoint"",""coordinates"":[]}"
36_3_3,1961.3321392524049,12,4.0,2021,"{""type"":""MultiPoint"",""coordinates"":[]}"
36_3_4,80.38112385022025,13,4.0,2021,"{""type"":""MultiPoint"",""coordinates"":[]}"
36_3_5,61.732398105040886,15,4.0,2021,"{""type"":""MultiPoint"",""coordinates"":[]}"
36_3_6,318.06993143560607,18,4.0,2021,"{""type"":""MultiPoint"",""coordinates"":[]}"
36_3_7,88.49273560772701,21,4.0,2021,"{""type"":""MultiPoint"",""coordinates"":[]}"
36_3_8,18.099001715148916,23,4.0,2021,"{""type"":""MultiPoint"",""coordinates"":[]}"
36_3_9,8.467479281188984,24,4.0,2021,"{""type"":""MultiPoint"",""coordinates"":[]}"
36_3_10,14.645498225585944,25,4.0,2021,"{""type"":""MultiPoint"",""coordinates"":[]}"
36_3_11,51.6041669887689,29,4.0,2021,"{""type"":""MultiPoint"",""coordinates"":[]}"
36_3_12,1.1381304260253893,30,4.0,2021,"{""type"":""MultiPoint"",""coordinates"":[]}"
36_3_13,638.3963228513758,33,4.0,2021,"{""type"":""MultiPoint"",""coordinates"":[]}"
36_3_14,228.12317698576354,68,4.0,2021,"{""type"":""MultiPoint"",""coordinates"":[]}"
36_3_15,0.044600125854492176,75,4.0,2021,"{""type"":""MultiPoint"",""coordinates"":[]}"
36_4_0,95170.39100320583,3,5.0,2021,"{""type"":""MultiPoint"",""coordinates"":[]}"
36_4_1,10228.307144790613,6,5.0,2021,"{""type"":""MultiPoint"",""coordinates"":[]}"
36_4_2,1051.8146463180456,11,5.0,2021,"{""type"":""MultiPoint"",""coordinates"":[]}"
36_4_3,55.59025923333692,13,5.0,2021,"{""type"":""MultiPoint"",""coordinates"":[]}"
36_4_4,3.3745105269165054,15,5.0,2021,"{""type"":""MultiPoint"",""coordinates"":[]}"
36_4_5,460.61733200964306,18,5.0,2021,"{""type"":""MultiPoint"",""coordinates"":[]}"
36_4_6,67.10967545080472,21,5.0,2021,"{""type"":""MultiPoint"",""coordinates"":[]}"
36_4_7,26.03216280944812,23,5.0,2021,"{""type"":""MultiPoint"",""coordinates"":[]}"
36_4_8,6.631779263793932,24,5.0,2021,"{""type"":""MultiPoint"",""coordinates"":[]}"
36_4_9,2.107205590332031,25,5.0,2021,"{""type"":""MultiPoint"",""coordinates"":[]}"
36_4_10,0.13736445532226577,30,5.0,2021,"{""type"":""MultiPoint"",""coordinates"":[]}"
36_4_11,0.04547729010009763,31,5.0,2021,"{""type"":""MultiPoint"",""coordinates"":[]}"
36_4_12,1574.23832508241,33,5.0,2021,"{""type"":""MultiPoint"",""coordinates"":[]}"
36_4_13,8.311995702636729,68,5.0,2021,"{""type"":""MultiPoint"",""coordinates"":[]}"
36_4_14,0.009812816833496094,75,5.0,2021,"{""type"":""MultiPoint"",""coordinates"":[]}"
36_5_0,48912.95605939917,3,6.0,2021,"{""type"":""MultiPoint"",""coordinates"":[]}"
36_5_1,2464.968825399487,6,6.0,2021,"{""type"":""MultiPoint"",""coordinates"":[]}"
36_5_2,90.67985234228463,11,6.0,2021,"{""type"":""MultiPoint"",""coordinates"":[]}"
36_5_3,461.5360843414884,13,6.0,2021,"{""type"":""MultiPoint"",""coordinates"":[]}"
36_5_4,53.19634401776173,15,6.0,2021,"{""type"":""MultiPoint"",""coordinates"":[]}"
36_5_5,562.6944757995655,18,6.0,2021,"{""type"":""MultiPoint"",""coordinates"":[]}"
36_5_6,132.8249263834227,21,6.0,2021,"{""type"":""MultiPoint"",""coordinates"":[]}"
36_5_7,0.922427373474121,23,6.0,2021,"{""type"":""MultiPoint"",""coordinates"":[]}"
36_5_8,2.077214153991701,24,6.0,2021,"{""type"":""MultiPoint"",""coordinates"":[]}"
36_5_9,8.29456411395264,25,6.0,2021,"{""type"":""MultiPoint"",""coordinates"":[]}"
36_5_10,1.4899079963378905,29,6.0,2021,"{""type"":""MultiPoint"",""coordinates"":[]}"
36_5_11,0.30121987548828144,30,6.0,2021,"{""type"":""MultiPoint"",""coordinates"":[]}"
36_5_12,428.70234851397475,33,6.0,2021,"{""type"":""MultiPoint"",""coordinates"":[]}"
36_5_13,6.866587943786621,68,6.0,2021,"{""type"":""MultiPoint"",""coordinates"":[]}"
36_6_0,16819.99807293744,3,7.0,2021,"{""type"":""MultiPoint"",""coordinates"":[]}"
36_6_1,1887.0001734288517,6,7.0,2021,"{""type"":""MultiPoint"",""coordinates"":[]}"
36_6_2,0.49076136157226535,9,7.0,2021,"{""type"":""MultiPoint"",""coordinates"":[]}"
36_6_3,79.54553825614333,11,7.0,2021,"{""type"":""MultiPoint"",""coordinates"":[]}"
36_6_4,71.7525213936162,13,7.0,2021,"{""type"":""MultiPoint"",""coordinates"":[]}"
36_6_5,5691.3409970591865,15,7.0,2021,"{""type"":""MultiPoint"",""coordinates"":[]}"
36_6_6,150.1772564500109,18,7.0,2021,"{""type"":""MultiPoint"",""coordinates"":[]}"
36_6_7,675.436739306752,21,7.0,2021,"{""type"":""MultiPoint"",""coordinates"":[]}"
36_6_8,44.491112198059184,23,7.0,2021,"{""type"":""MultiPoint"",""coordinates"":[]}"
36_6_9,26.163126631347783,24,7.0,2021,"{""type"":""MultiPoint"",""coordinates"":[]}"
36_6_10,14.061723061401366,25,7.0,2021,"{""type"":""MultiPoint"",""coordinates"":[]}"
36_6_11,0.02413436730957031,27,7.0,2021,"{""type"":""MultiPoint"",""coordinates"":[]}"
36_6_12,2.5948569031372077,30,7.0,2021,"{""type"":""MultiPoint"",""coordinates"":[]}"
36_6_13,1.62335069055176,31,7.0,2021,"{""type"":""MultiPoint"",""coordinates"":[]}"
36_6_14,353.5374155569419,33,7.0,2021,"{""type"":""MultiPoint"",""coordinates"":[]}"
36_6_15,3.4530692628784436,68,7.0,2021,"{""type"":""MultiPoint"",""coordinates"":[]}"
36_7_0,0.0017843005981445312,13,8.0,2021,"{""type"":""MultiPoint"",""coordinates"":[]}"
36_8_0,2389.9409368751003,3,9.0,2021,"{""type"":""MultiPoint"",""coordinates"":[]}"
36_8_1,21.85810498034682,11,9.0,2021,"{""type"":""MultiPoint"",""coordinates"":[]}"
36_8_2,164.9286380446863,13,9.0,2021,"{""type"":""MultiPoint"",""coordinates"":[]}"
36_8_3,113.13896013543646,15,9.0,2021,"{""type"":""MultiPoint"",""coordinates"":[]}"
36_8_4,36.65066741137678,18,9.0,2021,"{""type"":""MultiPoint"",""coordinates"":[]}"
36_8_5,113.66048676763971,21,9.0,2021,"{""type"":""MultiPoint"",""coordinates"":[]}"
36_8_6,3.612411355834981,23,9.0,2021,"{""type"":""MultiPoint"",""coordinates"":[]}"
36_8_7,0.7544297518310544,24,9.0,2021,"{""type"":""MultiPoint"",""coordinates"":[]}"
36_8_8,1.0047553625488281,25,9.0,2021,"{""type"":""MultiPoint"",""coordinates"":[]}"
36_8_9,0.8581711245117202,27,9.0,2021,"{""type"":""MultiPoint"",""coordinates"":[]}"
36_8_10,50.30786675110065,33,9.0,2021,"{""type"":""MultiPoint"",""coordinates"":[]}"
36_8_11,1.6885788035278309,68,9.0,2021,"{""type"":""MultiPoint"",""coordinates"":[]}"
36_9_0,4113.3608695679595,3,10.0,2021,"{""type"":""MultiPoint"",""coordinates"":[]}"
36_9_1,9.735591168151755,6,10.0,2021,"{""type"":""MultiPoint"",""coordinates"":[]}"
36_9_2,1.4550889591674787,11,10.0,2021,"{""type"":""MultiPoint"",""coordinates"":[]}"
36_9_3,111.48316053118731,13,10.0,2021,"{""type"":""MultiPoint"",""coordinates"":[]}"
36_9_4,389.4681379726301,15,10.0,2021,"{""type"":""MultiPoint"",""coordinates"":[]}"
36_9_5,2.087426035095221,18,10.0,2021,"{""type"":""MultiPoint"",""coordinates"":[]}"
36_9_6,275.19608919079127,21,10.0,2021,"{""type"":""MultiPoint"",""coordinates"":[]}"
36_9_7,5.147552349609378,23,10.0,2021,"{""type"":""MultiPoint"",""coordinates"":[]}"
36_9_8,0.6595555302124012,24,10.0,2021,"{""type"":""MultiPoint"",""coordinates"":[]}"
36_9_9,2.228008761047363,25,10.0,2021,"{""type"":""MultiPoint"",""coordinates"":[]}"
36_9_10,0.23416677386474638,30,10.0,2021,"{""type"":""MultiPoint"",""coordinates"":[]}"
36_9_11,23.7077579204713,33,10.0,2021,"{""type"":""MultiPoint"",""coordinates"":[]}"
36_9_12,0.8338190476074226,68,10.0,2021,"{""type"":""MultiPoint"",""coordinates"":[]}"
36_10_0,27090.32782644577,3,11.0,2021,"{""type"":""MultiPoint"",""coordinates"":[]}"
36_10_1,7549.395864236917,6,11.0,2021,"{""type"":""MultiPoint"",""coordinates"":[]}"
36_10_2,6.875601305542049,9,11.0,2021,"{""type"":""MultiPoint"",""coordinates"":[]}"
36_10_3,1919.0308215355155,11,11.0,2021,"{""type"":""MultiPoint"",""coordinates"":[]}"
36_10_4,3831.855891993762,12,11.0,2021,"{""type"":""MultiPoint"",""coordinates"":[]}"
36_10_5,180.77476734392974,13,11.0,2021,"{""type"":""MultiPoint"",""coordinates"":[]}"
36_10_6,611.0310136655313,15,11.0,2021,"{""type"":""MultiPoint"",""coordinates"":[]}"
36_10_7,138.9585832556765,18,11.0,2021,"{""type"":""MultiPoint"",""coordinates"":[]}"
36_10_8,383.6712256443487,21,11.0,2021,"{""type"":""MultiPoint"",""coordinates"":[]}"
36_10_9,38.342387618408125,23,11.0,2021,"{""type"":""MultiPoint"",""coordinates"":[]}"
36_10_10,0.49736841461181647,24,11.0,2021,"{""type"":""MultiPoint"",""coordinates"":[]}"
36_10_11,24.544646879333516,25,11.0,2021,"{""type"":""MultiPoint"",""coordinates"":[]}"
36_10_12,0.002674663818359375,27,11.0,2021,"{""type"":""MultiPoint"",""coordinates"":[]}"
36_10_13,18.199484544494567,29,11.0,2021,"{""type"":""MultiPoint"",""coordinates"":[]}"
36_10_14,0.36723823858642557,30,11.0,2021,"{""type"":""MultiPoint"",""coordinates"":[]}"
36_10_15,660.6128370081212,33,11.0,2021,"{""type"":""MultiPoint"",""coordinates"":[]}"
36_10_16,185.96011456585344,68,11.0,2021,"{""type"":""MultiPoint"",""coordinates"":[]}"
36_11_0,43024.0298963436,3,12.0,2021,"{""type"":""MultiPoint"",""coordinates"":[]}"
36_11_1,4710.269904543042,6,12.0,2021,"{""type"":""MultiPoint"",""coordinates"":[]}"
36_11_2,85.72186348828005,11,12.0,2021,"{""type"":""MultiPoint"",""coordinates"":[]}"
36_11_3,463.73489529041683,12,12.0,2021,"{""type"":""MultiPoint"",""coordinates"":[]}"
36_11_4,447.6921104490321,13,12.0,2021,"{""type"":""MultiPoint"",""coordinates"":[]}"
36_11_5,5630.3642111338795,15,12.0,2021,"{""type"":""MultiPoint"",""coordinates"":[]}"
36_11_6,37.75380525811746,18,12.0,2021,"{""type"":""MultiPoint"",""coordinates"":[]}"
36_11_7,642.7941259630162,21,12.0,2021,"{""type"":""MultiPoint"",""coordinates"":[]}"
36_11_8,4.7242053397216806,23,12.0,2021,"{""type"":""MultiPoint"",""coordinates"":[]}"
36_11_9,7.656490591247546,24,12.0,2021,"{""type"":""MultiPoint"",""coordinates"":[]}"
36_11_10,2.587931956481934,25,12.0,2021,"{""type"":""MultiPoint"",""coordinates"":[]}"
36_11_11,0.07681087902832025,30,12.0,2021,"{""type"":""MultiPoint"",""coordinates"":[]}"
36_11_12,389.6901650053101,33,12.0,2021,"{""type"":""MultiPoint"",""coordinates"":[]}"
36_11_13,2.82009374530027,35,12.0,2021,"{""type"":""MultiPoint"",""coordinates"":[]}"
36_11_14,1.1892976364135748,68,12.0,2021,"{""type"":""MultiPoint"",""coordinates"":[]}"
36_12_0,22171.21905746692,3,13.0,2021,"{""type"":""MultiPoint"",""coordinates"":[]}"
36_12_1,2692.920294899076,6,13.0,2021,"{""type"":""MultiPoint"",""coordinates"":[]}"
36_12_2,26.8857078612671,9,13.0,2021,"{""type"":""MultiPoint"",""coordinates"":[]}"
36_12_3,367.80214094671817,11,13.0,2021,"{""type"":""MultiPoint"",""coordinates"":[]}"
36_12_4,4931.898585448646,12,13.0,2021,"{""type"":""MultiPoint"",""coordinates"":[]}"
36_12_5,971.8306342799731,13,13.0,2021,"{""type"":""MultiPoint"",""coordinates"":[]}"
36_12_6,11938.00670290208,15,13.0,2021,"{""type"":""MultiPoint"",""coordinates"":[]}"
36_12_7,448.0256133013306,18,13.0,2021,"{""type"":""MultiPoint"",""coordinates"":[]}"
36_12_8,1893.711412582645,21,13.0,2021,"{""type"":""MultiPoint"",""coordinates"":[]}"
36_12_9,107.97874561541651,23,13.0,2021,"{""type"":""MultiPoint"",""coordinates"":[]}"
36_12_10,13.545644364929236,24,13.0,2021,"{""type"":""MultiPoint"",""coordinates"":[]}"
36_12_11,50.21809934112553,25,13.0,2021,"{""type"":""MultiPoint"",""coordinates"":[]}"
36_12_12,0.3043864814453125,30,13.0,2021,"{""type"":""MultiPoint"",""coordinates"":[]}"
36_12_13,0.9048808001098627,31,13.0,2021,"{""type"":""MultiPoint"",""coordinates"":[]}"
36_12_14,361.1212543510138,33,13.0,2021,"{""type"":""MultiPoint"",""coordinates"":[]}"
36_12_15,450.20119514924033,35,13.0,2021,"{""type"":""MultiPoint"",""coordinates"":[]}"
36_12_16,4.632893715881352,68,13.0,2021,"{""type"":""MultiPoint"",""coordinates"":[]}"
37_0_0,0.0017839960327148438,13,1.0,2022,"{""type"":""MultiPoint"",""coordinates"":[]}"
37_1_0,0.001783488037109375,13,2.0,2022,"{""type"":""MultiPoint"",""coordinates"":[]}"
37_2_0,60249.347555803004,3,3.0,2022,"{""type"":""MultiPoint"",""coordinates"":[]}"
37_2_1,5774.880935479156,6,3.0,2022,"{""type"":""MultiPoint"",""coordinates"":[]}"
37_2_2,9.953378455261255,9,3.0,2022,"{""type"":""MultiPoint"",""coordinates"":[]}"
37_2_3,119.59866287310841,11,3.0,2022,"{""type"":""MultiPoint"",""coordinates"":[]}"
37_2_4,1443.2171149345102,12,3.0,2022,"{""type"":""MultiPoint"",""coordinates"":[]}"
37_2_5,1677.0181442298726,13,3.0,2022,"{""type"":""MultiPoint"",""coordinates"":[]}"
37_2_6,19885.7557933595,15,3.0,2022,"{""type"":""MultiPoint"",""coordinates"":[]}"
37_2_7,36.461121888183776,18,3.0,2022,"{""type"":""MultiPoint"",""coordinates"":[]}"
37_2_8,2724.8377426857514,21,3.0,2022,"{""type"":""MultiPoint"",""coordinates"":[]}"
37_2_9,88.78747649755876,23,3.0,2022,"{""type"":""MultiPoint"",""coordinates"":[]}"
37_2_10,27.236346956237924,24,3.0,2022,"{""type"":""MultiPoint"",""coordinates"":[]}"
37_2_11,27.897526105163582,25,3.0,2022,"{""type"":""MultiPoint"",""coordinates"":[]}"
37_2_12,2.0063149631958015,30,3.0,2022,"{""type"":""MultiPoint"",""coordinates"":[]}"
37_2_13,0.09740856408691392,31,3.0,2022,"{""type"":""MultiPoint"",""coordinates"":[]}"
37_2_14,768.1115487409621,33,3.0,2022,"{""type"":""MultiPoint"",""coordinates"":[]}"
37_2_15,0.02232401672363282,68,3.0,2022,"{""type"":""MultiPoint"",""coordinates"":[]}"
37_3_0,57271.57963105923,3,4.0,2022,"{""type"":""MultiPoint"",""coordinates"":[]}"
37_3_1,9245.670348348951,6,4.0,2022,"{""type"":""MultiPoint"",""coordinates"":[]}"
37_3_2,663.9507794678857,11,4.0,2022,"{""type"":""MultiPoint"",""coordinates"":[]}"
37_3_3,1980.7162577380323,12,4.0,2022,"{""type"":""MultiPoint"",""coordinates"":[]}"
37_3_4,85.34405203247125,13,4.0,2022,"{""type"":""MultiPoint"",""coordinates"":[]}"
37_3_5,61.84263870983827,15,4.0,2022,"{""type"":""MultiPoint"",""coordinates"":[]}"
37_3_6,337.80074812408225,18,4.0,2022,"{""type"":""MultiPoint"",""coordinates"":[]}"
37_3_7,77.42830979937754,21,4.0,2022,"{""type"":""MultiPoint"",""coordinates"":[]}"
37_3_8,14.96798313171384,23,4.0,2022,"{""type"":""MultiPoint"",""coordinates"":[]}"
37_3_9,8.698566427307153,24,4.0,2022,"{""type"":""MultiPoint"",""coordinates"":[]}"
37_3_10,14.537741570434571,25,4.0,2022,"{""type"":""MultiPoint"",""coordinates"":[]}"
37_3_11,50.8691436726677,29,4.0,2022,"{""type"":""MultiPoint"",""coordinates"":[]}"
37_3_12,1.0826969110107412,30,4.0,2022,"{""type"":""MultiPoint"",""coordinates"":[]}"
37_3_13,644.0734840008506,33,4.0,2022,"{""type"":""MultiPoint"",""coordinates"":[]}"
37_3_14,202.05080627873156,68,4.0,2022,"{""type"":""MultiPoint"",""coordinates"":[]}"
37_3_15,0.044600125854492176,75,4.0,2022,"{""type"":""MultiPoint"",""coordinates"":[]}"
37_4_0,95200.10446437473,3,5.0,2022,"{""type"":""MultiPoint"",""coordinates"":[]}"
37_4_1,10227.714962251735,6,5.0,2022,"{""type"":""MultiPoint"",""coordinates"":[]}"
37_4_2,1005.2280551771124,11,5.0,2022,"{""type"":""MultiPoint"",""coordinates"":[]}"
37_4_3,57.213768788146474,13,5.0,2022,"{""type"":""MultiPoint"",""coordinates"":[]}"
37_4_4,2.9598712145996102,15,5.0,2022,"{""type"":""MultiPoint"",""coordinates"":[]}"
37_4_5,476.63838437689316,18,5.0,2022,"{""type"":""MultiPoint"",""coordinates"":[]}"
37_4_6,59.61743582537877,21,5.0,2022,"{""type"":""MultiPoint"",""coordinates"":[]}"
37_4_7,34.511893174560456,23,5.0,2022,"{""type"":""MultiPoint"",""coordinates"":[]}"
37_4_8,6.910890334838859,24,5.0,2022,"{""type"":""MultiPoint"",""coordinates"":[]}"
37_4_9,2.527132237487799,25,5.0,2022,"{""type"":""MultiPoint"",""coordinates"":[]}"
37_4_10,0.10257604327392578,30,5.0,2022,"{""type"":""MultiPoint"",""coordinates"":[]}"
37_4_11,0.04904415301513669,31,5.0,2022,"{""type"":""MultiPoint"",""coordinates"":[]}"
37_4_12,1579.3211695317518,33,5.0,2022,"{""type"":""MultiPoint"",""coordinates"":[]}"
37_4_13,1.8092342460327189,68,5.0,2022,"{""type"":""MultiPoint"",""coordinates"":[]}"
37_4_14,0.009812816833496094,75,5.0,2022,"{""type"":""MultiPoint"",""coordinates"":[]}"
37_5_0,48952.13477039417,3,6.0,2022,"{""type"":""MultiPoint"",""coordinates"":[]}"
37_5_1,2437.939770412593,6,6.0,2022,"{""type"":""MultiPoint"",""coordinates"":[]}"
37_5_2,89.23001138000429,11,6.0,2022,"{""type"":""MultiPoint"",""coordinates"":[]}"
37_5_3,468.3239411555136,13,6.0,2022,"{""type"":""MultiPoint"",""coordinates"":[]}"
37_5_4,57.230115943970354,15,6.0,2022,"{""type"":""MultiPoint"",""coordinates"":[]}"
37_5_5,543.2035087791785,18,6.0,2022,"{""type"":""MultiPoint"",""coordinates"":[]}"
37_5_6,133.61184846368408,21,6.0,2022,"{""type"":""MultiPoint"",""coordinates"":[]}"
37_5_7,1.1388180951538087,23,6.0,2022,"{""type"":""MultiPoint"",""coordinates"":[]}"
37_5_8,2.313183528381346,24,6.0,2022,"{""type"":""MultiPoint"",""coordinates"":[]}"
37_5_9,3.7121148833618145,25,6.0,2022,"{""type"":""MultiPoint"",""coordinates"":[]}"
37_5_10,1.5435341351928722,29,6.0,2022,"{""type"":""MultiPoint"",""coordinates"":[]}"
37_5_11,0.28959910003662126,30,6.0,2022,"{""type"":""MultiPoint"",""coordinates"":[]}"
37_5_12,435.3388127573225,33,6.0,2022,"{""type"":""MultiPoint"",""coordinates"":[]}"
37_5_13,1.500808625671385,68,6.0,2022,"{""type"":""MultiPoint"",""coordinates"":[]}"
37_6_0,16603.927473945336,3,7.0,2022,"{""type"":""MultiPoint"",""coordinates"":[]}"
37_6_1,1874.2675609101843,6,7.0,2022,"{""type"":""MultiPoint"",""coordinates"":[]}"
37_6_2,0.5309874833984374,9,7.0,2022,"{""type"":""MultiPoint"",""coordinates"":[]}"
37_6_3,77.67811522671899,11,7.0,2022,"{""type"":""MultiPoint"",""coordinates"":[]}"
37_6_4,76.38724082043518,13,7.0,2022,"{""type"":""MultiPoint"",""coordinates"":[]}"
37_6_5,5893.691873859114,15,7.0,2022,"{""type"":""MultiPoint"",""coordinates"":[]}"
37_6_6,125.06452320006856,18,7.0,2022,"{""type"":""MultiPoint"",""coordinates"":[]}"
37_6_7,710.930181010667,21,7.0,2022,"{""type"":""MultiPoint"",""coordinates"":[]}"
37_6_8,55.437022739135955,23,7.0,2022,"{""type"":""MultiPoint"",""coordinates"":[]}"
37_6_9,30.988432133239925,24,7.0,2022,"{""type"":""MultiPoint"",""coordinates"":[]}"
37_6_10,16.230466869811984,25,7.0,2022,"{""type"":""MultiPoint"",""coordinates"":[]}"
37_6_11,0.02413436730957031,27,7.0,2022,"{""type"":""MultiPoint"",""coordinates"":[]}"
37_6_12,2.9917176522827154,30,7.0,2022,"{""type"":""MultiPoint"",""coordinates"":[]}"
37_6_13,1.6796626885986354,31,7.0,2022,"{""type"":""MultiPoint"",""coordinates"":[]}"
37_6_14,348.77977241173954,33,7.0,2022,"{""type"":""MultiPoint"",""coordinates"":[]}"
37_6_15,3.081683547119132,68,7.0,2022,"{""type"":""MultiPoint"",""coordinates"":[]}"
37_7_0,0.0017843005981445312,13,8.0,2022,"{""type"":""MultiPoint"",""coordinates"":[]}"
37_8_0,2382.705546313743,3,9.0,2022,"{""type"":""MultiPoint"",""coordinates"":[]}"
37_8_1,21.796428803466895,11,9.0,2022,"{""type"":""MultiPoint"",""coordinates"":[]}"
37_8_2,168.33693053656785,13,9.0,2022,"{""type"":""MultiPoint"",""coordinates"":[]}"
37_8_3,118.91012650395768,15,9.0,2022,"{""type"":""MultiPoint"",""coordinates"":[]}"
37_8_4,39.711164179382266,18,9.0,2022,"{""type"":""MultiPoint"",""coordinates"":[]}"
37_8_5,107.9300185298467,21,9.0,2022,"{""type"":""MultiPoint"",""coordinates"":[]}"
37_8_6,3.8260756286010964,23,9.0,2022,"{""type"":""MultiPoint"",""coordinates"":[]}"
37_8_7,0.8018072424316404,24,9.0,2022,"{""type"":""MultiPoint"",""coordinates"":[]}"
37_8_8,0.7768185476074215,25,9.0,2022,"{""type"":""MultiPoint"",""coordinates"":[]}"
37_8_9,0.8581711245117202,27,9.0,2022,"{""type"":""MultiPoint"",""coordinates"":[]}"
37_8_10,50.871043361452294,33,9.0,2022,"{""type"":""MultiPoint"",""coordinates"":[]}"
37_8_11,1.8798765924682617,68,9.0,2022,"{""type"":""MultiPoint"",""coordinates"":[]}"
37_9_0,4117.311404992394,3,10.0,2022,"{""type"":""MultiPoint"",""coordinates"":[]}"
37_9_1,9.748104863464247,6,10.0,2022,"{""type"":""MultiPoint"",""coordinates"":[]}"
37_9_2,1.3692917736206043,11,10.0,2022,"{""type"":""MultiPoint"",""coordinates"":[]}"
37_9_3,114.00223009667891,13,10.0,2022,"{""type"":""MultiPoint"",""coordinates"":[]}"
37_9_4,404.29907024028716,15,10.0,2022,"{""type"":""MultiPoint"",""coordinates"":[]}"
37_9_5,1.2385791703491205,18,10.0,2022,"{""type"":""MultiPoint"",""coordinates"":[]}"
37_9_6,251.87906006292272,21,10.0,2022,"{""type"":""MultiPoint"",""coordinates"":[]}"
37_9_7,6.819862103332538,23,10.0,2022,"{""type"":""MultiPoint"",""coordinates"":[]}"
37_9_8,0.8463558049926749,24,10.0,2022,"{""type"":""MultiPoint"",""coordinates"":[]}"
37_9_9,3.2245276046142566,25,10.0,2022,"{""type"":""MultiPoint"",""coordinates"":[]}"
37_9_10,0.5246436956787105,30,10.0,2022,"{""type"":""MultiPoint"",""coordinates"":[]}"
37_9_11,22.92207971319599,33,10.0,2022,"{""type"":""MultiPoint"",""coordinates"":[]}"
37_9_12,1.4120136863403336,68,10.0,2022,"{""type"":""MultiPoint"",""coordinates"":[]}"
37_10_0,26999.607442973436,3,11.0,2022,"{""type"":""MultiPoint"",""coordinates"":[]}"
37_10_1,7598.695138138568,6,11.0,2022,"{""type"":""MultiPoint"",""coordinates"":[]}"
37_10_2,7.104698299194402,9,11.0,2022,"{""type"":""MultiPoint"",""coordinates"":[]}"
37_10_3,1922.2473909077057,11,11.0,2022,"{""type"":""MultiPoint"",""coordinates"":[]}"
37_10_4,3817.828766990043,12,11.0,2022,"{""type"":""MultiPoint"",""coordinates"":[]}"
37_10_5,179.4502139441478,13,11.0,2022,"{""type"":""MultiPoint"",""coordinates"":[]}"
37_10_6,596.4855902075816,15,11.0,2022,"{""type"":""MultiPoint"",""coordinates"":[]}"
37_10_7,173.44206505621398,18,11.0,2022,"{""type"":""MultiPoint"",""coordinates"":[]}"
37_10_8,387.79319503027506,21,11.0,2022,"{""type"":""MultiPoint"",""coordinates"":[]}"
37_10_9,35.03396982287589,23,11.0,2022,"{""type"":""MultiPoint"",""coordinates"":[]}"
37_10_10,0.5731035029296877,24,11.0,2022,"{""type"":""MultiPoint"",""coordinates"":[]}"
37_10_11,29.614728041320845,25,11.0,2022,"{""type"":""MultiPoint"",""coordinates"":[]}"
37_10_12,0.002674663818359375,27,11.0,2022,"{""type"":""MultiPoint"",""coordinates"":[]}"
37_10_13,19.248112450500447,29,11.0,2022,"{""type"":""MultiPoint"",""coordinates"":[]}"
37_10_14,0.3823971909790037,30,11.0,2022,"{""type"":""MultiPoint"",""coordinates"":[]}"
37_10_15,679.240863097658,33,11.0,2022,"{""type"":""MultiPoint"",""coordinates"":[]}"
37_10_16,193.69799704290494,68,11.0,2022,"{""type"":""MultiPoint"",""coordinates"":[]}"
37_11_0,42772.658135797814,3,12.0,2022,"{""type"":""MultiPoint"",""coordinates"":[]}"
37_11_1,4636.525215811554,6,12.0,2022,"{""type"":""MultiPoint"",""coordinates"":[]}"
37_11_2,83.45230994048931,11,12.0,2022,"{""type"":""MultiPoint"",""coordinates"":[]}"
37_11_3,448.5486758482001,12,12.0,2022,"{""type"":""MultiPoint"",""coordinates"":[]}"
37_11_4,448.3219622011681,13,12.0,2022,"{""type"":""MultiPoint"",""coordinates"":[]}"
37_11_5,6014.797872477742,15,12.0,2022,"{""type"":""MultiPoint"",""coordinates"":[]}"
37_11_6,36.99301156634506,18,12.0,2022,"{""type"":""MultiPoint"",""coordinates"":[]}"
37_11_7,599.9861569444006,21,12.0,2022,"{""type"":""MultiPoint"",""coordinates"":[]}"
37_11_8,22.875032799255408,23,12.0,2022,"{""type"":""MultiPoint"",""coordinates"":[]}"
37_11_9,8.137064045043948,24,12.0,2022,"{""type"":""MultiPoint"",""coordinates"":[]}"
37_11_10,4.050689906066894,25,12.0,2022,"{""type"":""MultiPoint"",""coordinates"":[]}"
37_11_11,0.136657374206543,30,12.0,2022,"{""type"":""MultiPoint"",""coordinates"":[]}"
37_11_12,370.3235480061023,33,12.0,2022,"{""type"":""MultiPoint"",""coordinates"":[]}"
37_11_13,3.309457739318825,35,12.0,2022,"{""type"":""MultiPoint"",""coordinates"":[]}"
37_11_14,0.99001716546631,68,12.0,2022,"{""type"":""MultiPoint"",""coordinates"":[]}"
37_12_0,21824.461150696563,3,13.0,2022,"{""type"":""MultiPoint"",""coordinates"":[]}"
37_12_1,2592.6169132129876,6,13.0,2022,"{""type"":""MultiPoint"",""coordinates"":[]}"
37_12_2,27.326686617919933,9,13.0,2022,"{""type"":""MultiPoint"",""coordinates"":[]}"
37_12_3,354.99442971551673,11,13.0,2022,"{""type"":""MultiPoint"",""coordinates"":[]}"
37_12_4,4875.962414368472,12,13.0,2022,"{""type"":""MultiPoint"",""coordinates"":[]}"
37_12_5,980.311524836345,13,13.0,2022,"{""type"":""MultiPoint"",""coordinates"":[]}"
37_12_6,12481.487701422573,15,13.0,2022,"{""type"":""MultiPoint"",""coordinates"":[]}"
37_12_7,418.44404453412363,18,13.0,2022,"{""type"":""MultiPoint"",""coordinates"":[]}"
37_12_8,1868.1238508808412,21,13.0,2022,"{""type"":""MultiPoint"",""coordinates"":[]}"
37_12_9,128.5854128233021,23,13.0,2022,"{""type"":""MultiPoint"",""coordinates"":[]}"
37_12_10,14.13214634454349,24,13.0,2022,"{""type"":""MultiPoint"",""coordinates"":[]}"
37_12_11,52.74922316186523,25,13.0,2022,"{""type"":""MultiPoint"",""coordinates"":[]}"
37_12_12,0.3695542755737305,30,13.0,2022,"{""type"":""MultiPoint"",""coordinates"":[]}"
37_12_13,1.2430993367309566,31,13.0,2022,"{""type"":""MultiPoint"",""coordinates"":[]}"
37_12_14,351.58191003662085,33,13.0,2022,"{""type"":""MultiPoint"",""coordinates"":[]}"
37_12_15,453.66957308234504,35,13.0,2022,"{""type"":""MultiPoint"",""coordinates"":[]}"
37_12_16,5.147614161865239,68,13.0,2022,"{""type"":""MultiPoint"",""coordinates"":[]}"
38_0_0,0.0017839960327148438,13,1.0,2023,"{""type"":""MultiPoint"",""coordinates"":[]}"
38_1_0,0.001783488037109375,13,2.0,2023,"{""type"":""MultiPoint"",""coordinates"":[]}"
38_2_0,60425.0626789861,3,3.0,2023,"{""type"":""MultiPoint"",""coordinates"":[]}"
38_2_1,5637.989891293603,6,3.0,2023,"{""type"":""MultiPoint"",""coordinates"":[]}"
38_2_2,9.354571059570315,9,3.0,2023,"{""type"":""MultiPoint"",""coordinates"":[]}"
38_2_3,115.5518351140143,11,3.0,2023,"{""type"":""MultiPoint"",""coordinates"":[]}"
38_2_4,1403.536781145844,12,3.0,2023,"{""type"":""MultiPoint"",""coordinates"":[]}"
38_2_5,1666.5605509743268,13,3.0,2023,"{""type"":""MultiPoint"",""coordinates"":[]}"
38_2_6,20002.525178827516,15,3.0,2023,"{""type"":""MultiPoint"",""coordinates"":[]}"
38_2_7,34.14908381158469,18,3.0,2023,"{""type"":""MultiPoint"",""coordinates"":[]}"
38_2_8,2645.0421028659775,21,3.0,2023,"{""type"":""MultiPoint"",""coordinates"":[]}"
38_2_9,65.13539339587413,23,3.0,2023,"{""type"":""MultiPoint"",""coordinates"":[]}"
38_2_10,29.3542558966067,24,3.0,2023,"{""type"":""MultiPoint"",""coordinates"":[]}"
38_2_11,11.963988087036125,25,3.0,2023,"{""type"":""MultiPoint"",""coordinates"":[]}"
38_2_12,2.358432447631836,30,3.0,2023,"{""type"":""MultiPoint"",""coordinates"":[]}"
38_2_13,0.1108134099121092,31,3.0,2023,"{""type"":""MultiPoint"",""coordinates"":[]}"
38_2_14,783.661551338007,33,3.0,2023,"{""type"":""MultiPoint"",""coordinates"":[]}"
38_2_15,2.872286897644093,68,3.0,2023,"{""type"":""MultiPoint"",""coordinates"":[]}"
38_3_0,57080.97719956479,3,4.0,2023,"{""type"":""MultiPoint"",""coordinates"":[]}"
38_3_1,9407.163797411344,6,4.0,2023,"{""type"":""MultiPoint"",""coordinates"":[]}"
38_3_2,671.2721674633701,11,4.0,2023,"{""type"":""MultiPoint"",""coordinates"":[]}"
38_3_3,1986.2720121231773,12,4.0,2023,"{""type"":""MultiPoint"",""coordinates"":[]}"
38_3_4,88.3154028968512,13,4.0,2023,"{""type"":""MultiPoint"",""coordinates"":[]}"
38_3_5,61.57380848815873,15,4.0,2023,"{""type"":""MultiPoint"",""coordinates"":[]}"
38_3_6,352.7198218064538,18,4.0,2023,"{""type"":""MultiPoint"",""coordinates"":[]}"
38_3_7,80.41887020501699,21,4.0,2023,"{""type"":""MultiPoint"",""coordinates"":[]}"
38_3_8,8.961589285095224,23,4.0,2023,"{""type"":""MultiPoint"",""coordinates"":[]}"
38_3_9,8.965416914978054,24,4.0,2023,"{""type"":""MultiPoint"",""coordinates"":[]}"
38_3_10,13.927065170654302,25,4.0,2023,"{""type"":""MultiPoint"",""coordinates"":[]}"
38_3_11,50.844030878844364,29,4.0,2023,"{""type"":""MultiPoint"",""coordinates"":[]}"
38_3_12,1.3158378637695307,30,4.0,2023,"{""type"":""MultiPoint"",""coordinates"":[]}"
38_3_13,651.1566322687954,33,4.0,2023,"{""type"":""MultiPoint"",""coordinates"":[]}"
38_3_14,196.72953493113351,68,4.0,2023,"{""type"":""MultiPoint"",""coordinates"":[]}"
38_3_15,0.044600125854492176,75,4.0,2023,"{""type"":""MultiPoint"",""coordinates"":[]}"
38_4_0,95234.5640210645,3,5.0,2023,"{""type"":""MultiPoint"",""coordinates"":[]}"
38_4_1,10264.09375803551,6,5.0,2023,"{""type"":""MultiPoint"",""coordinates"":[]}"
38_4_2,921.0255230875796,11,5.0,2023,"{""type"":""MultiPoint"",""coordinates"":[]}"
38_4_3,62.637468460265396,13,5.0,2023,"{""type"":""MultiPoint"",""coordinates"":[]}"
38_4_4,2.883246492675784,15,5.0,2023,"{""type"":""MultiPoint"",""coordinates"":[]}"
38_4_5,482.9845303862925,18,5.0,2023,"{""type"":""MultiPoint"",""coordinates"":[]}"
38_4_6,66.66564575836217,21,5.0,2023,"{""type"":""MultiPoint"",""coordinates"":[]}"
38_4_7,51.933829963317805,23,5.0,2023,"{""type"":""MultiPoint"",""coordinates"":[]}"
38_4_8,8.20507062725831,24,5.0,2023,"{""type"":""MultiPoint"",""coordinates"":[]}"
38_4_9,1.140347214965821,25,5.0,2023,"{""type"":""MultiPoint"",""coordinates"":[]}"
38_4_10,0.358929376586914,30,5.0,2023,"{""type"":""MultiPoint"",""coordinates"":[]}"
38_4_11,0.054394438293457005,31,5.0,2023,"{""type"":""MultiPoint"",""coordinates"":[]}"
38_4_12,1553.707901512408,33,5.0,2023,"{""type"":""MultiPoint"",""coordinates"":[]}"
38_4_13,4.454215311584481,68,5.0,2023,"{""type"":""MultiPoint"",""coordinates"":[]}"
38_4_14,0.009812816833496094,75,5.0,2023,"{""type"":""MultiPoint"",""coordinates"":[]}"
38_5_0,48955.079126837045,3,6.0,2023,"{""type"":""MultiPoint"",""coordinates"":[]}"
38_5_1,2406.6533182216763,6,6.0,2023,"{""type"":""MultiPoint"",""coordinates"":[]}"
38_5_2,85.05465608642528,11,6.0,2023,"{""type"":""MultiPoint"",""coordinates"":[]}"
38_5_3,486.4949409022718,13,6.0,2023,"{""type"":""MultiPoint"",""coordinates"":[]}"
38_5_4,59.56837714593584,15,6.0,2023,"{""type"":""MultiPoint"",""coordinates"":[]}"
38_5_5,552.3239297100885,18,6.0,2023,"{""type"":""MultiPoint"",""coordinates"":[]}"
38_5_6,125.71122522204608,21,6.0,2023,"{""type"":""MultiPoint"",""coordinates"":[]}"
38_5_7,0.7839029332885739,23,6.0,2023,"{""type"":""MultiPoint"",""coordinates"":[]}"
38_5_8,2.432058636779785,24,6.0,2023,"{""type"":""MultiPoint"",""coordinates"":[]}"
38_5_9,4.085731603698728,25,6.0,2023,"{""type"":""MultiPoint"",""coordinates"":[]}"
38_5_10,1.534596975402833,29,6.0,2023,"{""type"":""MultiPoint"",""coordinates"":[]}"
38_5_11,0.25920434332275416,30,6.0,2023,"{""type"":""MultiPoint"",""coordinates"":[]}"
38_5_12,445.47837178442165,33,6.0,2023,"{""type"":""MultiPoint"",""coordinates"":[]}"
38_5_13,2.0513972518310557,68,6.0,2023,"{""type"":""MultiPoint"",""coordinates"":[]}"
38_6_0,16388.5672338795,3,7.0,2023,"{""type"":""MultiPoint"",""coordinates"":[]}"
38_6_1,1866.669078647948,6,7.0,2023,"{""type"":""MultiPoint"",""coordinates"":[]}"
38_6_2,0.5193664594116206,9,7.0,2023,"{""type"":""MultiPoint"",""coordinates"":[]}"
38_6_3,74.63696312186042,11,7.0,2023,"{""type"":""MultiPoint"",""coordinates"":[]}"
38_6_4,77.59501575964411,13,7.0,2023,"{""type"":""MultiPoint"",""coordinates"":[]}"
38_6_5,5945.7104947640255,15,7.0,2023,"{""type"":""MultiPoint"",""coordinates"":[]}"
38_6_6,124.93141788403096,18,7.0,2023,"{""type"":""MultiPoint"",""coordinates"":[]}"
38_6_7,885.3392145925282,21,7.0,2023,"{""type"":""MultiPoint"",""coordinates"":[]}"
38_6_8,46.533468550048845,23,7.0,2023,"{""type"":""MultiPoint"",""coordinates"":[]}"
38_6_9,34.22517977703857,24,7.0,2023,"{""type"":""MultiPoint"",""coordinates"":[]}"
38_6_10,15.370506424865708,25,7.0,2023,"{""type"":""MultiPoint"",""coordinates"":[]}"
38_6_11,0.02413436730957031,27,7.0,2023,"{""type"":""MultiPoint"",""coordinates"":[]}"
38_6_12,3.2178638557129173,30,7.0,2023,"{""type"":""MultiPoint"",""coordinates"":[]}"
38_6_13,1.6439067712402362,31,7.0,2023,"{""type"":""MultiPoint"",""coordinates"":[]}"
38_6_14,354.17407767651054,33,7.0,2023,"{""type"":""MultiPoint"",""coordinates"":[]}"
38_6_15,2.5329263336791965,68,7.0,2023,"{""type"":""MultiPoint"",""coordinates"":[]}"
38_7_0,0.0017843005981445312,13,8.0,2023,"{""type"":""MultiPoint"",""coordinates"":[]}"
38_8_0,2379.879778148184,3,9.0,2023,"{""type"":""MultiPoint"",""coordinates"":[]}"
38_8_1,22.086929668212978,11,9.0,2023,"{""type"":""MultiPoint"",""coordinates"":[]}"
38_8_2,167.59503109980022,13,9.0,2023,"{""type"":""MultiPoint"",""coordinates"":[]}"
38_8_3,116.33194682952855,15,9.0,2023,"{""type"":""MultiPoint"",""coordinates"":[]}"
38_8_4,29.233339476135885,18,9.0,2023,"{""type"":""MultiPoint"",""coordinates"":[]}"
38_8_5,124.56802646142462,21,9.0,2023,"{""type"":""MultiPoint"",""coordinates"":[]}"
38_8_6,3.604372876708983,23,9.0,2023,"{""type"":""MultiPoint"",""coordinates"":[]}"
38_8_7,0.8259433195190429,24,9.0,2023,"{""type"":""MultiPoint"",""coordinates"":[]}"
38_8_8,0.7258596356811525,25,9.0,2023,"{""type"":""MultiPoint"",""coordinates"":[]}"
38_8_9,0.8581711245117202,27,9.0,2023,"{""type"":""MultiPoint"",""coordinates"":[]}"
38_8_10,50.878197612489764,33,9.0,2023,"{""type"":""MultiPoint"",""coordinates"":[]}"
38_8_11,1.816411111877441,68,9.0,2023,"{""type"":""MultiPoint"",""coordinates"":[]}"
38_9_0,4105.776672426088,3,10.0,2023,"{""type"":""MultiPoint"",""coordinates"":[]}"
38_9_1,9.756149199401756,6,10.0,2023,"{""type"":""MultiPoint"",""coordinates"":[]}"
38_9_2,1.356779544250487,11,10.0,2023,"{""type"":""MultiPoint"",""coordinates"":[]}"
38_9_3,114.11752297509686,13,10.0,2023,"{""type"":""MultiPoint"",""coordinates"":[]}"
38_9_4,422.2478746143886,15,10.0,2023,"{""type"":""MultiPoint"",""coordinates"":[]}"
38_9_5,0.6549698671874996,18,10.0,2023,"{""type"":""MultiPoint"",""coordinates"":[]}"
38_9_6,247.5555398928787,21,10.0,2023,"{""type"":""MultiPoint"",""coordinates"":[]}"
38_9_7,7.778935867126445,23,10.0,2023,"{""type"":""MultiPoint"",""coordinates"":[]}"
38_9_8,0.9848972872314454,24,10.0,2023,"{""type"":""MultiPoint"",""coordinates"":[]}"
38_9_9,2.9760215020751946,25,10.0,2023,"{""type"":""MultiPoint"",""coordinates"":[]}"
38_9_10,0.5863169774780267,30,10.0,2023,"{""type"":""MultiPoint"",""coordinates"":[]}"
38_9_11,20.85734947619631,33,10.0,2023,"{""type"":""MultiPoint"",""coordinates"":[]}"
38_9_12,0.9481941783447273,68,10.0,2023,"{""type"":""MultiPoint"",""coordinates"":[]}"
38_10_0,26954.824369976646,3,11.0,2023,"{""type"":""MultiPoint"",""coordinates"":[]}"
38_10_1,7608.659076809421,6,11.0,2023,"{""type"":""MultiPoint"",""coordinates"":[]}"
38_10_2,7.082413027404859,9,11.0,2023,"{""type"":""MultiPoint"",""coordinates"":[]}"
38_10_3,1923.7439929227278,11,11.0,2023,"{""type"":""MultiPoint"",""coordinates"":[]}"
38_10_4,3817.9175640486314,12,11.0,2023,"{""type"":""MultiPoint"",""coordinates"":[]}"
38_10_5,176.64083914568812,13,11.0,2023,"{""type"":""MultiPoint"",""coordinates"":[]}"
38_10_6,612.4649286876844,15,11.0,2023,"{""type"":""MultiPoint"",""coordinates"":[]}"
38_10_7,163.6646229594728,18,11.0,2023,"{""type"":""MultiPoint"",""coordinates"":[]}"
38_10_8,399.65280643615773,21,11.0,2023,"{""type"":""MultiPoint"",""coordinates"":[]}"
38_10_9,36.80921353521711,23,11.0,2023,"{""type"":""MultiPoint"",""coordinates"":[]}"
38_10_10,0.5989403493652345,24,11.0,2023,"{""type"":""MultiPoint"",""coordinates"":[]}"
38_10_11,32.529799914001515,25,11.0,2023,"{""type"":""MultiPoint"",""coordinates"":[]}"
38_10_12,0.002674663818359375,27,11.0,2023,"{""type"":""MultiPoint"",""coordinates"":[]}"
38_10_13,20.44468889294438,29,11.0,2023,"{""type"":""MultiPoint"",""coordinates"":[]}"
38_10_14,0.42695909118652353,30,11.0,2023,"{""type"":""MultiPoint"",""coordinates"":[]}"
38_10_15,677.4131837722803,33,11.0,2023,"{""type"":""MultiPoint"",""coordinates"":[]}"
38_10_16,207.57227312768205,68,11.0,2023,"{""type"":""MultiPoint"",""coordinates"":[]}"
38_11_0,42781.664464462476,3,12.0,2023,"{""type"":""MultiPoint"",""coordinates"":[]}"
38_11_1,4563.951044421118,6,12.0,2023,"{""type"":""MultiPoint"",""coordinates"":[]}"
38_11_2,85.10885477172785,11,12.0,2023,"{""type"":""MultiPoint"",""coordinates"":[]}"
38_11_3,437.6242762537342,12,12.0,2023,"{""type"":""MultiPoint"",""coordinates"":[]}"
38_11_4,441.14224379925025,13,12.0,2023,"{""type"":""MultiPoint"",""coordinates"":[]}"
38_11_5,6094.5377239503805,15,12.0,2023,"{""type"":""MultiPoint"",""coordinates"":[]}"
38_11_6,37.17677803399641,18,12.0,2023,"{""type"":""MultiPoint"",""coordinates"":[]}"
38_11_7,599.1682405734903,21,12.0,2023,"{""type"":""MultiPoint"",""coordinates"":[]}"
38_11_8,7.315590973205562,23,12.0,2023,"{""type"":""MultiPoint"",""coordinates"":[]}"
38_11_9,8.3300161381836,24,12.0,2023,"{""type"":""MultiPoint"",""coordinates"":[]}"
38_11_10,1.405107011413574,25,12.0,2023,"{""type"":""MultiPoint"",""coordinates"":[]}"
38_11_11,0.13129841888427735,30,12.0,2023,"{""type"":""MultiPoint"",""coordinates"":[]}"
38_11_12,388.95322990179466,33,12.0,2023,"{""type"":""MultiPoint"",""coordinates"":[]}"
38_11_13,3.380004938415513,35,12.0,2023,"{""type"":""MultiPoint"",""coordinates"":[]}"
38_11_14,1.2169339754638688,68,12.0,2023,"{""type"":""MultiPoint"",""coordinates"":[]}"
38_12_0,21853.2793505719,3,13.0,2023,"{""type"":""MultiPoint"",""coordinates"":[]}"
38_12_1,2585.76155707194,6,13.0,2023,"{""type"":""MultiPoint"",""coordinates"":[]}"
38_12_2,27.6775025944214,9,13.0,2023,"{""type"":""MultiPoint"",""coordinates"":[]}"
38_12_3,352.1303265852672,11,13.0,2023,"{""type"":""MultiPoint"",""coordinates"":[]}"
38_12_4,4860.102905161734,12,13.0,2023,"{""type"":""MultiPoint"",""coordinates"":[]}"
38_12_5,981.6805391940081,13,13.0,2023,"{""type"":""MultiPoint"",""coordinates"":[]}"
38_12_6,12411.509445702846,15,13.0,2023,"{""type"":""MultiPoint"",""coordinates"":[]}"
38_12_7,449.0084815644009,18,13.0,2023,"{""type"":""MultiPoint"",""coordinates"":[]}"
38_12_8,1911.770553232625,21,13.0,2023,"{""type"":""MultiPoint"",""coordinates"":[]}"
38_12_9,103.88353073315436,23,13.0,2023,"{""type"":""MultiPoint"",""coordinates"":[]}"
38_12_10,14.425802793090828,24,13.0,2023,"{""type"":""MultiPoint"",""coordinates"":[]}"
38_12_11,49.941805004699894,25,13.0,2023,"{""type"":""MultiPoint"",""coordinates"":[]}"
38_12_12,0.417763327026367,30,13.0,2023,"{""type"":""MultiPoint"",""coordinates"":[]}"
38_12_13,1.1547525051879872,31,13.0,2023,"{""type"":""MultiPoint"",""coordinates"":[]}"
38_12_14,368.4015432312005,33,13.0,2023,"{""type"":""MultiPoint"",""coordinates"":[]}"
38_12_15,454.7672773239824,35,13.0,2023,"{""type"":""MultiPoint"",""coordinates"":[]}"
38_12_16,4.779147012451171,68,13.0,2023,"{""type"":""MultiPoint"",""coordinates"":[]}"
38_12_17,0.5149658977661141,75,13.0,2023,"{""type"":""MultiPoint"",""coordinates"":[]}"
39_0_0,0.0017839960327148438,13,1.0,2024,"{""type"":""MultiPoint"",""coordinates"":[]}"
39_1_0,0.001783488037109375,13,2.0,2024,"{""type"":""MultiPoint"",""coordinates"":[]}"
39_2_0,60495.42717963787,3,3.0,2024,"{""type"":""MultiPoint"",""coordinates"":[]}"
39_2_1,5435.851826587656,6,3.0,2024,"{""type"":""MultiPoint"",""coordinates"":[]}"
39_2_2,9.433222888427693,9,3.0,2024,"{""type"":""MultiPoint"",""coordinates"":[]}"
39_2_3,120.05105571881154,11,3.0,2024,"{""type"":""MultiPoint"",""coordinates"":[]}"
39_2_4,1362.6511814864703,12,3.0,2024,"{""type"":""MultiPoint"",""coordinates"":[]}"
39_2_5,1649.9280074749709,13,3.0,2024,"{""type"":""MultiPoint"",""coordinates"":[]}"
39_2_6,20256.60321721693,15,3.0,2024,"{""type"":""MultiPoint"",""coordinates"":[]}"
39_2_7,37.13267711413598,18,3.0,2024,"{""type"":""MultiPoint"",""coordinates"":[]}"
39_2_8,2586.598296226945,21,3.0,2024,"{""type"":""MultiPoint"",""coordinates"":[]}"
39_2_9,71.52239839770522,23,3.0,2024,"{""type"":""MultiPoint"",""coordinates"":[]}"
39_2_10,30.311354261902082,24,3.0,2024,"{""type"":""MultiPoint"",""coordinates"":[]}"
39_2_11,8.149359003479,25,3.0,2024,"{""type"":""MultiPoint"",""coordinates"":[]}"
39_2_12,2.656005219848632,30,3.0,2024,"{""type"":""MultiPoint"",""coordinates"":[]}"
39_2_13,0.10545144818115212,31,3.0,2024,"{""type"":""MultiPoint"",""coordinates"":[]}"
39_2_14,767.6871993038276,33,3.0,2024,"{""type"":""MultiPoint"",""coordinates"":[]}"
39_2_15,1.1209635650634795,68,3.0,2024,"{""type"":""MultiPoint"",""coordinates"":[]}"
39_3_0,57273.96215618497,3,4.0,2024,"{""type"":""MultiPoint"",""coordinates"":[]}"
39_3_1,9202.44952966628,6,4.0,2024,"{""type"":""MultiPoint"",""coordinates"":[]}"
39_3_2,665.7127504318767,11,4.0,2024,"{""type"":""MultiPoint"",""coordinates"":[]}"
39_3_3,1995.9323509606438,12,4.0,2024,"{""type"":""MultiPoint"",""coordinates"":[]}"
39_3_4,95.29208602148503,13,4.0,2024,"{""type"":""MultiPoint"",""coordinates"":[]}"
39_3_5,61.76784250952085,15,4.0,2024,"{""type"":""MultiPoint"",""coordinates"":[]}"
39_3_6,367.8666284131448,18,4.0,2024,"{""type"":""MultiPoint"",""coordinates"":[]}"
39_3_7,76.00796022058104,21,4.0,2024,"{""type"":""MultiPoint"",""coordinates"":[]}"
39_3_8,15.012734405578595,23,4.0,2024,"{""type"":""MultiPoint"",""coordinates"":[]}"
39_3_9,9.582091015014678,24,4.0,2024,"{""type"":""MultiPoint"",""coordinates"":[]}"
39_3_10,11.757758296752929,25,4.0,2024,"{""type"":""MultiPoint"",""coordinates"":[]}"
39_3_11,51.979775539916155,29,4.0,2024,"{""type"":""MultiPoint"",""coordinates"":[]}"
39_3_12,1.152302817382812,30,4.0,2024,"{""type"":""MultiPoint"",""coordinates"":[]}"
39_3_13,630.35696932806,33,4.0,2024,"{""type"":""MultiPoint"",""coordinates"":[]}"
39_3_14,201.78025146110292,68,4.0,2024,"{""type"":""MultiPoint"",""coordinates"":[]}"
39_3_15,0.044600125854492176,75,4.0,2024,"{""type"":""MultiPoint"",""coordinates"":[]}"
39_4_0,95444.2403673965,3,5.0,2024,"{""type"":""MultiPoint"",""coordinates"":[]}"
39_4_1,10110.872961673462,6,5.0,2024,"{""type"":""MultiPoint"",""coordinates"":[]}"
39_4_2,863.7381553023001,11,5.0,2024,"{""type"":""MultiPoint"",""coordinates"":[]}"
39_4_3,68.38801659143006,13,5.0,2024,"{""type"":""MultiPoint"",""coordinates"":[]}"
39_4_4,3.3182759560546864,15,5.0,2024,"{""type"":""MultiPoint"",""coordinates"":[]}"
39_4_5,486.57568799768137,18,5.0,2024,"{""type"":""MultiPoint"",""coordinates"":[]}"
39_4_6,59.96935421166932,21,5.0,2024,"{""type"":""MultiPoint"",""coordinates"":[]}"
39_4_7,90.63803108300782,23,5.0,2024,"{""type"":""MultiPoint"",""coordinates"":[]}"
39_4_8,8.637041830139172,24,5.0,2024,"{""type"":""MultiPoint"",""coordinates"":[]}"
39_4_9,1.4386812393798833,25,5.0,2024,"{""type"":""MultiPoint"",""coordinates"":[]}"
39_4_10,0.38038997680664055,30,5.0,2024,"{""type"":""MultiPoint"",""coordinates"":[]}"
39_4_11,0.049044142944335914,31,5.0,2024,"{""type"":""MultiPoint"",""coordinates"":[]}"
39_4_12,1508.848702680434,33,5.0,2024,"{""type"":""MultiPoint"",""coordinates"":[]}"
39_4_13,7.614171647888183,68,5.0,2024,"{""type"":""MultiPoint"",""coordinates"":[]}"
39_4_14,0.009812816833496094,75,5.0,2024,"{""type"":""MultiPoint"",""coordinates"":[]}"
39_5_0,49171.88886634488,3,6.0,2024,"{""type"":""MultiPoint"",""coordinates"":[]}"
39_5_1,2247.7973992204984,6,6.0,2024,"{""type"":""MultiPoint"",""coordinates"":[]}"
39_5_2,83.50729110046342,11,6.0,2024,"{""type"":""MultiPoint"",""coordinates"":[]}"
39_5_3,494.68766239994517,13,6.0,2024,"{""type"":""MultiPoint"",""coordinates"":[]}"
39_5_4,59.36456624871877,15,6.0,2024,"{""type"":""MultiPoint"",""coordinates"":[]}"
39_5_5,500.47141808520826,18,6.0,2024,"{""type"":""MultiPoint"",""coordinates"":[]}"
39_5_6,108.87469363897718,21,6.0,2024,"{""type"":""MultiPoint"",""coordinates"":[]}"
39_5_7,0.7132764821777342,23,6.0,2024,"{""type"":""MultiPoint"",""coordinates"":[]}"
39_5_8,2.806549445922852,24,6.0,2024,"{""type"":""MultiPoint"",""coordinates"":[]}"
39_5_9,4.1858191876220685,25,6.0,2024,"{""type"":""MultiPoint"",""coordinates"":[]}"
39_5_10,1.4934812830200201,29,6.0,2024,"{""type"":""MultiPoint"",""coordinates"":[]}"
39_5_11,0.26456560852050814,30,6.0,2024,"{""type"":""MultiPoint"",""coordinates"":[]}"
39_5_12,442.2907284515357,33,6.0,2024,"{""type"":""MultiPoint"",""coordinates"":[]}"
39_5_13,9.164520157226566,68,6.0,2024,"{""type"":""MultiPoint"",""coordinates"":[]}"
39_6_0,16136.197479063336,3,7.0,2024,"{""type"":""MultiPoint"",""coordinates"":[]}"
39_6_1,1788.7632502525717,6,7.0,2024,"{""type"":""MultiPoint"",""coordinates"":[]}"
39_6_2,0.46036833764648394,9,7.0,2024,"{""type"":""MultiPoint"",""coordinates"":[]}"
39_6_3,79.33113918406288,11,7.0,2024,"{""type"":""MultiPoint"",""coordinates"":[]}"
39_6_4,80.93399496521063,13,7.0,2024,"{""type"":""MultiPoint"",""coordinates"":[]}"
39_6_5,6102.6757734752,15,7.0,2024,"{""type"":""MultiPoint"",""coordinates"":[]}"
39_6_6,118.08241322271856,18,7.0,2024,"{""type"":""MultiPoint"",""coordinates"":[]}"
39_6_7,1058.3343821522194,21,7.0,2024,"{""type"":""MultiPoint"",""coordinates"":[]}"
39_6_8,47.76328463787826,23,7.0,2024,"{""type"":""MultiPoint"",""coordinates"":[]}"
39_6_9,37.05519512823483,24,7.0,2024,"{""type"":""MultiPoint"",""coordinates"":[]}"
39_6_10,15.442081360168444,25,7.0,2024,"{""type"":""MultiPoint"",""coordinates"":[]}"
39_6_11,0.02413436730957031,27,7.0,2024,"{""type"":""MultiPoint"",""coordinates"":[]}"
39_6_12,3.7425755164795067,30,7.0,2024,"{""type"":""MultiPoint"",""coordinates"":[]}"
39_6_13,1.5786510120849628,31,7.0,2024,"{""type"":""MultiPoint"",""coordinates"":[]}"
39_6_14,347.34940826263244,33,7.0,2024,"{""type"":""MultiPoint"",""coordinates"":[]}"
39_6_15,3.926322917541504,68,7.0,2024,"{""type"":""MultiPoint"",""coordinates"":[]}"
39_6_16,0.03039501025390624,75,7.0,2024,"{""type"":""MultiPoint"",""coordinates"":[]}"
39_7_0,0.0017843005981445312,13,8.0,2024,"{""type"":""MultiPoint"",""coordinates"":[]}"
39_8_0,2365.2505954016074,3,9.0,2024,"{""type"":""MultiPoint"",""coordinates"":[]}"
39_8_1,22.493626686767616,11,9.0,2024,"{""type"":""MultiPoint"",""coordinates"":[]}"
39_8_2,170.44118200305476,13,9.0,2024,"{""type"":""MultiPoint"",""coordinates"":[]}"
39_8_3,120.53963472167571,15,9.0,2024,"{""type"":""MultiPoint"",""coordinates"":[]}"
39_8_4,19.67204168365489,18,9.0,2024,"{""type"":""MultiPoint"",""coordinates"":[]}"
39_8_5,140.66955552893037,21,9.0,2024,"{""type"":""MultiPoint"",""coordinates"":[]}"
39_8_6,4.051348678466814,23,9.0,2024,"{""type"":""MultiPoint"",""coordinates"":[]}"
39_8_7,0.931426155151367,24,9.0,2024,"{""type"":""MultiPoint"",""coordinates"":[]}"
39_8_8,1.6117283677368142,25,9.0,2024,"{""type"":""MultiPoint"",""coordinates"":[]}"
39_8_9,0.8581711245117202,27,9.0,2024,"{""type"":""MultiPoint"",""coordinates"":[]}"
39_8_10,50.13621542773669,33,9.0,2024,"{""type"":""MultiPoint"",""coordinates"":[]}"
39_8_11,1.748481584716797,68,9.0,2024,"{""type"":""MultiPoint"",""coordinates"":[]}"
39_9_0,4070.5531237696423,3,10.0,2024,"{""type"":""MultiPoint"",""coordinates"":[]}"
39_9_1,7.915755397339059,6,10.0,2024,"{""type"":""MultiPoint"",""coordinates"":[]}"
39_9_2,1.5686118016967763,11,10.0,2024,"{""type"":""MultiPoint"",""coordinates"":[]}"
39_9_3,121.40321554388272,13,10.0,2024,"{""type"":""MultiPoint"",""coordinates"":[]}"
39_9_4,459.1352841184933,15,10.0,2024,"{""type"":""MultiPoint"",""coordinates"":[]}"
39_9_5,2.6886917105712937,18,10.0,2024,"{""type"":""MultiPoint"",""coordinates"":[]}"
39_9_6,239.206570197138,21,10.0,2024,"{""type"":""MultiPoint"",""coordinates"":[]}"
39_9_7,7.828970157104463,23,10.0,2024,"{""type"":""MultiPoint"",""coordinates"":[]}"
39_9_8,1.0662342337036137,24,10.0,2024,"{""type"":""MultiPoint"",""coordinates"":[]}"
39_9_9,3.16365479376221,25,10.0,2024,"{""type"":""MultiPoint"",""coordinates"":[]}"
39_9_10,0.5630889171752931,30,10.0,2024,"{""type"":""MultiPoint"",""coordinates"":[]}"
39_9_11,19.20193887695317,33,10.0,2024,"{""type"":""MultiPoint"",""coordinates"":[]}"
39_9_12,1.302084290283204,68,10.0,2024,"{""type"":""MultiPoint"",""coordinates"":[]}"
39_10_0,26981.500491369636,3,11.0,2024,"{""type"":""MultiPoint"",""coordinates"":[]}"
39_10_1,7571.76804107672,6,11.0,2024,"{""type"":""MultiPoint"",""coordinates"":[]}"
39_10_2,7.107373637207099,9,11.0,2024,"{""type"":""MultiPoint"",""coordinates"":[]}"
39_10_3,1928.3170724721447,11,11.0,2024,"{""type"":""MultiPoint"",""coordinates"":[]}"
39_10_4,3832.7508981712226,12,11.0,2024,"{""type"":""MultiPoint"",""coordinates"":[]}"
39_10_5,173.6883644227245,13,11.0,2024,"{""type"":""MultiPoint"",""coordinates"":[]}"
39_10_6,617.8939683833058,15,11.0,2024,"{""type"":""MultiPoint"",""coordinates"":[]}"
39_10_7,155.3846492537227,18,11.0,2024,"{""type"":""MultiPoint"",""coordinates"":[]}"
39_10_8,378.42603231311176,21,11.0,2024,"{""type"":""MultiPoint"",""coordinates"":[]}"
39_10_9,46.34438431439187,23,11.0,2024,"{""type"":""MultiPoint"",""coordinates"":[]}"
39_10_10,0.7112299403076172,24,11.0,2024,"{""type"":""MultiPoint"",""coordinates"":[]}"
39_10_11,38.73910999853539,25,11.0,2024,"{""type"":""MultiPoint"",""coordinates"":[]}"
39_10_12,0.002674663818359375,27,11.0,2024,"{""type"":""MultiPoint"",""coordinates"":[]}"
39_10_13,20.73789866687022,29,11.0,2024,"{""type"":""MultiPoint"",""coordinates"":[]}"
39_10_14,0.44121418957519504,30,11.0,2024,"{""type"":""MultiPoint"",""coordinates"":[]}"
39_10_15,668.7585527365762,33,11.0,2024,"{""type"":""MultiPoint"",""coordinates"":[]}"
39_10_16,217.87639175090973,68,11.0,2024,"{""type"":""MultiPoint"",""coordinates"":[]}"
39_11_0,42874.235609696334,3,12.0,2024,"{""type"":""MultiPoint"",""coordinates"":[]}"
39_11_1,4412.906829461054,6,12.0,2024,"{""type"":""MultiPoint"",""coordinates"":[]}"
39_11_2,84.0291085449821,11,12.0,2024,"{""type"":""MultiPoint"",""coordinates"":[]}"
39_11_3,440.61484530162886,12,12.0,2024,"{""type"":""MultiPoint"",""coordinates"":[]}"
39_11_4,439.9912487405924,13,12.0,2024,"{""type"":""MultiPoint"",""coordinates"":[]}"
39_11_5,6283.979560629434,15,12.0,2024,"{""type"":""MultiPoint"",""coordinates"":[]}"
39_11_6,42.813310029052516,18,12.0,2024,"{""type"":""MultiPoint"",""coordinates"":[]}"
39_11_7,464.1620231965375,21,12.0,2024,"{""type"":""MultiPoint"",""coordinates"":[]}"
39_11_8,9.306496642578121,23,12.0,2024,"{""type"":""MultiPoint"",""coordinates"":[]}"
39_11_9,8.73731538049315,24,12.0,2024,"{""type"":""MultiPoint"",""coordinates"":[]}"
39_11_10,2.689934103942869,25,12.0,2024,"{""type"":""MultiPoint"",""coordinates"":[]}"
39_11_11,0.11968674792480466,30,12.0,2024,"{""type"":""MultiPoint"",""coordinates"":[]}"
39_11_12,383.6686553210442,33,12.0,2024,"{""type"":""MultiPoint"",""coordinates"":[]}"
39_11_13,2.9156460699462667,35,12.0,2024,"{""type"":""MultiPoint"",""coordinates"":[]}"
39_11_14,0.9355377577514659,68,12.0,2024,"{""type"":""MultiPoint"",""coordinates"":[]}"
39_12_0,21582.407405802216,3,13.0,2024,"{""type"":""MultiPoint"",""coordinates"":[]}"
39_12_1,2739.315158137616,6,13.0,2024,"{""type"":""MultiPoint"",""coordinates"":[]}"
39_12_2,27.64090104559328,9,13.0,2024,"{""type"":""MultiPoint"",""coordinates"":[]}"
39_12_3,371.5709888727402,11,13.0,2024,"{""type"":""MultiPoint"",""coordinates"":[]}"
39_12_4,4804.613331528296,12,13.0,2024,"{""type"":""MultiPoint"",""coordinates"":[]}"
39_12_5,970.4047288592832,13,13.0,2024,"{""type"":""MultiPoint"",""coordinates"":[]}"
39_12_6,12602.247156201216,15,13.0,2024,"{""type"":""MultiPoint"",""coordinates"":[]}"
39_12_7,477.5178717547002,18,13.0,2024,"{""type"":""MultiPoint"",""coordinates"":[]}"
39_12_8,1806.5502642984636,21,13.0,2024,"{""type"":""MultiPoint"",""coordinates"":[]}"
39_12_9,112.00199729388387,23,13.0,2024,"{""type"":""MultiPoint"",""coordinates"":[]}"
39_12_10,15.158092060546874,24,13.0,2024,"{""type"":""MultiPoint"",""coordinates"":[]}"
39_12_11,56.59575704534928,25,13.0,2024,"{""type"":""MultiPoint"",""coordinates"":[]}"
39_12_12,0.32938861529541025,30,13.0,2024,"{""type"":""MultiPoint"",""coordinates"":[]}"
39_12_13,1.1761695575561513,31,13.0,2024,"{""type"":""MultiPoint"",""coordinates"":[]}"
39_12_14,360.51692160717766,33,13.0,2024,"{""type"":""MultiPoint"",""coordinates"":[]}"
39_12_15,498.1739085162473,35,13.0,2024,"{""type"":""MultiPoint"",""coordinates"":[]}"
39_12_16,4.472242413635258,68,13.0,2024,"{""type"":""MultiPoint"",""coordinates"":[]}"
39_12_17,0.5149658977661141,75,13.0,2024,"{""type"":""MultiPoint"",""coordinates"":[]}"
